{
  "video_id": "7495035492249931050",
  "video_url": "https://www.tiktok.com/@gdgdryyds/video/7495035492249931050",
  "publish_date": null,
  "comment_groups": [
    {
      "user": "..",
      "comments": [
        "😳😳😳"
      ],
      "language": "Other",
      "pure_emoji": true
    },
    {
      "user": "Boy dorm master",
      "comments": [
        "这些言论大体上也是没去过美国。当年印尼排华时也是美国派兵在救华人。人类还是需要这样的一人世界警察提供公共产品。这类的言论和说这言论的人一样都很loser"
      ],
      "language": "Mixed",
      "pure_emoji": false
    },
    {
      "user": "Dafa",
      "comments": [
        "讲得很好！"
      ],
      "language": "Chinese",
      "pure_emoji": false
    },
    {
      "user": "Damonlu25",
      "comments": [
        "民主自由的尽头是敲诈勒索。"
      ],
      "language": "Chinese",
      "pure_emoji": false
    },
    {
      "user": "David",
      "comments": [
        "讲商业战，怎么又扯到军事战上去了？主题被混淆、不明确。商业战和军事战毕竟是两种战争。当前还看不到军事战的迹象。最起码，特朗普他是不喜欢军事战的。所以集中把商业战讲好就够了"
      ],
      "language": "Chinese",
      "pure_emoji": false
    },
    {
      "user": "Eat rice",
      "comments": [
        "自力更生、自力自強、才有希望，加油💪"
      ],
      "language": "Chinese",
      "pure_emoji": false
    },
    {
      "user": "Elon Musk",
      "comments": [
        "大清国从来不在乎人民死活 ，否则，十个美国也打不过中国"
      ],
      "language": "Chinese",
      "pure_emoji": false
    },
    {
      "user": "HUGH",
      "comments": [
        "说什么不重要，美国做法都在验证这样的说法，"
      ],
      "language": "Chinese",
      "pure_emoji": false
    },
    {
      "user": "Hang",
      "comments": [
        "😂😂😂"
      ],
      "language": "Other",
      "pure_emoji": true
    },
    {
      "user": "Huang Bin",
      "comments": [
        "看來他多少都有了解到"
      ],
      "language": "Chinese",
      "pure_emoji": false
    },
    {
      "user": "Lily",
      "comments": [
        "戰略上輕視，戰術上重視。不要犯程心一樣的錯誤"
      ],
      "language": "Chinese",
      "pure_emoji": false
    },
    {
      "user": "McKenzie",
      "comments": [
        "美国已经不是昂撒思维，而是犹太"
      ],
      "language": "Chinese",
      "pure_emoji": false
    },
    {
      "user": "Q G H boutique",
      "comments": [
        "中國加油💪💪全國人民团結起來💪💪💪"
      ],
      "language": "Chinese",
      "pure_emoji": false
    },
    {
      "user": "U搬砖 日赚上万！QQ：64884752✈️TG:zakm2",
      "comments": [
        "😌🥰😂plain"
      ],
      "language": "English",
      "pure_emoji": false
    },
    {
      "user": "Victor Zhu787",
      "comments": [
        "covid： china originated virus infection disease"
      ],
      "language": "English",
      "pure_emoji": false
    },
    {
      "user": "Wendy",
      "comments": [
        "🥰🥰🥰"
      ],
      "language": "Other",
      "pure_emoji": true
    },
    {
      "user": "davidwang6081",
      "comments": [
        "说的很正确👍"
      ],
      "language": "Chinese",
      "pure_emoji": false
    },
    {
      "user": "manbuzhe",
      "comments": [
        "完全正确🥰🥰🥰"
      ],
      "language": "Chinese",
      "pure_emoji": false
    },
    {
      "user": "pyddaweian",
      "comments": [
        "完全同意你的見解"
      ],
      "language": "Chinese",
      "pure_emoji": false
    },
    {
      "user": "shoukuang458",
      "comments": [
        "🎁🎁🎁"
      ],
      "language": "Other",
      "pure_emoji": true
    },
    {
      "user": "small potato’s shop",
      "comments": [
        "虽然我不喜欢听到这样，但是他说的没错"
      ],
      "language": "Chinese",
      "pure_emoji": false
    },
    {
      "user": "tk电商老师",
      "comments": [
        "有兴趣做电商吗"
      ],
      "language": "Chinese",
      "pure_emoji": false
    },
    {
      "user": "user1016991250382",
      "comments": [
        "Best !!! Clear and correct!"
      ],
      "language": "English",
      "pure_emoji": false
    },
    {
      "user": "user2542049961426",
      "comments": [
        "美国的敌意是针对共产党还是任何中国政府？"
      ],
      "language": "Chinese",
      "pure_emoji": false
    },
    {
      "user": "ye e",
      "comments": [
        "😁😁😁"
      ],
      "language": "Other",
      "pure_emoji": true
    },
    {
      "user": "一代男神",
      "comments": [
        "想想使馆被炸的时候 我们怎么忍下来的"
      ],
      "language": "Chinese",
      "pure_emoji": false
    },
    {
      "user": "何必悲观时事",
      "comments": [
        "😳😁😂😅😄😢"
      ],
      "language": "Other",
      "pure_emoji": true
    },
    {
      "user": "唐爱军",
      "comments": [
        "讲的很好，简单明了，分析透彻，我们离战争其实很近，中国只有以战止战"
      ],
      "language": "Chinese",
      "pure_emoji": false
    },
    {
      "user": "夢醒人離",
      "comments": [
        "敢说真话"
      ],
      "language": "Chinese",
      "pure_emoji": false
    },
    {
      "user": "安溪",
      "comments": [
        "说的太好了"
      ],
      "language": "Chinese",
      "pure_emoji": false
    },
    {
      "user": "洛杉矶郊区的我",
      "comments": [
        "拿出来你不偏的说法，让我们也听一听"
      ],
      "language": "Chinese",
      "pure_emoji": false
    },
    {
      "user": "用户5608563530913",
      "comments": [
        "这样说太偏颇了"
      ],
      "language": "Chinese",
      "pure_emoji": false
    },
    {
      "user": "突破自己",
      "comments": [
        "舍时间能帮助我们改朝换代"
      ],
      "language": "Chinese",
      "pure_emoji": false
    },
    {
      "user": "蘑菇石3",
      "comments": [
        "同意！论述分析全面，深刻，透彻，及时。👍👍👍👍"
      ],
      "language": "Chinese",
      "pure_emoji": false
    },
    {
      "user": "西喆",
      "comments": [
        "不看实力看政治纯吹牛😏，现在这工业实力美国拿头打"
      ],
      "language": "Chinese",
      "pure_emoji": false
    }
  ]
}