{
  "video_id": "7496041028349299991",
  "video_url": "https://www.tiktok.com/@smoothmantucker3/video/7496041028349299991",
  "publish_date": null,
  "comment_groups": [
    {
      "user": "AVNI",
      "comments": [
        "With the USA there are always terms and conditions.with China not so much they don't lecture you like the US government does"
      ],
      "language": "English",
      "pure_emoji": false
    },
    {
      "user": "Hagie Tunkara",
      "comments": [
        "🥰🥰🥰"
      ],
      "language": "Other",
      "pure_emoji": true
    }
  ]
}