{
  "video_id": "7491747772824046894",
  "video_url": "https://www.tiktok.com/@cscc38/video/7491747772824046894",
  "publish_date": null,
  "comment_groups": [
    {
      "user": "2876672017",
      "comments": [
        "美国人民其实现在真的很惨。1/3 的美国人是没有银行存款的。如果他们一个星期没收入，就会饿死。多数的美国人只有很少的存款，还要买医保，没有多余钱。只有14%的美国人民有至少10万美金的银行存款。所以如果比惨，中国是比不过的。中国加油 ！"
      ],
      "language": "Chinese",
      "pure_emoji": false
    },
    {
      "user": "79568Eric",
      "comments": [
        "寧願餓肚子也不能放棄國家尊嚴，但國家為你們做了什麼😂😂😂"
      ],
      "language": "Chinese",
      "pure_emoji": false
    },
    {
      "user": "981827373",
      "comments": [
        "Hard resistance is no use."
      ],
      "language": "English",
      "pure_emoji": false
    },
    {
      "user": "Albert",
      "comments": [
        "要跟赖清德一起跪吗？ kiss my ass"
      ],
      "language": "Mixed",
      "pure_emoji": false
    },
    {
      "user": "Amanda",
      "comments": [
        "难道国家不知道现在的苦尽吗一点点挫折就来抱怨国家我不得不想你已经改户籍入美国了"
      ],
      "language": "Chinese",
      "pure_emoji": false
    },
    {
      "user": "Andy Ren",
      "comments": [
        "你太高看他们了"
      ],
      "language": "Chinese",
      "pure_emoji": false
    },
    {
      "user": "Angel",
      "comments": [
        "不争气的家伙"
      ],
      "language": "Chinese",
      "pure_emoji": false
    },
    {
      "user": "Bai Ye",
      "comments": [
        "主播应该不在国内吧"
      ],
      "language": "Chinese",
      "pure_emoji": false
    },
    {
      "user": "Bách Trịnh",
      "comments": [
        "Chúc những người bạn trung quốc có thể vượt qua giai đoạn khó khăn này. Nếu có thể chiến thắng mỹ thì càng tốt."
      ],
      "language": "English",
      "pure_emoji": false
    },
    {
      "user": "C C",
      "comments": [
        "那是你自己的问题，不要怪国家"
      ],
      "language": "Chinese",
      "pure_emoji": false
    },
    {
      "user": "CC",
      "comments": [
        "小伙子我理解你，但有些人就是不听硬刚"
      ],
      "language": "Chinese",
      "pure_emoji": false
    },
    {
      "user": "CHDTechcn",
      "comments": [
        "到东南亚还是要中国的设备和技术以及管理的 就像鞋子衣服去孟加拉 还是需要缝纫机"
      ],
      "language": "Chinese",
      "pure_emoji": false
    },
    {
      "user": "Caleb Fahy",
      "comments": [
        "自己没本事，怨天尤人"
      ],
      "language": "Chinese",
      "pure_emoji": false
    },
    {
      "user": "CaoYuXuan",
      "comments": [
        "你是说全中国14亿人消费能力比不上3亿人？"
      ],
      "language": "Chinese",
      "pure_emoji": false
    },
    {
      "user": "Coco zee",
      "comments": [
        "孩子，有些💰不能赚"
      ],
      "language": "Chinese",
      "pure_emoji": false
    },
    {
      "user": "David.Lee",
      "comments": [
        "没事，伤敌一千自损八百，老百姓过好自己的生活就好"
      ],
      "language": "Chinese",
      "pure_emoji": false
    },
    {
      "user": "Diegogenial",
      "comments": [
        "索嗨，妥协的话下次再搞你，你又跪着爬着扯人家裤脚吗？"
      ],
      "language": "Chinese",
      "pure_emoji": false
    },
    {
      "user": "East Meadow",
      "comments": [
        "本来中国收美国67%，美国收中国20%，川普要平等，川普加34% ，不知道中国政府硬杠的目的为了什么？面子？如果选择跟美国谈判，就不会像今天这样了。"
      ],
      "language": "Chinese",
      "pure_emoji": false
    },
    {
      "user": "EchoDream",
      "comments": [
        "你不會以為全中國都只做美國人的生意吧？只是對你影響大，而不是對所有人。美國消費高🤣我要是能印錢，我比他們消費還高。"
      ],
      "language": "Chinese",
      "pure_emoji": false
    },
    {
      "user": "EditV",
      "comments": [
        "你不是抖音同名吗？这视频怎么没发在抖音"
      ],
      "language": "Chinese",
      "pure_emoji": false
    },
    {
      "user": "Fanl Wan",
      "comments": [
        "危言耸听"
      ],
      "language": "Chinese",
      "pure_emoji": false
    },
    {
      "user": "Fei luo888",
      "comments": [
        "先辈不曾低头，吾辈岂敢折腰！支持国家！"
      ],
      "language": "Chinese",
      "pure_emoji": false
    },
    {
      "user": "Frank",
      "comments": [
        "说出来多少出口商的心声"
      ],
      "language": "Chinese",
      "pure_emoji": false
    },
    {
      "user": "Gaia Elio",
      "comments": [
        "我做外贸的，实话确实有影响，但是全球这么大非得做美国吗，自己为何不去开发东南亚、非洲、拉丁美洲、欧盟、俄罗斯等"
      ],
      "language": "Chinese",
      "pure_emoji": false
    },
    {
      "user": "Gfgh Gchh",
      "comments": [
        "别说了，这一战躲不掉的，不会因为你做外贸就不做了"
      ],
      "language": "Chinese",
      "pure_emoji": false
    },
    {
      "user": "HY晨光不早",
      "comments": [
        "你和美国去说吧"
      ],
      "language": "Chinese",
      "pure_emoji": false
    },
    {
      "user": "Hi Chew",
      "comments": [
        "天啊你想太淺了，你都不懂美國套入"
      ],
      "language": "Chinese",
      "pure_emoji": false
    },
    {
      "user": "Howard",
      "comments": [
        "我现在就在越南，再给越南30年时间，也达不到中国90年的水平。"
      ],
      "language": "Chinese",
      "pure_emoji": false
    },
    {
      "user": "Huber",
      "comments": [
        "评论区很理智，而且我在义乌，没有感觉到特别大的影响，而且我们速卖通店铺销量并没有很大变化，损失在我们的承受范围内"
      ],
      "language": "Chinese",
      "pure_emoji": false
    },
    {
      "user": "I love USA.",
      "comments": [
        "川普想关税平等，为什么就中国不愿意平等呢？"
      ],
      "language": "Chinese",
      "pure_emoji": false
    },
    {
      "user": "Jack",
      "comments": [
        "它们才不管老百姓死活，因为它们有钱",
        "放心吧大家都失业了国家就急了。到时候8小时工作这就能安排了。🤣🤣🤣为了稳定国内工资也会适当的上涨。🤣🤣🤣🤣不用再内卷了。"
      ],
      "language": "Chinese",
      "pure_emoji": false
    },
    {
      "user": "Jun Jie Ng",
      "comments": [
        "Asean unable to replace China manufacturing. Vietnam cant do it. 10- 50 years they unable to do so. Vietnam are willing to become sweatshop for US consumer over 10 years?"
      ],
      "language": "English",
      "pure_emoji": false
    },
    {
      "user": "Jun Liu",
      "comments": [
        "你们以为，做不做得了是随便可以换地方的？东南亚能自产的东西很少，想接这块蛋糕，也得在中国定材料。😏"
      ],
      "language": "Chinese",
      "pure_emoji": false
    },
    {
      "user": "Jun Yan",
      "comments": [
        "你这认知，生活艰难不是没有原因的"
      ],
      "language": "Chinese",
      "pure_emoji": false
    },
    {
      "user": "Karrrwu",
      "comments": [
        "they can’t even make enough electricity to do the manufacturing 😏😏"
      ],
      "language": "English",
      "pure_emoji": false
    },
    {
      "user": "Ken Tony",
      "comments": [
        "把一部分低端岗位让给越南，让越南人有钱，对中国是好事"
      ],
      "language": "Chinese",
      "pure_emoji": false
    },
    {
      "user": "Kungfu Crafts-Onelink Plaza",
      "comments": [
        "政府几年前早提出中国智做代替中国制造，让企业转型"
      ],
      "language": "Chinese",
      "pure_emoji": false
    },
    {
      "user": "Lay2024",
      "comments": [
        "我是海外華裔，也不支持中國跪👏👏"
      ],
      "language": "Chinese",
      "pure_emoji": false
    },
    {
      "user": "Lena Lee",
      "comments": [
        "等一等，我也是突然货柜在路上的，还有在工厂的，几百万都不知道怎么办"
      ],
      "language": "Chinese",
      "pure_emoji": false
    },
    {
      "user": "Lijinhong",
      "comments": [
        "给你没有半毛钱关系"
      ],
      "language": "Chinese",
      "pure_emoji": false
    },
    {
      "user": "Lucky Lee",
      "comments": [
        "美国人就能永远骑在全球的头上？是美国决定打，那就美国决定谈，而不是现在美国说要打，中国说求你别打，求有用吗？又不是没求过，求到了几年后的变本加厉。选择权从来不在我们，而是在美国，美国决定谈中国不会不谈，自由贸易都做不到，只想永远吃老一代的红利，美国凭什么呢？"
      ],
      "language": "Chinese",
      "pure_emoji": false
    },
    {
      "user": "LumosKnight",
      "comments": [
        "那是你没本事"
      ],
      "language": "Chinese",
      "pure_emoji": false
    },
    {
      "user": "Michael",
      "comments": [
        "改个市场看看吧😁"
      ],
      "language": "Chinese",
      "pure_emoji": false
    },
    {
      "user": "Mr wang",
      "comments": [
        "美国给了你多少钱 😂"
      ],
      "language": "Chinese",
      "pure_emoji": false
    },
    {
      "user": "NLHYUU",
      "comments": [
        "你现在吃的苦其实每个人都是一样的再吃，只是人家不说不代表人家不知道也不苦而你又知道为什么其他的人不说苦吗 ？因为他们都有骨气绝对不要中国向悪势力低头。即使你屈服了还要被对方无礼的嘲笑所以这苦一点的这口气你就暂时忍一忍、挺一挺、坚持坚持总会见到曙光的。加油！❤️💪💪💪💪💪❤️"
      ],
      "language": "Chinese",
      "pure_emoji": false
    },
    {
      "user": "Natbeauty",
      "comments": [
        "不是，国内买不起蹦床？你生活在哪个朝代呢？"
      ],
      "language": "Chinese",
      "pure_emoji": false
    },
    {
      "user": "New C CH",
      "comments": [
        "我看得出来你要哭了兄弟，熬一熬我和你的情况也差不多加油坚持"
      ],
      "language": "Chinese",
      "pure_emoji": false
    },
    {
      "user": "Phan Foo Wah Phan",
      "comments": [
        "要怪就怪美国！"
      ],
      "language": "Chinese",
      "pure_emoji": false
    },
    {
      "user": "Q",
      "comments": [
        "小泰迪很会舔啊😂"
      ],
      "language": "Chinese",
      "pure_emoji": false
    },
    {
      "user": "Really",
      "comments": [
        "哥们 你这认知有限啊"
      ],
      "language": "Chinese",
      "pure_emoji": false
    },
    {
      "user": "Robbie Burt",
      "comments": [
        "太天真了，现在退一步下一步呢，一步退步步退。在退下去中国永远只能做这些小商品，你叫那么多大学生去工厂上班？现在很多工厂招工难年轻人不爱去只有发展中高端才能解决大学生就业问题"
      ],
      "language": "Chinese",
      "pure_emoji": false
    },
    {
      "user": "Sabi",
      "comments": [
        "謬論！你看的太淺了..😬😂."
      ],
      "language": "Chinese",
      "pure_emoji": false
    },
    {
      "user": "Than Myint",
      "comments": [
        "这兄弟说得对"
      ],
      "language": "Chinese",
      "pure_emoji": false
    },
    {
      "user": "Tiktoker",
      "comments": [
        "屁，話，一堆"
      ],
      "language": "Chinese",
      "pure_emoji": false
    },
    {
      "user": "Timoer",
      "comments": [
        "很多人，热血沸腾的支持硬刚……都不知道我们内循环被房地产吸干了流动性……失业问题……经济问题。都不反思一下"
      ],
      "language": "Chinese",
      "pure_emoji": false
    },
    {
      "user": "Tom Lee",
      "comments": [
        "兄弟說的好👍"
      ],
      "language": "Chinese",
      "pure_emoji": false
    },
    {
      "user": "Vertigo_max",
      "comments": [
        "中国战的是未来，你看到只是现在。"
      ],
      "language": "Chinese",
      "pure_emoji": false
    },
    {
      "user": "Vilho Lindberg",
      "comments": [
        "我负债70万，因为房地产和现在的经济，生意也亏了，我一度觉得支持不下去，但是讲到贸易战，我还是挺政府，每个时代都有发展的瓶颈和挫折，再苦再累也要挺国家，不为别的，因为我们是上下五千年文明的中华民族，经历了200多年的坎坷，再也不想跪了，再也不会跪了"
      ],
      "language": "Chinese",
      "pure_emoji": false
    },
    {
      "user": "Weisq",
      "comments": [
        "先辈们死都没有低过头，我们这一代绝不弯腰下跪！",
        "支持共产党，支持国家！"
      ],
      "language": "Chinese",
      "pure_emoji": false
    },
    {
      "user": "Ws",
      "comments": [
        "😅真怂",
        "不好意思宁愿不要"
      ],
      "language": "Chinese",
      "pure_emoji": false
    },
    {
      "user": "YY",
      "comments": [
        "中共不會管百姓死活的 大不了 中共叫百姓們勒緊褲帶 他們怕什麼"
      ],
      "language": "Chinese",
      "pure_emoji": false
    },
    {
      "user": "Zhe Piao",
      "comments": [
        "为什么只有美国消费得起呢？难道中国人世世代代消费不起自己制造的物品吗？拿一堆纸换中国人的一生？等等看吧。时间会告诉你世界会有巨变"
      ],
      "language": "Chinese",
      "pure_emoji": false
    },
    {
      "user": "aliluya30",
      "comments": [
        "别扯淡了，美国人消费能力下降多少？？？你查询一下历史数据"
      ],
      "language": "Chinese",
      "pure_emoji": false
    },
    {
      "user": "ao",
      "comments": [
        "有些人听不得人话，实话，编些瞎话骗自己就高兴自嗨"
      ],
      "language": "Chinese",
      "pure_emoji": false
    },
    {
      "user": "arrontin",
      "comments": [
        "借大家的錢 買大家的貨 有沒有覺的那裡怪怪的"
      ],
      "language": "Chinese",
      "pure_emoji": false
    },
    {
      "user": "billy",
      "comments": [
        "想多了东南亚都是中国工厂"
      ],
      "language": "Chinese",
      "pure_emoji": false
    },
    {
      "user": "bintan8173",
      "comments": [
        "你去谈谈，这太严重了，相信你可以做得到"
      ],
      "language": "Chinese",
      "pure_emoji": false
    },
    {
      "user": "chengrong yuan",
      "comments": [
        "跪习惯了 站起来腿好痛😂"
      ],
      "language": "Chinese",
      "pure_emoji": false
    },
    {
      "user": "dongmeizao",
      "comments": [
        "你去和美国谈谈"
      ],
      "language": "Chinese",
      "pure_emoji": false
    },
    {
      "user": "dykacm0mdu32",
      "comments": [
        "相信黨，黨是大家的後盾"
      ],
      "language": "Chinese",
      "pure_emoji": false
    },
    {
      "user": "edwin🌱",
      "comments": [
        "no chance for china now , wait for another 5 years"
      ],
      "language": "English",
      "pure_emoji": false
    },
    {
      "user": "eric zhu",
      "comments": [
        "川普涨的关税啊，跟我们说什么。"
      ],
      "language": "Chinese",
      "pure_emoji": false
    },
    {
      "user": "ethan2081",
      "comments": [
        "讀書人更應該知道失敗或逆境時可以從底做起，自己找不到好的工作，不能怪國家。遇到一些經濟危機就怪國家，讀一讀97年亞洲金融風暴，大家怎麼逆境而生。沒有人有時間去怪東怪西"
      ],
      "language": "Chinese",
      "pure_emoji": false
    },
    {
      "user": "free mouse",
      "comments": [
        "所有人的发生都是代表他的利益。主播生活在美国，当然希望美国好了。只有美国好，他才能好。"
      ],
      "language": "Chinese",
      "pure_emoji": false
    },
    {
      "user": "hfufjiehifjei",
      "comments": [
        "国家是啥玩意儿"
      ],
      "language": "Chinese",
      "pure_emoji": false
    },
    {
      "user": "j&jh",
      "comments": [
        "中国不是不想接，而是美国不想让你接。醒醒吧！"
      ],
      "language": "Chinese",
      "pure_emoji": false
    },
    {
      "user": "jayzhang656",
      "comments": [
        "主要是房地产坑死了老百姓 官商勾结的房地产业拖着国家的后腿 合作共赢才有出路"
      ],
      "language": "Chinese",
      "pure_emoji": false
    },
    {
      "user": "kenQing799",
      "comments": [
        "他們有本事做嗎？他們有原材料嗎？🈶電力嗎？"
      ],
      "language": "Chinese",
      "pure_emoji": false
    },
    {
      "user": "kingboo",
      "comments": [
        "兄弟，你说这话脸红不？一个大男人自己没本事怪国家？送外卖门槛高么？开出租门槛高么？有时间在这叽歪还不如想想怎么养活自己照顾家人。难道现在就你一个人不好吗？都一样，但在这个时候，必须挺国家，因为我们是中华民族。"
      ],
      "language": "Chinese",
      "pure_emoji": false
    },
    {
      "user": "lulu",
      "comments": [
        "好现实，本科毕业，本地找份5000+得工作不难吧，首先你要能吃苦"
      ],
      "language": "Chinese",
      "pure_emoji": false
    },
    {
      "user": "mazhongguosima",
      "comments": [
        "你怕啥？"
      ],
      "language": "Chinese",
      "pure_emoji": false
    },
    {
      "user": "mic.c",
      "comments": [
        "自己没用，怪社会怪国家😂😂😂😂"
      ],
      "language": "Chinese",
      "pure_emoji": false
    },
    {
      "user": "nathan",
      "comments": [
        "最后承担一切的还是普通人😂"
      ],
      "language": "Chinese",
      "pure_emoji": false
    },
    {
      "user": "parks Gordon",
      "comments": [
        "拉倒吧，你这套小词，美国占全球消费百分之30消费不假，但服务业占消费百分之70 实体消费占百分之30 这百分之30中苹果手机和特斯拉 对美国出口又占70% 你剩下的家具，衣服，鞋子小商品又占不到10% ，下次好好查查数据再说话！😂"
      ],
      "language": "Chinese",
      "pure_emoji": false
    },
    {
      "user": "qdzzzzzZ",
      "comments": [
        "废物"
      ],
      "language": "Chinese",
      "pure_emoji": false
    },
    {
      "user": "rainlaco",
      "comments": [
        "对的，那为啥他们不做呢好奇怪啊，是没技术还是没人啊，好奇怪啊"
      ],
      "language": "Chinese",
      "pure_emoji": false
    },
    {
      "user": "reno killeen",
      "comments": [
        "那你想想东南亚接了订单，原材料在哪里来？"
      ],
      "language": "Chinese",
      "pure_emoji": false
    },
    {
      "user": "seducer007",
      "comments": [
        "再下去我们抛售美债，然后宏观调控经济，消费补贴扩大内需。办法总是有的。无非就是赚大钱赚快钱的人会失望了"
      ],
      "language": "Chinese",
      "pure_emoji": false
    },
    {
      "user": "siahdavid",
      "comments": [
        "自掃門前雪"
      ],
      "language": "Chinese",
      "pure_emoji": false
    },
    {
      "user": "sy",
      "comments": [
        "没有远虑必有近愁"
      ],
      "language": "Chinese",
      "pure_emoji": false
    },
    {
      "user": "szloman",
      "comments": [
        "没有国那有家，支持国家战斗到底"
      ],
      "language": "Chinese",
      "pure_emoji": false
    },
    {
      "user": "thenadam",
      "comments": [
        "close shop china, china civil war😁"
      ],
      "language": "English",
      "pure_emoji": false
    },
    {
      "user": "topgun",
      "comments": [
        "China products export 9% to US.Now 9% such sum to produce essential goods, consumed by its domestic 1.4 billion. 91% output makes China's exports grow"
      ],
      "language": "English",
      "pure_emoji": false
    },
    {
      "user": "toronco0",
      "comments": [
        "还不明白现在是在战争中。"
      ],
      "language": "Chinese",
      "pure_emoji": false
    },
    {
      "user": "toya_689",
      "comments": [
        "逗死我了😂你猜那些越南货的老板是哪的"
      ],
      "language": "Chinese",
      "pure_emoji": false
    },
    {
      "user": "t y",
      "comments": [
        "看到评论我真的放心了，你们值得在中国生活"
      ],
      "language": "Chinese",
      "pure_emoji": false
    },
    {
      "user": "user1976119278612",
      "comments": [
        "要不然你要怎樣，不能挺一下自己國家嗎？粗茶淡飯的不能活嗎？"
      ],
      "language": "Chinese",
      "pure_emoji": false
    },
    {
      "user": "user4255596146090",
      "comments": [
        "看看十年后你还活着没？没死那你就白瞎了。"
      ],
      "language": "Chinese",
      "pure_emoji": false
    },
    {
      "user": "user5061126354887",
      "comments": [
        "东南亚能有5200亿美元生产力吗。"
      ],
      "language": "Chinese",
      "pure_emoji": false
    },
    {
      "user": "user5391352825304",
      "comments": [
        "跟我一点关系没有，我天天吃好喝好玩好，以前什么样，现在就什么样，贸易战有那么可怕吗😂"
      ],
      "language": "Chinese",
      "pure_emoji": false
    },
    {
      "user": "user5877208767528",
      "comments": [
        "一跪下去，永远都要跪在他们脚下"
      ],
      "language": "Chinese",
      "pure_emoji": false
    },
    {
      "user": "user6611015094628",
      "comments": [
        "难道那些地方的工厂不是中国的老板吗？😁"
      ],
      "language": "Chinese",
      "pure_emoji": false
    },
    {
      "user": "user71083725939944",
      "comments": [
        "谁挑起来的😂"
      ],
      "language": "Chinese",
      "pure_emoji": false
    },
    {
      "user": "user7339907456569",
      "comments": [
        "这是一个没有脊梁骨的小丑罢了，只想一味迎合老美，吃翔去吧"
      ],
      "language": "Chinese",
      "pure_emoji": false
    },
    {
      "user": "vanessa",
      "comments": [
        "我有一个事情很好奇，这么多爱国的人为什么国家不允许你们翻墙，你们为什么翻墙？我也很爱我的祖国，但是如今的执法者真的爱不起来"
      ],
      "language": "Chinese",
      "pure_emoji": false
    },
    {
      "user": "wsilentrose",
      "comments": [
        "你搞清楚 ，先加关税的不是我们"
      ],
      "language": "Chinese",
      "pure_emoji": false
    },
    {
      "user": "yuchg1",
      "comments": [
        "一家代表全產業？？"
      ],
      "language": "Chinese",
      "pure_emoji": false
    },
    {
      "user": "zeng",
      "comments": [
        "娘么唧唧，哭哭啼啼，上下五千年，美国不过才零头几年崛起，就把你吓尿了，真孙子"
      ],
      "language": "Chinese",
      "pure_emoji": false
    },
    {
      "user": "zhangwade6",
      "comments": [
        "大清签了多少条约，割地赔款割让主权，有用吗😅"
      ],
      "language": "Chinese",
      "pure_emoji": false
    },
    {
      "user": "ªº",
      "comments": [
        "你不会以为中国不反抗，美国就不会给我们加关税了吧？"
      ],
      "language": "Chinese",
      "pure_emoji": false
    },
    {
      "user": "しんちゃん",
      "comments": [
        "国家利益，永远大于个人利益！"
      ],
      "language": "Chinese",
      "pure_emoji": false
    },
    {
      "user": "七堵次郎",
      "comments": [
        "很簡單的說，有尊嚴的商家vs驕傲狂妄的消費者！就這麼簡單"
      ],
      "language": "Mixed",
      "pure_emoji": false
    },
    {
      "user": "上官天成",
      "comments": [
        "和美国打贸易战是对的"
      ],
      "language": "Chinese",
      "pure_emoji": false
    },
    {
      "user": "上海一爸Sean",
      "comments": [
        "就你这认知确实找不到工作"
      ],
      "language": "Chinese",
      "pure_emoji": false
    },
    {
      "user": "中国小伙子",
      "comments": [
        "我们在中国生活 一点都不受影响"
      ],
      "language": "Chinese",
      "pure_emoji": false
    },
    {
      "user": "今夕是何年   ༽",
      "comments": [
        "😂😂😂😂，能取代中國？哈哈哈哈哈，要想到成本和工藝"
      ],
      "language": "Chinese",
      "pure_emoji": false
    },
    {
      "user": "付镇山",
      "comments": [
        "🤣没有一点大局观念"
      ],
      "language": "Chinese",
      "pure_emoji": false
    },
    {
      "user": "來看戲的",
      "comments": [
        "還好我是台灣人😌 終幗才不會管老百姓咧😂"
      ],
      "language": "Chinese",
      "pure_emoji": false
    },
    {
      "user": "傅祥章",
      "comments": [
        "我们都是从很贫穷很贫穷的年代走过来的。我们小时候吃口猪肉都是很奢侈的。每天都是吃泡菜长大的知道么？现在至少想吃啥都不是问题。美国不想买我们的东西，随便他们吧，爱买谁的买谁的。亏本卖给美国商品是不可能的。不赚钱宁愿不做"
      ],
      "language": "Chinese",
      "pure_emoji": false
    },
    {
      "user": "冷霜子",
      "comments": [
        "你說的很棒🌹但是 我很擔心 很難再看到 你的影片"
      ],
      "language": "Chinese",
      "pure_emoji": false
    },
    {
      "user": "凌晨的粥",
      "comments": [
        "请问这么做川普管百姓了吗？今天去沃尔玛基本商品都涨25%你认为美国百姓受的了？50万人游行是玩假的？"
      ],
      "language": "Chinese",
      "pure_emoji": false
    },
    {
      "user": "刘北",
      "comments": [
        "低端的哪个国家的都能做，那高端的呢？能吗？能吗？"
      ],
      "language": "Chinese",
      "pure_emoji": false
    },
    {
      "user": "劉健華",
      "comments": [
        "美國之所以消費力強是因為它印的假鈔被世界公認，拳頭所向無敵。"
      ],
      "language": "Chinese",
      "pure_emoji": false
    },
    {
      "user": "呱呱叫",
      "comments": [
        "支持共产党的选择，我选择相信党"
      ],
      "language": "Chinese",
      "pure_emoji": false
    },
    {
      "user": "啧啧",
      "comments": [
        "在美国同情我们，🤡🤡大可不必了，我当粉红能领钱，比你强，背井离乡还得遮遮掩掩的，是不是羡慕我了，🤡🤡"
      ],
      "language": "Chinese",
      "pure_emoji": false
    },
    {
      "user": "土著",
      "comments": [
        "两套贷款房子，卖了一套。地产泡沫让我损失了快200万，我也怪国家？国家是就是应该冷血的为大多数人利益运作的一个机器。我的生产劳动价值可以亏损但是不能被国家拿去赔偿给美国。我希望国家胜利，只有国家胜利了人民才能有更好的日子。越南人口不少吧，位置也好吧。因为不强大人均1800。台湾收入高吧，几十年的台积电说丢就丢，外汇储备无休止的供养美国国债，人民毫无尊严的被政客玩弄。大家团结一心才是。"
      ],
      "language": "Chinese",
      "pure_emoji": false
    },
    {
      "user": "在云端861",
      "comments": [
        "拜托你先看看《六国论》再说"
      ],
      "language": "Chinese",
      "pure_emoji": false
    },
    {
      "user": "天下太平",
      "comments": [
        "我希望中国不要停美国的关税战，美国停了，中国也不能停"
      ],
      "language": "Chinese",
      "pure_emoji": false
    },
    {
      "user": "子欲随风",
      "comments": [
        "自己去看看海湖庄园协议吧"
      ],
      "language": "Chinese",
      "pure_emoji": false
    },
    {
      "user": "孙一茜",
      "comments": [
        "没了蹦床可以换做其他的，谁也不会饿死。"
      ],
      "language": "Chinese",
      "pure_emoji": false
    },
    {
      "user": "小事一樁",
      "comments": [
        "台灣兩任總統的名言 蔡：你們要自立自強啊。賴：吃苦當吃補"
      ],
      "language": "Chinese",
      "pure_emoji": false
    },
    {
      "user": "平和",
      "comments": [
        "终于看到一个明白人"
      ],
      "language": "Chinese",
      "pure_emoji": false
    },
    {
      "user": "建敏 叶",
      "comments": [
        "小朋友 你不合适做生意！也许这话有点难听，任何事情也分轻重！国家利益永远放在第一位，假设这次贸易战升级为第三次打战，你该怎么办？我说句不好听的你的产品本来就没有技术含量很容易被超越 只是时间问题和这次贸易战没多大关系。心态放好有些东西是你我改变不了的，想办法突围！"
      ],
      "language": "Chinese",
      "pure_emoji": false
    },
    {
      "user": "张峰zhangfeng",
      "comments": [
        "我嘞个投降🥧啊，🐶汉奸越来越多了"
      ],
      "language": "Chinese",
      "pure_emoji": false
    },
    {
      "user": "張曼嵐",
      "comments": [
        "台灣，國強才有家，遇美國就低頭，那中國一輩子也抬不起頭了，有多少前輩因為美國失去生命，沒，那些前輩，怎么會有現在安穩的日子，我沒讀什么書，我都知道，你呢，還是你是日本人後代，謝謝"
      ],
      "language": "Chinese",
      "pure_emoji": false
    },
    {
      "user": "徐顥維",
      "comments": [
        "做了75年的韭菜 都忘了自己還是個人 富到流油的是那一億人 然後拉著十三億人陪著過水深火熱的日子 最諷刺的是 課多少稅對他們來說只是個數字 因為牠們最終還是轉嫁到你們身上 生活不會受到什麼影響 反觀你們... 你們已經一次又一次的幫牠們印證了 牠們這樣做是可行的"
      ],
      "language": "Chinese",
      "pure_emoji": false
    },
    {
      "user": "怀念深沉丶",
      "comments": [
        "你说的这些低端制造业，完全可以国内做，送到越南贴牌"
      ],
      "language": "Chinese",
      "pure_emoji": false
    },
    {
      "user": "戴國助",
      "comments": [
        "講實話，小粉紅還不接受。"
      ],
      "language": "Chinese",
      "pure_emoji": false
    },
    {
      "user": "日赚上万小白可带！QQ：82864507✈️TG:kwee3",
      "comments": [
        "Study😏🥺"
      ],
      "language": "English",
      "pure_emoji": false
    },
    {
      "user": "晕",
      "comments": [
        "你讲什么屁话"
      ],
      "language": "Chinese",
      "pure_emoji": false
    },
    {
      "user": "曹操",
      "comments": [
        "和談條件不會比較好，美國怎麼可能放過老共，某些產業製造本來就會外移，產業要升級。台灣不也遇過？即如此，不如腰桿硬一點，看誰撐得久。別跟某些人一樣去舔美國還洋洋得意。中國人吃得了苦，美國人不行。"
      ],
      "language": "Chinese",
      "pure_emoji": false
    },
    {
      "user": "曼巴吐舌头",
      "comments": [
        "问题是😂谈了人家也不会放过你啊"
      ],
      "language": "Chinese",
      "pure_emoji": false
    },
    {
      "user": "曾经沧海难为水，除却巫山不是云",
      "comments": [
        "你说的只是表面问题！深层次的问题你不懂"
      ],
      "language": "Chinese",
      "pure_emoji": false
    },
    {
      "user": "李有良缘",
      "comments": [
        "要那些纸干嘛"
      ],
      "language": "Chinese",
      "pure_emoji": false
    },
    {
      "user": "桂帅辉",
      "comments": [
        "没办法这就是战曾，中国现在站起来了"
      ],
      "language": "Chinese",
      "pure_emoji": false
    },
    {
      "user": "欧派大猩猩",
      "comments": [
        "别以偏概全，出口美国的占出口总量的多少？占GDP多少？"
      ],
      "language": "Mixed",
      "pure_emoji": false
    },
    {
      "user": "泊涛资本 白资收U 小白可带 ➕✈️@botaoxiaowu",
      "comments": [
        "生活不全是利益，更多的还是相互成就和相互温暖"
      ],
      "language": "Chinese",
      "pure_emoji": false
    },
    {
      "user": "洋洋同学",
      "comments": [
        "3块钱"
      ],
      "language": "Chinese",
      "pure_emoji": false
    },
    {
      "user": "润石翡翠原石",
      "comments": [
        "没有美国？中国就不能活了吗？"
      ],
      "language": "Chinese",
      "pure_emoji": false
    },
    {
      "user": "满船清梦",
      "comments": [
        "那倒是让特朗普谈呀。"
      ],
      "language": "Chinese",
      "pure_emoji": false
    },
    {
      "user": "漢克江",
      "comments": [
        "短視！"
      ],
      "language": "Chinese",
      "pure_emoji": false
    },
    {
      "user": "炎黄子孙",
      "comments": [
        "你怎么还有钱去美国😂"
      ],
      "language": "Chinese",
      "pure_emoji": false
    },
    {
      "user": "猫咪的烦恼",
      "comments": [
        "你在教中国政府怎么做吗？"
      ],
      "language": "Chinese",
      "pure_emoji": false
    },
    {
      "user": "玉衡道長",
      "comments": [
        "過過吃水煮白菜+鹹菜的日子嗎？過過吃個雞蛋，吃塊糖都很奢侈的日子嗎？美國出手打經濟戰，求饒有用嗎？"
      ],
      "language": "Chinese",
      "pure_emoji": false
    },
    {
      "user": "瓜田里的猹呀",
      "comments": [
        "老子做外贸的都没认输，他们这次碰瓷成了，我们以后没几年没钱了就来要日子更难做。我现在还能抗抗一波打赢了以后好好做生意"
      ],
      "language": "Chinese",
      "pure_emoji": false
    },
    {
      "user": "用户1698084124964",
      "comments": [
        "你有本事就去找川普算帳。中國如果也要向美國跪了，那中國就玩完了。說的好像你什麼都懂"
      ],
      "language": "Chinese",
      "pure_emoji": false
    },
    {
      "user": "用户5672193570484",
      "comments": [
        "我打你一巴掌，你肯定還在笑🤣"
      ],
      "language": "Chinese",
      "pure_emoji": false
    },
    {
      "user": "用户843417288548",
      "comments": [
        "贸易战是谁挑出来的？"
      ],
      "language": "Chinese",
      "pure_emoji": false
    },
    {
      "user": "用户周志衡",
      "comments": [
        "這位年輕人可能太單純了沒有意識到美國的險惡只想保住含在嘴裏的糖果不放"
      ],
      "language": "Chinese",
      "pure_emoji": false
    },
    {
      "user": "發财",
      "comments": [
        "是美国要整我们，需要跪着求吗？贸易战当然会牺牲的，这是我们必须经历的"
      ],
      "language": "Chinese",
      "pure_emoji": false
    },
    {
      "user": "白玲",
      "comments": [
        "你的意思是别人要抢我的钱，我就让他抢😅"
      ],
      "language": "Chinese",
      "pure_emoji": false
    },
    {
      "user": "石晓辉",
      "comments": [
        "爷爷辈没输，爸爸辈没输，我们这一代也不会输，也不怕输，凭什么他们印美元，就可以买遍全球。"
      ],
      "language": "Chinese",
      "pure_emoji": false
    },
    {
      "user": "秀",
      "comments": [
        "你怕沒饭吃吗"
      ],
      "language": "Chinese",
      "pure_emoji": false
    },
    {
      "user": "程艺艺",
      "comments": [
        "有这种思想的人，就配得上你自己的苦难🤣"
      ],
      "language": "Chinese",
      "pure_emoji": false
    },
    {
      "user": "等風的季節",
      "comments": [
        "中國所有的外貿企業全部倒閉！你們千萬要堅持下去，堅決與美國戰鬥到底！支持中國"
      ],
      "language": "Chinese",
      "pure_emoji": false
    },
    {
      "user": "習近平",
      "comments": [
        "年輕人我們還有廣大祖國的美好河山阿"
      ],
      "language": "Chinese",
      "pure_emoji": false
    },
    {
      "user": "翔田千里",
      "comments": [
        "難得人間清醒的中國人"
      ],
      "language": "Chinese",
      "pure_emoji": false
    },
    {
      "user": "胡看看",
      "comments": [
        "额 东南亚不是国内做的转口贸易么😅"
      ],
      "language": "Chinese",
      "pure_emoji": false
    },
    {
      "user": "苗",
      "comments": [
        "整天在这说说说"
      ],
      "language": "Chinese",
      "pure_emoji": false
    },
    {
      "user": "虎爺",
      "comments": [
        "不要忘記習維尼的戰狼外交，要支持祖國，支持黨"
      ],
      "language": "Chinese",
      "pure_emoji": false
    },
    {
      "user": "課你關稅104%",
      "comments": [
        "我台灣人支持中國對美國關稅硬槓到底加油👏⛽️，發覺這一次支持中國還真爽👏👏👏👏👏👏👏"
      ],
      "language": "Chinese",
      "pure_emoji": false
    },
    {
      "user": "谢ttt",
      "comments": [
        "是人说出来的话？"
      ],
      "language": "Chinese",
      "pure_emoji": false
    },
    {
      "user": "阿勃勒",
      "comments": [
        "美國以後日子不好過，不要以為他們會一直很有錢。"
      ],
      "language": "Chinese",
      "pure_emoji": false
    },
    {
      "user": "阿源",
      "comments": [
        "不管中國跪不跪都不會影響美國在扶植越南，中國應該趕快扶植第三第四國。"
      ],
      "language": "Chinese",
      "pure_emoji": false
    },
    {
      "user": "陳清葉",
      "comments": [
        "把習進平罷掉，中國才有救"
      ],
      "language": "Chinese",
      "pure_emoji": false
    },
    {
      "user": "陽光燦爛",
      "comments": [
        "不怕不怕、還有福建號、山東號、遼寧號、055、六待機、核彈、人民有這些就夠了、遙遙領先"
      ],
      "language": "Chinese",
      "pure_emoji": false
    },
    {
      "user": "雨林",
      "comments": [
        "因為整天仇美，抗日，佔台的大內宣，難怪外資，台資會跑，連富人，官二代，嘴裡講愛國，身體很誠實，都潤到美國了"
      ],
      "language": "Chinese",
      "pure_emoji": false
    },
    {
      "user": "顏子衡",
      "comments": [
        "中共的錯，憑啥要人民買單"
      ],
      "language": "Chinese",
      "pure_emoji": false
    },
    {
      "user": "飞狐",
      "comments": [
        "你这些话跟你美爹去说，汉奸"
      ],
      "language": "Chinese",
      "pure_emoji": false
    },
    {
      "user": "黃世昌",
      "comments": [
        "所以你要跪嗎😂"
      ],
      "language": "Chinese",
      "pure_emoji": false
    },
    {
      "user": "🇨🇳醉过",
      "comments": [
        "你的观念听着没什么问题，我们如果跪下，美国能放过我们吗？你认真考虑后回答我，跪下来的后果是什么？"
      ],
      "language": "Chinese",
      "pure_emoji": false
    }
  ]
}