{
  "video_id": "7495260389253369143",
  "video_url": "https://www.tiktok.com/@5b7wqjwnyf8/video/7495260389253369143",
  "publish_date": null,
  "comment_groups": [
    {
      "user": "Estrela da África",
      "comments": [
        "今日之中国，已不是彼时的中国了"
      ],
      "language": "Chinese",
      "pure_emoji": false
    },
    {
      "user": "Huang Bin",
      "comments": [
        "你什麼看法嗎"
      ],
      "language": "Chinese",
      "pure_emoji": false
    },
    {
      "user": "Jack",
      "comments": [
        "👍👍👍",
        "👍👍👍",
        "👍👍👍"
      ],
      "language": "Other",
      "pure_emoji": false
    },
    {
      "user": "MING WU",
      "comments": [
        "别怕！ 我來買 12美元可以買幾張？有抽獎沒？ 放心 有我呢！",
        "别怕！ 我來買 12美元可以買幾張？有抽獎沒？ 放心 有我呢！",
        "别怕！ 我來買 12美元可以買幾張？有抽獎沒？ 放心 有我呢！"
      ],
      "language": "Chinese",
      "pure_emoji": false
    },
    {
      "user": "Ming Ng",
      "comments": [
        "他不会后悔的"
      ],
      "language": "Chinese",
      "pure_emoji": false
    },
    {
      "user": "MoMoDa",
      "comments": [
        "😳😳😳",
        "😳😳😳",
        "😳😳😳"
      ],
      "language": "Other",
      "pure_emoji": false
    },
    {
      "user": "Outlaw trucker",
      "comments": [
        "是有陰謀的，他把美國搞，來個解體，宣布國家解散倒閉，所有債務都不用還了"
      ],
      "language": "Chinese",
      "pure_emoji": false
    },
    {
      "user": "Saga",
      "comments": [
        "没人比我更懂关税😎",
        "没人比我更懂关税😎",
        "没人比我更懂关税😎"
      ],
      "language": "Chinese",
      "pure_emoji": false
    },
    {
      "user": "U搬砖 日赚上万！QQ：64884752✈️TG:zakm2",
      "comments": [
        "763🥰🥰",
        "763🥰🥰",
        "763🥰🥰"
      ],
      "language": "Other",
      "pure_emoji": false
    },
    {
      "user": "Zwao Tainxem",
      "comments": [
        "誰說美國沒錢，猶太人資本不是很有錢，不會像希特勒搞猶太人不就變有錢還。",
        "誰說美國沒錢，猶太人資本不是很有錢，不會像希特勒搞猶太人不就變有錢還。",
        "誰說美國沒錢，猶太人資本不是很有錢，不會像希特勒搞猶太人不就變有錢還。"
      ],
      "language": "Chinese",
      "pure_emoji": false
    },
    {
      "user": "air786602",
      "comments": [
        "因為不管說什麼 他都會說他是這方面專家😂 什麽都懂 對面才會叫他懂王"
      ],
      "language": "Chinese",
      "pure_emoji": false
    },
    {
      "user": "bjxn",
      "comments": [
        "有道理",
        "有道理",
        "有道理"
      ],
      "language": "Chinese",
      "pure_emoji": false
    },
    {
      "user": "bluesky",
      "comments": [
        "破ㄉ一ㄚˋ川😁",
        "破ㄉ一ㄚˋ川😁"
      ],
      "language": "Chinese",
      "pure_emoji": false
    },
    {
      "user": "intotherain",
      "comments": [
        "鹰子应该从中国取经。 引进冥币。开设天地银行北美分部。反正老美民众就喜欢中国那一套。先让大家多买冥币，死后去了天堂也可以用。 一万美元可换一亿冥币。如果有人质疑，就拿出中国的那些典故，书籍。搞一波玄学和迷信致富。 很快就能还清所有债务。"
      ],
      "language": "Chinese",
      "pure_emoji": false
    },
    {
      "user": "lee",
      "comments": [
        "它把自己及美國想得太美了",
        "它把自己及美國想得太美了",
        "它把自己及美國想得太美了"
      ],
      "language": "Chinese",
      "pure_emoji": false
    },
    {
      "user": "ng nature",
      "comments": [
        "😁😁😁",
        "😳😳😳",
        "😁😁😁",
        "😳😳😳",
        "😁😁😁",
        "😳😳😳"
      ],
      "language": "Other",
      "pure_emoji": false
    },
    {
      "user": "ngiam2",
      "comments": [
        "分析正确",
        "分析正确",
        "分析正确"
      ],
      "language": "Chinese",
      "pure_emoji": false
    },
    {
      "user": "shangdong",
      "comments": [
        "美国打关税战有底限，而中国可以不惜一切代价。"
      ],
      "language": "Chinese",
      "pure_emoji": false
    },
    {
      "user": "shingeng",
      "comments": [
        "👏👏👏👍👍👍",
        "👏👏👏👍👍👍",
        "👏👏👏👍👍👍"
      ],
      "language": "Other",
      "pure_emoji": false
    },
    {
      "user": "stone",
      "comments": [
        "👍👍👍",
        "👍👍👍",
        "👍👍👍"
      ],
      "language": "Other",
      "pure_emoji": false
    },
    {
      "user": "user4946477048566",
      "comments": [
        "這個評論很接近事實",
        "這個評論很接近事實",
        "這個評論很接近事實"
      ],
      "language": "Chinese",
      "pure_emoji": false
    },
    {
      "user": "zhao Yi hao",
      "comments": [
        "美國現在就很像明朝文官集團貪污嚴重",
        "美國現在就很像明朝文官集團貪污嚴重",
        "美國現在就很像明朝文官集團貪污嚴重"
      ],
      "language": "Chinese",
      "pure_emoji": false
    },
    {
      "user": "千万千万",
      "comments": [
        "造一枚硬币出来。把所有的债务买掉不就可以了嘛",
        "造一枚硬币出来。把所有的债务买掉不就可以了嘛",
        "造一枚硬币出来。把所有的债务买掉不就可以了嘛"
      ],
      "language": "Chinese",
      "pure_emoji": false
    },
    {
      "user": "好熊貓",
      "comments": [
        "內線",
        "內線",
        "內線"
      ],
      "language": "Chinese",
      "pure_emoji": false
    },
    {
      "user": "彰化安哥",
      "comments": [
        "支持懂王打關稅戰，灣灣掏心掏肺支持懂王",
        "支持懂王打關稅戰，灣灣掏心掏肺支持懂王",
        "支持懂王打關稅戰，灣灣掏心掏肺支持懂王"
      ],
      "language": "Chinese",
      "pure_emoji": false
    },
    {
      "user": "怡",
      "comments": [
        "😆😆😆"
      ],
      "language": "Other",
      "pure_emoji": true
    },
    {
      "user": "日赚上万小白可带！QQ：54084429✈️TG:mkmz6",
      "comments": [
        "😂🥰😁learned",
        "😂🥰😁learned",
        "😂🥰😁learned"
      ],
      "language": "English",
      "pure_emoji": false
    },
    {
      "user": "曹好找《房屋仲介》",
      "comments": [
        "為什麼現在都稱呼他 懂王？"
      ],
      "language": "Chinese",
      "pure_emoji": false
    },
    {
      "user": "朴铁军",
      "comments": [
        "日本抛3千亿。美债利率飙升呢",
        "日本抛3千亿。美债利率飙升呢",
        "日本抛3千亿。美债利率飙升呢"
      ],
      "language": "Chinese",
      "pure_emoji": false
    },
    {
      "user": "羊",
      "comments": [
        "美國印鈔機 收割全世界...",
        "美國印鈔機 收割全世界..."
      ],
      "language": "Chinese",
      "pure_emoji": false
    },
    {
      "user": "蘇玟竹",
      "comments": [
        "🥰🥰🥰🥰🥰",
        "🥰🥰🥰🥰🥰",
        "🥰🥰🥰🥰🥰"
      ],
      "language": "Other",
      "pure_emoji": false
    },
    {
      "user": "雅美蝶",
      "comments": [
        "😂😂聽妳在吹喇叭😂😂",
        "😂😂聽妳在吹喇叭😂😂",
        "😂😂聽妳在吹喇叭😂😂"
      ],
      "language": "Chinese",
      "pure_emoji": false
    }
  ]
}