{
  "video_id": "7496198024390053166",
  "video_url": "https://www.tiktok.com/@cnbc/video/7496198024390053166",
  "publish_date": null,
  "comment_groups": [
    {
      "user": "123456kang@yen",
      "comments": [
        "After decades of bullying, sanctions, bans, smear, sabotages, military large scale exercises, provocations, open insults, accusations, only naive fools believe"
      ],
      "language": "English",
      "pure_emoji": false
    },
    {
      "user": "133177dk",
      "comments": [
        "Taking the knee to China. Had to happen. Let's see how he lies his way into a win on this one. 70 countries lined up to watch!!"
      ],
      "language": "English",
      "pure_emoji": false
    },
    {
      "user": "22222222",
      "comments": [
        "China is not going to back down. Sounds like trump is getting on his knees. He will have to beg to get out of this mess.",
        "They might for $, but they won’t be buying anything from us. If they do, the US should still bring some necessary things back so weren’t so dependent on them or other countries but without tariffs."
      ],
      "language": "English",
      "pure_emoji": false
    },
    {
      "user": "@powerlineroads",
      "comments": [
        "🙄 The China Tarriffs are Exactly where Trump wants them to be! China has embargo'd themselves because they are power hungry!!"
      ],
      "language": "English",
      "pure_emoji": false
    },
    {
      "user": "AdRock",
      "comments": [
        "He talked ishh about every country (not Russia) then tried to bully them with tariffs. It’s crazy that his entire administration didn’t see this coming."
      ],
      "language": "English",
      "pure_emoji": false
    },
    {
      "user": "Adam1885282",
      "comments": [
        "Trump is a toddler. somebody give him a way out so he can prance around like he won and end this thing."
      ],
      "language": "English",
      "pure_emoji": false
    },
    {
      "user": "AlinLHP",
      "comments": [
        "Garbage, the US is not bringing manufacturing back, no one has been investing in the infrastructure there's no plan just BS"
      ],
      "language": "English",
      "pure_emoji": false
    },
    {
      "user": "Ameshitrica",
      "comments": [
        "Xijinping is seeping Oolong tea and watching an American clown show. 😁😁😁😁😁"
      ],
      "language": "English",
      "pure_emoji": false
    },
    {
      "user": "Angrr Nguyen",
      "comments": [
        "has JD vance apologized or thank China?"
      ],
      "language": "English",
      "pure_emoji": false
    },
    {
      "user": "Anonymous",
      "comments": [
        "Wait wasn’t everyone kissing his a$$? Bisset is also the worse liar b"
      ],
      "language": "English",
      "pure_emoji": false
    },
    {
      "user": "Apple User972734356",
      "comments": [
        "Trump you weak looser."
      ],
      "language": "English",
      "pure_emoji": false
    },
    {
      "user": "ArtoftheFold",
      "comments": [
        "China can do this for 4 years, can the US endure for 4 years? lol"
      ],
      "language": "English",
      "pure_emoji": false
    },
    {
      "user": "Asian Mission Impossible",
      "comments": [
        "Because Dumb Trump knows that he is in Big trouble. We have trillions and trillions of national bond maturing in June. We need China to buy More of our national bond 😂😂😂. Dumb Trump Trade War."
      ],
      "language": "English",
      "pure_emoji": false
    },
    {
      "user": "Ayesha Sequeira Losinno",
      "comments": [
        "THE FART OF THEBDEAL#(WET)🤣🤣🤣"
      ],
      "language": "English",
      "pure_emoji": false
    },
    {
      "user": "Babylon",
      "comments": [
        "The United States is going to find itself completely isolated. Quarantined like a rabid animal."
      ],
      "language": "English",
      "pure_emoji": false
    },
    {
      "user": "Beautiful Life",
      "comments": [
        "CHINA doesn’t want to do business either USA they don’t trust Trump administration!"
      ],
      "language": "English",
      "pure_emoji": false
    },
    {
      "user": "Ben Marvan",
      "comments": [
        "They are now preparing public opinion for a humiliating capitulation. Trying to bully a rising, dynamic power full of vitality like China was a massive miscalculation.",
        "Yes that’s what I meant by preparing public opinion. They have come up with face-saving measures to hide the fact that they’ve been defeated. But that would be entirely aimed at his base."
      ],
      "language": "English",
      "pure_emoji": false
    },
    {
      "user": "Birb. 🦜",
      "comments": [
        "Hard to understand what he was trying to say at all"
      ],
      "language": "English",
      "pure_emoji": false
    },
    {
      "user": "Bkkbound the 2nd 🇬🇧",
      "comments": [
        "Trump desperately looking for a way out of his own mess.."
      ],
      "language": "English",
      "pure_emoji": false
    },
    {
      "user": "BobbyLotto1",
      "comments": [
        "China should amp up the pressure instead...Watch Orange man and MAGA bend over."
      ],
      "language": "English",
      "pure_emoji": false
    },
    {
      "user": "Brandon",
      "comments": [
        "Only an idiot would follow his logic"
      ],
      "language": "English",
      "pure_emoji": false
    },
    {
      "user": "Breandelowe",
      "comments": [
        "Senators are telling him this could lead to war and we are not with you on that- back off"
      ],
      "language": "English",
      "pure_emoji": false
    },
    {
      "user": "Bubba1234",
      "comments": [
        "😂😂😂Trump 😂😂😂😂😂"
      ],
      "language": "English",
      "pure_emoji": false
    },
    {
      "user": "BurnFascists",
      "comments": [
        "here's the thing though, it's going to work on his base. they're going to cry victory Trump owned China blah blah blah. get ready for it"
      ],
      "language": "English",
      "pure_emoji": false
    },
    {
      "user": "Cambridge 🇨🇦",
      "comments": [
        "🤣🤣🤣🤣🤣 Trump panicking"
      ],
      "language": "English",
      "pure_emoji": false
    },
    {
      "user": "Caslon Bodoni",
      "comments": [
        "How does Bessent know if they arent talking, Trump admin are unqualified, they are just doing Pitins bidding"
      ],
      "language": "English",
      "pure_emoji": false
    },
    {
      "user": "Cathy",
      "comments": [
        "Bessent is a fool. This was said so the markets would rally. China is finished with the US. And I don’t blame them."
      ],
      "language": "English",
      "pure_emoji": false
    },
    {
      "user": "Charles Anderson",
      "comments": [
        "🥰"
      ],
      "language": "Other",
      "pure_emoji": true
    },
    {
      "user": "Christopher Tong",
      "comments": [
        "After US announced trade war against the world, seems like US stock market pitfalls didn't affect other countries much. The world is beginning to detach from US which abandoned fair trade completely."
      ],
      "language": "English",
      "pure_emoji": false
    },
    {
      "user": "Cobra Commander",
      "comments": [
        "US folded"
      ],
      "language": "English",
      "pure_emoji": false
    },
    {
      "user": "Connie Acevedo582",
      "comments": [
        "You need to inform yourself and make your own decisions not what Fox News is telling you."
      ],
      "language": "English",
      "pure_emoji": false
    },
    {
      "user": "Cookiemon",
      "comments": [
        "Maybe they finally got Navarro out of the way and Pissant talked sense"
      ],
      "language": "English",
      "pure_emoji": false
    },
    {
      "user": "DA",
      "comments": [
        "this means manufacturing is coming back"
      ],
      "language": "English",
      "pure_emoji": false
    },
    {
      "user": "DESHENG LI",
      "comments": [
        "Didn't Trump say he would impose tariffs on BRICS countries? If you don't know your own strength, don't make big promises.🤭"
      ],
      "language": "English",
      "pure_emoji": false
    },
    {
      "user": "D_Fu_Music",
      "comments": [
        "So the market is up based on Bessent’s comments despite there being no indication that China is receptive to this “de-escalation?”"
      ],
      "language": "English",
      "pure_emoji": false
    },
    {
      "user": "Daniel C",
      "comments": [
        "Pos liar"
      ],
      "language": "English",
      "pure_emoji": false
    },
    {
      "user": "Dave",
      "comments": [
        "These narcissistic idiots don’t speak for China."
      ],
      "language": "English",
      "pure_emoji": false
    },
    {
      "user": "David Planet Citizen💙🇨🇦🇪🇨",
      "comments": [
        "Wimp Trump is caving"
      ],
      "language": "English",
      "pure_emoji": false
    },
    {
      "user": "Davoe",
      "comments": [
        "When a relationship breaks down and the trust is gone it's gone forever"
      ],
      "language": "English",
      "pure_emoji": false
    },
    {
      "user": "Derong Yuan",
      "comments": [
        "what about the MAGA?"
      ],
      "language": "English",
      "pure_emoji": false
    },
    {
      "user": "Dfgx",
      "comments": [
        "There is a reason China is willing to breathe smog, it is to control global Economy/ trade. No country can stand up to China now because their economy is dependent on Chinese trade",
        "There is gonna be internal riots if any one messes with that trade. So, by controlling world economies, they control world politics too. E.g, look how unpopular they made Trump in few months"
      ],
      "language": "English",
      "pure_emoji": false
    },
    {
      "user": "DirectAction",
      "comments": [
        "why would any country negotiate with Trump? why sign any agreements with the US?"
      ],
      "language": "English",
      "pure_emoji": false
    },
    {
      "user": "Downtown",
      "comments": [
        "People say China is winning. So why doesn’t China impose higher tariffs on the US than the US does on China?😂"
      ],
      "language": "English",
      "pure_emoji": false
    },
    {
      "user": "Dtklyp",
      "comments": [
        "Whatever terms u called, begging, de escalate or rebalance, China is moving forward RAPIDLY with the rest of world.No more look back on USA. USA can focus on MAGA now. Just do it. 🤮🤮"
      ],
      "language": "English",
      "pure_emoji": false
    },
    {
      "user": "EDDIE",
      "comments": [
        "Want China to de escalate? Just call, beg and kiss Shi's Ass. Hes a reasonable person"
      ],
      "language": "English",
      "pure_emoji": false
    },
    {
      "user": "ELITE OR NOT",
      "comments": [
        "China is not gonna let up"
      ],
      "language": "English",
      "pure_emoji": false
    },
    {
      "user": "Edasc",
      "comments": [
        "Trump is kissing the Chinese ass to save face 🤷"
      ],
      "language": "English",
      "pure_emoji": false
    },
    {
      "user": "End the trade war!",
      "comments": [
        "The instability and chaos will be here for a while.😔😭"
      ],
      "language": "English",
      "pure_emoji": false
    },
    {
      "user": "Eng. F. E. H.",
      "comments": [
        "Trump, and since day one, was using the Carrot-Stick theory but didn't realize that what works for a tiny penguin 🐧 Island doesn't work for THE EMPIRE OF GREAT CHINA💪🏻💪🏻💪🏻💪🏻💪🏻."
      ],
      "language": "English",
      "pure_emoji": false
    },
    {
      "user": "Enne Ji",
      "comments": [
        "thought it went up to 245% already"
      ],
      "language": "English",
      "pure_emoji": false
    },
    {
      "user": "Erlend",
      "comments": [
        "Too late. Its done."
      ],
      "language": "English",
      "pure_emoji": false
    },
    {
      "user": "Export-Import-Man🇨🇦",
      "comments": [
        "China doesn't care."
      ],
      "language": "English",
      "pure_emoji": false
    },
    {
      "user": "FWInvest",
      "comments": [
        "It will just be another dip in the market, happened before and will happen again, great time to buy in for long term holders"
      ],
      "language": "English",
      "pure_emoji": false
    },
    {
      "user": "Fanti One",
      "comments": [
        "The Chinese side? 🤣🤣🤣. One side speaking for both sides. How many sleepless nights brought about that moment? 🤣🤣🤣"
      ],
      "language": "English",
      "pure_emoji": false
    },
    {
      "user": "Felix Vences",
      "comments": [
        "Lolololol"
      ],
      "language": "English",
      "pure_emoji": false
    },
    {
      "user": "Frank Beetz",
      "comments": [
        "The US is so desperate - just listen to the language 🤣🤣🤣 Great FAFO moment - thank you China 💪💪💪"
      ],
      "language": "English",
      "pure_emoji": false
    },
    {
      "user": "Fred420170",
      "comments": [
        "Fake news unless I hear it from China."
      ],
      "language": "English",
      "pure_emoji": false
    },
    {
      "user": "Gbw_leo",
      "comments": [
        "Trump is crawling back. 🤡🤡🤡"
      ],
      "language": "English",
      "pure_emoji": false
    },
    {
      "user": "Gh0stSolo",
      "comments": [
        "China will not bow to Trump or this administration. They will only accept a deal if at a minimum it’s even or favors them. Their economy can weather this for years, the US can’t."
      ],
      "language": "English",
      "pure_emoji": false
    },
    {
      "user": "Gil Cruz",
      "comments": [
        "It means nothing to China.that sounds more like a U.S. problem.tariffs leave lasting consequences why would any country want to trust the USA when it comes commerce.China doesn’t need the USA like we"
      ],
      "language": "English",
      "pure_emoji": false
    },
    {
      "user": "Goondu",
      "comments": [
        "US talk talk talk….China simply smile and kept quiet. Show respect, China will reciprocate."
      ],
      "language": "English",
      "pure_emoji": false
    },
    {
      "user": "Guy Martin",
      "comments": [
        "Trump art of the deal craps his pants and backs down"
      ],
      "language": "English",
      "pure_emoji": false
    },
    {
      "user": "Harry",
      "comments": [
        "Awesome thanks this guy is a moron scam artist scum bag sorry excuse for a human being just like Dump and his magets and muskrat they are all ass wipes boot lickers dogs face ass holes"
      ],
      "language": "English",
      "pure_emoji": false
    },
    {
      "user": "Harry Bradley375",
      "comments": [
        "trump's tariffs didn't work with china last time, and I don't see them working this time. and Trump saying that he wanted other leaders to kiss his ass, didn't help his negotiating position"
      ],
      "language": "English",
      "pure_emoji": false
    },
    {
      "user": "Hazardbioslick",
      "comments": [
        "This needs an adult to intervene"
      ],
      "language": "English",
      "pure_emoji": false
    },
    {
      "user": "Helmet Runner TKP",
      "comments": [
        "This guy is judt as crazy as Trump with deliberate idea to create confusion and chaos. Tariff is a consumption tax on Americans because American importers will have to pay for the tariffs not China."
      ],
      "language": "English",
      "pure_emoji": false
    },
    {
      "user": "Honour Moameng🇧🇼",
      "comments": [
        "Has China been notified of these 'ongoing' bellyaching 🤣"
      ],
      "language": "English",
      "pure_emoji": false
    },
    {
      "user": "Horleng71",
      "comments": [
        "Tariff Men Chicken Out 🐔🐔🐔 🤣😂🤣😂"
      ],
      "language": "English",
      "pure_emoji": false
    },
    {
      "user": "Housetrained 🇦🇺",
      "comments": [
        "again... USA is 4% of the world's population and 3% of China's GDP. US is to expensive to supply anything and does manufacture anything."
      ],
      "language": "English",
      "pure_emoji": false
    },
    {
      "user": "Immawatch'nU",
      "comments": [
        "Nothing but word salad out of the Trump administration. 🙄"
      ],
      "language": "English",
      "pure_emoji": false
    },
    {
      "user": "ItsKnotTheSame",
      "comments": [
        "🤭 6 months of this and he will be impeached!"
      ],
      "language": "English",
      "pure_emoji": false
    },
    {
      "user": "It’s The Steph Show",
      "comments": [
        "Translation: we have no idea when we will reach an agreement. We just keep saying this in hope you will believe it."
      ],
      "language": "English",
      "pure_emoji": false
    },
    {
      "user": "JAE",
      "comments": [
        "At my count China 🇨🇳 3 USA 🇺🇸 0 😂😂😂😂😂😂😂😂😂😂😂😂"
      ],
      "language": "English",
      "pure_emoji": false
    },
    {
      "user": "JEF",
      "comments": [
        "Trump administration looking for the exits after a beat down"
      ],
      "language": "English",
      "pure_emoji": false
    },
    {
      "user": "JM",
      "comments": [
        "So why start this tariff war and destabilize the world? Is the American administration reckless?"
      ],
      "language": "English",
      "pure_emoji": false
    },
    {
      "user": "Jack",
      "comments": [
        "TRUMP-THE ART OF NO DEAL. LOL"
      ],
      "language": "English",
      "pure_emoji": false
    },
    {
      "user": "Jane Segura",
      "comments": [
        "I don’t think any amount of begging will work. China is moving on, sourcing products and goods from other countries, they won’t have a need to come back to the US."
      ],
      "language": "English",
      "pure_emoji": false
    },
    {
      "user": "Javi O 🇲🇽 🤝🇺🇸",
      "comments": [
        "I thought they were crawling and begging for a deal “any day now” 😂😂😂😂"
      ],
      "language": "English",
      "pure_emoji": false
    },
    {
      "user": "JeanClaudeRumHam",
      "comments": [
        "China has already moved on to New policies and other trade partners. US is like the jealous ex waiting by the phone. Time for America to hit the gym."
      ],
      "language": "English",
      "pure_emoji": false
    },
    {
      "user": "Jeff0721",
      "comments": [
        "Bessent has no idea what he’s saying. He knows the tariffs and resulting trade war is a self inflicted catastrophe, but he has to publicly go along with it. You can tell how uncomfortable he is lying"
      ],
      "language": "English",
      "pure_emoji": false
    },
    {
      "user": "Jeffrey Epstein",
      "comments": [
        "Trump caved so bad"
      ],
      "language": "English",
      "pure_emoji": false
    },
    {
      "user": "Jerseyiscute",
      "comments": [
        "Trump will bend China will not"
      ],
      "language": "English",
      "pure_emoji": false
    },
    {
      "user": "Joe",
      "comments": [
        "What is Bessent even saying. He’s just talking in circles."
      ],
      "language": "English",
      "pure_emoji": false
    },
    {
      "user": "John Drummond",
      "comments": [
        "delusional. China are not going to give up any manufacturing. The de-escalation should kickoff with the jerk that started it."
      ],
      "language": "English",
      "pure_emoji": false
    },
    {
      "user": "Jonathan05",
      "comments": [
        "the US is the equivalent of a spoilt child who kicks and screams it's not fair when it doesn't get its way. the US chose to spend on wars, china chose to build itself."
      ],
      "language": "English",
      "pure_emoji": false
    },
    {
      "user": "Jota®",
      "comments": [
        "Trump now is gonna BEG China… 😂😂"
      ],
      "language": "English",
      "pure_emoji": false
    },
    {
      "user": "Juan Morales",
      "comments": [
        "Chinese don’t trust the USA 🇺🇸"
      ],
      "language": "English",
      "pure_emoji": false
    },
    {
      "user": "Juanjotix1",
      "comments": [
        "These people are negotiating wirh themselves"
      ],
      "language": "English",
      "pure_emoji": false
    },
    {
      "user": "Juliet",
      "comments": [
        "He makes problems and then shows everyone how wonderful he is when he fixes the problems. MAGA falls for this every time."
      ],
      "language": "English",
      "pure_emoji": false
    },
    {
      "user": "Justin",
      "comments": [
        "Cause they got owned-well we all got owned because of them"
      ],
      "language": "English",
      "pure_emoji": false
    },
    {
      "user": "KINDnessRules4all",
      "comments": [
        "was Treasury Sec high???? that's a word salad vomit just like Dump Felon."
      ],
      "language": "English",
      "pure_emoji": false
    },
    {
      "user": "KO punch",
      "comments": [
        "If USA wants manufacturing in their country go build factories! What is the problem?? Why put tariffs on everyone??? They are not responsible for the rise and fall of the USA economy !"
      ],
      "language": "English",
      "pure_emoji": false
    },
    {
      "user": "Ken",
      "comments": [
        "Do Chinese said fight to the end?😏 no more American first. So now it’s mutual interest."
      ],
      "language": "English",
      "pure_emoji": false
    },
    {
      "user": "Kim Vothana",
      "comments": [
        "🤣🤣🤣🤣🤣🤣"
      ],
      "language": "Other",
      "pure_emoji": true
    },
    {
      "user": "KitKot060🇦🇺🇦🇺",
      "comments": [
        "Comedy show"
      ],
      "language": "English",
      "pure_emoji": false
    },
    {
      "user": "Koh08a",
      "comments": [
        "idea for this just to manipulate share for rich man make money."
      ],
      "language": "English",
      "pure_emoji": false
    },
    {
      "user": "Larry Kauffman",
      "comments": [
        "It’s too late. China doesn’t need the U.S. and neither does most of the world."
      ],
      "language": "English",
      "pure_emoji": false
    },
    {
      "user": "LeTrucBizarre",
      "comments": [
        "Next stop is to dump all China’s T-bills and USD reserves."
      ],
      "language": "English",
      "pure_emoji": false
    },
    {
      "user": "LenaG",
      "comments": [
        "Keep going China a felon cannot be trusted and the republicans to scared to hold Trump accountable. Trump will interfere with the free market whenever he feels like it"
      ],
      "language": "English",
      "pure_emoji": false
    },
    {
      "user": "Lucas19",
      "comments": [
        "No calculation at all"
      ],
      "language": "English",
      "pure_emoji": false
    },
    {
      "user": "MItchell",
      "comments": [
        "Propaganda to calm the markets—we hold practically no cards with China"
      ],
      "language": "English",
      "pure_emoji": false
    },
    {
      "user": "Macheeno",
      "comments": [
        "For the libs getting on their knees with a mouthful of China, need to watch China observer on YouTube to know exactly where China and it’s citizens stand."
      ],
      "language": "English",
      "pure_emoji": false
    },
    {
      "user": "Madikeri Abu",
      "comments": [
        "A$$"
      ],
      "language": "English",
      "pure_emoji": false
    },
    {
      "user": "Major1761",
      "comments": [
        "USA is actually a great disturbance in the world."
      ],
      "language": "English",
      "pure_emoji": false
    },
    {
      "user": "Man in a Chair",
      "comments": [
        "Trump and his stooges are realizing bullying is having no effect and is destroying the US economy so they are now trying to change their tone."
      ],
      "language": "English",
      "pure_emoji": false
    },
    {
      "user": "Maoster",
      "comments": [
        "so continued delusion, the chinese will do everything in their power to prevent another century of humiliation and the US trying to strong arm the world gives great britain vibes, nevermind the constant painting of china as an enemy and a threat, maybe american politicians need to closely examine ishowspeeds tour of china and see if that really represents their beliefs"
      ],
      "language": "English",
      "pure_emoji": false
    },
    {
      "user": "Mario",
      "comments": [
        "Trump knows what he is doing 😇Every body get on board 🤷🏾‍♂️🤷"
      ],
      "language": "English",
      "pure_emoji": false
    },
    {
      "user": "Mark Delprado",
      "comments": [
        "🇨🇳 doesn’t need 🇺🇸"
      ],
      "language": "English",
      "pure_emoji": false
    },
    {
      "user": "Mary Very Contrary",
      "comments": [
        "This means manufacturing isn’t coming back."
      ],
      "language": "English",
      "pure_emoji": false
    },
    {
      "user": "Melissa",
      "comments": [
        "I will believe it whenever I see it"
      ],
      "language": "English",
      "pure_emoji": false
    },
    {
      "user": "Milky_PoPs 🙋‍♂️",
      "comments": [
        "sources are sauce!"
      ],
      "language": "English",
      "pure_emoji": false
    },
    {
      "user": "Minxy",
      "comments": [
        "🙄bc Dump caved"
      ],
      "language": "English",
      "pure_emoji": false
    },
    {
      "user": "Muscat",
      "comments": [
        "China spanking Trump hard."
      ],
      "language": "English",
      "pure_emoji": false
    },
    {
      "user": "Nancy Drake26",
      "comments": [
        "Trumps gonna lose this one 😂😂"
      ],
      "language": "English",
      "pure_emoji": false
    },
    {
      "user": "Nat",
      "comments": [
        "the damage one guy can create"
      ],
      "language": "English",
      "pure_emoji": false
    },
    {
      "user": "Nin",
      "comments": [
        "Bessent’s personal wishful thinking. 😂"
      ],
      "language": "English",
      "pure_emoji": false
    },
    {
      "user": "Nomad",
      "comments": [
        "I think the USA is on the ropes 🤣🤣🤣🤣"
      ],
      "language": "English",
      "pure_emoji": false
    },
    {
      "user": "OU812",
      "comments": [
        "USA caused this. China doesn't need USA. China has the rest of the planet."
      ],
      "language": "English",
      "pure_emoji": false
    },
    {
      "user": "OpenChina🇨🇳",
      "comments": [
        "no no no we think this is a good opportunity"
      ],
      "language": "English",
      "pure_emoji": false
    },
    {
      "user": "PANJI HITAM",
      "comments": [
        "America lost😝with great power China"
      ],
      "language": "English",
      "pure_emoji": false
    },
    {
      "user": "Pablo",
      "comments": [
        "MSNBC?"
      ],
      "language": "English",
      "pure_emoji": false
    },
    {
      "user": "Papa909091",
      "comments": [
        "And they believe …..?"
      ],
      "language": "English",
      "pure_emoji": false
    },
    {
      "user": "PirateSimon",
      "comments": [
        "funny this is coming from USA who started it 🤣"
      ],
      "language": "English",
      "pure_emoji": false
    },
    {
      "user": "Popy",
      "comments": [
        "👏👏 good fot all !!"
      ],
      "language": "English",
      "pure_emoji": false
    },
    {
      "user": "Rabuan Mantine",
      "comments": [
        "US has no plans except tariffs. Meanwhile China makes more new friends and trading partners 😜"
      ],
      "language": "English",
      "pure_emoji": false
    },
    {
      "user": "Rachael 🇨🇦",
      "comments": [
        "America loves to pay more and increase its own costs.🙄"
      ],
      "language": "English",
      "pure_emoji": false
    },
    {
      "user": "Ranger",
      "comments": [
        "JD wants Trump as a partner.🥰"
      ],
      "language": "English",
      "pure_emoji": false
    },
    {
      "user": "Rebecca",
      "comments": [
        "Too little too late. Dump can't be trusted."
      ],
      "language": "English",
      "pure_emoji": false
    },
    {
      "user": "RednoteDude",
      "comments": [
        "win after win!"
      ],
      "language": "English",
      "pure_emoji": false
    },
    {
      "user": "Rick Tan",
      "comments": [
        "if US keep accusing China hv unfair practice, how to negotiate?"
      ],
      "language": "English",
      "pure_emoji": false
    },
    {
      "user": "Road Runner",
      "comments": [
        "Full capitulation incoming 😂😂😂"
      ],
      "language": "English",
      "pure_emoji": false
    },
    {
      "user": "Robertttttt103",
      "comments": [
        "We escalated of course we should de-escalate you have China in Japan, who owns so much of America’s debt 👀👀😂😳"
      ],
      "language": "English",
      "pure_emoji": false
    },
    {
      "user": "Rolorolo2020",
      "comments": [
        "Does it mean I get to keep my TikTok and continue to order cheap stuff (good quality I might add)?"
      ],
      "language": "English",
      "pure_emoji": false
    },
    {
      "user": "Ron J. Satrio",
      "comments": [
        "I hope China close the door, I hope the US eat it's ego and man enough to not reaching China, how shameful if it does. The US, please take your lesson."
      ],
      "language": "English",
      "pure_emoji": false
    },
    {
      "user": "RonWang2021",
      "comments": [
        "I think everything originated from the blame culture"
      ],
      "language": "English",
      "pure_emoji": false
    },
    {
      "user": "Rowdy Carden",
      "comments": [
        "😂😂😂"
      ],
      "language": "Other",
      "pure_emoji": true
    },
    {
      "user": "SILVER",
      "comments": [
        "And you want the market to buy into anticipation."
      ],
      "language": "English",
      "pure_emoji": false
    },
    {
      "user": "Sal33m",
      "comments": [
        "so what will be impact on crypto and gold trade😊😊"
      ],
      "language": "English",
      "pure_emoji": false
    },
    {
      "user": "Sam Szeto",
      "comments": [
        "Trump's ass must be getting cold with his pants down and no one is showing up to kiss his ass."
      ],
      "language": "English",
      "pure_emoji": false
    },
    {
      "user": "Sand meets water",
      "comments": [
        "The damage is done"
      ],
      "language": "English",
      "pure_emoji": false
    },
    {
      "user": "Saucy Face🇨🇦",
      "comments": [
        "So Trump folded again. Wow, who saw that coming 😂"
      ],
      "language": "English",
      "pure_emoji": false
    },
    {
      "user": "Scorpion 🦂",
      "comments": [
        "@Scorpion 🦂: Hey USA yours leader and people are too arrogant, double standard country.you talk from your behind and never use your head, your country started the trade war and can’t finish, weak and disgrace. Finally realised you need China,China doesn’t need you, they can survive over 5000years without needing your country trade but on the other hand USA can’t. You need Chinese trade imported to your country otherwise you have nothing.you don’t have enough people to produce to your country required, wages too high and too many lazy citizens.your country now begging and kneel down to China like a puppy China doesn’t want to talk to trump or call him. Trump will have to make the first move like reducing tariff and kneel down and call Xi ."
      ],
      "language": "English",
      "pure_emoji": false
    },
    {
      "user": "Secret One",
      "comments": [
        "So the felon caved. Surprise."
      ],
      "language": "English",
      "pure_emoji": false
    },
    {
      "user": "SissyGirl",
      "comments": [
        "Negative people never achieve anything.This us all the failed policies of the past that have allowed China to cheat their way to greatness. We rely on China for everything now. Just live with it"
      ],
      "language": "English",
      "pure_emoji": false
    },
    {
      "user": "Siviwe Kolisa",
      "comments": [
        "Bravooooo China 💪💪💪💪❤️❤️❤️❤️"
      ],
      "language": "English",
      "pure_emoji": false
    },
    {
      "user": "SmoochieBoochies",
      "comments": [
        "This is nothing but speculation and he is trying to put out a fire by spitting on it. Besset has no control over Trump."
      ],
      "language": "English",
      "pure_emoji": false
    },
    {
      "user": "Snowfall",
      "comments": [
        "China has Trump by the ⚽️⚽️’s. 🤣🤣"
      ],
      "language": "English",
      "pure_emoji": false
    },
    {
      "user": "Steerpike",
      "comments": [
        "China isn't making a statement. Trump is backing down because his idiocy is tanking the US economy."
      ],
      "language": "English",
      "pure_emoji": false
    },
    {
      "user": "Suma Ee",
      "comments": [
        "Trump lose the game.🤣🤣🤣"
      ],
      "language": "English",
      "pure_emoji": false
    },
    {
      "user": "Sunava Bich",
      "comments": [
        "There’s not going to be any deals until Trump is out of office as on the foreign policy front, this administration has no idea what it wants nor do they have a strategy."
      ],
      "language": "English",
      "pure_emoji": false
    },
    {
      "user": "TCK1961",
      "comments": [
        "China is not coming back."
      ],
      "language": "English",
      "pure_emoji": false
    },
    {
      "user": "Tazran",
      "comments": [
        "It’s childish and doesn’t make sense to a healthy adult. Tariffs is not making money from exploiting countries like a punishment. This is a classical economic tool to stop imports by taxing own citizens from buying imported goods. Too high no one will buy at all. Government will receive nothing"
      ],
      "language": "English",
      "pure_emoji": false
    },
    {
      "user": "Teo Li Cheng",
      "comments": [
        "Don't speak on China's behalf, keep your opinion on the USA only."
      ],
      "language": "English",
      "pure_emoji": false
    },
    {
      "user": "TheWolfOf_Roofing",
      "comments": [
        "I guess China won!"
      ],
      "language": "English",
      "pure_emoji": false
    },
    {
      "user": "Tiacabrona",
      "comments": [
        "JD needs to apologize. Don't think Xi will allow the disrespect"
      ],
      "language": "English",
      "pure_emoji": false
    },
    {
      "user": "TikTalkTikTok",
      "comments": [
        "Eventhough if China sign a deal with US, US manufacturing will not sustainable in future as its costs of production is higher."
      ],
      "language": "English",
      "pure_emoji": false
    },
    {
      "user": "Timelessness",
      "comments": [
        "China doesn’t care whatever decision made"
      ],
      "language": "English",
      "pure_emoji": false
    },
    {
      "user": "Troy",
      "comments": [
        "2 or 3 years? hahahahahahaha"
      ],
      "language": "English",
      "pure_emoji": false
    },
    {
      "user": "Tyson Draper",
      "comments": [
        "Trump nation will prevail. 🇺🇸"
      ],
      "language": "English",
      "pure_emoji": false
    },
    {
      "user": "Vivi",
      "comments": [
        "😂😂😂😂"
      ],
      "language": "Other",
      "pure_emoji": true
    },
    {
      "user": "Walkthroughfire_",
      "comments": [
        "What the hell are you talking about? Didn't Trump start the trade war? China forced Trump?😅"
      ],
      "language": "English",
      "pure_emoji": false
    },
    {
      "user": "Wallace Bennett",
      "comments": [
        "just for Vances comments alone China should not engage with the US"
      ],
      "language": "English",
      "pure_emoji": false
    },
    {
      "user": "Wang JF",
      "comments": [
        "loud mouth getting soft???!!! 😁"
      ],
      "language": "English",
      "pure_emoji": false
    },
    {
      "user": "WaschbarsJr",
      "comments": [
        "What is the god damn point of the orange turds plan then"
      ],
      "language": "English",
      "pure_emoji": false
    },
    {
      "user": "We're Not Going Back!",
      "comments": [
        "this trade war has gone terribly wrong for Trump. who would have known... except for every economist.😂 China will be in a better position now then it has ever been."
      ],
      "language": "English",
      "pure_emoji": false
    },
    {
      "user": "WeiChen",
      "comments": [
        "China didnt cheat， US profited from working with China。 and thats all that matters for US corporations looking at their next quarterly earnings call"
      ],
      "language": "English",
      "pure_emoji": false
    },
    {
      "user": "Wolf",
      "comments": [
        "Trump folded China hasn't even picked up a phone"
      ],
      "language": "English",
      "pure_emoji": false
    },
    {
      "user": "Wozza",
      "comments": [
        "China will fight to the end even if tariff is cancelled."
      ],
      "language": "English",
      "pure_emoji": false
    },
    {
      "user": "X",
      "comments": [
        "The stench of desperation coming from the White House would knock a horse"
      ],
      "language": "English",
      "pure_emoji": false
    },
    {
      "user": "YUCHEE",
      "comments": [
        "我也有内幕消息，中共高层要求把对华关税降到零，然后看特朗普还能提供什么让步才会考虑降低对美关税。 听起来是不是不合理？就是和特朗普学的。他的信用在中国使用共享单车都得交押金，和他谈个屁。"
      ],
      "language": "Chinese",
      "pure_emoji": false
    },
    {
      "user": "YZ",
      "comments": [
        "This world can only understand what is real power😅"
      ],
      "language": "English",
      "pure_emoji": false
    },
    {
      "user": "Zaleha Eden",
      "comments": [
        "Exactly cos can't trust America anymore."
      ],
      "language": "English",
      "pure_emoji": false
    },
    {
      "user": "Zulkipli",
      "comments": [
        "Imposing 3,000+% tariff is de-escalation? 🤔"
      ],
      "language": "English",
      "pure_emoji": false
    },
    {
      "user": "adlib videos",
      "comments": [
        "😂😂😂",
        "kneel."
      ],
      "language": "English",
      "pure_emoji": false
    },
    {
      "user": "aegeanboat",
      "comments": [
        "Basically he said nothing useful"
      ],
      "language": "English",
      "pure_emoji": false
    },
    {
      "user": "ahdaddy76",
      "comments": [
        "another pump and dump"
      ],
      "language": "English",
      "pure_emoji": false
    },
    {
      "user": "akin",
      "comments": [
        "usa cause of problem"
      ],
      "language": "English",
      "pure_emoji": false
    },
    {
      "user": "alex",
      "comments": [
        "😁😁😁"
      ],
      "language": "Other",
      "pure_emoji": true
    },
    {
      "user": "alexbernadina",
      "comments": [
        "I hope China Will stay strong as long as this orange thing is in the white house"
      ],
      "language": "English",
      "pure_emoji": false
    },
    {
      "user": "biancasummersmonaco",
      "comments": [
        "So much for tariffs eh Mr. Trump? 🙄"
      ],
      "language": "English",
      "pure_emoji": false
    },
    {
      "user": "biasedmedia00",
      "comments": [
        "Lol where's the news that China came to the table? China already signed more details with Canada, Vietnam, Cambodia. The US hasn't signed a single trade deal."
      ],
      "language": "English",
      "pure_emoji": false
    },
    {
      "user": "bigoldatheist",
      "comments": [
        "Too late."
      ],
      "language": "English",
      "pure_emoji": false
    },
    {
      "user": "bluedotredstatemo",
      "comments": [
        "We should have never gone here! Gawd I hate Trump!! More than anything in the world. What a piece of shit"
      ],
      "language": "English",
      "pure_emoji": false
    },
    {
      "user": "bobbystone650",
      "comments": [
        "Bessent is gaslighting the markets and the media. China is not backing down with saving faces. Trump & JD Vance have disrespected China and they will not forget it. Don’t trust a word Bessent has said"
      ],
      "language": "English",
      "pure_emoji": false
    },
    {
      "user": "brain plumber",
      "comments": [
        "The US has been ripping the Chinese off n exploiting them for. decades"
      ],
      "language": "English",
      "pure_emoji": false
    },
    {
      "user": "c.malyj",
      "comments": [
        "Can you still be considered the Treasury Secretary when there is no treasure left in the treasury?"
      ],
      "language": "English",
      "pure_emoji": false
    },
    {
      "user": "cairo6301",
      "comments": [
        "🤣Because china have done all their business gas UAE,OIL Canada,fish Greenland ,beef Australia,says Brazil, boeing replaced by airbus,Ev cars EU,infrastructure africa,Asia USA 0🙄"
      ],
      "language": "English",
      "pure_emoji": false
    },
    {
      "user": "capkrunch021",
      "comments": [
        "China - 1 / Trump - 0 😂"
      ],
      "language": "English",
      "pure_emoji": false
    },
    {
      "user": "cecil tan",
      "comments": [
        "I was waiting... but instead i am seeing Trump groveling at president Xi's feet begging for crumbs.... 🤔😂😂😆"
      ],
      "language": "English",
      "pure_emoji": false
    },
    {
      "user": "celioxnard",
      "comments": [
        "😂"
      ],
      "language": "Other",
      "pure_emoji": true
    },
    {
      "user": "cher27",
      "comments": [
        "Bessent ....Market manipulation"
      ],
      "language": "English",
      "pure_emoji": false
    },
    {
      "user": "chunli",
      "comments": [
        "China buys soybeans; corn; oil and gas; chicken feet; airplanes, etc. these are easily sourced from other countries. US buys manufactured goods to the tune of 450 billion dollars from China. And good luck sourcing from other countries of these essential goods. 😁"
      ],
      "language": "English",
      "pure_emoji": false
    },
    {
      "user": "dadalili8",
      "comments": [
        "With people like navaro or rubio and others with their lies and hate against China there's no surprised about US downfall.I don't think with the damage US made,China will not accept US condition."
      ],
      "language": "English",
      "pure_emoji": false
    },
    {
      "user": "danlarson95",
      "comments": [
        "China wants to destroy America"
      ],
      "language": "English",
      "pure_emoji": false
    },
    {
      "user": "daryl lea",
      "comments": [
        "trump is China's little bitch"
      ],
      "language": "English",
      "pure_emoji": false
    },
    {
      "user": "davidl6946",
      "comments": [
        "Is Bessent going to consume less? Or is he just expecting regular people to live with less"
      ],
      "language": "English",
      "pure_emoji": false
    },
    {
      "user": "dd279760",
      "comments": [
        "guess the liar Navarro is about to be shown the door?"
      ],
      "language": "English",
      "pure_emoji": false
    },
    {
      "user": "dirrectcurrent",
      "comments": [
        "Markets down but crypto and gold boomed y’all in the wrong markets haha"
      ],
      "language": "English",
      "pure_emoji": false
    },
    {
      "user": "ec8710",
      "comments": [
        "😂😂😂😂"
      ],
      "language": "Other",
      "pure_emoji": true
    },
    {
      "user": "eyeamgod71",
      "comments": [
        "😂🤣😂🤣😂Weakest president ever our weakness is shining bright"
      ],
      "language": "English",
      "pure_emoji": false
    },
    {
      "user": "fed up vet in a greenhouse",
      "comments": [
        "bessent makes no sense 😕 looks like China called t rumps bluff, China probably won't buy our agricultural products if they do it'll be only partial, that means we have to bail out the farmers again 😡"
      ],
      "language": "English",
      "pure_emoji": false
    },
    {
      "user": "garydaovieng2",
      "comments": [
        "So why waiting for call? Why u not do the calling?!😂😂"
      ],
      "language": "English",
      "pure_emoji": false
    },
    {
      "user": "gen_x_dad2🇧🇪🇪🇺🌎",
      "comments": [
        "So they're looking for the off ramp? 😂"
      ],
      "language": "English",
      "pure_emoji": false
    },
    {
      "user": "genx_mok7",
      "comments": [
        "When too late is too late."
      ],
      "language": "English",
      "pure_emoji": false
    },
    {
      "user": "harvey",
      "comments": [
        "China is going to Break American not the other way around,"
      ],
      "language": "English",
      "pure_emoji": false
    },
    {
      "user": "iceman404a",
      "comments": [
        "no one in the world is siding with China. they're all siding with USA so China had to come to the table.",
        "even CNN admitted it today. the markets were going up after the news of China inevitably coming to the table..I'm not political"
      ],
      "language": "English",
      "pure_emoji": false
    },
    {
      "user": "iwan",
      "comments": [
        "America has started the tariff and China just stay away from the bully"
      ],
      "language": "English",
      "pure_emoji": false
    },
    {
      "user": "jakespoon",
      "comments": [
        "Trump will back down and pretend china did Maga might buy it. No one else will",
        "it. will be the same story over Taiwan. But Trump will roll over long before it starts. invasion in 2026 but more likely 2027"
      ],
      "language": "English",
      "pure_emoji": false
    },
    {
      "user": "jazznpars.og",
      "comments": [
        "i can't believe market watchers believe a guy who's job is to try to boost the market with nothing but speculation and hooey!"
      ],
      "language": "English",
      "pure_emoji": false
    },
    {
      "user": "jereme",
      "comments": [
        "🖤"
      ],
      "language": "Other",
      "pure_emoji": true
    },
    {
      "user": "jlo",
      "comments": [
        "Bessent and the clown are now begging"
      ],
      "language": "English",
      "pure_emoji": false
    },
    {
      "user": "johndavis4921",
      "comments": [
        "OrangeFace aka Ass Mouth seems to have let his shotgun mouth overload his BB ass."
      ],
      "language": "English",
      "pure_emoji": false
    },
    {
      "user": "johnmenlopark",
      "comments": [
        "Regrettably, it’s already a forgone conclusion."
      ],
      "language": "English",
      "pure_emoji": false
    },
    {
      "user": "jouhuei",
      "comments": [
        "一切都是你老美搞出來的，只要回到世貿規則就可解決問題，別老想搞什麼不平等條約？"
      ],
      "language": "Chinese",
      "pure_emoji": false
    },
    {
      "user": "justanothercapy",
      "comments": [
        "Bessent doesn’t speak for the Chinese side. The trump admin is just coping and desperate because their gamble failed"
      ],
      "language": "English",
      "pure_emoji": false
    },
    {
      "user": "karius1956",
      "comments": [
        "President Xi left Trump to roast in his own fat, and he will not entertain Trumps begging for a deal anytime soon. Trump and Vance has to do some serious knee bending before any discussions take place"
      ],
      "language": "English",
      "pure_emoji": false
    },
    {
      "user": "karmaavtar",
      "comments": [
        "😳😳😳"
      ],
      "language": "Other",
      "pure_emoji": true
    },
    {
      "user": "keong racun",
      "comments": [
        "China is no longer held hostage by Trump's tariff war and is moving on to the important issues"
      ],
      "language": "English",
      "pure_emoji": false
    },
    {
      "user": "kl",
      "comments": [
        "They stole all this Money from Wall Street and Consumers. That money never comes back."
      ],
      "language": "English",
      "pure_emoji": false
    },
    {
      "user": "larryshort939",
      "comments": [
        "The US is bilking so fast it’s making me dizzy."
      ],
      "language": "English",
      "pure_emoji": false
    },
    {
      "user": "mansma",
      "comments": [
        "You're the best Mrs"
      ],
      "language": "English",
      "pure_emoji": false
    },
    {
      "user": "mar_cola",
      "comments": [
        "Trump gang doing some inside trading again. End of the week there will be bad news so everyone goes down again."
      ],
      "language": "English",
      "pure_emoji": false
    },
    {
      "user": "masonli621",
      "comments": [
        "谈什么谈，要是真谈，国内民意会炸"
      ],
      "language": "Chinese",
      "pure_emoji": false
    },
    {
      "user": "maui_1993",
      "comments": [
        "Trump smugly did that to his economically ill advised and inept self",
        "Note to self: commerce secretary Lutnick’s failed attempt!",
        "Basically Trump is backing down abd I fo mean down! Trump created the chaos and tried to offload it on China then Jerome Powell! How’s deflection working out for ya Trump! China don’t play! 😂😂😂",
        "Neither do we! 😂😂😂"
      ],
      "language": "English",
      "pure_emoji": false
    },
    {
      "user": "mazhongguosima",
      "comments": [
        "Extortion the World"
      ],
      "language": "English",
      "pure_emoji": false
    },
    {
      "user": "mi yin",
      "comments": [
        "Chinese farmers are busy doing business with other countries to make money and have no time to call the greater United States.😂😁"
      ],
      "language": "English",
      "pure_emoji": false
    },
    {
      "user": "mjt",
      "comments": [
        "both sides think that it's unsustainable. 😂😂😂😂 so the US is speaking for china right now? who are they?"
      ],
      "language": "English",
      "pure_emoji": false
    },
    {
      "user": "modern.day.caveman",
      "comments": [
        "Quick. Someone get Trump some kneepads for all his grovelling. No one will trust America again. We’re on team China"
      ],
      "language": "English",
      "pure_emoji": false
    },
    {
      "user": "mrpowertools",
      "comments": [
        "Just like his healthcare plan would be coming out shortly?"
      ],
      "language": "English",
      "pure_emoji": false
    },
    {
      "user": "murali_12341",
      "comments": [
        "The anticipated U turn is clearly a pre planned, calculated move inorder to manipulate the market to favour Trump's billionaire mates..."
      ],
      "language": "English",
      "pure_emoji": false
    },
    {
      "user": "nano5015",
      "comments": [
        "If true, sounds like the US is capitulating, but trying to find a face- saving exit."
      ],
      "language": "English",
      "pure_emoji": false
    },
    {
      "user": "nat polk",
      "comments": [
        "Remember when China made Bush and Colin Powell apologize to them for flying a spy plane in their airspace. US demanded China apologize. Guess who apologized in the end!!! USA. Here we go again."
      ],
      "language": "English",
      "pure_emoji": false
    },
    {
      "user": "notmyself",
      "comments": [
        "they lie all the time. prove it. Trump lied just last week. it's all bs"
      ],
      "language": "English",
      "pure_emoji": false
    },
    {
      "user": "otto kahn",
      "comments": [
        "this is crazy and seems like market manipulation"
      ],
      "language": "English",
      "pure_emoji": false
    },
    {
      "user": "pattiefabulous",
      "comments": [
        "😂😂😂😂😂😂😂😂😂😂😳"
      ],
      "language": "Other",
      "pure_emoji": true
    },
    {
      "user": "persia13🇮🇷🇮🇷🇮🇷",
      "comments": [
        "China was playing chess while Trump was trying to put the square inside the triangle"
      ],
      "language": "English",
      "pure_emoji": false
    },
    {
      "user": "plantgroov",
      "comments": [
        "art of kneel"
      ],
      "language": "English",
      "pure_emoji": false
    },
    {
      "user": "pppppsn 🇨🇦",
      "comments": [
        "yeah, the US is gonna start begging pretty soon"
      ],
      "language": "English",
      "pure_emoji": false
    },
    {
      "user": "princewillwill",
      "comments": [
        "Hmm"
      ],
      "language": "English",
      "pure_emoji": false
    },
    {
      "user": "rooker56",
      "comments": [
        "Desperation so much for tariff policy"
      ],
      "language": "English",
      "pure_emoji": false
    },
    {
      "user": "sj",
      "comments": [
        "because trump isn't very smart"
      ],
      "language": "English",
      "pure_emoji": false
    },
    {
      "user": "slamdunk",
      "comments": [
        "Donny decided when to start a war, Xi decides when to end the war. nobody trusts Donny."
      ],
      "language": "English",
      "pure_emoji": false
    },
    {
      "user": "solvitur__ambulando",
      "comments": [
        "Jokers. Disgraceful lack of competence and leadership for our beloved Amerikka"
      ],
      "language": "English",
      "pure_emoji": false
    },
    {
      "user": "son of yah",
      "comments": [
        "china will back Down America needs to put her foot down"
      ],
      "language": "English",
      "pure_emoji": false
    },
    {
      "user": "stevenash",
      "comments": [
        "more from the poorly educated"
      ],
      "language": "English",
      "pure_emoji": false
    },
    {
      "user": "syed kazmi",
      "comments": [
        "Still waiting for China to Kiss your Mr. President.🤣"
      ],
      "language": "English",
      "pure_emoji": false
    },
    {
      "user": "teamstew99",
      "comments": [
        "Xi has the 🍊🤡 bent over the table 🍆"
      ],
      "language": "English",
      "pure_emoji": false
    },
    {
      "user": "tiktok newbie",
      "comments": [
        "watch the stock go up and next month he puts another tariff on 💯"
      ],
      "language": "English",
      "pure_emoji": false
    },
    {
      "user": "tomwang97",
      "comments": [
        "川普只會空手套白狼"
      ],
      "language": "Chinese",
      "pure_emoji": false
    },
    {
      "user": "tond87",
      "comments": [
        "🤣😂 this is what bullies do they back down,china didn't have to even do anything he backed down after wrecking the us stock market all by himself. trump is a joke 😅🤣😂 go china 👍"
      ],
      "language": "English",
      "pure_emoji": false
    },
    {
      "user": "tuathaukui476",
      "comments": [
        "🌸 china doesn't care 🌸 world doesnt care 🌸stop trade with america 🌸 scraps the bonds 🌸 continue dedolarization 🌸 make america goodbye accelerate 🌸"
      ],
      "language": "English",
      "pure_emoji": false
    },
    {
      "user": "tyluxomar",
      "comments": [
        "Backtracking to spin & spin again"
      ],
      "language": "English",
      "pure_emoji": false
    },
    {
      "user": "unhinged.choas",
      "comments": [
        "yall know that we are the biggest consumers in the world. if China don't need us let them go"
      ],
      "language": "English",
      "pure_emoji": false
    },
    {
      "user": "user1004614593245",
      "comments": [
        "Trump blinked"
      ],
      "language": "English",
      "pure_emoji": false
    },
    {
      "user": "user2049101053636",
      "comments": [
        "88 America 🤣"
      ],
      "language": "English",
      "pure_emoji": false
    },
    {
      "user": "user4669675621828",
      "comments": [
        "You start it now you want to cool it down? Did you get early warning that ”china will fight to the end”?"
      ],
      "language": "English",
      "pure_emoji": false
    },
    {
      "user": "user5172310431266",
      "comments": [
        "Trump already screwed the pooch with his insults. and JD Vance, calling Chinese workers peasants didn’t help"
      ],
      "language": "English",
      "pure_emoji": false
    },
    {
      "user": "user5593748307140",
      "comments": [
        "China said last week they’re open to negotiations: “China open to talks if US shows respect, appoints negotiator” - Bloomberg April 16. Their economy has been teetering way before the trade war."
      ],
      "language": "English",
      "pure_emoji": false
    },
    {
      "user": "user5771582841866",
      "comments": [
        "Trump will lick the boots of Xi and that is the truth"
      ],
      "language": "English",
      "pure_emoji": false
    },
    {
      "user": "user5926196038136",
      "comments": [
        "I really don’t think it’s going to work. Trump, Vance, and his cabinet are extremely immature. They are dishonest brokers and to trust any of them to keep their word is crazy."
      ],
      "language": "English",
      "pure_emoji": false
    },
    {
      "user": "user6936701268208",
      "comments": [
        "Never had a real plan. Still don’t."
      ],
      "language": "English",
      "pure_emoji": false
    },
    {
      "user": "user7730862099912",
      "comments": [
        "😳😳😳"
      ],
      "language": "Other",
      "pure_emoji": true
    },
    {
      "user": "user809507334",
      "comments": [
        "China doesn't need the US."
      ],
      "language": "English",
      "pure_emoji": false
    },
    {
      "user": "user811816195984",
      "comments": [
        "Whatever the outcome, the World will never trust America again 👍"
      ],
      "language": "English",
      "pure_emoji": false
    },
    {
      "user": "user8608036705486",
      "comments": [
        "China ain’t calling…..Trump is begging…."
      ],
      "language": "English",
      "pure_emoji": false
    },
    {
      "user": "user8614536710111",
      "comments": [
        "Slog? more like ghosting😄😄😄"
      ],
      "language": "English",
      "pure_emoji": false
    },
    {
      "user": "user8862829782561",
      "comments": [
        "Too late. China already took action."
      ],
      "language": "English",
      "pure_emoji": false
    },
    {
      "user": "user9499219386510",
      "comments": [
        "Biden blamed Russia for all of America’s problems,Trump blames China for all of America’s problems"
      ],
      "language": "English",
      "pure_emoji": false
    },
    {
      "user": "user961992",
      "comments": [
        "Trump is gonna cave"
      ],
      "language": "English",
      "pure_emoji": false
    },
    {
      "user": "user_2727_2727",
      "comments": [
        "Trump is a con man that never ran one business successfully. Why we’re letting this madman drive our economy into the ground is beyond me 🤷🏻‍♀️"
      ],
      "language": "English",
      "pure_emoji": false
    },
    {
      "user": "vemi99",
      "comments": [
        "So Trump needs a time out But China is keeping the Ball in play"
      ],
      "language": "English",
      "pure_emoji": false
    },
    {
      "user": "waleesayed",
      "comments": [
        "who is Bessent? he can say whatever he like, the child president might feels differently"
      ],
      "language": "English",
      "pure_emoji": false
    },
    {
      "user": "wasntme",
      "comments": [
        "Long enough for the market to rise and then it's back on. Are you listening Charles Schwab ?"
      ],
      "language": "English",
      "pure_emoji": false
    },
    {
      "user": "weouthere0303",
      "comments": [
        "Relief would be if we were at 25% and it came down to a normal/healthy 4%, but the fact it's at 145%..."
      ],
      "language": "English",
      "pure_emoji": false
    },
    {
      "user": "weredonhere",
      "comments": [
        "So, we're no longer reshoring manufacturing?"
      ],
      "language": "English",
      "pure_emoji": false
    },
    {
      "user": "wiskyrow",
      "comments": [
        "Trump has a new book in the market called “ the art of retreat”."
      ],
      "language": "English",
      "pure_emoji": false
    },
    {
      "user": "xtof 🇨🇵🏴‍☠️🌎",
      "comments": [
        "\"the current situation is not sustainable\" says the Artist of the Deal. you mean that this useless mess is not a part of the plan ? 🤔"
      ],
      "language": "English",
      "pure_emoji": false
    },
    {
      "user": "yopi",
      "comments": [
        "He's speaking in circles 🤔🤔🤔"
      ],
      "language": "English",
      "pure_emoji": false
    },
    {
      "user": "zeno",
      "comments": [
        "😅😅😅"
      ],
      "language": "Other",
      "pure_emoji": true
    },
    {
      "user": "Ítaly",
      "comments": [
        "Playing with the market - down (buy) say something - up (sell) this is the best USA can do"
      ],
      "language": "English",
      "pure_emoji": false
    },
    {
      "user": "斬殺魑魅魍魉9527",
      "comments": [
        "Trump blinked first, but China has already found products that can replace the US in other countries.😁"
      ],
      "language": "English",
      "pure_emoji": false
    },
    {
      "user": "李冰",
      "comments": [
        "别啊，继续啊，特朗普不要投降啊，搞乱美国就靠你了"
      ],
      "language": "Chinese",
      "pure_emoji": false
    },
    {
      "user": "泡泡",
      "comments": [
        ">100% is trade termination anyway"
      ],
      "language": "English",
      "pure_emoji": false
    },
    {
      "user": "無用書生",
      "comments": [
        "China closed their country down for centuries, and not long ago they closed their country for 2 years for covid, so you wanna isolate China they are just so used to it"
      ],
      "language": "English",
      "pure_emoji": false
    },
    {
      "user": "龙爷",
      "comments": [
        "美国没有筹码.23/4是联合国对美国发动贸易战判决大会的日子💪💪💪💪💪💪"
      ],
      "language": "Chinese",
      "pure_emoji": false
    },
    {
      "user": "🇨🇦El Pinche Canadiense🇲🇽",
      "comments": [
        "Trump is caving again 🤣"
      ],
      "language": "English",
      "pure_emoji": false
    },
    {
      "user": "🇺🇸agent__smith55🇺🇸",
      "comments": [
        "Bessent is full of 💩"
      ],
      "language": "English",
      "pure_emoji": false
    }
  ]
}