{
  "video_id": "7495415031815818504",
  "video_url": "https://www.tiktok.com/@crypto.lkds/video/7495415031815818504",
  "publish_date": null,
  "comment_groups": [
    {
      "user": "U搬砖 日赚上万！QQ：82864507✈️TG:kwee3",
      "comments": [
        "Beautiful 🥺🥺🥺",
        "Beautiful 🥺🥺🥺"
      ],
      "language": "English",
      "pure_emoji": false
    },
    {
      "user": "兼职搬U日赚上万！QQ：82864507✈️TG:kwee3",
      "comments": [
        "Simple 😊😃🥺",
        "Cool 🥺😃",
        "Simple 😊😃🥺",
        "Cool 🥺😃"
      ],
      "language": "English",
      "pure_emoji": false
    },
    {
      "user": "搬U项目日赚上万！QQ：64884752✈️TG:zwaa2",
      "comments": [
        "365🥰😁😜"
      ],
      "language": "Other",
      "pure_emoji": false
    }
  ]
}