{
  "video_id": "7491858435139538194",
  "video_url": "https://www.tiktok.com/@hhfghvgfjg/video/7491858435139538194",
  "publish_date": null,
  "comment_groups": [
    {
      "user": "3333333333SALLY",
      "comments": [
        "👏👏👏"
      ],
      "language": "Other",
      "pure_emoji": true
    },
    {
      "user": "666loke",
      "comments": [
        "👍👍👍"
      ],
      "language": "Other",
      "pure_emoji": true
    },
    {
      "user": "8号当铺",
      "comments": [
        "加油以后香港特首，就是你了"
      ],
      "language": "Chinese",
      "pure_emoji": false
    },
    {
      "user": "996699",
      "comments": [
        "这叫唐僧收服孫悟空"
      ],
      "language": "Chinese",
      "pure_emoji": false
    },
    {
      "user": "9d333.vip",
      "comments": [
        "要做省长要驮枪上阵个啵。"
      ],
      "language": "Chinese",
      "pure_emoji": false
    },
    {
      "user": "Adeline",
      "comments": [
        "👍👍👍🥰"
      ],
      "language": "Other",
      "pure_emoji": true
    },
    {
      "user": "Alex",
      "comments": [
        "台湾不需要做任何反抗，因为完全没有胜算。"
      ],
      "language": "Chinese",
      "pure_emoji": false
    },
    {
      "user": "Alexlee336699",
      "comments": [
        "中华民族伟大复兴"
      ],
      "language": "Chinese",
      "pure_emoji": false
    },
    {
      "user": "Andy Goh",
      "comments": [
        "😊😊😊"
      ],
      "language": "Other",
      "pure_emoji": true
    },
    {
      "user": "Andyli888",
      "comments": [
        "叻哥好嘢"
      ],
      "language": "Chinese",
      "pure_emoji": false
    },
    {
      "user": "Angie安淇",
      "comments": [
        "👍👍👍"
      ],
      "language": "Other",
      "pure_emoji": true
    },
    {
      "user": "Ann Tan",
      "comments": [
        "👍👍👍"
      ],
      "language": "Other",
      "pure_emoji": true
    },
    {
      "user": "Aufoo",
      "comments": [
        "Lek Gor how about another debate with Chapman To? The debate on the independence of Taiwan"
      ],
      "language": "English",
      "pure_emoji": false
    },
    {
      "user": "Battle of Nowhere Creator",
      "comments": [
        "👍👍👍"
      ],
      "language": "Other",
      "pure_emoji": true
    },
    {
      "user": "Bj Liu",
      "comments": [
        "👍👍👍🇨🇳🇨🇳🇨🇳👏👏👏🙏🙏🙏😊❤️❤️❤️"
      ],
      "language": "Other",
      "pure_emoji": true
    },
    {
      "user": "Brian 123822",
      "comments": [
        "He is the man!",
        "My father told me to speak Mandarin when I was 12 years old. He said the world will speak Mandarin. I am 65 now."
      ],
      "language": "English",
      "pure_emoji": false
    },
    {
      "user": "CH Y",
      "comments": [
        "愛國！"
      ],
      "language": "Chinese",
      "pure_emoji": false
    },
    {
      "user": "CJ",
      "comments": [
        "永遠的多隆"
      ],
      "language": "Chinese",
      "pure_emoji": false
    },
    {
      "user": "Cheongfoo Cho",
      "comments": [
        "支持👍👍👍👍"
      ],
      "language": "Chinese",
      "pure_emoji": false
    },
    {
      "user": "Cherkiang Phua",
      "comments": [
        "中国香港人加油👍👍👍👍👍"
      ],
      "language": "Chinese",
      "pure_emoji": false
    },
    {
      "user": "Csb Adenium Garden",
      "comments": [
        "Facts hurt, 实话难听 😂"
      ],
      "language": "Mixed",
      "pure_emoji": false
    },
    {
      "user": "Daisy McDonald",
      "comments": [
        "It’s China time"
      ],
      "language": "English",
      "pure_emoji": false
    },
    {
      "user": "Dennis G",
      "comments": [
        "well said!!"
      ],
      "language": "English",
      "pure_emoji": false
    },
    {
      "user": "Deslee Victory",
      "comments": [
        "Good 😃😃"
      ],
      "language": "English",
      "pure_emoji": false
    },
    {
      "user": "Die",
      "comments": [
        "他说啥"
      ],
      "language": "Chinese",
      "pure_emoji": false
    },
    {
      "user": "Donnie Chen ( Single Boy)",
      "comments": [
        "👍👍👍👍👍😊😊✌️✌️✌️"
      ],
      "language": "Other",
      "pure_emoji": true
    },
    {
      "user": "Edwin ❤️🇹🇼",
      "comments": [
        "叻哥真男人！"
      ],
      "language": "Chinese",
      "pure_emoji": false
    },
    {
      "user": "Eric",
      "comments": [
        "祥哥 👍👍👍"
      ],
      "language": "Chinese",
      "pure_emoji": false
    },
    {
      "user": "Eric Lfb",
      "comments": [
        "支持阿叻👍👍👍"
      ],
      "language": "Chinese",
      "pure_emoji": false
    },
    {
      "user": "FOO",
      "comments": [
        "说得对"
      ],
      "language": "Chinese",
      "pure_emoji": false
    },
    {
      "user": "Frank Liu",
      "comments": [
        "加油，全世界一起996，不要就我们自己996。"
      ],
      "language": "Chinese",
      "pure_emoji": false
    },
    {
      "user": "Gardenia jasminoides",
      "comments": [
        "支持陈省长+1🤩"
      ],
      "language": "Chinese",
      "pure_emoji": false
    },
    {
      "user": "Gina Chin",
      "comments": [
        "👍👍"
      ],
      "language": "Other",
      "pure_emoji": true
    },
    {
      "user": "Gohcheongsiew",
      "comments": [
        "🤗🤗🤗🤗🤗🤗"
      ],
      "language": "Other",
      "pure_emoji": true
    },
    {
      "user": "GoldenR1127",
      "comments": [
        "talk nonsense.. stay with comedy."
      ],
      "language": "English",
      "pure_emoji": false
    },
    {
      "user": "Guan123",
      "comments": [
        "😂😂😂"
      ],
      "language": "Other",
      "pure_emoji": true
    },
    {
      "user": "Harry",
      "comments": [
        "香港最叻👍"
      ],
      "language": "Chinese",
      "pure_emoji": false
    },
    {
      "user": "Hoh | Puchong & KD 🏎",
      "comments": [
        "👍👍"
      ],
      "language": "Other",
      "pure_emoji": true
    },
    {
      "user": "Hon",
      "comments": [
        "🤣🤣🤣"
      ],
      "language": "Other",
      "pure_emoji": true
    },
    {
      "user": "Hou Zai",
      "comments": [
        "这就是时势"
      ],
      "language": "Chinese",
      "pure_emoji": false
    },
    {
      "user": "Hugo Hew",
      "comments": [
        "讲解到一点也没有错👍👍👍👍👍👍👍👍"
      ],
      "language": "Chinese",
      "pure_emoji": false
    },
    {
      "user": "Ian Tai",
      "comments": [
        "💪"
      ],
      "language": "Other",
      "pure_emoji": true
    },
    {
      "user": "J.D. Vance's father",
      "comments": [
        "阿叻说得对，无论是热战冷战、贸易战，中国现在都不怕了，中国人民是热爱和平的，但绝对不惧怕任何威胁。"
      ],
      "language": "Chinese",
      "pure_emoji": false
    },
    {
      "user": "JL",
      "comments": [
        "叻哥。。劲！👍👍💯💯🔥🔥 #respect"
      ],
      "language": "Mixed",
      "pure_emoji": false
    },
    {
      "user": "Ja Ja",
      "comments": [
        "食饱ㄟ"
      ],
      "language": "Chinese",
      "pure_emoji": false
    },
    {
      "user": "Jack Cheng",
      "comments": [
        "👏"
      ],
      "language": "Other",
      "pure_emoji": true
    },
    {
      "user": "James Lee",
      "comments": [
        "😁😁😁"
      ],
      "language": "Other",
      "pure_emoji": true
    },
    {
      "user": "Jason Chen",
      "comments": [
        "😄👍支持陈百祥."
      ],
      "language": "Chinese",
      "pure_emoji": false
    },
    {
      "user": "Jayson Chong",
      "comments": [
        "🤣🤣🤣"
      ],
      "language": "Other",
      "pure_emoji": true
    },
    {
      "user": "Jerry",
      "comments": [
        "让世界看到中国"
      ],
      "language": "Chinese",
      "pure_emoji": false
    },
    {
      "user": "Jon Lim",
      "comments": [
        "支持叻哥"
      ],
      "language": "Chinese",
      "pure_emoji": false
    },
    {
      "user": "KCNow",
      "comments": [
        "你叻 晒啦"
      ],
      "language": "Chinese",
      "pure_emoji": false
    },
    {
      "user": "KP",
      "comments": [
        "說的有道理,不是亂吹牛👍"
      ],
      "language": "Chinese",
      "pure_emoji": false
    },
    {
      "user": "KY Chong897",
      "comments": [
        "I like this guy.. good day for you bro 👍💪"
      ],
      "language": "English",
      "pure_emoji": false
    },
    {
      "user": "Kai Ban Chew",
      "comments": [
        "👍👍👍👍👍"
      ],
      "language": "Other",
      "pure_emoji": true
    },
    {
      "user": "Kan Yew Fei",
      "comments": [
        "Lek Gor bravo, Li hoo ya."
      ],
      "language": "English",
      "pure_emoji": false
    },
    {
      "user": "Kathlyn Sheravanon",
      "comments": [
        "叻哥👏👏👏"
      ],
      "language": "Chinese",
      "pure_emoji": false
    },
    {
      "user": "Ken Sire",
      "comments": [
        "till one language & one currency"
      ],
      "language": "English",
      "pure_emoji": false
    },
    {
      "user": "Kenn",
      "comments": [
        "希望大家 早日康復"
      ],
      "language": "Chinese",
      "pure_emoji": false
    },
    {
      "user": "Keong Long",
      "comments": [
        "🥰叻我至叻 😂😂我用玻璃可 变做鑽石♥"
      ],
      "language": "Chinese",
      "pure_emoji": false
    },
    {
      "user": "Kian Yap Goh",
      "comments": [
        "啊叻哥讲话就是好听"
      ],
      "language": "Chinese",
      "pure_emoji": false
    },
    {
      "user": "Kim008",
      "comments": [
        "支持我们祥哥✊"
      ],
      "language": "Chinese",
      "pure_emoji": false
    },
    {
      "user": "King Teck Woo",
      "comments": [
        "他对中国的敬仰有如滔滔江水连绵不绝，又有如黄河氾滥一发不可收拾"
      ],
      "language": "Chinese",
      "pure_emoji": false
    },
    {
      "user": "Klwong Wong",
      "comments": [
        "👍🏻👍🏻👍🏻💪🏻💪🏻"
      ],
      "language": "Other",
      "pure_emoji": true
    },
    {
      "user": "Kokonn Ho",
      "comments": [
        "叻哥加油"
      ],
      "language": "Chinese",
      "pure_emoji": false
    },
    {
      "user": "Konnect mall",
      "comments": [
        "BAL….buy American last!"
      ],
      "language": "English",
      "pure_emoji": false
    },
    {
      "user": "Lagavulin_Taiwan",
      "comments": [
        "可惜他講中文但我一句都聽不懂，字幕也看不懂"
      ],
      "language": "Chinese",
      "pure_emoji": false
    },
    {
      "user": "Lau yu hor",
      "comments": [
        "👍👍👍"
      ],
      "language": "Other",
      "pure_emoji": true
    },
    {
      "user": "Lee Wah",
      "comments": [
        "🥰🥰🥰👏👏👏"
      ],
      "language": "Other",
      "pure_emoji": true
    },
    {
      "user": "Leekian Ng",
      "comments": [
        "👍👍👍🥰🥰🥰"
      ],
      "language": "Other",
      "pure_emoji": true
    },
    {
      "user": "Leon D.",
      "comments": [
        "he is just speaking the truth"
      ],
      "language": "English",
      "pure_emoji": false
    },
    {
      "user": "Lim Kooi Meng",
      "comments": [
        "叻哥..👍👍👍👍👍哈哈哈。"
      ],
      "language": "Chinese",
      "pure_emoji": false
    },
    {
      "user": "LucazCollects",
      "comments": [
        "china still not a market leader"
      ],
      "language": "English",
      "pure_emoji": false
    },
    {
      "user": "Maklapkutty",
      "comments": [
        "应该做台湾总统"
      ],
      "language": "Chinese",
      "pure_emoji": false
    },
    {
      "user": "Mandy_🐻BonusBears🐻",
      "comments": [
        "True"
      ],
      "language": "English",
      "pure_emoji": false
    },
    {
      "user": "Marcus666",
      "comments": [
        "叻哥 💪🥰👍🏻"
      ],
      "language": "Chinese",
      "pure_emoji": false
    },
    {
      "user": "Margaret WJJ Koh",
      "comments": [
        "👍👍👍说得好。支持🥰"
      ],
      "language": "Chinese",
      "pure_emoji": false
    },
    {
      "user": "Mark Fu",
      "comments": [
        "問題他說啥聽不懂😳"
      ],
      "language": "Chinese",
      "pure_emoji": false
    },
    {
      "user": "Mars Reborn",
      "comments": [
        "👍👍👍"
      ],
      "language": "Other",
      "pure_emoji": true
    },
    {
      "user": "Michael",
      "comments": [
        "👍👍👍👍👍👍"
      ],
      "language": "Other",
      "pure_emoji": true
    },
    {
      "user": "Michael Si",
      "comments": [
        "i love the man."
      ],
      "language": "English",
      "pure_emoji": false
    },
    {
      "user": "Michaeldahlan",
      "comments": [
        "🥰🥰🥰"
      ],
      "language": "Other",
      "pure_emoji": true
    },
    {
      "user": "Michelle",
      "comments": [
        "🇨🇳🥰🇨🇳🥰💪🇨🇳💪🇨🇳💪🇨🇳"
      ],
      "language": "Other",
      "pure_emoji": true
    },
    {
      "user": "Momo2️⃣8️⃣顺风顺水",
      "comments": [
        "👍🏻👍🏻👍🏻👍🏻"
      ],
      "language": "Other",
      "pure_emoji": true
    },
    {
      "user": "Moot up",
      "comments": [
        "共產黨，只是一個名稱，共產黨=高効率，為人民服務"
      ],
      "language": "Chinese",
      "pure_emoji": false
    },
    {
      "user": "Mossithor",
      "comments": [
        "好似我鄉下的kopitiam uncle 在那邊車大炮"
      ],
      "language": "Mixed",
      "pure_emoji": false
    },
    {
      "user": "Mr百喜哥-泰国佛牌供请区🇲🇾",
      "comments": [
        "😳 贸易根本自由 人家不想跟你做生意 就找其他机会咯"
      ],
      "language": "Chinese",
      "pure_emoji": false
    },
    {
      "user": "My2Choices",
      "comments": [
        "讲得好👍支持你的言论🤩🙏"
      ],
      "language": "Chinese",
      "pure_emoji": false
    },
    {
      "user": "N Ln831",
      "comments": [
        "陈百祥真牛👍"
      ],
      "language": "Chinese",
      "pure_emoji": false
    },
    {
      "user": "Nando",
      "comments": [
        "多隆我支持你😂"
      ],
      "language": "Chinese",
      "pure_emoji": false
    },
    {
      "user": "Nửa Điếu Thuốc 🚬",
      "comments": [
        "CHINA NO1❤️❤️❤️"
      ],
      "language": "English",
      "pure_emoji": false
    },
    {
      "user": "OKX NAI",
      "comments": [
        "竟然还记得几十年前的黔西波鞋😁😁"
      ],
      "language": "Chinese",
      "pure_emoji": false
    },
    {
      "user": "ONEDRAGONMUSK",
      "comments": [
        "陈百祥快八十了哦"
      ],
      "language": "Chinese",
      "pure_emoji": false
    },
    {
      "user": "Ok no problem",
      "comments": [
        "愿那天早点到来！ 全世界都给我说中文🤩🤩🤩"
      ],
      "language": "Chinese",
      "pure_emoji": false
    },
    {
      "user": "Oscar Tu",
      "comments": [
        "黄皮肤系永远做唔到大佬既，黑人都觉比我们高一等啊🤣"
      ],
      "language": "Chinese",
      "pure_emoji": false
    },
    {
      "user": "PLF0219",
      "comments": [
        "👍👍"
      ],
      "language": "Other",
      "pure_emoji": true
    },
    {
      "user": "Panda",
      "comments": [
        "👏👏👏💪💪💪"
      ],
      "language": "Other",
      "pure_emoji": true
    },
    {
      "user": "Patrick",
      "comments": [
        "👍👍👍👍👍👍👍"
      ],
      "language": "Other",
      "pure_emoji": true
    },
    {
      "user": "PurpleMolly",
      "comments": [
        "我需要普通话字幕😂"
      ],
      "language": "Chinese",
      "pure_emoji": false
    },
    {
      "user": "Ray07",
      "comments": [
        "叻哥👍👍👍"
      ],
      "language": "Chinese",
      "pure_emoji": false
    },
    {
      "user": "RayKeah Musiz",
      "comments": [
        "👍💕🥰"
      ],
      "language": "Other",
      "pure_emoji": true
    },
    {
      "user": "RichieBoy",
      "comments": [
        "U the man, Lik Gor! always luv this fiercely loyal HK Chinese patriot who was a legendary comedian superstar during the 80s in HK entertainment movie industry.. Viva China 🤟"
      ],
      "language": "English",
      "pure_emoji": false
    },
    {
      "user": "Robert Nah",
      "comments": [
        "😅😂👍"
      ],
      "language": "Other",
      "pure_emoji": true
    },
    {
      "user": "Rockilan",
      "comments": [
        "阿叻不只是演员，他对政治的见解也非常好，也有个中华心👍"
      ],
      "language": "Chinese",
      "pure_emoji": false
    },
    {
      "user": "Rui Hung",
      "comments": [
        "🥰🥰🥰"
      ],
      "language": "Other",
      "pure_emoji": true
    },
    {
      "user": "SK Lo",
      "comments": [
        "说的好👍🏻👍🏻"
      ],
      "language": "Chinese",
      "pure_emoji": false
    },
    {
      "user": "SKY108",
      "comments": [
        "👍👍👍"
      ],
      "language": "Other",
      "pure_emoji": true
    },
    {
      "user": "Sam Chen",
      "comments": [
        "叻哥👍"
      ],
      "language": "Chinese",
      "pure_emoji": false
    },
    {
      "user": "Sam Soh 小苏",
      "comments": [
        "支持百样哥，说的对"
      ],
      "language": "Chinese",
      "pure_emoji": false
    },
    {
      "user": "Saturday",
      "comments": [
        "百祥说的对，我们中华民族现在站起来了，别人也不敢看不起中华民族",
        "支持百祥👍👍👍说的全完对"
      ],
      "language": "Chinese",
      "pure_emoji": false
    },
    {
      "user": "Shawn Tan172",
      "comments": [
        "曱泽～～～😂"
      ],
      "language": "Chinese",
      "pure_emoji": false
    },
    {
      "user": "Siang Kee",
      "comments": [
        "😁😁😁"
      ],
      "language": "Other",
      "pure_emoji": true
    },
    {
      "user": "Siwei Zhong",
      "comments": [
        "💪🏻🇨🇳💪🏻🇨🇳💪🏻🇨🇳💪🏻"
      ],
      "language": "Other",
      "pure_emoji": true
    },
    {
      "user": "Steve",
      "comments": [
        "越来越喜欢这个艺人，说的话都头头是道。把事情看的很清楚，也有智慧。"
      ],
      "language": "Chinese",
      "pure_emoji": false
    },
    {
      "user": "Sun 生",
      "comments": [
        "🙏🙏🙏support you🙏🙏🙏"
      ],
      "language": "English",
      "pure_emoji": false
    },
    {
      "user": "Sunny sunny",
      "comments": [
        "同意"
      ],
      "language": "Chinese",
      "pure_emoji": false
    },
    {
      "user": "Sz.D.Gengar",
      "comments": [
        "多隆大人点评de对👍😂"
      ],
      "language": "Mixed",
      "pure_emoji": false
    },
    {
      "user": "TEAICE",
      "comments": [
        "中国不打仗的"
      ],
      "language": "Chinese",
      "pure_emoji": false
    },
    {
      "user": "TINGTING",
      "comments": [
        "从今开始，所有人不准再讲英文。。😎"
      ],
      "language": "Chinese",
      "pure_emoji": false
    },
    {
      "user": "Tan Chong Kooi",
      "comments": [
        "支持"
      ],
      "language": "Chinese",
      "pure_emoji": false
    },
    {
      "user": "Tan9316",
      "comments": [
        "👍👍👍"
      ],
      "language": "Other",
      "pure_emoji": true
    },
    {
      "user": "Tan_12",
      "comments": [
        "👍👍👍👍👍💪💪💪💪"
      ],
      "language": "Other",
      "pure_emoji": true
    },
    {
      "user": "Tdr Tan",
      "comments": [
        "👍👍👍"
      ],
      "language": "Other",
      "pure_emoji": true
    },
    {
      "user": "Thepoet Chang",
      "comments": [
        "不愧新华字典单开一页的男人"
      ],
      "language": "Chinese",
      "pure_emoji": false
    },
    {
      "user": "Tomomi小小",
      "comments": [
        "No"
      ],
      "language": "English",
      "pure_emoji": false
    },
    {
      "user": "Tudulu 🇨🇦",
      "comments": [
        "I agree with him! nobody can suppress the rise of China"
      ],
      "language": "English",
      "pure_emoji": false
    },
    {
      "user": "UncleSunny888",
      "comments": [
        "中国加油"
      ],
      "language": "Chinese",
      "pure_emoji": false
    },
    {
      "user": "Unclesay",
      "comments": [
        "👍👍👍"
      ],
      "language": "Other",
      "pure_emoji": true
    },
    {
      "user": "User321",
      "comments": [
        "👍👍👍"
      ],
      "language": "Other",
      "pure_emoji": true
    },
    {
      "user": "VN Cao Hùng Thắng",
      "comments": [
        "china 120% what 📉📊💵🏗🏢🧠🖌📖🤐?????"
      ],
      "language": "English",
      "pure_emoji": false
    },
    {
      "user": "VinsmokeRoku",
      "comments": [
        "台灣給福建省管理15年 島內都是台獨"
      ],
      "language": "Chinese",
      "pure_emoji": false
    },
    {
      "user": "WKY",
      "comments": [
        "👍👍👍"
      ],
      "language": "Other",
      "pure_emoji": true
    },
    {
      "user": "Wang GuoXiang",
      "comments": [
        "👍👍👍"
      ],
      "language": "Other",
      "pure_emoji": true
    },
    {
      "user": "Watcher",
      "comments": [
        "祥哥还是那么魅力！👍"
      ],
      "language": "Chinese",
      "pure_emoji": false
    },
    {
      "user": "Wayne Hsia",
      "comments": [
        "我可以ㄨ"
      ],
      "language": "Chinese",
      "pure_emoji": false
    },
    {
      "user": "Weize Wei",
      "comments": [
        "支持我们最喜欢的演员烈哥👍👍👍"
      ],
      "language": "Chinese",
      "pure_emoji": false
    },
    {
      "user": "Winnie Wong",
      "comments": [
        "👍👍👍👍👍"
      ],
      "language": "Other",
      "pure_emoji": true
    },
    {
      "user": "Winno",
      "comments": [
        "百祥好嘢👍❤️"
      ],
      "language": "Chinese",
      "pure_emoji": false
    },
    {
      "user": "XQ522",
      "comments": [
        "爷们看得更明白！🥰"
      ],
      "language": "Chinese",
      "pure_emoji": false
    },
    {
      "user": "YO58LO",
      "comments": [
        "爱国艺人👍🏼"
      ],
      "language": "Chinese",
      "pure_emoji": false
    },
    {
      "user": "YS World",
      "comments": [
        "👏👏👏👏"
      ],
      "language": "Other",
      "pure_emoji": true
    },
    {
      "user": "YUCHEE",
      "comments": [
        "真正的香港人"
      ],
      "language": "Chinese",
      "pure_emoji": false
    },
    {
      "user": "Zai Aik",
      "comments": [
        "🌸🌸🌸"
      ],
      "language": "Other",
      "pure_emoji": true
    },
    {
      "user": "Zeng is a handsome man",
      "comments": [
        "陈白祥：我是爱国唉！爱国无罪😆😆😆"
      ],
      "language": "Chinese",
      "pure_emoji": false
    },
    {
      "user": "Zhiqiang Chen",
      "comments": [
        "支持百祥哥"
      ],
      "language": "Chinese",
      "pure_emoji": false
    },
    {
      "user": "aaa",
      "comments": [
        "加關稅？美國貨貴？那買中國貨阿～全世界都來買👏👏👏👏👏👏👏👏👏👏👏👏"
      ],
      "language": "Chinese",
      "pure_emoji": false
    },
    {
      "user": "ah xiang",
      "comments": [
        "🤣🤣🤣"
      ],
      "language": "Other",
      "pure_emoji": true
    },
    {
      "user": "alexng6079",
      "comments": [
        "叻哥你是得........."
      ],
      "language": "Chinese",
      "pure_emoji": false
    },
    {
      "user": "amk",
      "comments": [
        "叻哥你至叻👍👍❤️💪💪說得绝对同意👍👍❤️"
      ],
      "language": "Chinese",
      "pure_emoji": false
    },
    {
      "user": "benny tling",
      "comments": [
        "👍👍👍"
      ],
      "language": "Other",
      "pure_emoji": true
    },
    {
      "user": "benong742",
      "comments": [
        "🤣🤣🤣👍"
      ],
      "language": "Other",
      "pure_emoji": true
    },
    {
      "user": "bleigh123",
      "comments": [
        "👍👍👍"
      ],
      "language": "Other",
      "pure_emoji": true
    },
    {
      "user": "bonbonbelle3",
      "comments": [
        "我们需要强大的中华人民共和国！"
      ],
      "language": "Chinese",
      "pure_emoji": false
    },
    {
      "user": "boyzyen",
      "comments": [
        "抱仇～ 那血還噗呲的流 😂"
      ],
      "language": "Chinese",
      "pure_emoji": false
    },
    {
      "user": "candy",
      "comments": [
        "支持你，中國人是應該幫中國👍👍👍👏👏👏💪💪💪✌️"
      ],
      "language": "Chinese",
      "pure_emoji": false
    },
    {
      "user": "ccs",
      "comments": [
        "🥰🥰"
      ],
      "language": "Other",
      "pure_emoji": true
    },
    {
      "user": "cheah Tiffany 铁姐",
      "comments": [
        "👍"
      ],
      "language": "Other",
      "pure_emoji": true
    },
    {
      "user": "chen_11987693",
      "comments": [
        "陳百祥老婆小潘潘。"
      ],
      "language": "Chinese",
      "pure_emoji": false
    },
    {
      "user": "chong",
      "comments": [
        "中国加油"
      ],
      "language": "Chinese",
      "pure_emoji": false
    },
    {
      "user": "chong chee kooi",
      "comments": [
        "叻你真叻👍👍👍👍👏👏👏👏"
      ],
      "language": "Chinese",
      "pure_emoji": false
    },
    {
      "user": "cnmTikTok删我评论",
      "comments": [
        "确实"
      ],
      "language": "Chinese",
      "pure_emoji": false
    },
    {
      "user": "cnmika",
      "comments": [
        "去当台湾省第一任省长"
      ],
      "language": "Chinese",
      "pure_emoji": false
    },
    {
      "user": "dyc5pvw01zlm",
      "comments": [
        "他说马经的哈哈"
      ],
      "language": "Chinese",
      "pure_emoji": false
    },
    {
      "user": "dye8snnrcw8h",
      "comments": [
        "台湾人要向陈百祥学习"
      ],
      "language": "Chinese",
      "pure_emoji": false
    },
    {
      "user": "dyiu7w74wnl6",
      "comments": [
        "叻我最叻 支持叻哥👍"
      ],
      "language": "Chinese",
      "pure_emoji": false
    },
    {
      "user": "dykbtmcsrbws",
      "comments": [
        "❤️❤️❤️❤️❤️❤️❤️"
      ],
      "language": "Other",
      "pure_emoji": true
    },
    {
      "user": "fni",
      "comments": [
        "👍👍👍欧洲很多中文标识呢"
      ],
      "language": "Chinese",
      "pure_emoji": false
    },
    {
      "user": "franklee638",
      "comments": [
        "支持！"
      ],
      "language": "Chinese",
      "pure_emoji": false
    },
    {
      "user": "fraseatan",
      "comments": [
        "陈总👍🏻👏💕！我支持你🥰",
        "我都说了！小米的车便宜！全世界都是您的👍🏻👏💕"
      ],
      "language": "Chinese",
      "pure_emoji": false
    },
    {
      "user": "fuiloong",
      "comments": [
        "叻哥 好嘢😁😁😁"
      ],
      "language": "Chinese",
      "pure_emoji": false
    },
    {
      "user": "gigi",
      "comments": [
        "叻哥，支持你👍👍👍👍💪💪💪💪"
      ],
      "language": "Chinese",
      "pure_emoji": false
    },
    {
      "user": "good_products_factory",
      "comments": [
        "中国强大不需要赖跪跪"
      ],
      "language": "Chinese",
      "pure_emoji": false
    },
    {
      "user": "haw boom yong",
      "comments": [
        "叻哥！我是你粉丝"
      ],
      "language": "Chinese",
      "pure_emoji": false
    },
    {
      "user": "heartson27",
      "comments": [
        "😳😳😳😳有没有人翻译一下，看不懂呢😳😳😳😳"
      ],
      "language": "Chinese",
      "pure_emoji": false
    },
    {
      "user": "hungwending",
      "comments": [
        "應該直接取代习"
      ],
      "language": "Chinese",
      "pure_emoji": false
    },
    {
      "user": "hunterhuang368",
      "comments": [
        "我叻哥就是讚👍 大實話都說的這麼直接👍"
      ],
      "language": "Chinese",
      "pure_emoji": false
    },
    {
      "user": "isee1000stars",
      "comments": [
        "牙擦擦！感恩你们这一代经历了穷過 饿過 捱過 好過 坏過 富了强了 见证了祖国的蓬勃发展 值得自豪 骄傲！祝你们长命百岁 能见证参与更多的中国强大力量！"
      ],
      "language": "Chinese",
      "pure_emoji": false
    },
    {
      "user": "jacké hoon",
      "comments": [
        "well said!"
      ],
      "language": "English",
      "pure_emoji": false
    },
    {
      "user": "jasonkoh",
      "comments": [
        "👏👏👏👍👍👍"
      ],
      "language": "Other",
      "pure_emoji": true
    },
    {
      "user": "jayleong",
      "comments": [
        "以后就是中国的世界了"
      ],
      "language": "Chinese",
      "pure_emoji": false
    },
    {
      "user": "jijihadi",
      "comments": [
        "👍👍👍"
      ],
      "language": "Other",
      "pure_emoji": true
    },
    {
      "user": "jkl112288_6",
      "comments": [
        "🥰🥰🥰支持你🥰🥰🥰"
      ],
      "language": "Chinese",
      "pure_emoji": false
    },
    {
      "user": "joe wong",
      "comments": [
        "On L 999"
      ],
      "language": "English",
      "pure_emoji": false
    },
    {
      "user": "john",
      "comments": [
        "华语万岁💋🙏🙏， 祖国🇨🇳🇨🇳🇨🇳💋😃😁"
      ],
      "language": "Chinese",
      "pure_emoji": false
    },
    {
      "user": "johnnyliew26",
      "comments": [
        "@😁🥰😁🥰"
      ],
      "language": "Other",
      "pure_emoji": false
    },
    {
      "user": "kenQing799",
      "comments": [
        "👍👍👍支持"
      ],
      "language": "Chinese",
      "pure_emoji": false
    },
    {
      "user": "kenfghutefish",
      "comments": [
        "他是看新闻了解信息的"
      ],
      "language": "Chinese",
      "pure_emoji": false
    },
    {
      "user": "kentjeslyn",
      "comments": [
        "好多香蕉跑出來😁😁😁"
      ],
      "language": "Chinese",
      "pure_emoji": false
    },
    {
      "user": "kevinzzz32",
      "comments": [
        "😂😂😂"
      ],
      "language": "Other",
      "pure_emoji": true
    },
    {
      "user": "kidinthenet",
      "comments": [
        "支持阿叻！"
      ],
      "language": "Chinese",
      "pure_emoji": false
    },
    {
      "user": "king",
      "comments": [
        "😂😂😂"
      ],
      "language": "Other",
      "pure_emoji": true
    },
    {
      "user": "kit",
      "comments": [
        "🥰"
      ],
      "language": "Other",
      "pure_emoji": true
    },
    {
      "user": "kllaw66",
      "comments": [
        "👍👍👍👍👍👍👍"
      ],
      "language": "Other",
      "pure_emoji": true
    },
    {
      "user": "leejunhong86",
      "comments": [
        "in Malaysia Chinese no 3 language"
      ],
      "language": "English",
      "pure_emoji": false
    },
    {
      "user": "leong chong",
      "comments": [
        "字幕100％看不懂也看懂80％吧，这样就足够了"
      ],
      "language": "Chinese",
      "pure_emoji": false
    },
    {
      "user": "lvselv",
      "comments": [
        "确实如此"
      ],
      "language": "Chinese",
      "pure_emoji": false
    },
    {
      "user": "makari",
      "comments": [
        "👍👍👍💪💪💪"
      ],
      "language": "Other",
      "pure_emoji": true
    },
    {
      "user": "miao meow",
      "comments": [
        "一个基因是“自强不息”，一个基因是讲自由。当然打不了。 只是我很想知道“阿叻哥”如何看待李嘉诚把港口卖给老美。"
      ],
      "language": "Chinese",
      "pure_emoji": false
    },
    {
      "user": "mickMFB",
      "comments": [
        "👍👍👍"
      ],
      "language": "Other",
      "pure_emoji": true
    },
    {
      "user": "mki",
      "comments": [
        "叻👍"
      ],
      "language": "Chinese",
      "pure_emoji": false
    },
    {
      "user": "ml wong",
      "comments": [
        "说的好。。我们也是这样想。。。"
      ],
      "language": "Chinese",
      "pure_emoji": false
    },
    {
      "user": "mpsdi6",
      "comments": [
        "毒蚊渣？？😁😁😁"
      ],
      "language": "Chinese",
      "pure_emoji": false
    },
    {
      "user": "nice",
      "comments": [
        "叻哥👍🏻"
      ],
      "language": "Chinese",
      "pure_emoji": false
    },
    {
      "user": "nicholastang6",
      "comments": [
        "叻哥 讲嘚好 👍👍🥰🥰🥰"
      ],
      "language": "Chinese",
      "pure_emoji": false
    },
    {
      "user": "ongricheal",
      "comments": [
        "👍🏻👍🏻👍🏻👏🏻👏🏻👏🏻🥰🥰🥰"
      ],
      "language": "Other",
      "pure_emoji": true
    },
    {
      "user": "pangjoonnyuk268",
      "comments": [
        "👍"
      ],
      "language": "Other",
      "pure_emoji": true
    },
    {
      "user": "peng ho",
      "comments": [
        "支持你"
      ],
      "language": "Chinese",
      "pure_emoji": false
    },
    {
      "user": "peter",
      "comments": [
        "言之有理"
      ],
      "language": "Chinese",
      "pure_emoji": false
    },
    {
      "user": "popo_rung",
      "comments": [
        "多隆要做台灣總統嗎😂😂😂"
      ],
      "language": "Chinese",
      "pure_emoji": false
    },
    {
      "user": "r",
      "comments": [
        "检验实力的办法只有一个，当敌人想坐在谈判桌上的时候，说明他打不过你了。如果能压根无需废话。"
      ],
      "language": "Chinese",
      "pure_emoji": false
    },
    {
      "user": "rmoy1218",
      "comments": [
        "👍👍👍"
      ],
      "language": "Other",
      "pure_emoji": true
    },
    {
      "user": "ro wle",
      "comments": [
        "叻哥健康长寿"
      ],
      "language": "Chinese",
      "pure_emoji": false
    },
    {
      "user": "ryan LE",
      "comments": [
        "💯💯💯😍"
      ],
      "language": "Other",
      "pure_emoji": true
    },
    {
      "user": "shortdickman01",
      "comments": [
        "叻哥好嘢👍"
      ],
      "language": "Chinese",
      "pure_emoji": false
    },
    {
      "user": "siewengsoh",
      "comments": [
        "现在香港对美国零关税，应该推荐他做香港省长，加美国105%关税。"
      ],
      "language": "Chinese",
      "pure_emoji": false
    },
    {
      "user": "simple",
      "comments": [
        "扎扎躲在那里了🤣🤣🤣"
      ],
      "language": "Chinese",
      "pure_emoji": false
    },
    {
      "user": "spa46709394",
      "comments": [
        "陳百祥多牛比 跑去阿拉伯國家賣雨傘 要有多強的大腦才會這樣子做？"
      ],
      "language": "Chinese",
      "pure_emoji": false
    },
    {
      "user": "steven_shhfdc",
      "comments": [
        "这货比任何人都要清醒"
      ],
      "language": "Chinese",
      "pure_emoji": false
    },
    {
      "user": "talentedstlouis",
      "comments": [
        "👍💪👍💪👍💪👍💪👍💪👍"
      ],
      "language": "Other",
      "pure_emoji": true
    },
    {
      "user": "tengjinooi",
      "comments": [
        "👍"
      ],
      "language": "Other",
      "pure_emoji": true
    },
    {
      "user": "th3judgementday",
      "comments": [
        "🥰🥰🥰"
      ],
      "language": "Other",
      "pure_emoji": true
    },
    {
      "user": "tiong",
      "comments": [
        "事實就是如此，，，"
      ],
      "language": "Chinese",
      "pure_emoji": false
    },
    {
      "user": "tomy huang",
      "comments": [
        "👍"
      ],
      "language": "Other",
      "pure_emoji": true
    },
    {
      "user": "user1490837029141",
      "comments": [
        "❤️🇨🇳"
      ],
      "language": "Other",
      "pure_emoji": true
    },
    {
      "user": "user2131357870551",
      "comments": [
        "🫰💪💪👍"
      ],
      "language": "Other",
      "pure_emoji": true
    },
    {
      "user": "user2240982129284",
      "comments": [
        "👍👍👍"
      ],
      "language": "Other",
      "pure_emoji": true
    },
    {
      "user": "user2615941038387",
      "comments": [
        "👍👍👍"
      ],
      "language": "Other",
      "pure_emoji": true
    },
    {
      "user": "user3627310269163",
      "comments": [
        "沒國哪能有家，沒國哪來尊嚴"
      ],
      "language": "Chinese",
      "pure_emoji": false
    },
    {
      "user": "user449195640925",
      "comments": [
        "🤣🤣🤣"
      ],
      "language": "Other",
      "pure_emoji": true
    },
    {
      "user": "user5305805901780",
      "comments": [
        "👍👍👍👍👍👍"
      ],
      "language": "Other",
      "pure_emoji": true
    },
    {
      "user": "user5307753004250",
      "comments": [
        "🤔🤔🤔🤔🤔"
      ],
      "language": "Other",
      "pure_emoji": true
    },
    {
      "user": "user5315522380632",
      "comments": [
        "i agree"
      ],
      "language": "English",
      "pure_emoji": false
    },
    {
      "user": "user5504729615025",
      "comments": [
        "🥰🥰"
      ],
      "language": "Other",
      "pure_emoji": true
    },
    {
      "user": "user5900573498494",
      "comments": [
        "Awesome China"
      ],
      "language": "English",
      "pure_emoji": false
    },
    {
      "user": "user6937456949418",
      "comments": [
        "钱离开人废纸一张，人离开钱废人一个☝️努力搞钱😎💪带"
      ],
      "language": "Chinese",
      "pure_emoji": false
    },
    {
      "user": "user7453718392603",
      "comments": [
        "🥰🥰🥰"
      ],
      "language": "Other",
      "pure_emoji": true
    },
    {
      "user": "user7562714567185",
      "comments": [
        "叻哥"
      ],
      "language": "Chinese",
      "pure_emoji": false
    },
    {
      "user": "user7615968001357",
      "comments": [
        "他就是演了一輩子都不會紅的香港藝人。"
      ],
      "language": "Chinese",
      "pure_emoji": false
    },
    {
      "user": "user81870266824374",
      "comments": [
        "👍👍👍识货"
      ],
      "language": "Chinese",
      "pure_emoji": false
    },
    {
      "user": "user84960875708182",
      "comments": [
        "中国人当然希望中国强"
      ],
      "language": "Chinese",
      "pure_emoji": false
    },
    {
      "user": "user8617760043783",
      "comments": [
        "叻哥，好也"
      ],
      "language": "Chinese",
      "pure_emoji": false
    },
    {
      "user": "user92608277725161",
      "comments": [
        "正常人讲话"
      ],
      "language": "Chinese",
      "pure_emoji": false
    },
    {
      "user": "useriih5wh6ix",
      "comments": [
        "👍👍👍"
      ],
      "language": "Other",
      "pure_emoji": true
    },
    {
      "user": "useryh4vprfw26",
      "comments": [
        "祝之山"
      ],
      "language": "Chinese",
      "pure_emoji": false
    },
    {
      "user": "vison18cm",
      "comments": [
        "叻哥好耶"
      ],
      "language": "Chinese",
      "pure_emoji": false
    },
    {
      "user": "vivian",
      "comments": [
        "👍😊👍"
      ],
      "language": "Other",
      "pure_emoji": true
    },
    {
      "user": "winson",
      "comments": [
        "支持叻哥"
      ],
      "language": "Chinese",
      "pure_emoji": false
    },
    {
      "user": "wwwmmm",
      "comments": [
        "说的很好"
      ],
      "language": "Chinese",
      "pure_emoji": false
    },
    {
      "user": "xiong598",
      "comments": [
        "这个人，可以去全国政协了。口才思维都不错"
      ],
      "language": "Chinese",
      "pure_emoji": false
    },
    {
      "user": "xtrasauce                    ༽",
      "comments": [
        "👍👍👍"
      ],
      "language": "Other",
      "pure_emoji": true
    },
    {
      "user": "yan",
      "comments": [
        "没错呀！你们要讲实力，我们就跟你们拼实力。没在怕的。"
      ],
      "language": "Chinese",
      "pure_emoji": false
    },
    {
      "user": "yawkk",
      "comments": [
        "👏👏👏👏👏👏"
      ],
      "language": "Other",
      "pure_emoji": true
    },
    {
      "user": "yew soon fatt",
      "comments": [
        "陈百祥智慧比很多港艺人超出很多",
        "Saudi Arabs also put chinese mandarin class as compulsory in their schools now"
      ],
      "language": "Mixed",
      "pure_emoji": false
    },
    {
      "user": "yixinchua193",
      "comments": [
        "👍👍👍",
        "🥰🥰🥰"
      ],
      "language": "Other",
      "pure_emoji": false
    },
    {
      "user": "yjk_",
      "comments": [
        "因为近代历史原因暂时落幕的中国，现在正慢慢回到属于它的位置🇨🇳🇨🇳🇨🇳"
      ],
      "language": "Chinese",
      "pure_emoji": false
    },
    {
      "user": "yonghuang36",
      "comments": [
        "为您点赞👍！"
      ],
      "language": "Chinese",
      "pure_emoji": false
    },
    {
      "user": "yyqing14",
      "comments": [
        "👍👍👍"
      ],
      "language": "Other",
      "pure_emoji": true
    },
    {
      "user": "ក្រុងព្រះសីហនុ---孤独",
      "comments": [
        "我對你的景仰有如滔滔江水連綿不絕，又有如黃河氾濫一發不可收拾"
      ],
      "language": "Chinese",
      "pure_emoji": false
    },
    {
      "user": "ᵂ✨天天",
      "comments": [
        "🤣🤣🤣🤣"
      ],
      "language": "Other",
      "pure_emoji": true
    },
    {
      "user": "❤️余❤️",
      "comments": [
        "世界华夏子孙一心一意都希望中国强大，🥰",
        "我们都是出生在弱时期，能看到重新强大的中国这是机缘🥰"
      ],
      "language": "Chinese",
      "pure_emoji": false
    },
    {
      "user": "二道找卡接通道卸货✈️@wyf020",
      "comments": [
        "二道，有车子可以卸货的吗？👀"
      ],
      "language": "Chinese",
      "pure_emoji": false
    },
    {
      "user": "人善天不欺",
      "comments": [
        "叻哥人如其名，一個字勁"
      ],
      "language": "Chinese",
      "pure_emoji": false
    },
    {
      "user": "任威森",
      "comments": [
        "不爽老共的香港人、台灣歡迎你們來，但是別在台灣搞台獨"
      ],
      "language": "Chinese",
      "pure_emoji": false
    },
    {
      "user": "全网搜索搬砖人，安全稳定，新路子",
      "comments": [
        "勤劳打工是没有任何出路的，好路子是实现财务自由的捷径！👍"
      ],
      "language": "Chinese",
      "pure_emoji": false
    },
    {
      "user": "兼职搬U日赚上万！QQ：82864507✈️TG:kwee3",
      "comments": [
        "good🥰🥰🥰"
      ],
      "language": "English",
      "pure_emoji": false
    },
    {
      "user": "刘顺利",
      "comments": [
        "👍👍👍"
      ],
      "language": "Other",
      "pure_emoji": true
    },
    {
      "user": "升",
      "comments": [
        "👍👍👏"
      ],
      "language": "Other",
      "pure_emoji": true
    },
    {
      "user": "台北來的楊逍",
      "comments": [
        "🙄 自從2016年南海對峙美國人認慫後 台灣就永遠沒有機會獨立 到了2020年美軍就失去阻止大陸統一台灣的最後窗口 如今的2025年 二進白宮的特朗普 展開有史以來最大而且最虎頭蛇尾的關稅戰 而大美利堅全球霸權 也將因為這致命決策 終於讓我們親眼見證 美國正式步入退回北美的戰略收縮期 🤭"
      ],
      "language": "Chinese",
      "pure_emoji": false
    },
    {
      "user": "啊杰",
      "comments": [
        "👍"
      ],
      "language": "Other",
      "pure_emoji": true
    },
    {
      "user": "土狗",
      "comments": [
        "支持"
      ],
      "language": "Chinese",
      "pure_emoji": false
    },
    {
      "user": "夜",
      "comments": [
        "叻哥真的是生意天才"
      ],
      "language": "Chinese",
      "pure_emoji": false
    },
    {
      "user": "大超",
      "comments": [
        "👍👍👍👍👍👍"
      ],
      "language": "Other",
      "pure_emoji": true
    },
    {
      "user": "小忧833",
      "comments": [
        "Oh yeah, it’s true! It is so true! China is really moving ahead from America!"
      ],
      "language": "English",
      "pure_emoji": false
    },
    {
      "user": "小日向 文敏",
      "comments": [
        "港匪陈百祥"
      ],
      "language": "Chinese",
      "pure_emoji": false
    },
    {
      "user": "少聪m2",
      "comments": [
        "祥哥抖音刷不少😂"
      ],
      "language": "Chinese",
      "pure_emoji": false
    },
    {
      "user": "尼克維",
      "comments": [
        "一群人 時時刻刻 帶著仇恨怨恨 ... 生活在台灣.. 和 一群人 時時刻刻 帶著安平祥和禮義廉恥.... 生活在台灣.. 這兩群人 在 對抗…對抗. ...!!"
      ],
      "language": "Chinese",
      "pure_emoji": false
    },
    {
      "user": "峡谷小鲁班",
      "comments": [
        "三观最正的演员"
      ],
      "language": "Chinese",
      "pure_emoji": false
    },
    {
      "user": "张子成",
      "comments": [
        "👏👏👏"
      ],
      "language": "Other",
      "pure_emoji": true
    },
    {
      "user": "张彡寻",
      "comments": [
        "台湾说粤语？"
      ],
      "language": "Chinese",
      "pure_emoji": false
    },
    {
      "user": "很想你",
      "comments": [
        "👀"
      ],
      "language": "Other",
      "pure_emoji": true
    },
    {
      "user": "我最爱暮光之城",
      "comments": [
        "I agree with you"
      ],
      "language": "English",
      "pure_emoji": false
    },
    {
      "user": "文森佐",
      "comments": [
        "真相让那些不好的东西心接受不到。"
      ],
      "language": "Chinese",
      "pure_emoji": false
    },
    {
      "user": "星辰海",
      "comments": [
        "👍👍👍"
      ],
      "language": "Other",
      "pure_emoji": true
    },
    {
      "user": "晓风残月",
      "comments": [
        "打蜜蜂😂😂😂"
      ],
      "language": "Chinese",
      "pure_emoji": false
    },
    {
      "user": "曾永豐003",
      "comments": [
        "💪💪💪💪💪"
      ],
      "language": "Other",
      "pure_emoji": true
    },
    {
      "user": "木  木 👧 monday",
      "comments": [
        "😂"
      ],
      "language": "Other",
      "pure_emoji": true
    },
    {
      "user": "朱志雄",
      "comments": [
        "👍👍👍"
      ],
      "language": "Other",
      "pure_emoji": true
    },
    {
      "user": "李堂",
      "comments": [
        "👍🥰💪"
      ],
      "language": "Other",
      "pure_emoji": true
    },
    {
      "user": "林",
      "comments": [
        "👍👍👍",
        "👍以事论事.讲事实系做生意人🙏么都冇当然卑人欺负,当你么都有,当然有话事權啦…😂"
      ],
      "language": "Chinese",
      "pure_emoji": false
    },
    {
      "user": "林建助",
      "comments": [
        "🥰🥰🥰🥰🥰👍👍👍"
      ],
      "language": "Other",
      "pure_emoji": true
    },
    {
      "user": "楊梅一支刺",
      "comments": [
        "第一屆省長是宋楚瑜"
      ],
      "language": "Chinese",
      "pure_emoji": false
    },
    {
      "user": "機車男 25246239956227",
      "comments": [
        "中華民族 💪💪💪"
      ],
      "language": "Chinese",
      "pure_emoji": false
    },
    {
      "user": "櫻京塚丈",
      "comments": [
        "明明是輸的，可以說成贏的"
      ],
      "language": "Chinese",
      "pure_emoji": false
    },
    {
      "user": "武隆",
      "comments": [
        "我也聽不懂，但聽起來很利害😂😂"
      ],
      "language": "Chinese",
      "pure_emoji": false
    },
    {
      "user": "歪歪菜花方",
      "comments": [
        "來 我投他"
      ],
      "language": "Chinese",
      "pure_emoji": false
    },
    {
      "user": "江义515TikTok 后台管理都是蠢货机器人吗？",
      "comments": [
        "主要目的就是在大陆赚钱，他们会爱国？笑死人了！"
      ],
      "language": "Chinese",
      "pure_emoji": false
    },
    {
      "user": "泊涛资本  白资收U 小白可带 ✈️@botaoxiaowu",
      "comments": [
        "因为经常失眠熬夜，我的肝好像不太好，所以可以叫我小心肝吗？"
      ],
      "language": "Chinese",
      "pure_emoji": false
    },
    {
      "user": "海伦",
      "comments": [
        "你会让台独气吐血呀😂🥰"
      ],
      "language": "Chinese",
      "pure_emoji": false
    },
    {
      "user": "潇然💫潇风随意✨自然自在",
      "comments": [
        "👍",
        "👍👍👍👍👍👍👍",
        "👍👍👍"
      ],
      "language": "Other",
      "pure_emoji": false
    },
    {
      "user": "無名無姓無我  偶然路过",
      "comments": [
        "叻哥講的 似是，，，而非。我晤樂观，过去百年，英区美要对付的国家都無好結果 !"
      ],
      "language": "Chinese",
      "pure_emoji": false
    },
    {
      "user": "牡羊戰神♈️",
      "comments": [
        "字幕看的好辛苦，文法都看不懂也聽不懂😓"
      ],
      "language": "Chinese",
      "pure_emoji": false
    },
    {
      "user": "狼王",
      "comments": [
        "支持陈百祥"
      ],
      "language": "Chinese",
      "pure_emoji": false
    },
    {
      "user": "王",
      "comments": [
        "听不懂粤语😅"
      ],
      "language": "Chinese",
      "pure_emoji": false
    },
    {
      "user": "王俊閔",
      "comments": [
        "搞笑天才陳大哥，快來給台灣快樂快樂"
      ],
      "language": "Chinese",
      "pure_emoji": false
    },
    {
      "user": "用户443144945558",
      "comments": [
        "能幫忙翻譯嗎？謝謝"
      ],
      "language": "Chinese",
      "pure_emoji": false
    },
    {
      "user": "用户5605565454051",
      "comments": [
        "🥰🥰🥰"
      ],
      "language": "Other",
      "pure_emoji": true
    },
    {
      "user": "用户9345889443317",
      "comments": [
        "非常认同"
      ],
      "language": "Chinese",
      "pure_emoji": false
    },
    {
      "user": "电报纸飞机推送源 里面有大量视频 跟约p 主页联系",
      "comments": [
        "🥰🥰🥰🥰🥰🥰🥰🥰🥰🥰🥰"
      ],
      "language": "Other",
      "pure_emoji": true
    },
    {
      "user": "白资换u接受大量散户🉑联系✈️@xiaosu880（小溯）",
      "comments": [
        "带几个🥺🥺"
      ],
      "language": "Chinese",
      "pure_emoji": false
    },
    {
      "user": "睿成 黃",
      "comments": [
        "叻哥真的很有魅力😁😁觀點也很前沿👍👍"
      ],
      "language": "Chinese",
      "pure_emoji": false
    },
    {
      "user": "砥砺前行",
      "comments": [
        "我看过陈百祥与迁居台湾的杜争论过爱港爱国视频，陈碾压杜完胜！"
      ],
      "language": "Chinese",
      "pure_emoji": false
    },
    {
      "user": "祝强",
      "comments": [
        "对。 观看世界大势。😎😎😎"
      ],
      "language": "Chinese",
      "pure_emoji": false
    },
    {
      "user": "福华〈kim leong)",
      "comments": [
        "🥰🥰🥰🥰"
      ],
      "language": "Other",
      "pure_emoji": true
    },
    {
      "user": "素质标杆",
      "comments": [
        "祝枝山 多龙大人"
      ],
      "language": "Chinese",
      "pure_emoji": false
    },
    {
      "user": "綠蛆綠渣綠蟾蜍",
      "comments": [
        "台灣40%綠腦殘 以為戰爭是嘴砲，不會死人"
      ],
      "language": "Chinese",
      "pure_emoji": false
    },
    {
      "user": "維生素Z",
      "comments": [
        "百祥沒怎麼老啊"
      ],
      "language": "Chinese",
      "pure_emoji": false
    },
    {
      "user": "维维",
      "comments": [
        "看你的视频真是全身心愉悦"
      ],
      "language": "Chinese",
      "pure_emoji": false
    },
    {
      "user": "罗刹猫市",
      "comments": [
        "👍👍👍👍"
      ],
      "language": "Other",
      "pure_emoji": true
    },
    {
      "user": "老李",
      "comments": [
        "多隆說得好"
      ],
      "language": "Chinese",
      "pure_emoji": false
    },
    {
      "user": "胡杨木",
      "comments": [
        "爷们👏👏👏儿支持"
      ],
      "language": "Chinese",
      "pure_emoji": false
    },
    {
      "user": "腾龙娱乐在线开户",
      "comments": [
        "现在下不来台了😂"
      ],
      "language": "Chinese",
      "pure_emoji": false
    },
    {
      "user": "苏金忠",
      "comments": [
        "ok"
      ],
      "language": "English",
      "pure_emoji": false
    },
    {
      "user": "豪哥",
      "comments": [
        "👍🏻👍🏻👍🏻"
      ],
      "language": "Other",
      "pure_emoji": true
    },
    {
      "user": "財源滾滾來",
      "comments": [
        "可惜看不懂粵語😅"
      ],
      "language": "Chinese",
      "pure_emoji": false
    },
    {
      "user": "路過人間",
      "comments": [
        "他很逗！🤣🤣🤣"
      ],
      "language": "Chinese",
      "pure_emoji": false
    },
    {
      "user": "轻松搬U日赚上万！QQ：82864507✈️TG:kwee3",
      "comments": [
        "852🥰🥰"
      ],
      "language": "Other",
      "pure_emoji": false
    },
    {
      "user": "逸朱",
      "comments": [
        "说的是事實🤣🤣"
      ],
      "language": "Chinese",
      "pure_emoji": false
    },
    {
      "user": "還我河山",
      "comments": [
        "我對你的景仰有如滔滔江水連綿不絕，又有如黃河氾濫一發不可收拾"
      ],
      "language": "Chinese",
      "pure_emoji": false
    },
    {
      "user": "野马哈骑士",
      "comments": [
        "就连泰国都开始学习中文"
      ],
      "language": "Chinese",
      "pure_emoji": false
    },
    {
      "user": "金坷蛋",
      "comments": [
        "支持陈先生"
      ],
      "language": "Chinese",
      "pure_emoji": false
    },
    {
      "user": "长城",
      "comments": [
        "🥰♥️",
        "👍"
      ],
      "language": "Other",
      "pure_emoji": false
    },
    {
      "user": "阿彌陀佛",
      "comments": [
        "🥰🥰🥰"
      ],
      "language": "Other",
      "pure_emoji": true
    },
    {
      "user": "阿飞",
      "comments": [
        "叻哥！圈粉无数👍👍👍"
      ],
      "language": "Chinese",
      "pure_emoji": false
    },
    {
      "user": "陈伟明（Ming）",
      "comments": [
        "叻哥..👍👍👍👍👍哈哈哈。"
      ],
      "language": "Chinese",
      "pure_emoji": false
    },
    {
      "user": "青青",
      "comments": [
        "👍👍👍👍👍👍👍👍👍👍👍"
      ],
      "language": "Other",
      "pure_emoji": true
    },
    {
      "user": "馮細洪( Phùng Thế Hùng )",
      "comments": [
        "❤❤❤"
      ],
      "language": "Other",
      "pure_emoji": false
    },
    {
      "user": "骨子里就是红透",
      "comments": [
        "中国本来就强大 只是这两百年落后而已",
        "你说的对",
        "陈百祥 你都可以胜任台湾省省长 👍👍👍👍"
      ],
      "language": "Chinese",
      "pure_emoji": false
    },
    {
      "user": "魏光辉",
      "comments": [
        "👍"
      ],
      "language": "Other",
      "pure_emoji": true
    },
    {
      "user": "魚蛋",
      "comments": [
        "👍👍👍👍👍"
      ],
      "language": "Other",
      "pure_emoji": true
    },
    {
      "user": "黑色小魚儿",
      "comments": [
        "叻哥，挺你"
      ],
      "language": "Chinese",
      "pure_emoji": false
    },
    {
      "user": "齐天大圣孙悟空",
      "comments": [
        "也是个大炮仙🤣"
      ],
      "language": "Chinese",
      "pure_emoji": false
    },
    {
      "user": "도도기",
      "comments": [
        "听不懂哈😂"
      ],
      "language": "Chinese",
      "pure_emoji": false
    },
    {
      "user": "🇲🇾柑蕉桔梨蘿柚😝😝😝",
      "comments": [
        "龍国实力摆在那里了,想提早更改国号,随你的便"
      ],
      "language": "Chinese",
      "pure_emoji": false
    },
    {
      "user": "🌎🌎Marco🌎🌎",
      "comments": [
        "多隆，你可真機靈啊"
      ],
      "language": "Chinese",
      "pure_emoji": false
    },
    {
      "user": "💦点点滴滴💦",
      "comments": [
        NaN
      ],
      "language": "English",
      "pure_emoji": false
    },
    {
      "user": "🔥🔥 💰💰 🔥🔥",
      "comments": [
        "吃。用。赚的都是中国最强。中国万万岁"
      ],
      "language": "Chinese",
      "pure_emoji": false
    },
    {
      "user": "🦂深藍天蠍🧔",
      "comments": [
        "很明瞭了.....，往後的戰爭是科技戰，誰能先斷對方網路傳輸，斷無線控制誰贏面大！"
      ],
      "language": "Chinese",
      "pure_emoji": false
    },
    {
      "user": "🫧 洪武之治⁷⁷🍓",
      "comments": [
        "👏👏👏支持陈百祥"
      ],
      "language": "Chinese",
      "pure_emoji": false
    }
  ]
}