{
  "video_id": "7495753090767850760",
  "video_url": "https://www.tiktok.com/@neverfallagain70/video/7495753090767850760",
  "publish_date": null,
  "comment_groups": [
    {
      "user": "AH Chew",
      "comments": [
        "all the best",
        "all the best"
      ],
      "language": "English",
      "pure_emoji": false
    },
    {
      "user": "Ben wang",
      "comments": [
        "😂😂😂😂talk cock",
        "😂😂😂😂talk cock"
      ],
      "language": "English",
      "pure_emoji": false
    },
    {
      "user": "Fnc",
      "comments": [
        "中国不可能求和😀",
        "中国不可能求和😀"
      ],
      "language": "Chinese",
      "pure_emoji": false
    },
    {
      "user": "GKWlfxzsj",
      "comments": [
        "但对于覇权霸凌, 现实世界已说明一切, 基本上大家当看不到, 或低头认錯.",
        "但对于覇权霸凌, 现实世界已说明一切, 基本上大家当看不到, 或低头认錯."
      ],
      "language": "Chinese",
      "pure_emoji": false
    },
    {
      "user": "HAU SIANG TAN",
      "comments": [
        "听说中国很害怕！主动和谈了？",
        "听说中国很害怕！主动和谈了？"
      ],
      "language": "Chinese",
      "pure_emoji": false
    },
    {
      "user": "Han",
      "comments": [
        "自导自演",
        "自导自演"
      ],
      "language": "Chinese",
      "pure_emoji": false
    },
    {
      "user": "K",
      "comments": [
        "😏😏不可能😂🤣",
        "😏😏不可能😂🤣"
      ],
      "language": "Chinese",
      "pure_emoji": false
    },
    {
      "user": "Musk",
      "comments": [
        "Trump has no cards.",
        "Trump has no cards."
      ],
      "language": "English",
      "pure_emoji": false
    },
    {
      "user": "Roy",
      "comments": [
        "If trump excuse all T against China, that’s good news. But I hope China continues impose 125% T to US. unless a more trustworthy person replace him. China, pls don’t disappointed us. 😂😂",
        "If trump excuse all T against China, that’s good news. But I hope China continues impose 125% T to US. unless a more trustworthy person replace him. China, pls don’t disappointed us. 😂😂"
      ],
      "language": "English",
      "pure_emoji": false
    },
    {
      "user": "SK Lo",
      "comments": [
        "自导自演找下台阶下了！😂😂😂",
        "自导自演找下台阶下了！😂😂😂"
      ],
      "language": "Chinese",
      "pure_emoji": false
    },
    {
      "user": "Sam Soh 小苏",
      "comments": [
        "为什么习近平有去马来西亚不去新加坡呢？很靠近为什么不过去。",
        "为什么习近平有去马来西亚不去新加坡呢？很靠近为什么不过去。"
      ],
      "language": "Chinese",
      "pure_emoji": false
    },
    {
      "user": "Super Zhang",
      "comments": [
        "中国外交可以在联合国问一下，是谁打电话给特朗普的?",
        "中国外交可以在联合国问一下，是谁打电话给特朗普的?"
      ],
      "language": "Chinese",
      "pure_emoji": false
    },
    {
      "user": "Tk Hor",
      "comments": [
        "特离谱",
        "特离谱"
      ],
      "language": "Chinese",
      "pure_emoji": false
    },
    {
      "user": "a China purchaser",
      "comments": [
        "可能吗？准备10年，就是要让美国跪下"
      ],
      "language": "Chinese",
      "pure_emoji": false
    },
    {
      "user": "linkan117",
      "comments": [
        "Sleep 拜登，dream川普😎😎😎",
        "Sleep 拜登，dream川普😎😎😎"
      ],
      "language": "Mixed",
      "pure_emoji": false
    },
    {
      "user": "mah hock choy",
      "comments": [
        "🥰🥰🥰",
        "🥰🥰🥰"
      ],
      "language": "Other",
      "pure_emoji": false
    },
    {
      "user": "markdion",
      "comments": [
        "老美要用黄金还美债了，六月美债到期，但美国可能提早还债。因为一但美国用高价抵还贬值的美金债，黄金价格就会大跌。老美要比全世界的人先行动，这样就可以收割全世界的黄金。其他国家若要还债，现在正是最佳时候了，趁老美还没动手",
        "老美要用黄金还美债了，六月美债到期，但美国可能提早还债。因为一但美国用高价抵还贬值的美金债，黄金价格就会大跌。老美要比全世界的人先行动，这样就可以收割全世界的黄金。其他国家若要还债，现在正是最佳时候了，趁老美还没动手"
      ],
      "language": "Chinese",
      "pure_emoji": false
    },
    {
      "user": "user8410787787727",
      "comments": [
        "😁😁😁",
        "😁😁😁"
      ],
      "language": "Other",
      "pure_emoji": false
    },
    {
      "user": "ㄕㄢㄌㄧㄧㄡㄓㄓㄨ",
      "comments": [
        "絕對不可能😂😂😂"
      ],
      "language": "Chinese",
      "pure_emoji": false
    },
    {
      "user": "世界那么大还是遇见你",
      "comments": [
        "哈哈哈~中国很怕了~哈哈哈",
        "哈哈哈~中国很怕了~哈哈哈"
      ],
      "language": "Chinese",
      "pure_emoji": false
    },
    {
      "user": "如是",
      "comments": [
        "美國只會欺騙全世界，一點能耐都沒有",
        "美國只會欺騙全世界，一點能耐都沒有"
      ],
      "language": "Chinese",
      "pure_emoji": false
    },
    {
      "user": "手機很燙",
      "comments": [
        "黑化老川👍👍👍",
        "黑化老川👍👍👍"
      ],
      "language": "Chinese",
      "pure_emoji": false
    },
    {
      "user": "春贝",
      "comments": [
        "可能吗",
        "可能吗"
      ],
      "language": "Chinese",
      "pure_emoji": false
    }
  ]
}