{
  "video_id": "7494015505968139526",
  "video_url": "https://www.tiktok.com/@odysseyma/video/7494015505968139526",
  "publish_date": null,
  "comment_groups": [
    {
      "user": "AP",
      "comments": [
        "Why you do it then?",
        "Why you do it then?"
      ],
      "language": "English",
      "pure_emoji": false
    },
    {
      "user": "Choo Ben Ang",
      "comments": [
        "Mind you if inflation set in, it is it easy to control because business men just jack up the price.",
        "Mind you if inflation set in, it is it easy to control because business men just jack up the price."
      ],
      "language": "English",
      "pure_emoji": false
    },
    {
      "user": "DamsuiWu",
      "comments": [
        "Trump said that he wants to make America great again, and it is about to turn into another Great Depression for the United States! 🤣 He's like an exaggerated clown.",
        "Trump said that he wants to make America great again, and it is about to turn into another Great Depression for the United States! 🤣 He's like an exaggerated clown."
      ],
      "language": "English",
      "pure_emoji": false
    },
    {
      "user": "Dtklyp",
      "comments": [
        "Unfortunately u hv a “mad” president, u just do your jobs, Powell, hold or even rise the rates. Your calls 👍👍",
        "Unfortunately u hv a “mad” president, u just do your jobs, Powell, hold or even rise the rates. Your calls 👍👍"
      ],
      "language": "English",
      "pure_emoji": false
    },
    {
      "user": "Free Palestine 🇵🇸 🔻",
      "comments": [
        "unfortunately according to chatgpt usa will collapse on best scenario 1-2 years just with current measures imposed by China",
        "unfortunately according to chatgpt usa will collapse on best scenario 1-2 years just with current measures imposed by China"
      ],
      "language": "English",
      "pure_emoji": false
    },
    {
      "user": "GBO",
      "comments": [
        "😂😂😂",
        "😂😂😂"
      ],
      "language": "Other",
      "pure_emoji": false
    },
    {
      "user": "Power of Silence",
      "comments": [
        "内战爆发",
        "内战爆发"
      ],
      "language": "Chinese",
      "pure_emoji": false
    },
    {
      "user": "StarSolitude",
      "comments": [
        "Your country is facing financial crisis",
        "Your country is facing financial crisis"
      ],
      "language": "English",
      "pure_emoji": false
    },
    {
      "user": "TKL",
      "comments": [
        "U get what U vote for. there is a reason y trump's mum commented her son will be a chaos🤣🤣🤣",
        "U get what U vote for. there is a reason y trump's mum commented her son will be a chaos🤣🤣🤣"
      ],
      "language": "English",
      "pure_emoji": false
    },
    {
      "user": "blackpisces63",
      "comments": [
        "阿三都做了，事實證明全球的人又能怎麼樣😂接下來就是多次通膨，各位一起感受吧",
        "阿三都做了，事實證明全球的人又能怎麼樣😂接下來就是多次通膨，各位一起感受吧"
      ],
      "language": "Chinese",
      "pure_emoji": false
    },
    {
      "user": "dada1808",
      "comments": [
        "problem is Trump won't listen 🤨",
        "problem is Trump won't listen 🤨"
      ],
      "language": "English",
      "pure_emoji": false
    },
    {
      "user": "herojiaom",
      "comments": [
        "懂王玩垮了？？！",
        "懂王玩垮了？？！"
      ],
      "language": "Chinese",
      "pure_emoji": false
    },
    {
      "user": "moneycat_china",
      "comments": [
        "😂😂😂",
        "😂😂😂"
      ],
      "language": "Other",
      "pure_emoji": false
    },
    {
      "user": "❨ 討囍 ❩",
      "comments": [
        "他講的建國同志不會聽的🤣🤣🤣🤣",
        "他講的建國同志不會聽的🤣🤣🤣🤣"
      ],
      "language": "Chinese",
      "pure_emoji": false
    },
    {
      "user": "偉",
      "comments": [
        "😂😂😂😂😂",
        "😂😂😂😂😂"
      ],
      "language": "Other",
      "pure_emoji": false
    },
    {
      "user": "剛剛好",
      "comments": [
        "🤣🤣🤣",
        "🤣🤣🤣"
      ],
      "language": "Other",
      "pure_emoji": false
    },
    {
      "user": "吳先生",
      "comments": [
        "It's okay. Trump has money and doesn't care about tariffs.",
        "It's okay. Trump has money and doesn't care about tariffs."
      ],
      "language": "English",
      "pure_emoji": false
    },
    {
      "user": "周信良",
      "comments": [
        "我懷疑他們家族，趁亂中謀取暴利",
        "我懷疑他們家族，趁亂中謀取暴利"
      ],
      "language": "Chinese",
      "pure_emoji": false
    },
    {
      "user": "峡谷小鲁班",
      "comments": [
        "就看操纵股市后果是啥，幼稚行为引发的灾难，盆满钵满只是回光返照，也就富了他的那几个狐朋狗友"
      ],
      "language": "Chinese",
      "pure_emoji": false
    },
    {
      "user": "我爸是拜登",
      "comments": [
        "川子不是说要把美联储干掉",
        "川子不是说要把美联储干掉"
      ],
      "language": "Chinese",
      "pure_emoji": false
    },
    {
      "user": "拜恩",
      "comments": [
        "👍 time to down",
        "👍 time to down"
      ],
      "language": "English",
      "pure_emoji": false
    },
    {
      "user": "李塔克",
      "comments": [
        "你只要快速降息，川普就會快速解除關稅，他就是在逼你降息，你也知道他在逼你，但是你就是看他不爽頭鐵硬幹，讓全世界買單，罪人不會只有川普，還有你美聯儲",
        "你只要快速降息，川普就會快速解除關稅，他就是在逼你降息，你也知道他在逼你，但是你就是看他不爽頭鐵硬幹，讓全世界買單，罪人不會只有川普，還有你美聯儲"
      ],
      "language": "Chinese",
      "pure_emoji": false
    },
    {
      "user": "潇然💫潇风随意✨自然自在",
      "comments": [
        "🤣🤣🤣",
        "🤣🤣🤣"
      ],
      "language": "Other",
      "pure_emoji": false
    },
    {
      "user": "热血传奇",
      "comments": [
        "祖国万岁。干倒他",
        "祖国万岁。干倒他"
      ],
      "language": "Chinese",
      "pure_emoji": false
    },
    {
      "user": "鐘燦榮",
      "comments": [
        "商人無良心的",
        "商人無良心的"
      ],
      "language": "Chinese",
      "pure_emoji": false
    },
    {
      "user": "陳先生",
      "comments": [
        "習近平，李強說，中國和美國關稅，只有5%，全世界國家，也是5%。"
      ],
      "language": "Chinese",
      "pure_emoji": false
    },
    {
      "user": "🍀張慧慈🍀",
      "comments": [
        "先不說關稅，那隨時可以下調。難道不能通脹、經濟不影響，直接降息先解決美債，只是少賺一點利息？🤔",
        "先不說關稅，那隨時可以下調。難道不能通脹、經濟不影響，直接降息先解決美債，只是少賺一點利息？🤔"
      ],
      "language": "Chinese",
      "pure_emoji": false
    }
  ]
}