{
  "video_id": "7494559860185468190",
  "video_url": "https://www.tiktok.com/@wzashow/video/7494559860185468190",
  "publish_date": null,
  "comment_groups": [
    {
      "user": "JC",
      "comments": [
        "王菊。。。你家里的事搞定了吗？"
      ],
      "language": "Chinese",
      "pure_emoji": false
    },
    {
      "user": "jieshen",
      "comments": [
        "其实中国确实不地道.早年要买Sony 超薄磁带到后面MD 关税都是100% 如今进口车税多少不知道 还排量税 这些都实打实的"
      ],
      "language": "Mixed",
      "pure_emoji": false
    },
    {
      "user": "timd",
      "comments": [
        "每一个昏君身边总有一个祸国殃民的奸臣😅"
      ],
      "language": "Chinese",
      "pure_emoji": false
    },
    {
      "user": "台湾精神病科方主任",
      "comments": [
        "老王你还欠本院的医疗费还没来结清"
      ],
      "language": "Chinese",
      "pure_emoji": false
    }
  ]
}