{
  "video_id": "7496036663731227910",
  "video_url": "https://www.tiktok.com/@9npmazhpqs0/video/7496036663731227910",
  "publish_date": null,
  "comment_groups": [
    {
      "user": "台灣海峽就是馬列子孫的墳場",
      "comments": [
        "@"
      ],
      "language": "Other",
      "pure_emoji": false
    },
    {
      "user": "阿妮基",
      "comments": [
        "華人加油"
      ],
      "language": "Chinese",
      "pure_emoji": false
    }
  ]
}