{
  "video_id": "7495343446664809735",
  "video_url": "https://www.tiktok.com/@pocketimes/video/7495343446664809735",
  "publish_date": null,
  "comment_groups": [
    {
      "user": "Albert Seahstein",
      "comments": [
        "假象"
      ],
      "language": "Chinese",
      "pure_emoji": false
    },
    {
      "user": "Allyssa95",
      "comments": [
        "😂they’re the one that chose Trump ..? No ..? 😏"
      ],
      "language": "English",
      "pure_emoji": false
    },
    {
      "user": "デビッド・ウィンザー",
      "comments": [
        "你們自己選的不是？"
      ],
      "language": "Chinese",
      "pure_emoji": false
    },
    {
      "user": "世界那么大还是遇见你",
      "comments": [
        "美国再次强大~"
      ],
      "language": "Chinese",
      "pure_emoji": false
    }
  ]
}