{
  "video_id": "7491792823293971742",
  "video_url": "https://www.tiktok.com/@aljazeeraenglish/video/7491792823293971742",
  "publish_date": null,
  "comment_groups": [
    {
      "user": "#Tabtab😜",
      "comments": [
        "his message is indirectly China pls,,it's my fault",
        "his message is indirectly China pls,,it's my fault"
      ],
      "language": "English",
      "pure_emoji": false
    },
    {
      "user": "(JUNAID) Friendly Bird",
      "comments": [
        "China is super power, America only oppresses Palestine and muslims all over the world are oppressing and threatening it. China is better than America.",
        "China is super power, America only oppresses Palestine and muslims all over the world are oppressing and threatening it. China is better than America."
      ],
      "language": "English",
      "pure_emoji": false
    },
    {
      "user": "3MAC1",
      "comments": [
        "True leader never LICK BACK their spit",
        "True leader never LICK BACK their spit"
      ],
      "language": "English",
      "pure_emoji": false
    },
    {
      "user": "613PAINTING 🏠👩🏻‍🎨🌈🇨🇦",
      "comments": [
        "🤡🤡🤡",
        "🤡🤡🤡"
      ],
      "language": "Other",
      "pure_emoji": false
    },
    {
      "user": "777 others",
      "comments": [
        "I don’t understand his ear being perfectly intact",
        "I don’t understand his ear being perfectly intact"
      ],
      "language": "English",
      "pure_emoji": false
    },
    {
      "user": "@Abugaalif",
      "comments": [
        "the amount of frustration in his body,poor Trump",
        "the amount of frustration in his body,poor Trump"
      ],
      "language": "English",
      "pure_emoji": false
    },
    {
      "user": "A Man of Colours",
      "comments": [
        "don't buy american. that's the message",
        "don't buy american. that's the message"
      ],
      "language": "English",
      "pure_emoji": false
    },
    {
      "user": "AJ",
      "comments": [
        "😂",
        "😂"
      ],
      "language": "Other",
      "pure_emoji": false
    },
    {
      "user": "Aaron Reziliant",
      "comments": [
        "oh I thought it was only got to be good for US.",
        "oh I thought it was only got to be good for US."
      ],
      "language": "English",
      "pure_emoji": false
    },
    {
      "user": "Adam Joesamad",
      "comments": [
        "Awesome 🥰🥰🥰"
      ],
      "language": "English",
      "pure_emoji": false
    },
    {
      "user": "Adrien Denis263",
      "comments": [
        "He s a fool",
        "He s a fool"
      ],
      "language": "English",
      "pure_emoji": false
    },
    {
      "user": "Agbe komi",
      "comments": [
        "Trump is a joke 😂😂😂😂",
        "Trump is a joke 😂😂😂😂"
      ],
      "language": "English",
      "pure_emoji": false
    },
    {
      "user": "Ahmed",
      "comments": [
        "now he is eating his own uttered word. this is the US president for you. 😂",
        "now he is eating his own uttered word. this is the US president for you. 😂"
      ],
      "language": "English",
      "pure_emoji": false
    },
    {
      "user": "Ak90",
      "comments": [
        "China dont care 😂😂😂",
        "China dont care 😂😂😂"
      ],
      "language": "English",
      "pure_emoji": false
    },
    {
      "user": "Alejandro Alberto Bribiesca",
      "comments": [
        "Just see money neutrally or manifesting better English for the world to bring down prices.",
        "Just see money neutrally or manifesting better English for the world to bring down prices."
      ],
      "language": "English",
      "pure_emoji": false
    },
    {
      "user": "Ali Abdalla",
      "comments": [
        "😂",
        "😂"
      ],
      "language": "Other",
      "pure_emoji": false
    },
    {
      "user": "Ali bukhari",
      "comments": [
        "❤𝗙𝗥𝗘𝗘🥀 𝗣𝗔𝗟𝗘𝗦𝗧𝗜𝗡𝗘 🇵🇸🇵🇸❤ 🤲🤲🤲🤲🤲🤲🤲🤲🤲🤲🤲🤲",
        "❤𝗙𝗥𝗘𝗘🥀 𝗣𝗔𝗟𝗘𝗦𝗧𝗜𝗡𝗘 🇵🇸🇵🇸❤ 🤲🤲🤲🤲🤲🤲🤲🤲🤲🤲🤲🤲"
      ],
      "language": "Other",
      "pure_emoji": false
    },
    {
      "user": "Alternus",
      "comments": [
        "Countries that buy US debt in June will not have tariffs. That is what he is going for.",
        "Countries that buy US debt in June will not have tariffs. That is what he is going for."
      ],
      "language": "English",
      "pure_emoji": false
    },
    {
      "user": "Amaryllis",
      "comments": [
        "U",
        "L",
        "O"
      ],
      "language": "English",
      "pure_emoji": false
    },
    {
      "user": "Anawa",
      "comments": [
        "correct"
      ],
      "language": "English",
      "pure_emoji": false
    },
    {
      "user": "Anna Horton 777",
      "comments": [
        "YOU HAVE NO RIGHT TO SAY A WORD TO IRAN. THAT IS THEIR COUNTRY.",
        "YOU HAVE NO RIGHT TO SAY A WORD TO IRAN. THAT IS THEIR COUNTRY."
      ],
      "language": "English",
      "pure_emoji": false
    },
    {
      "user": "Anne",
      "comments": [
        "Just to force some small countries to bear the debt for him, shameless.",
        "Just to force some small countries to bear the debt for him, shameless."
      ],
      "language": "English",
      "pure_emoji": false
    },
    {
      "user": "Another Bill",
      "comments": [
        "Funny how the only deals he thinks is fair to both sides are when he gets everything. He's ripped off everyone he's \"made a deal\" with.",
        "Funny how the only deals he thinks is fair to both sides are when he gets everything. He's ripped off everyone he's \"made a deal\" with."
      ],
      "language": "English",
      "pure_emoji": false
    },
    {
      "user": "Ashmat",
      "comments": [
        "He folded, china win",
        "He folded, china win"
      ],
      "language": "English",
      "pure_emoji": false
    },
    {
      "user": "Aurora",
      "comments": [
        "When Trump thought he was holding all the cards, he forgot to check the label on the back that says MADE IN CHINA 🇨🇳",
        "When Trump thought he was holding all the cards, he forgot to check the label on the back that says MADE IN CHINA 🇨🇳"
      ],
      "language": "English",
      "pure_emoji": false
    },
    {
      "user": "Az",
      "comments": [
        "you couldn’t make cereal",
        "you couldn’t make cereal"
      ],
      "language": "English",
      "pure_emoji": false
    },
    {
      "user": "Aziz5577",
      "comments": [
        "For a long time,the US has taken advantage of China and exploited its people economically. Xi Jinping has made it clear he won't let the US rip off China again.",
        "For a long time,the US has taken advantage of China and exploited its people economically. Xi Jinping has made it clear he won't let the US rip off China again."
      ],
      "language": "English",
      "pure_emoji": false
    },
    {
      "user": "BISHAL T. MGR",
      "comments": [
        "🤣🤣",
        "🤣🤣"
      ],
      "language": "Other",
      "pure_emoji": false
    },
    {
      "user": "Balkos",
      "comments": [
        "it's his speciality bankruptcy"
      ],
      "language": "English",
      "pure_emoji": false
    },
    {
      "user": "Balthazaar",
      "comments": [
        "US toxic capitalism is failing. Noone likes a bully 😏",
        "US toxic capitalism is failing. Noone likes a bully 😏"
      ],
      "language": "English",
      "pure_emoji": false
    },
    {
      "user": "Beauty judge",
      "comments": [
        "This pretender has no idea what he’s doing. He just makes stuff up as he goes along as long as it makes him look good. So he thinks.",
        "This pretender has no idea what he’s doing. He just makes stuff up as he goes along as long as it makes him look good. So he thinks."
      ],
      "language": "English",
      "pure_emoji": false
    },
    {
      "user": "Bennniiii",
      "comments": [
        "he looks like he's slowly losing faith in his plan...",
        "he looks like he's slowly losing faith in his plan..."
      ],
      "language": "English",
      "pure_emoji": false
    },
    {
      "user": "BigBroMikeyB",
      "comments": [
        "[写真]",
        "[写真]"
      ],
      "language": "Chinese",
      "pure_emoji": false
    },
    {
      "user": "Bilal express",
      "comments": [
        "china 🔥",
        "china 🔥"
      ],
      "language": "English",
      "pure_emoji": false
    },
    {
      "user": "Bo k",
      "comments": [
        "It’s very simple, place 300% tariffs on the US or boycott all their products, the US is overated",
        "It’s very simple, place 300% tariffs on the US or boycott all their products, the US is overated"
      ],
      "language": "English",
      "pure_emoji": false
    },
    {
      "user": "Bobby L",
      "comments": [
        "😳😳😳😳😳😳😳",
        "😳😳😳😳😳😳😳"
      ],
      "language": "Other",
      "pure_emoji": false
    },
    {
      "user": "Boss Daddy Kabrini",
      "comments": [
        "When is he gonna deal with AMERICA? Listen. If he wants Outside Business. WE HAVE TO CATER TO THIER NEEDS. Our Products are terrible. Our Cars don't fit on thier roads. We don't create ANYTHING INNOVATIVE...or original. All this is due to racism. NOBODY WANTS BLAND POTATO SALAD WIT RAISINS. Trump Deporting and Disrespecting all the people who MAKE AMERICA GREAT and then expect their ORIGIN COUNTRIES TO MAKE DEALS??!! Smh. foh",
        "When is he gonna deal with AMERICA? Listen. If he wants Outside Business. WE HAVE TO CATER TO THIER NEEDS. Our Products are terrible. Our Cars don't fit on thier roads. We don't create ANYTHING INNOVATIVE...or original. All this is due to racism. NOBODY WANTS BLAND POTATO SALAD WIT RAISINS. Trump Deporting and Disrespecting all the people who MAKE AMERICA GREAT and then expect their ORIGIN COUNTRIES TO MAKE DEALS??!! Smh. foh",
        "Oh..Trust me. WE BEEN WOKE. All this mess isn't on US. It's on them. 46 of our 47 president's were YT. So... We know who the real problem is. This is the best Reality Show since REAL World. I don't respect Isreal"
      ],
      "language": "English",
      "pure_emoji": false
    },
    {
      "user": "Bruiser",
      "comments": [
        "They is Seat of your Pants but this is seat of your Diaper. 😂😂😂😂😂😂"
      ],
      "language": "English",
      "pure_emoji": false
    },
    {
      "user": "Bryson Webb",
      "comments": [
        "Your from Canada"
      ],
      "language": "English",
      "pure_emoji": false
    },
    {
      "user": "CEO of  Cangkul Corp.",
      "comments": [
        "China please dump all your US Bond🥰🥰🥰",
        "China please dump all your US Bond🥰🥰🥰"
      ],
      "language": "English",
      "pure_emoji": false
    },
    {
      "user": "CanadaPheonix 🇨🇦",
      "comments": [
        "he's a clown.",
        "he's a clown."
      ],
      "language": "English",
      "pure_emoji": false
    },
    {
      "user": "Cindy Ng",
      "comments": [
        "Please give this world peace, how long you can live? why don't let it easy, happy ...",
        "Please give this world peace, how long you can live? why don't let it easy, happy ..."
      ],
      "language": "English",
      "pure_emoji": false
    },
    {
      "user": "Cipher777🚴‍♂️",
      "comments": [
        "what about those that US has surplus with and yet add with 10% tax like for eg singapore",
        "what about those that US has surplus with and yet add with 10% tax like for eg singapore"
      ],
      "language": "English",
      "pure_emoji": false
    },
    {
      "user": "Clint",
      "comments": [
        "China still has 125% blankets tarrif for anything from the US. Is not back to before🤣🤣",
        "China still has 125% blankets tarrif for anything from the US. Is not back to before🤣🤣"
      ],
      "language": "English",
      "pure_emoji": false
    },
    {
      "user": "Clyde Mac Dougall",
      "comments": [
        "Good stay away USA…",
        "Good stay away USA…"
      ],
      "language": "English",
      "pure_emoji": false
    },
    {
      "user": "Cono",
      "comments": [
        "I have been trying to be think 🤔 what product the world 🌍 can leave without made in the USA ? 🇺🇸 I am still thinking 🤔!",
        "I have been trying to be think 🤔 what product the world 🌍 can leave without made in the USA ? 🇺🇸 I am still thinking 🤔!"
      ],
      "language": "English",
      "pure_emoji": false
    },
    {
      "user": "Cosimo🇨🇦",
      "comments": [
        "“They’re tariffing the penguins . They’re trading the seals. “",
        "“They’re tariffing the penguins . They’re trading the seals. “"
      ],
      "language": "English",
      "pure_emoji": false
    },
    {
      "user": "Crimson Tide",
      "comments": [
        "“we go back to where we were?” seriously? the markets broke support, the bond market is in shambles….we can’t go to where we were!",
        "“we go back to where we were?” seriously? the markets broke support, the bond market is in shambles….we can’t go to where we were!"
      ],
      "language": "English",
      "pure_emoji": false
    },
    {
      "user": "Daddy Chill",
      "comments": [
        "Forget about a deal with China. You want manufacturing jobs, start building those beautiful factories.",
        "Forget about a deal with China. You want manufacturing jobs, start building those beautiful factories."
      ],
      "language": "English",
      "pure_emoji": false
    },
    {
      "user": "Danielle Smith",
      "comments": [
        "😂😂😂",
        "😂😂😂"
      ],
      "language": "Other",
      "pure_emoji": false
    },
    {
      "user": "Danne Camp",
      "comments": [
        "Trump dont back down, dont fall into china trap",
        "Trump dont back down, dont fall into china trap"
      ],
      "language": "English",
      "pure_emoji": false
    },
    {
      "user": "Deactive",
      "comments": [
        "Hahahah China has put him at place.",
        "Hahahah China has put him at place."
      ],
      "language": "English",
      "pure_emoji": false
    },
    {
      "user": "Delwar Chowdhury",
      "comments": [
        "😂",
        "😂"
      ],
      "language": "Other",
      "pure_emoji": false
    },
    {
      "user": "Desperado",
      "comments": [
        "Trump: make China great again 🤣",
        "Trump: make China great again 🤣"
      ],
      "language": "English",
      "pure_emoji": false
    },
    {
      "user": "DirectAction",
      "comments": [
        "guess what, add another 10% to inflation.",
        "guess what, add another 10% to inflation."
      ],
      "language": "English",
      "pure_emoji": false
    },
    {
      "user": "Ditaeon",
      "comments": [
        "Nah, he's only out to make a good deal for himself and burden the other party",
        "Nah, he's only out to make a good deal for himself and burden the other party"
      ],
      "language": "English",
      "pure_emoji": false
    },
    {
      "user": "ELX",
      "comments": [
        "natanyahu puppet",
        "natanyahu puppet"
      ],
      "language": "English",
      "pure_emoji": false
    },
    {
      "user": "Ecoazario 🪪⚽️🎮🎱",
      "comments": [
        "he actually made the US richer by tarrifs and by bringing over 3+ trillion into the stock market.💀🙏"
      ],
      "language": "English",
      "pure_emoji": false
    },
    {
      "user": "Ely",
      "comments": [
        "Orange man is a slave to Israel",
        "Orange man is a slave to Israel"
      ],
      "language": "English",
      "pure_emoji": false
    },
    {
      "user": "Em",
      "comments": [
        "Unequal populations shouldn't require equal spending🙄",
        "Unequal populations shouldn't require equal spending🙄"
      ],
      "language": "English",
      "pure_emoji": false
    },
    {
      "user": "Emília Tkačiková",
      "comments": [
        "TRUMP 👏👏🌹❤️🌹❤️💯💯💯💯💯💯💯💯💯💯",
        "TRUMP 👏👏🌹❤️🌹❤️💯💯💯💯💯💯💯💯💯💯"
      ],
      "language": "English",
      "pure_emoji": false
    },
    {
      "user": "F\"CK 🇮🇱",
      "comments": [
        "This person's destruction",
        "This person's destruction",
        "🤣🤣"
      ],
      "language": "English",
      "pure_emoji": false
    },
    {
      "user": "Farai Tarskumm",
      "comments": [
        "We don't want to negotiate 😂😂 Nobody here buys anything american. Only the few selling to yankland care. I don't 😂😂",
        "We don't want to negotiate 😂😂 Nobody here buys anything american. Only the few selling to yankland care. I don't 😂😂"
      ],
      "language": "English",
      "pure_emoji": false
    },
    {
      "user": "Fazlin Milhin",
      "comments": [
        "he's d 1 who need d deal badly😂😂😂😂😂😂😂",
        "he's d 1 who need d deal badly😂😂😂😂😂😂😂"
      ],
      "language": "English",
      "pure_emoji": false
    },
    {
      "user": "Flingin_Stix",
      "comments": [
        "Caving in real time. “Good for both countries” but America First.",
        "Caving in real time. “Good for both countries” but America First."
      ],
      "language": "English",
      "pure_emoji": false
    },
    {
      "user": "Francis John467",
      "comments": [
        "Art of the deal by the commander in queef himself",
        "Art of the deal by the commander in queef himself"
      ],
      "language": "English",
      "pure_emoji": false
    },
    {
      "user": "Geelong21🇦🇺",
      "comments": [
        "The US has a surplus with Australia, Australia has zero Tariffs on the US yet he put a 25% tariff on Australia’s steel and aluminium and 10% on everything else. So it’s all a lie.",
        "The US has a surplus with Australia, Australia has zero Tariffs on the US yet he put a 25% tariff on Australia’s steel and aluminium and 10% on everything else. So it’s all a lie."
      ],
      "language": "English",
      "pure_emoji": false
    },
    {
      "user": "God Steam 91",
      "comments": [
        "trump is brillian.... with this trick.. them apple must pay billion usd to trump private to save apple and reduce tarrifff smartphone, ibm server 🤯",
        "trump is brillian.... with this trick.. them apple must pay billion usd to trump private to save apple and reduce tarrifff smartphone, ibm server 🤯"
      ],
      "language": "English",
      "pure_emoji": false
    },
    {
      "user": "God no 10",
      "comments": [
        "❤Dump all usa stock, dump all usd , dump all usa bond. ❤United in military and politics ❤ Remember usa can Buy because they export scam money usd and force national to buy this dollar or war wap .. 😂",
        "❤Dump all usa stock, dump all usd , dump all usa bond. ❤United in military and politics ❤ Remember usa can Buy because they export scam money usd and force national to buy this dollar or war wap .. 😂"
      ],
      "language": "English",
      "pure_emoji": false
    },
    {
      "user": "Guest 2024 🇦🇺",
      "comments": [
        "How reporters take Trump seriously makes him seem more legit where the rest of the world..we see a fake president.",
        "How reporters take Trump seriously makes him seem more legit where the rest of the world..we see a fake president."
      ],
      "language": "English",
      "pure_emoji": false
    },
    {
      "user": "Guyman 001",
      "comments": [
        "The penguins called yet?",
        "The penguins called yet?"
      ],
      "language": "English",
      "pure_emoji": false
    },
    {
      "user": "Göran Skoog 🇸🇪🇱🇷🇪🇸🇬🇧",
      "comments": [
        "If tariffs are so great, why exempt companies and donors? Just slap 500% tariff-tax on everything and enjoy the ‘freedom’ of higher prices in your MAGA-patriotic wallet...🙄🙄",
        "If tariffs are so great, why exempt companies and donors? Just slap 500% tariff-tax on everything and enjoy the ‘freedom’ of higher prices in your MAGA-patriotic wallet...🙄🙄"
      ],
      "language": "English",
      "pure_emoji": false
    },
    {
      "user": "HeidiHo4200",
      "comments": [
        "He has no idea what he’s doing. No plan. Nothing. Except ruin. Worst president ands horrible human.",
        "He has no idea what he’s doing. No plan. Nothing. Except ruin. Worst president ands horrible human."
      ],
      "language": "English",
      "pure_emoji": false
    },
    {
      "user": "HenzSG",
      "comments": [
        "😂😂😂 Can't make a deal, we go back fr where we were 🤣 i like that simplicity thought of Donny.",
        "😂😂😂 Can't make a deal, we go back fr where we were 🤣 i like that simplicity thought of Donny."
      ],
      "language": "English",
      "pure_emoji": false
    },
    {
      "user": "I Love Lucy",
      "comments": [
        "Is he playin 5-D chess or snakes and ladders?",
        "Is he playin 5-D chess or snakes and ladders?"
      ],
      "language": "English",
      "pure_emoji": false
    },
    {
      "user": "Igama The FoodBae 🫶🏾🤝",
      "comments": [
        "Trump and MAGA must kiss Xi’s a## before getting a missed call 😅😅",
        "Trump and MAGA must kiss Xi’s a## before getting a missed call 😅😅"
      ],
      "language": "English",
      "pure_emoji": false
    },
    {
      "user": "Irish James",
      "comments": [
        "80 year's down the drain",
        "80 year's down the drain"
      ],
      "language": "English",
      "pure_emoji": false
    },
    {
      "user": "Ita Latina 🇨🇦",
      "comments": [
        "Remember his background … the U.S. is being run by a narcissistic felon.",
        "Remember his background … the U.S. is being run by a narcissistic felon."
      ],
      "language": "English",
      "pure_emoji": false
    },
    {
      "user": "JEROME NISHAN Xavier",
      "comments": [
        "Karma",
        "Karma"
      ],
      "language": "English",
      "pure_emoji": false
    },
    {
      "user": "JICHO",
      "comments": [
        "😂🤣",
        "😂🤣"
      ],
      "language": "Other",
      "pure_emoji": false
    },
    {
      "user": "JIM9175",
      "comments": [
        "trade deficit wif u...still need to pay 10% tariff...reciprocal...???!!!🤭",
        "trade deficit wif u...still need to pay 10% tariff...reciprocal...???!!!🤭"
      ],
      "language": "English",
      "pure_emoji": false
    },
    {
      "user": "Jackfish Country",
      "comments": [
        "Delusional Orange Man",
        "Delusional Orange Man"
      ],
      "language": "English",
      "pure_emoji": false
    },
    {
      "user": "Jay",
      "comments": [
        "he is going to bankrupt US",
        "he is going to bankrupt US"
      ],
      "language": "English",
      "pure_emoji": false
    },
    {
      "user": "Jeremy",
      "comments": [
        "He couldn’t deal a pack of cards",
        "He couldn’t deal a pack of cards"
      ],
      "language": "English",
      "pure_emoji": false
    },
    {
      "user": "Jeson",
      "comments": [
        "不要停，你是伟大的，加油💪",
        "不要停，你是伟大的，加油💪"
      ],
      "language": "Chinese",
      "pure_emoji": false
    },
    {
      "user": "John80382",
      "comments": [
        "trump has surrendered. USA had been defeated by China",
        "trump has surrendered. USA had been defeated by China"
      ],
      "language": "English",
      "pure_emoji": false
    },
    {
      "user": "JohnC1",
      "comments": [
        "Trade deficits simply don’t matter. Economic growth is all that matters. If this is not accepted by Trump, the markets will soon decide everything for him. You can’t argue with gravity.",
        "Trade deficits simply don’t matter. Economic growth is all that matters. If this is not accepted by Trump, the markets will soon decide everything for him. You can’t argue with gravity."
      ],
      "language": "English",
      "pure_emoji": false
    },
    {
      "user": "Johnathan@",
      "comments": [
        "😂😂😂",
        "😂😂😂"
      ],
      "language": "Other",
      "pure_emoji": false
    },
    {
      "user": "Julius Auslia Tjhin",
      "comments": [
        "He want to go back to yesterday 😂",
        "He want to go back to yesterday 😂"
      ],
      "language": "English",
      "pure_emoji": false
    },
    {
      "user": "Jumpers 2.0",
      "comments": [
        "now he is using the words deficits and surplus 😂🤡",
        "now he is using the words deficits and surplus 😂🤡"
      ],
      "language": "English",
      "pure_emoji": false
    },
    {
      "user": "K99999K",
      "comments": [
        "根本就没人找他谈 哈哈哈",
        "他有臆想症了 建议他去看看医生",
        "根本就没人找他谈 哈哈哈",
        "他有臆想症了 建议他去看看医生"
      ],
      "language": "Chinese",
      "pure_emoji": false
    },
    {
      "user": "KAΛΛΙΣΤΙ",
      "comments": [
        "why aren't reporters asking about the many comparisons between the republican party and the Nazi party?",
        "why aren't reporters asking about the many comparisons between the republican party and the Nazi party?"
      ],
      "language": "English",
      "pure_emoji": false
    },
    {
      "user": "Kane Luo",
      "comments": [
        "Before China opened up in 70s, they didn't trade with no one for nearly 3 decades, yet, they managed to become a nuclear power and killed a quarter million Americans in Korea. U think they bend now?😂",
        "Before China opened up in 70s, they didn't trade with no one for nearly 3 decades, yet, they managed to become a nuclear power and killed a quarter million Americans in Korea. U think they bend now?😂"
      ],
      "language": "English",
      "pure_emoji": false
    },
    {
      "user": "Kellen bond",
      "comments": [
        "He has no clue",
        "What ever happened to the war in ukrwine",
        "He has no clue",
        "What ever happened to the war in ukrwine"
      ],
      "language": "English",
      "pure_emoji": false
    },
    {
      "user": "KindlerCommunity",
      "comments": [
        "Xi is not someone you scare into submission. To try to rattle a man who has known exile, poverty, loss, and survival from boyhood is to play chess blindfolded. What a great strategic miscalculation!",
        "Xi is not someone you scare into submission. To try to rattle a man who has known exile, poverty, loss, and survival from boyhood is to play chess blindfolded. What a great strategic miscalculation!"
      ],
      "language": "English",
      "pure_emoji": false
    },
    {
      "user": "Kyle the animal🇨🇦",
      "comments": [
        "Your treasury bonds are at 4.5%. You are rapidly loses your world economic position. 5% and you run a huge risk of bankruptcy. A sell-off is happening and I don’t think it’s going to stop.",
        "Your treasury bonds are at 4.5%. You are rapidly loses your world economic position. 5% and you run a huge risk of bankruptcy. A sell-off is happening and I don’t think it’s going to stop."
      ],
      "language": "English",
      "pure_emoji": false
    },
    {
      "user": "K🦋",
      "comments": [
        "Pretty much everyone is retaliating I don’t think it’s going to go how he planned",
        "Pretty much everyone is retaliating I don’t think it’s going to go how he planned"
      ],
      "language": "English",
      "pure_emoji": false
    },
    {
      "user": "LOUISTOMLINSONHQ",
      "comments": [
        "lol Trump is begging 🤣",
        "lol Trump is begging 🤣"
      ],
      "language": "English",
      "pure_emoji": false
    },
    {
      "user": "LaDoña",
      "comments": [
        "He didn't count for the other countries retaliate by offloading US Bonds. He tanking the stock market and the bond market.",
        "He didn't count for the other countries retaliate by offloading US Bonds. He tanking the stock market and the bond market."
      ],
      "language": "English",
      "pure_emoji": false
    },
    {
      "user": "LadyElayne",
      "comments": [
        "Insider trading!!!!!!",
        "Insider trading!!!!!!"
      ],
      "language": "English",
      "pure_emoji": false
    },
    {
      "user": "Laher",
      "comments": [
        "FREE PALESTINE",
        "FREE PALESTINE"
      ],
      "language": "English",
      "pure_emoji": false
    },
    {
      "user": "Leon Lin",
      "comments": [
        "Still in his dreamland 😅😅😅",
        "Still in his dreamland 😅😅😅"
      ],
      "language": "English",
      "pure_emoji": false
    },
    {
      "user": "Leonardo Di Catmeeow",
      "comments": [
        "How do trade deficits actually happen? US bought goods from Cambodia, for example. Bought so many goods, cheaply. Of course US has money deficits. But Cambodia sent you goods, spent time and sweats!",
        "How do trade deficits actually happen? US bought goods from Cambodia, for example. Bought so many goods, cheaply. Of course US has money deficits. But Cambodia sent you goods, spent time and sweats!"
      ],
      "language": "English",
      "pure_emoji": false
    },
    {
      "user": "Life’s Like",
      "comments": [
        "All the tax money goes to you funding countries for war and get your money back from selling them weapons and you get money back. Surplus, China supplies you a tv for 400$ and you sell it for 4000$ for doing nothing. Dont talk about surplus. Your health care is s***.",
        "All the tax money goes to you funding countries for war and get your money back from selling them weapons and you get money back. Surplus, China supplies you a tv for 400$ and you sell it for 4000$ for doing nothing. Dont talk about surplus. Your health care is s***."
      ],
      "language": "English",
      "pure_emoji": false
    },
    {
      "user": "Lim Kwee Huat",
      "comments": [
        "Trump wanted to take control over the world,he wants everyone to follow him whatever he says!!ridiculous!!!",
        "Trump wanted to take control over the world,he wants everyone to follow him whatever he says!!ridiculous!!!"
      ],
      "language": "English",
      "pure_emoji": false
    },
    {
      "user": "Long Gu: Technical Sportswear",
      "comments": [
        "Let’s see 30yrs of US saying decouple/derisk from China, 8 yrs of tariff appetizers from Trump 1.0 and Biden, and they thought China didn’t see a main course coming? 😏 8 YEARS of PREP TIME 🤣",
        "Let’s see 30yrs of US saying decouple/derisk from China, 8 yrs of tariff appetizers from Trump 1.0 and Biden, and they thought China didn’t see a main course coming? 😏 8 YEARS of PREP TIME 🤣"
      ],
      "language": "English",
      "pure_emoji": false
    },
    {
      "user": "Lulwe",
      "comments": [
        "but didn't he say America 1st, and didn't 75 countries already kiss his patootie or something... was that less than true",
        "but didn't he say America 1st, and didn't 75 countries already kiss his patootie or something... was that less than true"
      ],
      "language": "English",
      "pure_emoji": false
    },
    {
      "user": "Lunch",
      "comments": [
        "Deficits usually because they do not need or want what you have.",
        "Deficits usually because they do not need or want what you have."
      ],
      "language": "English",
      "pure_emoji": false
    },
    {
      "user": "Lv Wutla",
      "comments": [
        "You taking chances wena",
        "You taking chances wena"
      ],
      "language": "English",
      "pure_emoji": false
    },
    {
      "user": "M2daB",
      "comments": [
        "Australia just quietly filling in the shortfalls…. Chachinga$$$$ 😂",
        "Australia just quietly filling in the shortfalls…. Chachinga$$$$ 😂"
      ],
      "language": "English",
      "pure_emoji": false
    },
    {
      "user": "MAMAYO...💞",
      "comments": [
        "🤣🤣🤣🤣🤣🤣 U tern 🤣🤣🤣🤣 poor Trump",
        "🤣🤣🤣🤣🤣🤣 U tern 🤣🤣🤣🤣 poor Trump"
      ],
      "language": "English",
      "pure_emoji": false
    },
    {
      "user": "MENDIETA",
      "comments": [
        "China will humble you",
        "China will humble you"
      ],
      "language": "English",
      "pure_emoji": false
    },
    {
      "user": "Mack the drum",
      "comments": [
        "so he got away with market manipulation and a %10 tax on everything. Dems are feckless and spineless capitalist scum cuz they don't want to stop this, they are loving it too.",
        "so he got away with market manipulation and a %10 tax on everything. Dems are feckless and spineless capitalist scum cuz they don't want to stop this, they are loving it too."
      ],
      "language": "English",
      "pure_emoji": false
    },
    {
      "user": "Maju Maju Jabu🇿🇦🇨🇦",
      "comments": [
        "Defeated",
        "Defeated"
      ],
      "language": "English",
      "pure_emoji": false
    },
    {
      "user": "Map",
      "comments": [
        "And go back to where we were??",
        "And go back to where we were??"
      ],
      "language": "English",
      "pure_emoji": false
    },
    {
      "user": "Marc Neal",
      "comments": [
        "he is not interested I what is good for both parties,",
        "he is not interested I what is good for both parties,"
      ],
      "language": "English",
      "pure_emoji": false
    },
    {
      "user": "MargaritaMix",
      "comments": [
        "Honestly, The only proof there are schools and an education system in the US is all the school 🔫’s 🙄🙄🙄",
        "Honestly, The only proof there are schools and an education system in the US is all the school 🔫’s 🙄🙄🙄"
      ],
      "language": "English",
      "pure_emoji": false
    },
    {
      "user": "Matthew 🇨🇦",
      "comments": [
        "obviously you are going to have a trade deficit with smaller countries trump has no idea how trade policy works",
        "obviously you are going to have a trade deficit with smaller countries trump has no idea how trade policy works"
      ],
      "language": "English",
      "pure_emoji": false
    },
    {
      "user": "Me",
      "comments": [
        "Bahahaha China really made him quiet",
        "Bahahaha China really made him quiet"
      ],
      "language": "English",
      "pure_emoji": false
    },
    {
      "user": "Michael French",
      "comments": [
        "Heads I win. Tales You lose.",
        "Heads I win. Tales You lose."
      ],
      "language": "English",
      "pure_emoji": false
    },
    {
      "user": "Michele Ow",
      "comments": [
        "Realllllyyyyyy 😑 Did u blink 😑",
        "Realllllyyyyyy 😑 Did u blink 😑"
      ],
      "language": "English",
      "pure_emoji": false
    },
    {
      "user": "Mickstar",
      "comments": [
        "Ford and John Deere are leaving and moving to Mexico more will follow",
        "Ford and John Deere are leaving and moving to Mexico more will follow"
      ],
      "language": "English",
      "pure_emoji": false
    },
    {
      "user": "Midnight joker",
      "comments": [
        "😂😂😂",
        "😂😂😂"
      ],
      "language": "Other",
      "pure_emoji": false
    },
    {
      "user": "Miranda McTier-Author🇨🇦✍️📚",
      "comments": [
        "350 consumers vs. 40 consumers WE HAVE A DEFICIT! 🤦‍♀️🤦‍♀️🤦‍♀️🤦‍♀️🤦‍♀️",
        "350 consumers vs. 40 consumers WE HAVE A DEFICIT! 🤦‍♀️🤦‍♀️🤦‍♀️🤦‍♀️🤦‍♀️"
      ],
      "language": "English",
      "pure_emoji": false
    },
    {
      "user": "Mo$ape",
      "comments": [
        "Trump failed and bankrupted billions and 7 to 10 business how can you think he can run a country 🤡🤡🤡🤡",
        "Trump failed and bankrupted billions and 7 to 10 business how can you think he can run a country 🤡🤡🤡🤡"
      ],
      "language": "English",
      "pure_emoji": false
    },
    {
      "user": "Mohd Mazlan",
      "comments": [
        "Its seems trump lose with china...😜🍌🍌🍌",
        "Its seems trump lose with china...😜🍌🍌🍌"
      ],
      "language": "English",
      "pure_emoji": false
    },
    {
      "user": "MxSx",
      "comments": [
        "so countries that has deficits with the US should tariff US as much?",
        "so countries that has deficits with the US should tariff US as much?"
      ],
      "language": "English",
      "pure_emoji": false
    },
    {
      "user": "NAS66",
      "comments": [
        "USA finished",
        "USA finished"
      ],
      "language": "English",
      "pure_emoji": false
    },
    {
      "user": "NVM",
      "comments": [
        "Those reporters out there will never gets the true answer from this evil man, why waste so much time asking questions for 😂🤣😁",
        "Those reporters out there will never gets the true answer from this evil man, why waste so much time asking questions for 😂🤣😁"
      ],
      "language": "English",
      "pure_emoji": false
    },
    {
      "user": "Najib ナジブ",
      "comments": [
        "His idea of economics: Step 1: Tax imports. Step 2: ??? Step 3: Blame the rest of the world",
        "His idea of economics: Step 1: Tax imports. Step 2: ??? Step 3: Blame the rest of the world"
      ],
      "language": "English",
      "pure_emoji": false
    },
    {
      "user": "Naushad Anwary",
      "comments": [
        "my dogs name is trump n it actualy looks like him",
        "my dogs name is trump n it actualy looks like him"
      ],
      "language": "English",
      "pure_emoji": false
    },
    {
      "user": "Nessie",
      "comments": [
        "He doesn’t have the cards, has he said thank you to China?",
        "He doesn’t have the cards, has he said thank you to China?"
      ],
      "language": "English",
      "pure_emoji": false
    },
    {
      "user": "Ngáo Ngáo",
      "comments": [
        "Fuseg wena",
        "Fuseg wena"
      ],
      "language": "English",
      "pure_emoji": false
    },
    {
      "user": "Niceandicy",
      "comments": [
        "Thanks president ditch digger.👏",
        "Thanks president ditch digger.👏"
      ],
      "language": "English",
      "pure_emoji": false
    },
    {
      "user": "Ninja",
      "comments": [
        "We don't care we don't care take back your 15% we focus on 85% less headache life more peaceful 😜",
        "We don't care we don't care take back your 15% we focus on 85% less headache life more peaceful 😜"
      ],
      "language": "English",
      "pure_emoji": false
    },
    {
      "user": "One fine day",
      "comments": [
        "America made China the most like country",
        "America made China the most like country"
      ],
      "language": "English",
      "pure_emoji": false
    },
    {
      "user": "Optimus",
      "comments": [
        "trump tries to show how America is weak currently 😂 tod yah",
        "trump tries to show how America is weak currently 😂 tod yah"
      ],
      "language": "English",
      "pure_emoji": false
    },
    {
      "user": "Out of control",
      "comments": [
        "china dumping us Treasury bonds☠️☠️☠️😂",
        "china dumping us Treasury bonds☠️☠️☠️😂"
      ],
      "language": "English",
      "pure_emoji": false
    },
    {
      "user": "Pam  🇨🇦",
      "comments": [
        "the man has lost his mind",
        "the man has lost his mind"
      ],
      "language": "English",
      "pure_emoji": false
    },
    {
      "user": "Patricia Mccarley",
      "comments": [
        "Orange stain 🤡",
        "Orange stain 🤡"
      ],
      "language": "English",
      "pure_emoji": false
    },
    {
      "user": "Patrick 🇨🇦",
      "comments": [
        "He is kissing…..to China",
        "He is kissing…..to China"
      ],
      "language": "English",
      "pure_emoji": false
    },
    {
      "user": "Paul",
      "comments": [
        "🤣",
        "🤣"
      ],
      "language": "Other",
      "pure_emoji": false
    },
    {
      "user": "Pavage Atlantis",
      "comments": [
        "😂😂😂",
        "😂😂😂"
      ],
      "language": "Other",
      "pure_emoji": false
    },
    {
      "user": "Penning’s Kreative Werkz",
      "comments": [
        "😂😂😂😂 spoken like an uninformed, condescending person with only his own personal interests at heart.",
        "😂😂😂😂 spoken like an uninformed, condescending person with only his own personal interests at heart."
      ],
      "language": "English",
      "pure_emoji": false
    },
    {
      "user": "Peter Wilson",
      "comments": [
        "Ask ChatGPT the following question; “Explain the hypocrisy of the USA punishing a country with tariffs because of a trade surplus”. Some good answers in there 😊🇦🇺🤔",
        "Ask ChatGPT the following question; “Explain the hypocrisy of the USA punishing a country with tariffs because of a trade surplus”. Some good answers in there 😊🇦🇺🤔"
      ],
      "language": "English",
      "pure_emoji": false
    },
    {
      "user": "Petey Fuentes",
      "comments": [
        "😳😳😳",
        "😳😳😳"
      ],
      "language": "Other",
      "pure_emoji": false
    },
    {
      "user": "PixelVendors",
      "comments": [
        "so now it's meant to be good for both countries? okay 👌",
        "so now it's meant to be good for both countries? okay 👌"
      ],
      "language": "English",
      "pure_emoji": false
    },
    {
      "user": "Potato coffee & nut milk TH",
      "comments": [
        "You are making no sense now, you started this nonsense and China will take no bullshit",
        "You are making no sense now, you started this nonsense and China will take no bullshit"
      ],
      "language": "English",
      "pure_emoji": false
    },
    {
      "user": "QDB8033",
      "comments": [
        "😳😳😳",
        "😳😳😳"
      ],
      "language": "Other",
      "pure_emoji": false
    },
    {
      "user": "Rachyv 🇦🇺",
      "comments": [
        "Liar. We had a free trade agreement zero mutual tariffs and a surplus. Too late mate",
        "Liar. We had a free trade agreement zero mutual tariffs and a surplus. Too late mate"
      ],
      "language": "English",
      "pure_emoji": false
    },
    {
      "user": "Rakibul Hasan",
      "comments": [
        "Free Free Palestinians",
        "Free Free Palestinians"
      ],
      "language": "English",
      "pure_emoji": false
    },
    {
      "user": "RaspberryBanta",
      "comments": [
        "China doesint care if you make the deal or not. just stop threatening things to get your way and sort your vice president out calling people peasants",
        "China doesint care if you make the deal or not. just stop threatening things to get your way and sort your vice president out calling people peasants"
      ],
      "language": "English",
      "pure_emoji": false
    },
    {
      "user": "Rasputin887",
      "comments": [
        "Trump promised to bring down prices and could not so he started a trade war. Funny thing is he is making Biden look like an economic genius",
        "Trump promised to bring down prices and could not so he started a trade war. Funny thing is he is making Biden look like an economic genius"
      ],
      "language": "English",
      "pure_emoji": false
    },
    {
      "user": "Raymond raymondn",
      "comments": [
        "Doesn't anyone understand that China sells to America about 14% of what it sells to the world. How can anyone think putting huge tariffs on 14% of what they are selling will bring them to their knees?",
        "Doesn't anyone understand that China sells to America about 14% of what it sells to the world. How can anyone think putting huge tariffs on 14% of what they are selling will bring them to their knees?"
      ],
      "language": "English",
      "pure_emoji": false
    },
    {
      "user": "Ree 🦎 🐍",
      "comments": [
        "22 billion sent to Israel in a year.... sure your country is on its knees, guys really need to wake up fast"
      ],
      "language": "English",
      "pure_emoji": false
    },
    {
      "user": "Rhythm🇨🇳",
      "comments": [
        "为什么一个国家的总统，朝令夕改，这样的国家没有任何可信度",
        "为什么一个国家的总统，朝令夕改，这样的国家没有任何可信度"
      ],
      "language": "Chinese",
      "pure_emoji": false
    },
    {
      "user": "Rick",
      "comments": [
        "Disaster on every front. Take his pen and microphone away",
        "Disaster on every front. Take his pen and microphone away"
      ],
      "language": "English",
      "pure_emoji": false
    },
    {
      "user": "Robin Chowdhury",
      "comments": [
        "His Tariffs is right now 😂 [写真]",
        "His Tariffs is right now 😂 [写真]"
      ],
      "language": "Mixed",
      "pure_emoji": false
    },
    {
      "user": "Rod",
      "comments": [
        "rooted, there's no going back. it is all down hill from here...",
        "rooted, there's no going back. it is all down hill from here..."
      ],
      "language": "English",
      "pure_emoji": false
    },
    {
      "user": "Ron_Chen007",
      "comments": [
        "I thought America first? Now, it’s got to be good for both? What happened? He look so weak now. Never expected a draft dodger to win a war anyways. 😂",
        "I thought America first? Now, it’s got to be good for both? What happened? He look so weak now. Never expected a draft dodger to win a war anyways. 😂"
      ],
      "language": "English",
      "pure_emoji": false
    },
    {
      "user": "Roni Burrito",
      "comments": [
        "US - “you’re taking advantage of us” 10% Tariff for you… Singapore- we have no tariffs on the US?! … New Zealand has 1.4% Tariff on US.. US - 10% for you for taking advantage of us 😂😂😂😂😂",
        "US - “you’re taking advantage of us” 10% Tariff for you… Singapore- we have no tariffs on the US?! … New Zealand has 1.4% Tariff on US.. US - 10% for you for taking advantage of us 😂😂😂😂😂"
      ],
      "language": "English",
      "pure_emoji": false
    },
    {
      "user": "Rushdy",
      "comments": [
        "after understanding china is really seriouse and they not gonna give up their dignity what ever maybe the economic cost, his tone changed to an obedient one 😂",
        "after understanding china is really seriouse and they not gonna give up their dignity what ever maybe the economic cost, his tone changed to an obedient one 😂"
      ],
      "language": "English",
      "pure_emoji": false
    },
    {
      "user": "Ryan Booth375",
      "comments": [
        "He is so full of hot air. It's the only thing he's actually good at. Rambling.",
        "He is so full of hot air. It's the only thing he's actually good at. Rambling."
      ],
      "language": "English",
      "pure_emoji": false
    },
    {
      "user": "Scarlett",
      "comments": [
        "Arrogance is the start of the downfall.",
        "Arrogance is the start of the downfall."
      ],
      "language": "English",
      "pure_emoji": false
    },
    {
      "user": "Sega4141sega",
      "comments": [
        "Trump 6 times bankruptcy 💪💪",
        "Trump 6 times bankruptcy 💪💪"
      ],
      "language": "English",
      "pure_emoji": false
    },
    {
      "user": "Sham.x",
      "comments": [
        "WHO IS REPRESENTI G PALESTINE TO DEAL WITH YOU THE DEVIL",
        "WHO IS REPRESENTI G PALESTINE TO DEAL WITH YOU THE DEVIL"
      ],
      "language": "English",
      "pure_emoji": false
    },
    {
      "user": "Shazza8250",
      "comments": [
        "He can’t maintain his decisions",
        "He can’t maintain his decisions"
      ],
      "language": "English",
      "pure_emoji": false
    },
    {
      "user": "Shimanti Makinta",
      "comments": [
        "I'll say it, Trump was voted in by a lot of people who believe in the same ideas he has. This idea is the first of many iterations to come. What kind of economic future is that for the global economy?",
        "I'll say it, Trump was voted in by a lot of people who believe in the same ideas he has. This idea is the first of many iterations to come. What kind of economic future is that for the global economy?"
      ],
      "language": "English",
      "pure_emoji": false
    },
    {
      "user": "Sidarial 🇦🇺 🦈",
      "comments": [
        "Oh so blanket tariffs don’t work, each negotiation is different because each country is different and not everyone has a trade surplus with the USA. EXACTLY WHAT PPL SAID at the start. 🤦🏼‍♂️",
        "Oh so blanket tariffs don’t work, each negotiation is different because each country is different and not everyone has a trade surplus with the USA. EXACTLY WHAT PPL SAID at the start. 🤦🏼‍♂️",
        "Y’all talking about checkers and chess when he’s sucking on the pieces in the corner of the room. 🤤"
      ],
      "language": "English",
      "pure_emoji": false
    },
    {
      "user": "Sometime😎",
      "comments": [
        "💪🇯🇴🇯🇴🇯🇴🇯🇴🇯🇴🇯🇴🇯🇴🇯🇴🇯🇴🇯🇴🇯🇴🇯🇴🇯🇴🇯🇴🇯🇴🇯🇴🇯🇴🇯🇴🇯🇴🇯🇴🇯🇴🇯🇴🇯🇴🇯🇴🇯🇴🇯🇴",
        "💪🇯🇴🇯🇴🇯🇴🇯🇴🇯🇴🇯🇴🇯🇴🇯🇴🇯🇴🇯🇴🇯🇴🇯🇴🇯🇴🇯🇴🇯🇴🇯🇴🇯🇴🇯🇴🇯🇴🇯🇴🇯🇴🇯🇴🇯🇴🇯🇴🇯🇴🇯🇴"
      ],
      "language": "Other",
      "pure_emoji": false
    },
    {
      "user": "Sooyoungxx",
      "comments": [
        "Him and his friends made millions and millions from this so he doesn't care.",
        "Him and his friends made millions and millions from this so he doesn't care."
      ],
      "language": "English",
      "pure_emoji": false
    },
    {
      "user": "Spider Lily",
      "comments": [
        "Such cowboy style … leader of a great nation lead in humanity",
        "Such cowboy style … leader of a great nation lead in humanity"
      ],
      "language": "English",
      "pure_emoji": false
    },
    {
      "user": "StefanoBerlin1979",
      "comments": [
        "schmieriger Vogel.... USA ist nicht mehr besser als Russland",
        "schmieriger Vogel.... USA ist nicht mehr besser als Russland"
      ],
      "language": "English",
      "pure_emoji": false
    },
    {
      "user": "Steve Jenkins349",
      "comments": [
        "trumpserk hunt",
        "trumpserk hunt"
      ],
      "language": "English",
      "pure_emoji": false
    },
    {
      "user": "Stevie",
      "comments": [
        "Trump wants to renegotiate every deal America has made with allies and foes 😂😂😂",
        "Trump wants to renegotiate every deal America has made with allies and foes 😂😂😂"
      ],
      "language": "English",
      "pure_emoji": false
    },
    {
      "user": "Stevy1003",
      "comments": [
        "Trump is panicking",
        "Trump is panicking"
      ],
      "language": "English",
      "pure_emoji": false
    },
    {
      "user": "StuckOnUrban Studio",
      "comments": [
        "他是那种自己想自己爽的人。😂"
      ],
      "language": "Chinese",
      "pure_emoji": false
    },
    {
      "user": "SunMana",
      "comments": [
        "At the end of the day tariffs goes to war, look at that 🤔🤔🤔",
        "At the end of the day tariffs goes to war, look at that 🤔🤔🤔"
      ],
      "language": "English",
      "pure_emoji": false
    },
    {
      "user": "Susan192",
      "comments": [
        "Thank you President Trump 🇺🇸",
        "Thank you President Trump 🇺🇸"
      ],
      "language": "English",
      "pure_emoji": false
    },
    {
      "user": "System notifications",
      "comments": [
        "MAGA. Make America Gaslight Again. time to manipulate the market for my buddies to earn few billions again",
        "MAGA. Make America Gaslight Again. time to manipulate the market for my buddies to earn few billions again"
      ],
      "language": "English",
      "pure_emoji": false
    },
    {
      "user": "THE GOAT 🐐",
      "comments": [
        "McDonald Trump..❌",
        "McDonald Trump..❌"
      ],
      "language": "English",
      "pure_emoji": false
    },
    {
      "user": "THEPROUDCANADIEN🇨🇦",
      "comments": [
        "Crazy son od à bit..",
        "Crazy son od à bit.."
      ],
      "language": "English",
      "pure_emoji": false
    },
    {
      "user": "Ta2dwench",
      "comments": [
        "This is what happens when you don't travel for fun. He has zero culture.",
        "This is what happens when you don't travel for fun. He has zero culture."
      ],
      "language": "English",
      "pure_emoji": false
    },
    {
      "user": "Ted Abu Bakar",
      "comments": [
        "China is so unbothered I love it 😁😁😁😁😁",
        "China is so unbothered I love it 😁😁😁😁😁"
      ],
      "language": "English",
      "pure_emoji": false
    },
    {
      "user": "Texas_Scorpio",
      "comments": [
        "They do not care 👌",
        "They do not care 👌"
      ],
      "language": "English",
      "pure_emoji": false
    },
    {
      "user": "The Fuzz",
      "comments": [
        "MAGA now feels like a scam motto.",
        "MAGA now feels like a scam motto."
      ],
      "language": "English",
      "pure_emoji": false
    },
    {
      "user": "The Rohster",
      "comments": [
        "can someone please ask him if he is going bald ? I would love to hear his response",
        "can someone please ask him if he is going bald ? I would love to hear his response"
      ],
      "language": "English",
      "pure_emoji": false
    },
    {
      "user": "The best",
      "comments": [
        "He made his billionaire buddies very wealthy few days ago and the people have to pay 100% for what they buy. These is how inflation inflated. He must be a very poor politician to run the country. His motto is make America a peasant country..👍👍👍",
        "He made his billionaire buddies very wealthy few days ago and the people have to pay 100% for what they buy. These is how inflation inflated. He must be a very poor politician to run the country. His motto is make America a peasant country..👍👍👍"
      ],
      "language": "English",
      "pure_emoji": false
    },
    {
      "user": "The_Master",
      "comments": [
        "He just need to manipulate the market more so ivanka and Jared make more money",
        "He just need to manipulate the market more so ivanka and Jared make more money"
      ],
      "language": "English",
      "pure_emoji": false
    },
    {
      "user": "TikTok",
      "comments": [
        "Yes. No country is negotiating. Dream on",
        "Yes. No country is negotiating. Dream on"
      ],
      "language": "English",
      "pure_emoji": false
    },
    {
      "user": "Tina🇨🇦🇨🇦🇨🇦🇨🇦",
      "comments": [
        "They’re all different??? Then why tariff all the same? Doesn’t have a clue what he’s doing?🤣🤣",
        "They’re all different??? Then why tariff all the same? Doesn’t have a clue what he’s doing?🤣🤣"
      ],
      "language": "English",
      "pure_emoji": false
    },
    {
      "user": "Tjap Jengkol",
      "comments": [
        "market do not trust anymore his mouth🤣🤣",
        "market do not trust anymore his mouth🤣🤣"
      ],
      "language": "English",
      "pure_emoji": false
    },
    {
      "user": "Toh Y C",
      "comments": [
        "Just go down to your knees n beg 😜",
        "Just go down to your knees n beg 😜"
      ],
      "language": "English",
      "pure_emoji": false
    },
    {
      "user": "Tom&Jerry",
      "comments": [
        "trump looking idiot now. He like a dog for setanyahu. He want increasing america economy just only to give money to israel kill the people of gaza.",
        "trump looking idiot now. He like a dog for setanyahu. He want increasing america economy just only to give money to israel kill the people of gaza."
      ],
      "language": "English",
      "pure_emoji": false
    },
    {
      "user": "Trent🇨🇦",
      "comments": [
        "stop buying from other countries America buys more",
        "stop buying from other countries America buys more"
      ],
      "language": "English",
      "pure_emoji": false
    },
    {
      "user": "USER1",
      "comments": [
        "don't matter if he cured cancer yall would never be satisfied low iq ppl"
      ],
      "language": "English",
      "pure_emoji": false
    },
    {
      "user": "Ucan",
      "comments": [
        "trade happens when you need, trade deficit happens when you need more than the other party....trade deficit does not mean the other party takes advantage of you,even it does, it caused by your needs💯",
        "trade happens when you need, trade deficit happens when you need more than the other party....trade deficit does not mean the other party takes advantage of you,even it does, it caused by your needs💯"
      ],
      "language": "English",
      "pure_emoji": false
    },
    {
      "user": "Usnea 🇵🇸",
      "comments": [
        "Chinese people have experienced struggle, they’re unified, they have purpose, and a more intelligent leader. They will win out in this trade war.",
        "Chinese people have experienced struggle, they’re unified, they have purpose, and a more intelligent leader. They will win out in this trade war."
      ],
      "language": "English",
      "pure_emoji": false
    },
    {
      "user": "Veronica🌸🇧🇻",
      "comments": [
        "putin, nethanjahu and kimyongUng can just buy citizenship now. anyone can no mather youre backgeound😅😅😅",
        "putin, nethanjahu and kimyongUng can just buy citizenship now. anyone can no mather youre backgeound😅😅😅"
      ],
      "language": "English",
      "pure_emoji": false
    },
    {
      "user": "Warren Lucky Star",
      "comments": [
        "You have upset nearly every trading country and you think we all want to make a deal lol",
        "You have upset nearly every trading country and you think we all want to make a deal lol"
      ],
      "language": "English",
      "pure_emoji": false
    },
    {
      "user": "Waterlily",
      "comments": [
        "USA runs a 300 billion dollars surplus in SERVICES with China. All he talks about is deficits.",
        "USA runs a 300 billion dollars surplus in SERVICES with China. All he talks about is deficits."
      ],
      "language": "English",
      "pure_emoji": false
    },
    {
      "user": "Wookie",
      "comments": [
        "He doesn't know he said yesterday",
        "He doesn't know he said yesterday"
      ],
      "language": "English",
      "pure_emoji": false
    },
    {
      "user": "XXI",
      "comments": [
        "why is the US congress allowing him to manipulate the global market",
        "why is the US congress allowing him to manipulate the global market"
      ],
      "language": "English",
      "pure_emoji": false
    },
    {
      "user": "Xavier0908",
      "comments": [
        "see that man..that's a defeated man. his face tells everything of a man that lost 😎",
        "see that man..that's a defeated man. his face tells everything of a man that lost 😎"
      ],
      "language": "English",
      "pure_emoji": false
    },
    {
      "user": "Yoohooitsonlyme🏴󠁧󠁢󠁳󠁣󠁴󠁿",
      "comments": [
        "I wish someone taught him the meanings of the words he uses before they let him use them.He’s really confused about tariffs,surpluses and deficits.",
        "I wish someone taught him the meanings of the words he uses before they let him use them.He’s really confused about tariffs,surpluses and deficits."
      ],
      "language": "English",
      "pure_emoji": false
    },
    {
      "user": "YouAreCreatorsOfficial",
      "comments": [
        "\"Became\"? 🤭"
      ],
      "language": "English",
      "pure_emoji": false
    },
    {
      "user": "Yusuf1909",
      "comments": [
        "Government Corruption",
        "Government Corruption"
      ],
      "language": "English",
      "pure_emoji": false
    },
    {
      "user": "Zamzuri Anuar",
      "comments": [
        "😂😂😂😂😂😂",
        "😂😂😂😂😂😂"
      ],
      "language": "Other",
      "pure_emoji": false
    },
    {
      "user": "ZoelAkecheta",
      "comments": [
        "He's Words Can't to Trust 😁😁 Always Changing 😂😂😂🪶",
        "He's Words Can't to Trust 😁😁 Always Changing 😂😂😂🪶"
      ],
      "language": "English",
      "pure_emoji": false
    },
    {
      "user": "Zura Saupi",
      "comments": [
        "he looks so tired. either he died overworked or assassinated🤔",
        "he looks so tired. either he died overworked or assassinated🤔"
      ],
      "language": "English",
      "pure_emoji": false
    },
    {
      "user": "angel 🇨🇦",
      "comments": [
        "He thought he was tough against China little man 😂😂😂😂",
        "He thought he was tough against China little man 😂😂😂😂"
      ],
      "language": "English",
      "pure_emoji": false
    },
    {
      "user": "anton",
      "comments": [
        "😂😂😂",
        "😂😂😂"
      ],
      "language": "Other",
      "pure_emoji": false
    },
    {
      "user": "aotearoa.choc.fush.🇳🇿",
      "comments": [
        "😂😂😂😂😂😂 Cheeto is folding",
        "😂😂😂😂😂😂 Cheeto is folding"
      ],
      "language": "English",
      "pure_emoji": false
    },
    {
      "user": "ardoilknf48",
      "comments": [
        "Oh you really got heeeeeeeeeem this time, again😏"
      ],
      "language": "English",
      "pure_emoji": false
    },
    {
      "user": "bluey2021",
      "comments": [
        "yeah I'd rather we trade with china they don't deserve out beef anyway",
        "we good we will just trade with china they want to help Australia 🤣 was only 5 percent of our export good luck America 🤣",
        "we good we will just trade with china they want to help Australia 🤣 was only 5 percent of our export good luck America 🤣"
      ],
      "language": "English",
      "pure_emoji": false
    },
    {
      "user": "bodhrantipper",
      "comments": [
        "18.9% of Chinese GDP relies on export. Lastest available figure in 2023 only 12.8% of that export is to the US. Been shrinking by a few % annually. That = only 2.4% GDP of China at most.",
        "18.9% of Chinese GDP relies on export. Lastest available figure in 2023 only 12.8% of that export is to the US. Been shrinking by a few % annually. That = only 2.4% GDP of China at most."
      ],
      "language": "English",
      "pure_emoji": false
    },
    {
      "user": "brendayeni_",
      "comments": [
        "Viva China ✊",
        "Viva China ✊"
      ],
      "language": "English",
      "pure_emoji": false
    },
    {
      "user": "bukansiapa2",
      "comments": [
        "אכן, שמנו כבלים על צווארם, ואז ידיהם (מורמות) לסנטריהם, אז הם מסתכלים למעלה. ועשינו מחיצה (חומה) לפניהם ומחיצה מאחוריהם, ועצמנו (את עיניהם) כדי שלא יראו. 36.8-9",
        "אכן, שמנו כבלים על צווארם, ואז ידיהם (מורמות) לסנטריהם, אז הם מסתכלים למעלה. ועשינו מחיצה (חומה) לפניהם ומחיצה מאחוריהם, ועצמנו (את עיניהם) כדי שלא יראו. 36.8-9"
      ],
      "language": "Other",
      "pure_emoji": false
    },
    {
      "user": "bumbletoon",
      "comments": [
        "America has a massive entertainment media surplus that should be tariffed globally",
        "America has a massive entertainment media surplus that should be tariffed globally"
      ],
      "language": "English",
      "pure_emoji": false
    },
    {
      "user": "carzie🇨🇦",
      "comments": [
        "he just doesn't understand that trade deficits are not the be all to end all,",
        "he just doesn't understand that trade deficits are not the be all to end all,"
      ],
      "language": "English",
      "pure_emoji": false
    },
    {
      "user": "cass",
      "comments": [
        "A deal is only made after a discussion by both parties. U don't slam it down another's throat?!!!",
        "A deal is only made after a discussion by both parties. U don't slam it down another's throat?!!!"
      ],
      "language": "English",
      "pure_emoji": false
    },
    {
      "user": "cathypope45",
      "comments": [
        "😁😁😁",
        "😁😁😁"
      ],
      "language": "Other",
      "pure_emoji": false
    },
    {
      "user": "chivas_rocks",
      "comments": [
        "🤣🤣🤣🤣🤣",
        "🤣🤣🤣🤣🤣"
      ],
      "language": "Other",
      "pure_emoji": false
    },
    {
      "user": "chocolatezoz",
      "comments": [
        "[写真]",
        "[写真]"
      ],
      "language": "Chinese",
      "pure_emoji": false
    },
    {
      "user": "dré 🇨🇦",
      "comments": [
        "He doesn’t even know how to explain it 🙄",
        "He doesn’t even know how to explain it 🙄"
      ],
      "language": "English",
      "pure_emoji": false
    },
    {
      "user": "dy0xwox9abu3",
      "comments": [
        "China 🇨🇳 humbled this guy",
        "China 🇨🇳 humbled this guy"
      ],
      "language": "English",
      "pure_emoji": false
    },
    {
      "user": "greta",
      "comments": [
        "😂😂😂",
        "😂😂😂"
      ],
      "language": "Other",
      "pure_emoji": false
    },
    {
      "user": "grippy_gizzmo",
      "comments": [
        "I don't know how you were able to put those two first words without getting flagged. I'm actually jealous 😭"
      ],
      "language": "English",
      "pure_emoji": false
    },
    {
      "user": "guidor250",
      "comments": [
        "For Trump the basis of negotiation is a big wet kiss to his butt!😅",
        "For Trump the basis of negotiation is a big wet kiss to his butt!😅"
      ],
      "language": "English",
      "pure_emoji": false
    },
    {
      "user": "hassan din",
      "comments": [
        "trump mr sir,,just deal it by take it or leave it..usa is owning the trades.",
        "trump mr sir,,just deal it by take it or leave it..usa is owning the trades."
      ],
      "language": "English",
      "pure_emoji": false
    },
    {
      "user": "hello.ayase",
      "comments": [
        "He made enemies with everyone now",
        "He made enemies with everyone now"
      ],
      "language": "English",
      "pure_emoji": false
    },
    {
      "user": "hengtan",
      "comments": [
        "For goodness sake ,ask relevant question like USA military sales and financial services rendered.Other countries are in deficit when such accounts are considered",
        "For goodness sake ,ask relevant question like USA military sales and financial services rendered.Other countries are in deficit when such accounts are considered"
      ],
      "language": "English",
      "pure_emoji": false
    },
    {
      "user": "hosaxx9",
      "comments": [
        "Those people made The Wall, have their own medicine,live in family's, invented gun powder and outnumbered US at least 3-4 times.",
        "Those people made The Wall, have their own medicine,live in family's, invented gun powder and outnumbered US at least 3-4 times."
      ],
      "language": "English",
      "pure_emoji": false
    },
    {
      "user": "hudayimkaya",
      "comments": [
        "He is the worst president of America",
        "He is the worst president of America"
      ],
      "language": "English",
      "pure_emoji": false
    },
    {
      "user": "illuminerdy",
      "comments": [
        "low IQ says the brainwashed sheep 😂 you look exactly like this [写真]"
      ],
      "language": "Mixed",
      "pure_emoji": false
    },
    {
      "user": "ios",
      "comments": [
        "🤣🤣🤣 🤣🤣🤣",
        "🤣🤣🤣 🤣🤣🤣"
      ],
      "language": "Other",
      "pure_emoji": false
    },
    {
      "user": "izz",
      "comments": [
        "Go chinaaaa",
        "Go chinaaaa"
      ],
      "language": "English",
      "pure_emoji": false
    },
    {
      "user": "jackcanada 🇨🇦",
      "comments": [
        "The Orange Cheeto folded and caved like a cheap American lawn chair! He's realized all the world leaders are smarter than him! 😂😂😂😂",
        "The Orange Cheeto folded and caved like a cheap American lawn chair! He's realized all the world leaders are smarter than him! 😂😂😂😂"
      ],
      "language": "English",
      "pure_emoji": false
    },
    {
      "user": "jamssparow",
      "comments": [
        "🤣🤣🤣",
        "🤣🤣🤣"
      ],
      "language": "Other",
      "pure_emoji": false
    },
    {
      "user": "jay",
      "comments": [
        "Trump he no what he doing... He is a business man before... 😁😁😁",
        "Trump he no what he doing... He is a business man before... 😁😁😁"
      ],
      "language": "English",
      "pure_emoji": false
    },
    {
      "user": "jimmyleggz",
      "comments": [
        "what about the penguins? whose gonna negotiate for the penguins?!",
        "what about the penguins? whose gonna negotiate for the penguins?!"
      ],
      "language": "English",
      "pure_emoji": false
    },
    {
      "user": "johnsonsihombing7",
      "comments": [
        "Trump wants to reduce US trade Deficit which $1,2 trillion, Debt $36 trillions, Interest $1 trillion by Tariff to save US not bankrupt. But other countries bullying Trump😁😁",
        "Trump wants to reduce US trade Deficit which $1,2 trillion, Debt $36 trillions, Interest $1 trillion by Tariff to save US not bankrupt. But other countries bullying Trump😁😁"
      ],
      "language": "English",
      "pure_emoji": false
    },
    {
      "user": "lekb4715",
      "comments": [
        "Trump made nearly half a billion dollars from the dip and surge he created.",
        "Trump made nearly half a billion dollars from the dip and surge he created."
      ],
      "language": "English",
      "pure_emoji": false
    },
    {
      "user": "lesmqel",
      "comments": [
        "😂😂😂 ooowhhh now good for both party?😂😂😂",
        "😂😂😂 ooowhhh now good for both party?😂😂😂"
      ],
      "language": "English",
      "pure_emoji": false
    },
    {
      "user": "loki lie",
      "comments": [
        "🥰",
        "🥰"
      ],
      "language": "Other",
      "pure_emoji": false
    },
    {
      "user": "lucienscevenels",
      "comments": [
        "Donald j trump does what others never could no tax on tips",
        "Donald j trump does what others never could no tax on tips"
      ],
      "language": "English",
      "pure_emoji": false
    },
    {
      "user": "luckyf90",
      "comments": [
        "How’s this for good for both parties. https://www.wallawallademocrats.com/other-voices/carneys-checkmates",
        "How’s this for good for both parties. https://www.wallawallademocrats.com/other-voices/carneys-checkmates"
      ],
      "language": "English",
      "pure_emoji": false
    },
    {
      "user": "mangacray",
      "comments": [
        "The Art of the Orange Peel…",
        "The Art of the Orange Peel…"
      ],
      "language": "English",
      "pure_emoji": false
    },
    {
      "user": "manmadeitm",
      "comments": [
        "USA 🇺🇸 just lost the war in 3 days china 🇨🇳 is far ahead of any country",
        "USA 🇺🇸 just lost the war in 3 days china 🇨🇳 is far ahead of any country"
      ],
      "language": "English",
      "pure_emoji": false
    },
    {
      "user": "mathewvoth7",
      "comments": [
        "How did he get even a single vote???? He has no idea what a trade deficit even is.",
        "How did he get even a single vote???? He has no idea what a trade deficit even is."
      ],
      "language": "English",
      "pure_emoji": false
    },
    {
      "user": "mayakurban0",
      "comments": [
        "It’s not about deal anymore, it’s about what’s right!",
        "It’s not about deal anymore, it’s about what’s right!"
      ],
      "language": "English",
      "pure_emoji": false
    },
    {
      "user": "mg38005",
      "comments": [
        "Totally underestimated the reaction from countries, and the markets. China is playing him like a fiddle. People are selling of US sticks and binds which will put the US in a massive hole.",
        "Totally underestimated the reaction from countries, and the markets. China is playing him like a fiddle. People are selling of US sticks and binds which will put the US in a massive hole."
      ],
      "language": "English",
      "pure_emoji": false
    },
    {
      "user": "nativebyblood-darkhorse",
      "comments": [
        "put tariffs on lion seals to save the penguins lol",
        "it was a joke not a dk laugh"
      ],
      "language": "English",
      "pure_emoji": false
    },
    {
      "user": "ninche farms ventures",
      "comments": [
        "Trump had a good idea but badly initiated. He ought to ensure America was fit enough to produce their own basic necessities of life before jumping to this war.. China can survive 50 years without USA.",
        "Trump had a good idea but badly initiated. He ought to ensure America was fit enough to produce their own basic necessities of life before jumping to this war.. China can survive 50 years without USA."
      ],
      "language": "English",
      "pure_emoji": false
    },
    {
      "user": "opinionOnion",
      "comments": [
        "he won't...he will make billions and billions... because of tarriffs....the goal is for him to make money"
      ],
      "language": "English",
      "pure_emoji": false
    },
    {
      "user": "ouereux",
      "comments": [
        "He just winging-it!😏",
        "He just winging-it!😏"
      ],
      "language": "English",
      "pure_emoji": false
    },
    {
      "user": "outlaw2000",
      "comments": [
        "speculation",
        "speculation",
        "lmao...you are free.."
      ],
      "language": "English",
      "pure_emoji": false
    },
    {
      "user": "pete",
      "comments": [
        "He still doesn’t understand tariffs",
        "He still doesn’t understand tariffs"
      ],
      "language": "English",
      "pure_emoji": false
    },
    {
      "user": "phakiiisho",
      "comments": [
        "he looks tired.didnt go as easy and also according to plan",
        "he looks tired.didnt go as easy and also according to plan"
      ],
      "language": "English",
      "pure_emoji": false
    },
    {
      "user": "princess ham",
      "comments": [
        "hoq has his wife managed to keep with him really? I cannot!!!!!!",
        "hoq has his wife managed to keep with him really? I cannot!!!!!!"
      ],
      "language": "English",
      "pure_emoji": false
    },
    {
      "user": "raylim8418",
      "comments": [
        "Roti Prata 🫓",
        "Roti Prata 🫓"
      ],
      "language": "English",
      "pure_emoji": false
    },
    {
      "user": "rickystaylo",
      "comments": [
        "SHAMEON U TRUMP🤡🤡🤡CHINA IS THE BEST👍👍👍👍🥰🇨🇳❤️❤️🇨🇳🥰",
        "SHAMEON U TRUMP🤡🤡🤡CHINA IS THE BEST👍👍👍👍🥰🇨🇳❤️❤️🇨🇳🥰"
      ],
      "language": "English",
      "pure_emoji": false
    },
    {
      "user": "risk_69",
      "comments": [
        "2020 Virus: Covid. 2025 Virus: Trump. Both bring disaster to entire world!!!!!!!",
        "2020 Virus: Covid. 2025 Virus: Trump. Both bring disaster to entire world!!!!!!!"
      ],
      "language": "English",
      "pure_emoji": false
    },
    {
      "user": "saddamhusen6014",
      "comments": [
        "😡😡😡😡",
        "😡😡😡😡"
      ],
      "language": "Other",
      "pure_emoji": false
    },
    {
      "user": "sharky01",
      "comments": [
        "😂😂😂😂",
        "😂😂😂😂"
      ],
      "language": "Other",
      "pure_emoji": false
    },
    {
      "user": "shawn annoye",
      "comments": [
        "his “tariffs” lasted less than 24 hours, this country has never been as weak and vulnerable as we are with this mutt at the helm. god help us…",
        "his “tariffs” lasted less than 24 hours, this country has never been as weak and vulnerable as we are with this mutt at the helm. god help us…"
      ],
      "language": "English",
      "pure_emoji": false
    },
    {
      "user": "stacey dalgleish",
      "comments": [
        "\"go back to the way they were\" So up, down, left, right & go right back to where they were to start with...🤷‍♀️OH! So you can make money while hurting Americans 💯",
        "\"go back to the way they were\" So up, down, left, right & go right back to where they were to start with...🤷‍♀️OH! So you can make money while hurting Americans 💯"
      ],
      "language": "English",
      "pure_emoji": false
    },
    {
      "user": "stefan de lange",
      "comments": [
        "❤️TRUMP ❤️voted for by the people Appointed by God to make America great again. People will kiss his feet in the near future thanking him 😏",
        "❤️TRUMP ❤️voted for by the people Appointed by God to make America great again. People will kiss his feet in the near future thanking him 😏"
      ],
      "language": "English",
      "pure_emoji": false
    },
    {
      "user": "taz",
      "comments": [
        "😂😂😂 You think Trump bothers China, soon US won’t have anyone to do trade with..",
        "😂😂😂 You think Trump bothers China, soon US won’t have anyone to do trade with.."
      ],
      "language": "English",
      "pure_emoji": false
    },
    {
      "user": "tc",
      "comments": [
        "Trump needs a big can of focus factor. His repetitive speech is becoming apparent.",
        "Trump needs a big can of focus factor. His repetitive speech is becoming apparent."
      ],
      "language": "English",
      "pure_emoji": false
    },
    {
      "user": "tere",
      "comments": [
        "someone make it happen please",
        "someone make it happen please"
      ],
      "language": "English",
      "pure_emoji": false
    },
    {
      "user": "the jinn buster",
      "comments": [
        "come and get some 🫵🦁🇮🇷💪😂",
        "come and get some 🫵🦁🇮🇷💪😂"
      ],
      "language": "English",
      "pure_emoji": false
    },
    {
      "user": "tiktokfyp0790",
      "comments": [
        "A tangerine 🍊 of a president 😂😂",
        "A tangerine 🍊 of a president 😂😂"
      ],
      "language": "English",
      "pure_emoji": false
    },
    {
      "user": "tropicalcroc",
      "comments": [
        "All of these deals should be undertaken in public. If it was “free trade” it wouldn’t be negotiated in secret. The world wants your military out of their lands.",
        "All of these deals should be undertaken in public. If it was “free trade” it wouldn’t be negotiated in secret. The world wants your military out of their lands."
      ],
      "language": "English",
      "pure_emoji": false
    },
    {
      "user": "user5767853439561",
      "comments": [
        "cause they stopped sending money your way"
      ],
      "language": "English",
      "pure_emoji": false
    },
    {
      "user": "user7027357331955",
      "comments": [
        "🤣🤣🤣",
        "🤣🤣🤣"
      ],
      "language": "Other",
      "pure_emoji": false
    },
    {
      "user": "user8223209832569",
      "comments": [
        "He is a real businessman",
        "He is a real businessman"
      ],
      "language": "English",
      "pure_emoji": false
    },
    {
      "user": "vavuthea",
      "comments": [
        "Why listen to him when he can change his words at any time 😬😬",
        "Why listen to him when he can change his words at any time 😬😬"
      ],
      "language": "English",
      "pure_emoji": false
    },
    {
      "user": "weepee",
      "comments": [
        "You talk too much and are inconsistent, Xi won't trust you. 😂😂😂",
        "You talk too much and are inconsistent, Xi won't trust you. 😂😂😂"
      ],
      "language": "English",
      "pure_emoji": false
    },
    {
      "user": "wenliang qiu",
      "comments": [
        "他的水平比拜登差多了，咋咋呼呼",
        "他的水平比拜登差多了，咋咋呼呼"
      ],
      "language": "Chinese",
      "pure_emoji": false
    },
    {
      "user": "william_99999999",
      "comments": [
        "Trump will negotiate with china",
        "Trump will negotiate with china"
      ],
      "language": "English",
      "pure_emoji": false
    },
    {
      "user": "xorn",
      "comments": [
        "Can eyeliner and mascara be exempted from tariffs?",
        "Can eyeliner and mascara be exempted from tariffs?"
      ],
      "language": "English",
      "pure_emoji": false
    },
    {
      "user": "yacob mydin",
      "comments": [
        "start to worry why china havent call yet",
        "start to worry why china havent call yet"
      ],
      "language": "English",
      "pure_emoji": false
    },
    {
      "user": "yeah OK there bud 🇨🇦",
      "comments": [
        "this man has no idea how global trade works.",
        "this man has no idea how global trade works."
      ],
      "language": "English",
      "pure_emoji": false
    },
    {
      "user": "ابن عبد الله",
      "comments": [
        "🫵🏻🌍🫵🏻🌍🫵🏻🌍🫵🏻🌍🌍🌍🌍🫵🏻🫵🏻🫵🏻🌍🌍🌍🌍🌍🫵🏻🌍🌍🫵🏻🫵🏻🫵🏻🫵🏻🌍🫵🏻🫵🏻🌍🌍🌍🌍🌍🌍🌍🌍🫵🏻🫵🏻🫵🏻🌍🫵🏻 génocide 1948_2025 FREE Palestine 🇵🇸🇵🇸❤️❤️❤️❤️❤️❤️❤️🇵🇸🇵🇸❤️❤️❤️🇵🇸🇵🇸❤️❤️❤️🇵🇸🇵🇸❤️🇵🇸🇵🇸🇵🇸❤️🇵🇸🇵🇸🇵🇸🇵🇸❤️❤️❤️❤️🇵🇸🇵🇸❤️🇵🇸🇵🇸🇵🇸❤️❤️viva liberta 🇵🇸❤️🇵🇸❤️🇵🇸❤️🇵🇸❤️🇵🇸❤️🇵🇸🇵🇸🇵🇸🇵🇸🇵🇸🇵🇸🇵🇸🇵🇸🇵🇸🇵🇸🇵🇸❤️❤️❤️❤️❤️❤️❤️❤️❤️❤️❤️❤️❤️❤️❤️❤️",
        "🫵🏻🌍🫵🏻🌍🫵🏻🌍🫵🏻🌍🌍🌍🌍🫵🏻🫵🏻🫵🏻🌍🌍🌍🌍🌍🫵🏻🌍🌍🫵🏻🫵🏻🫵🏻🫵🏻🌍🫵🏻🫵🏻🌍🌍🌍🌍🌍🌍🌍🌍🫵🏻🫵🏻🫵🏻🌍🫵🏻 génocide 1948_2025 FREE Palestine 🇵🇸🇵🇸❤️❤️❤️❤️❤️❤️❤️🇵🇸🇵🇸❤️❤️❤️🇵🇸🇵🇸❤️❤️❤️🇵🇸🇵🇸❤️🇵🇸🇵🇸🇵🇸❤️🇵🇸🇵🇸🇵🇸🇵🇸❤️❤️❤️❤️🇵🇸🇵🇸❤️🇵🇸🇵🇸🇵🇸❤️❤️viva liberta 🇵🇸❤️🇵🇸❤️🇵🇸❤️🇵🇸❤️🇵🇸❤️🇵🇸🇵🇸🇵🇸🇵🇸🇵🇸🇵🇸🇵🇸🇵🇸🇵🇸🇵🇸🇵🇸❤️❤️❤️❤️❤️❤️❤️❤️❤️❤️❤️❤️❤️❤️❤️❤️"
      ],
      "language": "English",
      "pure_emoji": false
    },
    {
      "user": "خادم درود مصور محبوب",
      "comments": [
        "welldone china",
        "welldone china"
      ],
      "language": "English",
      "pure_emoji": false
    },
    {
      "user": "معلمة قرآن اونلاين Quran tu",
      "comments": [
        "عيزين ترجمة",
        "عيزين ترجمة"
      ],
      "language": "Other",
      "pure_emoji": false
    },
    {
      "user": "কালা মানুষ",
      "comments": [
        "save Gaza ✊ Free Palestine 🇵🇸",
        "save Gaza ✊ Free Palestine 🇵🇸"
      ],
      "language": "English",
      "pure_emoji": false
    },
    {
      "user": "ᦔꫀ᥊",
      "comments": [
        "🤣🤣🤣🤣",
        "🤣🤣🤣🤣"
      ],
      "language": "Other",
      "pure_emoji": false
    },
    {
      "user": "….",
      "comments": [
        "Market manipulation 🤔 insider trading🤔 investigation needed🤔accountability 🤔",
        "Market manipulation 🤔 insider trading🤔 investigation needed🤔accountability 🤔"
      ],
      "language": "English",
      "pure_emoji": false
    },
    {
      "user": "⏤͟͟͞͞★Arin",
      "comments": [
        "😂😂😂",
        "😂😂😂"
      ],
      "language": "Other",
      "pure_emoji": false
    },
    {
      "user": "☪ Md Tamim ☪",
      "comments": [
        "free free Palestine 🇧🇩🇵🇸🫂😭",
        "free free Palestine 🇧🇩🇵🇸🫂😭"
      ],
      "language": "English",
      "pure_emoji": false
    },
    {
      "user": "♋✨👷🇨🇳_E.Z_🇵🇭 ✨♋",
      "comments": [
        "using USD as weapon to subdue other country is a very bad decision specially that USD is only a currency based on trust and confidence and no other solid assets to be backed by.",
        "using USD as weapon to subdue other country is a very bad decision specially that USD is only a currency based on trust and confidence and no other solid assets to be backed by."
      ],
      "language": "English",
      "pure_emoji": false
    },
    {
      "user": "我没钱。别烦我。",
      "comments": [
        "so basically, extortion.",
        "so basically, extortion."
      ],
      "language": "English",
      "pure_emoji": false
    },
    {
      "user": "潘80",
      "comments": [
        "@潘80: Americans obsessed with the words China vs Russia.",
        "@潘80: Americans obsessed with the words China vs Russia."
      ],
      "language": "Mixed",
      "pure_emoji": false
    },
    {
      "user": "笑看天下",
      "comments": [
        "If one country's total trade depends on another country's trade, tariffs will certainly be effective. But China's total trade with the US is only 14% to 15%. How could China be worried?🤭",
        "If one country's total trade depends on another country's trade, tariffs will certainly be effective. But China's total trade with the US is only 14% to 15%. How could China be worried?🤭"
      ],
      "language": "English",
      "pure_emoji": false
    },
    {
      "user": "지훈",
      "comments": [
        "US has big surpluses with other countries as they buy cheaply from China and sell high to other countries. economics 101 😂😂😂😂",
        "US has big surpluses with other countries as they buy cheaply from China and sell high to other countries. economics 101 😂😂😂😂"
      ],
      "language": "English",
      "pure_emoji": false
    },
    {
      "user": "𝕊𝕞𝕒𝕔𝕜𝕐𝕠𝕄𝕠𝕞",
      "comments": [
        "That’s it?! What happened to the energy 2 weeks ago?? Cmon now",
        "That’s it?! What happened to the energy 2 weeks ago?? Cmon now"
      ],
      "language": "English",
      "pure_emoji": false
    },
    {
      "user": "🇨🇦 Ali 🍉",
      "comments": [
        "USA have became the bullies of the planet.",
        "USA have became the bullies of the planet."
      ],
      "language": "English",
      "pure_emoji": false
    },
    {
      "user": "🇨🇦Dani,🇨🇦",
      "comments": [
        "Zero trace of imposter syndrome 😂 not a tiny doubt",
        "Zero trace of imposter syndrome 😂 not a tiny doubt"
      ],
      "language": "English",
      "pure_emoji": false
    },
    {
      "user": "🇨🇦richarddunord🇨🇦",
      "comments": [
        "Donald Trump is a gangster he gambles and steals your money in the stock market 🤔🤔🤔🤔🤔🤔🤔",
        "Donald Trump is a gangster he gambles and steals your money in the stock market 🤔🤔🤔🤔🤔🤔🤔"
      ],
      "language": "English",
      "pure_emoji": false
    },
    {
      "user": "🇨🇦🇨🇦Dogbytz🇨🇦🇨🇦",
      "comments": [
        "soon USA won't have squat",
        "soon USA won't have squat"
      ],
      "language": "English",
      "pure_emoji": false
    },
    {
      "user": "🌷✨️💕🏵🌸🌻🌺🌼🕊Julie",
      "comments": [
        "🤣🤣🤣",
        "🤣🤣🤣"
      ],
      "language": "Other",
      "pure_emoji": false
    },
    {
      "user": "👁️‍🗨️ cak suga 👁️‍🗨️",
      "comments": [
        "predictions that the United States will soon go bankrupt and sink",
        "predictions that the United States will soon go bankrupt and sink"
      ],
      "language": "English",
      "pure_emoji": false
    },
    {
      "user": "💋💋💋💋",
      "comments": [
        "What an inspiring oent! Truly a powerful leader! 💯👔",
        "What an inspiring oent! Truly a powerful leader! 💯👔"
      ],
      "language": "English",
      "pure_emoji": false
    },
    {
      "user": "🕋◆_∆YM Yeamun ∆_◆🕋",
      "comments": [
        "🇵🇸🇧🇩🇧🇩🇵🇸❤️❤️🇵🇸❤️🇧🇩🇧🇩🇧🇩❤️❤️🇵🇸❤️🇧🇩🇧🇩❤️❤️🇧🇩❤️❤️🇧🇩🇧🇩♥️♥️❤️🇵🇸",
        "🇵🇸🇧🇩🇧🇩🇵🇸❤️❤️🇵🇸❤️🇧🇩🇧🇩🇧🇩❤️❤️🇵🇸❤️🇧🇩🇧🇩❤️❤️🇧🇩❤️❤️🇧🇩🇧🇩♥️♥️❤️🇵🇸"
      ],
      "language": "Other",
      "pure_emoji": false
    },
    {
      "user": "🖤ANNA🖤",
      "comments": [
        "😂",
        "😂"
      ],
      "language": "Other",
      "pure_emoji": false
    }
  ]
}