{
  "video_id": "7490164548184411434",
  "video_url": "https://www.tiktok.com/@aksjddssa/video/7490164548184411434",
  "publish_date": null,
  "comment_groups": [
    {
      "user": "Aimi",
      "comments": [
        "A chaotic street"
      ],
      "language": "English",
      "pure_emoji": false
    },
    {
      "user": "Angelo Tsui",
      "comments": [
        "wow, good job, Trump is going too far and going to destroy the world economic, he must stop immediately, thank you for coming out for your support 👍"
      ],
      "language": "English",
      "pure_emoji": false
    },
    {
      "user": "David Wang",
      "comments": [
        "👍👍"
      ],
      "language": "Other",
      "pure_emoji": true
    },
    {
      "user": "Hin",
      "comments": [
        "Trump! USA not for you!!!"
      ],
      "language": "English",
      "pure_emoji": false
    },
    {
      "user": "Liu Liu",
      "comments": [
        "👍💪💪💯👍"
      ],
      "language": "Other",
      "pure_emoji": true
    },
    {
      "user": "Man da Ho solar wholesale",
      "comments": [
        "😂😂😂"
      ],
      "language": "Other",
      "pure_emoji": true
    },
    {
      "user": "Margaret",
      "comments": [
        "Trump should carefully consider the bitter civilians eating tariffs."
      ],
      "language": "English",
      "pure_emoji": false
    },
    {
      "user": "Qing Weng",
      "comments": [
        "这些抗议游行的人，如果在中国就是反党反革命分子，甚至说是间谍🥺"
      ],
      "language": "Chinese",
      "pure_emoji": false
    },
    {
      "user": "Tik Toker",
      "comments": [
        "抗议什么的",
        "干什么的这是"
      ],
      "language": "Chinese",
      "pure_emoji": false
    },
    {
      "user": "Xinzhou Xu",
      "comments": [
        "民主党乘机跳动的"
      ],
      "language": "Chinese",
      "pure_emoji": false
    },
    {
      "user": "alan",
      "comments": [
        "trump never see"
      ],
      "language": "English",
      "pure_emoji": false
    },
    {
      "user": "aole",
      "comments": [
        "关税的苦平民吃，不闹才怪"
      ],
      "language": "Chinese",
      "pure_emoji": false
    },
    {
      "user": "ella Shi",
      "comments": [
        "Public resentment is boiling!"
      ],
      "language": "English",
      "pure_emoji": false
    },
    {
      "user": "guo zhen hua",
      "comments": [
        "好干得漂亮，這讓我們做貿易沒有活路"
      ],
      "language": "Chinese",
      "pure_emoji": false
    },
    {
      "user": "immmmmmm512",
      "comments": [
        "國家不安全🇺🇸再加關500% 関稅。保護美國人 👍😂😂😂😂"
      ],
      "language": "Chinese",
      "pure_emoji": false
    },
    {
      "user": "lanxiaochen06",
      "comments": [
        "人民无法工作了！游行抗议！唉这是咋回事？"
      ],
      "language": "Chinese",
      "pure_emoji": false
    },
    {
      "user": "saiwaiky",
      "comments": [
        "💪💪💪👍👍👍👍👍"
      ],
      "language": "Other",
      "pure_emoji": true
    },
    {
      "user": "santiago",
      "comments": [
        "米國真是:唯恐天下不乱!😂😂😂🤭🤭🤭 可悲!"
      ],
      "language": "Chinese",
      "pure_emoji": false
    },
    {
      "user": "tandeChun",
      "comments": [
        "有这么多城市吗"
      ],
      "language": "Chinese",
      "pure_emoji": false
    },
    {
      "user": "user345059007347",
      "comments": [
        "夸大报道"
      ],
      "language": "Chinese",
      "pure_emoji": false
    },
    {
      "user": "user68116879",
      "comments": [
        "全部在中国的预料之中，再看看中国，波澜不惊，中国对特离谱的极限关税，早就有预案，"
      ],
      "language": "Chinese",
      "pure_emoji": false
    },
    {
      "user": "user8680310691530",
      "comments": [
        "😳😳傲慢和霸凌祸害人民🤣🤣🤣"
      ],
      "language": "Chinese",
      "pure_emoji": false
    },
    {
      "user": "user9724381195910",
      "comments": [
        "🥰🥰🥰"
      ],
      "language": "Other",
      "pure_emoji": true
    },
    {
      "user": "you chang xi",
      "comments": [
        "投给特朗普的票，这些人肠子都悔清了😁😁😁"
      ],
      "language": "Chinese",
      "pure_emoji": false
    },
    {
      "user": "两仪式",
      "comments": [
        "哈哈哈，这个气球🎈把我逗笑了🤣"
      ],
      "language": "Chinese",
      "pure_emoji": false
    },
    {
      "user": "厚德载物",
      "comments": [
        "👍👍👍👍💪💪💪💪"
      ],
      "language": "Other",
      "pure_emoji": true
    },
    {
      "user": "穿越時空",
      "comments": [
        "得到好處還抗議"
      ],
      "language": "Chinese",
      "pure_emoji": false
    },
    {
      "user": "腾辉（usdt承兑商）",
      "comments": [
        "懂感恩的带"
      ],
      "language": "Chinese",
      "pure_emoji": false
    },
    {
      "user": "艾迪",
      "comments": [
        "又是一道靓丽的风景线。😂😂"
      ],
      "language": "Chinese",
      "pure_emoji": false
    },
    {
      "user": "许开松没有工做了退休",
      "comments": [
        "谢谢特朗普,美国很久没有这样热闹了,全民走出家门开会跳舞,几十年美国没有这样了,美国人应该感谢特朗普我们全世界人民也一样被他弄得很乱,四年一次,特朗普真是天才能把全美国人叫他们走出门去外面看看,看他们都么开心大叫大跳舞,这才是真正的美国还可以灵买东西不用卡还钱"
      ],
      "language": "Chinese",
      "pure_emoji": false
    },
    {
      "user": "陳",
      "comments": [
        "全美反制川普"
      ],
      "language": "Chinese",
      "pure_emoji": false
    },
    {
      "user": "青青",
      "comments": [
        "当官不为民着想，还人人民过的更苦，不闹才怪"
      ],
      "language": "Chinese",
      "pure_emoji": false
    },
    {
      "user": "飆股營地",
      "comments": [
        "😂😂😂"
      ],
      "language": "Other",
      "pure_emoji": true
    },
    {
      "user": "ꕥ᭄岁月💞静好ꦿᩚ࿐²⁰²⁵",
      "comments": [
        "不靠谱这是在玩火自焚"
      ],
      "language": "Chinese",
      "pure_emoji": false
    }
  ]
}