{
  "video_id": "7495702405141630216",
  "video_url": "https://www.tiktok.com/@caijingshuo01/video/7495702405141630216",
  "publish_date": null,
  "comment_groups": [
    {
      "user": "Chew",
      "comments": [
        "美国你玩完了。"
      ],
      "language": "Chinese",
      "pure_emoji": false
    },
    {
      "user": "Donald Kam",
      "comments": [
        "中国应该要美国把以前所有的制裁等全部撤销。才開始和美国谈判.",
        "中国应该要美国把以前所有的制裁等全部撤销。才開始和美国谈判."
      ],
      "language": "Chinese",
      "pure_emoji": false
    },
    {
      "user": "Raymond Leong",
      "comments": [
        "China. Better. Sanctions. Us🇨🇳👍🇨🇳👍🇨🇳👍🇨🇳👍🇨🇳👍🇨🇳👍🇨🇳👍🇨🇳👍🇺🇲💯👎🇺🇲💯👎🇺🇲💯👎💯👎🇺🇲💯👎"
      ],
      "language": "English",
      "pure_emoji": false
    },
    {
      "user": "alexkim418",
      "comments": [
        "美国破产了",
        "美国破产了"
      ],
      "language": "Chinese",
      "pure_emoji": false
    },
    {
      "user": "ongahxinn@gmail.com",
      "comments": [
        "Here's My Prediction China And Americans Never Go Back To The Same Again ? China Will Give Import Trade Transfer To Other Partners 🤔🤔🤔🤔 Again American Not Honest Partner ?",
        "Here's My Prediction China And Americans Never Go Back To The Same Again ? China Will Give Import Trade Transfer To Other Partners 🤔🤔🤔🤔 Again American Not Honest Partner ?"
      ],
      "language": "English",
      "pure_emoji": false
    },
    {
      "user": "pangyunjin",
      "comments": [
        "🥰🥰🥰",
        "🥰🥰🥰"
      ],
      "language": "Other",
      "pure_emoji": false
    },
    {
      "user": "skyliew233",
      "comments": [
        "😂😂😂😂😂",
        "😂😂😂😂😂"
      ],
      "language": "Other",
      "pure_emoji": false
    },
    {
      "user": "搬砖 日入上万 了解入口：3399k.cc",
      "comments": [
        "fair",
        "comely",
        "fair",
        "comely"
      ],
      "language": "English",
      "pure_emoji": false
    },
    {
      "user": "用户6357517135212tom",
      "comments": [
        "斬草不除根，春風吹又生，對敵人仁慈就是對自己殘忍",
        "斬草不除根，春風吹又生，對敵人仁慈就是對自己殘忍"
      ],
      "language": "Chinese",
      "pure_emoji": false
    },
    {
      "user": "郭曜駿",
      "comments": [
        "別輕易饒它",
        "別輕易饒它"
      ],
      "language": "Chinese",
      "pure_emoji": false
    }
  ]
}