{
  "video_id": "7496093240920231175",
  "video_url": "https://www.tiktok.com/@weecheebeng/video/7496093240920231175",
  "publish_date": null,
  "comment_groups": [
    {
      "user": "Ameshitrica",
      "comments": [
        "特朗普做不到让别国二选一的，少数几个有可能，但是大部分是离不开中国的，因为这是得不偿失的选择😁😁😁😁😁"
      ],
      "language": "Chinese",
      "pure_emoji": false
    },
    {
      "user": "Denice",
      "comments": [
        "For a country to prevent others from becoming stronger by using threats and sanctions and forcing others to stand side, is this free trade? Who will find peace working under such control?"
      ],
      "language": "English",
      "pure_emoji": false
    },
    {
      "user": "Jeffrey Fong",
      "comments": [
        "可爱的阿斗斗。"
      ],
      "language": "Chinese",
      "pure_emoji": false
    },
    {
      "user": "Miss",
      "comments": [
        "川普赚钱养家，万斯冒昧如花"
      ],
      "language": "Chinese",
      "pure_emoji": false
    },
    {
      "user": "Saturday",
      "comments": [
        "难道真的是好心没好报，难道这句话是真的？",
        "那些都不是好东西"
      ],
      "language": "Chinese",
      "pure_emoji": false
    },
    {
      "user": "Xuqi",
      "comments": [
        "👍👍👍👍👍👍👍👍👍👍👍👍👍👍👍"
      ],
      "language": "Other",
      "pure_emoji": true
    },
    {
      "user": "jason jon",
      "comments": [
        "👍"
      ],
      "language": "Other",
      "pure_emoji": true
    },
    {
      "user": "khowmuikiaw",
      "comments": [
        "🥰🥰🥰"
      ],
      "language": "Other",
      "pure_emoji": true
    },
    {
      "user": "seekiangchua3",
      "comments": [
        "😳😳😳"
      ],
      "language": "Other",
      "pure_emoji": true
    },
    {
      "user": "tony",
      "comments": [
        "手里有货不愁卖，在不及，留着自己用呗。"
      ],
      "language": "Chinese",
      "pure_emoji": false
    },
    {
      "user": "user1667603634343",
      "comments": [
        "😂😂😂"
      ],
      "language": "Other",
      "pure_emoji": true
    },
    {
      "user": "user2481586974513",
      "comments": [
        "🥰🥰🥰"
      ],
      "language": "Other",
      "pure_emoji": true
    },
    {
      "user": "user4264067764324",
      "comments": [
        "🥰🥰🥰🥰🥰"
      ],
      "language": "Other",
      "pure_emoji": true
    },
    {
      "user": "user7902988789205",
      "comments": [
        "这个烂国就是想搞站队来反击中国，它真的没计可用了。以前以军事围堵中国，现在军事没用了也就以经济围堵中国，一直死性不改，它就是因为不能赶上中国才在垂死挣扎中咯。"
      ],
      "language": "Chinese",
      "pure_emoji": false
    },
    {
      "user": "youzi",
      "comments": [
        "每个国家都有自己的国家利益，什么友谊不友谊！"
      ],
      "language": "Chinese",
      "pure_emoji": false
    },
    {
      "user": "無所不在",
      "comments": [
        "很好，有沒有中文😁"
      ],
      "language": "Chinese",
      "pure_emoji": false
    }
  ]
}