{
  "video_id": "7491526114490223903",
  "video_url": "https://www.tiktok.com/@mzx64088/video/7491526114490223903",
  "publish_date": null,
  "comment_groups": [
    {
      "user": "Mr KS Thakuree  ",
      "comments": [
        "Nepal 🇳🇵",
        "Nepal 🇳🇵",
        "Nepal 🇳🇵",
        "Nepal 🇳🇵"
      ],
      "language": "English",
      "pure_emoji": false
    },
    {
      "user": "Mr KS Thakuree   🇫🇷⚔️👮‍♂️",
      "comments": [
        "Nepal 🇳🇵"
      ],
      "language": "English",
      "pure_emoji": false
    },
    {
      "user": "胖橘",
      "comments": [
        "九十天后，你们没有其他反应，老特还是要收关税的。",
        "九十天后，你们没有其他反应，老特还是要收关税的。",
        "九十天后，你们没有其他反应，老特还是要收关税的。",
        "九十天后，你们没有其他反应，老特还是要收关税的。",
        "九十天后，你们没有其他反应，老特还是要收关税的。"
      ],
      "language": "Chinese",
      "pure_emoji": false
    }
  ]
}