{
  "video_id": "7496115067528744212",
  "video_url": "https://www.tiktok.com/@neverfallagain70/video/7496115067528744212",
  "publish_date": null,
  "comment_groups": [
    {
      "user": "Yang",
      "comments": [
        "真的一对一 谈判的话 老习远远不是这个脱口秀常驻嘉宾的对手。",
        "真的一对一 谈判的话 老习远远不是这个脱口秀常驻嘉宾的对手。"
      ],
      "language": "Chinese",
      "pure_emoji": false
    }
  ]
}