{
  "video_id": "7494038777745165574",
  "video_url": "https://www.tiktok.com/@gzg1888/video/7494038777745165574",
  "publish_date": null,
  "comment_groups": [
    {
      "user": "Cassie 🇨🇦",
      "comments": [
        "More likely China against us with other countries",
        "More likely China against us with other countries"
      ],
      "language": "English",
      "pure_emoji": false
    },
    {
      "user": "Fiji Desi TikTalker",
      "comments": [
        "For decades Americans enjoyed cheap products from China. Now they’re complaining about that lol",
        "For decades Americans enjoyed cheap products from China. Now they’re complaining about that lol"
      ],
      "language": "English",
      "pure_emoji": false
    },
    {
      "user": "Guy Lanteigne",
      "comments": [
        "straight up 🤜🤛",
        "straight up 🤜🤛"
      ],
      "language": "English",
      "pure_emoji": false
    },
    {
      "user": "Jason",
      "comments": [
        "Hey American listen ,China don’t need American market, all the Chinese do not rely on American to survive. Every Chinese will support the motherland to win this trade war. We will fight to the end.",
        "Hey American listen ,China don’t need American market, all the Chinese do not rely on American to survive. Every Chinese will support the motherland to win this trade war. We will fight to the end."
      ],
      "language": "English",
      "pure_emoji": false
    },
    {
      "user": "Nothing",
      "comments": [
        "You're going to bend your knees, Governor Trump...and you're going to bend them very low...Bravo China 🇨🇳",
        "You're going to bend your knees, Governor Trump...and you're going to bend them very low...Bravo China 🇨🇳"
      ],
      "language": "English",
      "pure_emoji": false
    },
    {
      "user": "PelikTapiBenar",
      "comments": [
        "😁",
        "😁"
      ],
      "language": "Other",
      "pure_emoji": false
    },
    {
      "user": "Petunia",
      "comments": [
        "Sure, it's always somebody else's fault. He can mess up royally but will never admit it. He'll always blame someone else.",
        "Sure, it's always somebody else's fault. He can mess up royally but will never admit it. He'll always blame someone else."
      ],
      "language": "English",
      "pure_emoji": false
    },
    {
      "user": "Smogon1",
      "comments": [
        "I think it’s bush fault lol🇨🇦🇨🇦"
      ],
      "language": "English",
      "pure_emoji": false
    },
    {
      "user": "Steven Bartholomew",
      "comments": [
        "Please *Canada* Citizens are not slavery cost International & Domestic ! International War Service👑 Junction Underground Freedom Railroad Victory👑 We Do Not Ask We Serve & Protect All👑 Cavility",
        "Please *Canada* Citizens are not slavery cost International & Domestic ! International War Service👑 Junction Underground Freedom Railroad Victory👑 We Do Not Ask We Serve & Protect All👑 Cavility"
      ],
      "language": "English",
      "pure_emoji": false
    },
    {
      "user": "Suey 🇦🇺 🇵🇸",
      "comments": [
        "Yup the US sent all their production overseas, China didn’t go to the US and TAKE the industry away.",
        "Yup the US sent all their production overseas, China didn’t go to the US and TAKE the industry away."
      ],
      "language": "English",
      "pure_emoji": false
    },
    {
      "user": "Tim",
      "comments": [
        "It’s always other people’s fault 🤡",
        "It’s always other people’s fault 🤡"
      ],
      "language": "English",
      "pure_emoji": false
    },
    {
      "user": "Victor Zhang",
      "comments": [
        "Clinton did it. And it was smooth",
        "Clinton did it. And it was smooth"
      ],
      "language": "English",
      "pure_emoji": false
    },
    {
      "user": "jimmy17350",
      "comments": [
        "So China just started this abuse in 2020?. So when you were in power you couldn’t increase tariffs to 200%?",
        "So China just started this abuse in 2020?. So when you were in power you couldn’t increase tariffs to 200%?"
      ],
      "language": "English",
      "pure_emoji": false
    },
    {
      "user": "mOshu",
      "comments": [
        "😁",
        "😁"
      ],
      "language": "Other",
      "pure_emoji": false
    },
    {
      "user": "ngnttg",
      "comments": [
        "what a more on",
        "what a more on"
      ],
      "language": "English",
      "pure_emoji": false
    }
  ]
}