{
  "video_id": "7494906069756562705",
  "video_url": "https://www.tiktok.com/@metro_tv/video/7494906069756562705",
  "publish_date": null,
  "comment_groups": [
    {
      "user": ".",
      "comments": [
        "cina beda kelas"
      ],
      "language": "English",
      "pure_emoji": false
    },
    {
      "user": "................",
      "comments": [
        "gak kebalik"
      ],
      "language": "English",
      "pure_emoji": false
    },
    {
      "user": "720p",
      "comments": [
        "macam² sma china, wignya aja made in china😂"
      ],
      "language": "English",
      "pure_emoji": false
    },
    {
      "user": "@@",
      "comments": [
        "siap2 utang jatuh tempo."
      ],
      "language": "English",
      "pure_emoji": false
    },
    {
      "user": "@Bulan...",
      "comments": [
        "anak2 jadi presiden. mmg gni jadinya."
      ],
      "language": "English",
      "pure_emoji": false
    },
    {
      "user": "@thanjung",
      "comments": [
        "oiii trump... itu china bukan konoha yg mudah kau intervensi...!!!"
      ],
      "language": "English",
      "pure_emoji": false
    },
    {
      "user": "ALiB@b@",
      "comments": [
        "kemungkinan barang yg mestinya ke Amerika jadinya membanjiri pasar Indonesia",
        "ya kalau buat kita sebagai konsumen ya untung krn dpt barang murah, tapi klau buat pemerintah ya rugi krn devisa tersedot keluar"
      ],
      "language": "English",
      "pure_emoji": false
    },
    {
      "user": "Ataa",
      "comments": [
        "harga emas di pastikan akan terbang terus , sampai Upin dan Ipin akur"
      ],
      "language": "English",
      "pure_emoji": false
    },
    {
      "user": "Bryan reu",
      "comments": [
        "Gemini lu suruh nurunin gengsi 😂"
      ],
      "language": "English",
      "pure_emoji": false
    },
    {
      "user": "CIS",
      "comments": [
        "saatnya Dunia bersatu lawan trump"
      ],
      "language": "English",
      "pure_emoji": false
    },
    {
      "user": "CPN-(R)",
      "comments": [
        "komentar pertama ❤️😁"
      ],
      "language": "English",
      "pure_emoji": false
    },
    {
      "user": "Coolbenn 🍉",
      "comments": [
        "Made in china"
      ],
      "language": "English",
      "pure_emoji": false
    },
    {
      "user": "D15ayank88",
      "comments": [
        "sparepart IP nya aja made in china....🥺🥺🥺"
      ],
      "language": "English",
      "pure_emoji": false
    },
    {
      "user": "Daffa Khori",
      "comments": [
        "cek aja baju trump pasti Made in China 🤣"
      ],
      "language": "English",
      "pure_emoji": false
    },
    {
      "user": "Fanssnaufal",
      "comments": [
        "pertamaaa"
      ],
      "language": "English",
      "pure_emoji": false
    },
    {
      "user": "Furen",
      "comments": [
        "Pokoknya jgn biarkan dia ketemu ma elon dlu, soalnya bsok paginya tarifnya naik lagi"
      ],
      "language": "English",
      "pure_emoji": false
    },
    {
      "user": "GameBrow",
      "comments": [
        "cuman masalah bapak bapak adu gengsi🗿"
      ],
      "language": "English",
      "pure_emoji": false
    },
    {
      "user": "HR",
      "comments": [
        "udah di kasih tau ini china bkn jepang.🤣🤣🤣 skrg baru dia percaya wkwkwkwkw"
      ],
      "language": "English",
      "pure_emoji": false
    },
    {
      "user": "Hangga Yudha Siswant",
      "comments": [
        "sik bingung rek...ojok ditakoni🤣"
      ],
      "language": "English",
      "pure_emoji": false
    },
    {
      "user": "Harmony156ebony",
      "comments": [
        "ini kerjaan mrk ikut campur urusan negara org lain"
      ],
      "language": "English",
      "pure_emoji": false
    },
    {
      "user": "I ryant",
      "comments": [
        "xin ji ping (china presiden) vs shen jin ping (us presiden) 🤣"
      ],
      "language": "English",
      "pure_emoji": false
    },
    {
      "user": "Ikan Lele",
      "comments": [
        "Makin gila si trump"
      ],
      "language": "English",
      "pure_emoji": false
    },
    {
      "user": "Indomie",
      "comments": [
        "Trump: bang udah bang"
      ],
      "language": "English",
      "pure_emoji": false
    },
    {
      "user": "Intial A❗️",
      "comments": [
        "biarkan saja... lebih baik berjalan dengan ASEAN + BRICS & sebagian gerombolan NATO yang sepaham dan tidak memaksakan kehendak"
      ],
      "language": "English",
      "pure_emoji": false
    },
    {
      "user": "Jesus son of God",
      "comments": [
        "kebanyakan bicara jadi blunder Sendiri"
      ],
      "language": "English",
      "pure_emoji": false
    },
    {
      "user": "KANGCAPSLOCK",
      "comments": [
        "DUA GEMINI BIKIN PUSING DUNIA 🗿🗿🗿"
      ],
      "language": "English",
      "pure_emoji": false
    },
    {
      "user": "Kampang",
      "comments": [
        "Koko xi gak mau deal"
      ],
      "language": "English",
      "pure_emoji": false
    },
    {
      "user": "Kardinata",
      "comments": [
        "dia lupa pernah jabat presiden satu periode saja,karena ekonomi tak membaik,sekarang di ulang lagi ..."
      ],
      "language": "English",
      "pure_emoji": false
    },
    {
      "user": "Liecinyang",
      "comments": [
        "hahahah China no need us for any transaction"
      ],
      "language": "English",
      "pure_emoji": false
    },
    {
      "user": "Maradona Pelle",
      "comments": [
        "CHINA TAKUT SAMA AMERICA 🇺🇸"
      ],
      "language": "English",
      "pure_emoji": false
    },
    {
      "user": "Meldi",
      "comments": [
        "bro berpikir negaranya masih negara adidaya😂😂"
      ],
      "language": "English",
      "pure_emoji": false
    },
    {
      "user": "Muhaemin Abdul fakih",
      "comments": [
        "Donal Tram Di Kira nya CINA 🇨🇳 Itu KONOHA 😅😅😅"
      ],
      "language": "English",
      "pure_emoji": false
    },
    {
      "user": "Nguyễn Văn Toàn 🇻🇳",
      "comments": [
        "😁"
      ],
      "language": "Other",
      "pure_emoji": true
    },
    {
      "user": "Niko",
      "comments": [
        "memaksa cina? US?"
      ],
      "language": "English",
      "pure_emoji": false
    },
    {
      "user": "Nuna",
      "comments": [
        "dia juga lupa kalau sebelum ada Amerika China udah ada dluan🤣"
      ],
      "language": "English",
      "pure_emoji": false
    },
    {
      "user": "OK",
      "comments": [
        "pasti china akan di banned, china hanya masalah sementara bagi US"
      ],
      "language": "English",
      "pure_emoji": false
    },
    {
      "user": "Orlee05",
      "comments": [
        "Baru dia lupa pakai pelampung wkwkw"
      ],
      "language": "English",
      "pure_emoji": false
    },
    {
      "user": "Padelrizki",
      "comments": [
        "dia yg buat aturan dia yg panik 😂"
      ],
      "language": "English",
      "pure_emoji": false
    },
    {
      "user": "PerumahanCiruasland-Serang",
      "comments": [
        "ending jilat ludah sendiri🔥🔥🔥"
      ],
      "language": "English",
      "pure_emoji": false
    },
    {
      "user": "Pontianak💳💶🤲",
      "comments": [
        "🤣🤣🤣🤣"
      ],
      "language": "Other",
      "pure_emoji": true
    },
    {
      "user": "Purwanto Saja149",
      "comments": [
        "tidak pernah diajarin ngaku salah kayaknya dulu dr kecil"
      ],
      "language": "English",
      "pure_emoji": false
    },
    {
      "user": "Raflyyy",
      "comments": [
        "😳😳😳"
      ],
      "language": "Other",
      "pure_emoji": true
    },
    {
      "user": "Rifa'atin Ilmiyah",
      "comments": [
        "Bad Trump"
      ],
      "language": "English",
      "pure_emoji": false
    },
    {
      "user": "Rusdi Rusdi",
      "comments": [
        "maksa kehendak trump"
      ],
      "language": "English",
      "pure_emoji": false
    },
    {
      "user": "Sakit F",
      "comments": [
        "paman Gober"
      ],
      "language": "English",
      "pure_emoji": false
    },
    {
      "user": "Susanto Bun823",
      "comments": [
        "kan ada WTO"
      ],
      "language": "English",
      "pure_emoji": false
    },
    {
      "user": "TOMORROW",
      "comments": [
        "enggan mengakuinya, padahal udah udah mulai pusing ngadepin tiongkok😂"
      ],
      "language": "English",
      "pure_emoji": false
    },
    {
      "user": "TUKANG ANGIN",
      "comments": [
        "IMPEACH TRUMP"
      ],
      "language": "English",
      "pure_emoji": false
    },
    {
      "user": "Takin08",
      "comments": [
        "Aku di jepang sudah 5 tahun bekerja,, gaji 1 bulan 50 jutaan+ lembur.. di Indonesia sudah bisa beli tanah 3 hektare, mobil fortuner, rumah 2 lantai....Aku bisa kerja di jepang karena dari Sekolah SD aku juara lomba Mengarang.. dan komen ini juga hasil karangan ku sendiri."
      ],
      "language": "English",
      "pure_emoji": false
    },
    {
      "user": "Thimberlake",
      "comments": [
        "siapa yg hubungi dluan dia yang kalah"
      ],
      "language": "English",
      "pure_emoji": false
    },
    {
      "user": "Vin SR",
      "comments": [
        "Nomer 1 dunia ini. Sangar sih berani banget spekulasi"
      ],
      "language": "English",
      "pure_emoji": false
    },
    {
      "user": "Wong_Yany",
      "comments": [
        "Msh malu2 kucing yah thrump 😂"
      ],
      "language": "English",
      "pure_emoji": false
    },
    {
      "user": "Xiao Wu",
      "comments": [
        "gengsi lu mahal bg trump🤣"
      ],
      "language": "English",
      "pure_emoji": false
    },
    {
      "user": "Xvzyse22",
      "comments": [
        "Cuma gara” TikTok gk dijual sama china 😭😭"
      ],
      "language": "English",
      "pure_emoji": false
    },
    {
      "user": "YART🇬🇧",
      "comments": [
        "masa"
      ],
      "language": "English",
      "pure_emoji": false
    },
    {
      "user": "Yogi",
      "comments": [
        "Indonesia : \"kita negara pertama yg menghadap ke gedung putih\""
      ],
      "language": "English",
      "pure_emoji": false
    },
    {
      "user": "akhsyai khan",
      "comments": [
        "kadung basah nyemplung pisan si donal"
      ],
      "language": "English",
      "pure_emoji": false
    },
    {
      "user": "akusiapa",
      "comments": [
        "Licik banget ni presiden ada maunya"
      ],
      "language": "English",
      "pure_emoji": false
    },
    {
      "user": "amarlanod",
      "comments": [
        "😂😂😂"
      ],
      "language": "Other",
      "pure_emoji": true
    },
    {
      "user": "andykurniawan5770",
      "comments": [
        "😂😂😂"
      ],
      "language": "Other",
      "pure_emoji": true
    },
    {
      "user": "apasaja",
      "comments": [
        "Tiongkok sudah ngomong dengan jelas, kalau mereka tidak akan nyerah dengan perang dagang, mereka akan melawan sampai akhir. Berarti mereka tidak akan memulai negosiasi, kecuali amerika yg mulai negosiasi duluan."
      ],
      "language": "English",
      "pure_emoji": false
    },
    {
      "user": "bambangheru05",
      "comments": [
        "memaksa? dia pikir dia bosnya china🤣 kepalanya abis diserempet peluru jd agak laen ini uwak trump😂"
      ],
      "language": "English",
      "pure_emoji": false
    },
    {
      "user": "bread crust 95",
      "comments": [
        "🤣🤣🤣"
      ],
      "language": "Other",
      "pure_emoji": true
    },
    {
      "user": "capricorn",
      "comments": [
        "lawak kau trump"
      ],
      "language": "English",
      "pure_emoji": false
    },
    {
      "user": "clan.alexxandria",
      "comments": [
        "lahh perdana menteri tiongkok aja bilang, kami sudah tidak peduli dengan pasar as, terserah as mau gimana intinya mereka endak peduli lagi."
      ],
      "language": "English",
      "pure_emoji": false
    },
    {
      "user": "draconesse",
      "comments": [
        "dikira negara konoha, gertak dikit lgs beli gas dr amrik... mane tariffnya ede pisan.. beda kelas lah😏😏😏"
      ],
      "language": "English",
      "pure_emoji": false
    },
    {
      "user": "enaKMantul",
      "comments": [
        "yang parah Indonesia, sudah banyak hutang sekarang ditambah lagi harus dituntut membeli lebih banyak dari AS, makanya sebelum berhutang perlu utk menilai resiko dan ada buffer karena kita tdk tahu nex"
      ],
      "language": "English",
      "pure_emoji": false
    },
    {
      "user": "ethan",
      "comments": [
        "si kepala batu"
      ],
      "language": "English",
      "pure_emoji": false
    },
    {
      "user": "fajar",
      "comments": [
        "mr Xin mengiyakan saja apa yg disampaikan mr trump, tindakan mr xin hanya tak mengirim barang apapun ke amerika & tidak membeli barang apapun dari amerika"
      ],
      "language": "English",
      "pure_emoji": false
    },
    {
      "user": "faze",
      "comments": [
        "Tiongkok said : egp"
      ],
      "language": "English",
      "pure_emoji": false
    },
    {
      "user": "hafa",
      "comments": [
        "kalo bahasa yunaninya, kementhus"
      ],
      "language": "English",
      "pure_emoji": false
    },
    {
      "user": "herdisuyap",
      "comments": [
        "awalnya cuma cek ombak. trumph g tau rupanya tsunami yg datang ......."
      ],
      "language": "English",
      "pure_emoji": false
    },
    {
      "user": "indraid888",
      "comments": [
        "No Negotiation only war"
      ],
      "language": "English",
      "pure_emoji": false
    },
    {
      "user": "jiwa",
      "comments": [
        "Trump lupa, keturunan cina ada di belahan manapun dan profesinya beragam, dan siap dikordinasikan oleh negara, sedangkan orang USA dibelahan manapun susah ditrima, cuman jadi turis susah netep."
      ],
      "language": "English",
      "pure_emoji": false
    },
    {
      "user": "juvenil2014",
      "comments": [
        "Trump gali lubangnya sendiri, dan dia lupa pacul untuk gali lubangnya sendiripun made in China jugak😁"
      ],
      "language": "English",
      "pure_emoji": false
    },
    {
      "user": "kakwin",
      "comments": [
        "apa mungki ini bisa jadi skenario drama politik kedua negara tsb,untuk memeras negara yg lemah lain,bikin tarif seenak jidat,bener2 pengen jadi penguasai terkuat d bumi,kyk fiaun kli ya pemerintahanya"
      ],
      "language": "English",
      "pure_emoji": false
    },
    {
      "user": "kelvin",
      "comments": [
        "dia yg mulai, dia yg sibuk minta nego"
      ],
      "language": "English",
      "pure_emoji": false
    },
    {
      "user": "magistra",
      "comments": [
        "😳😳😳"
      ],
      "language": "Other",
      "pure_emoji": true
    },
    {
      "user": "marcopoloyon",
      "comments": [
        "jadi siapa yg lebih unggul 🤭"
      ],
      "language": "English",
      "pure_emoji": false
    },
    {
      "user": "me",
      "comments": [
        "😂"
      ],
      "language": "Other",
      "pure_emoji": true
    },
    {
      "user": "omosuhana",
      "comments": [
        "Gak mungkin china mau"
      ],
      "language": "English",
      "pure_emoji": false
    },
    {
      "user": "papao",
      "comments": [
        "merasa tak tergoyahkan mau gertak negara lain eh gatau kalo ada negara yg Uda improve bgt😂"
      ],
      "language": "English",
      "pure_emoji": false
    },
    {
      "user": "qnh2020",
      "comments": [
        "langkah awal kejatuhan yahu di ... di mulai dari runtuh nya mamarika"
      ],
      "language": "English",
      "pure_emoji": false
    },
    {
      "user": "rahman",
      "comments": [
        "ayo mr trump u can win this beatle.. i know u can..push them harder till they finish..👍👍👍"
      ],
      "language": "English",
      "pure_emoji": false
    },
    {
      "user": "raisa",
      "comments": [
        "Guys,disini ada yang mau kerja parttime wfh bareng aku? Kebetulan ada job buat produk skincare Aku butuh rekan nih.."
      ],
      "language": "English",
      "pure_emoji": false
    },
    {
      "user": "riazt 4jungle",
      "comments": [
        "trump belajar dari ormas2 dikonoho🤣🤣🤣"
      ],
      "language": "English",
      "pure_emoji": false
    },
    {
      "user": "senopati678",
      "comments": [
        "🤣🤣🤣🤣🤣🤣betul,, salah prediksi"
      ],
      "language": "English",
      "pure_emoji": false
    },
    {
      "user": "still",
      "comments": [
        "trump masih pikir dialah pusat ekonomi dunia, dilain sisi Cna lagi bingung abisin duitnya 😂😂"
      ],
      "language": "English",
      "pure_emoji": false
    },
    {
      "user": "timbul ❤️❤️❤️",
      "comments": [
        "wes pikun kui ...ngunu kok dipilih dadi presiden"
      ],
      "language": "English",
      "pure_emoji": false
    },
    {
      "user": "ucup.abret",
      "comments": [
        "dia bisa bikin apa yg di butuhkan . beda dgn di .......... isi sendiri lah sesuai keinginan kalian"
      ],
      "language": "English",
      "pure_emoji": false
    },
    {
      "user": "unang_wungkul",
      "comments": [
        "di hajar boeing, farmasi dan rare earth. ekonomi Amerika bisa wasalam dalam 4 bulan 😁"
      ],
      "language": "English",
      "pure_emoji": false
    },
    {
      "user": "user4740190366627 George",
      "comments": [
        "Donal salah pilih Lawan😋"
      ],
      "language": "English",
      "pure_emoji": false
    },
    {
      "user": "whos'sans",
      "comments": [
        "yaelahhhhh nal² wkwkwk"
      ],
      "language": "English",
      "pure_emoji": false
    },
    {
      "user": "whyoe hdyt",
      "comments": [
        "China gk butuh AS..AS adlh negara sistem kapitalis n kolonialisme.."
      ],
      "language": "English",
      "pure_emoji": false
    },
    {
      "user": "yoshi9151",
      "comments": [
        "petantang petenteng"
      ],
      "language": "English",
      "pure_emoji": false
    },
    {
      "user": "yoyosutaryo760",
      "comments": [
        "Trump ketar ketir di cuekin China 😂"
      ],
      "language": "English",
      "pure_emoji": false
    },
    {
      "user": "yuyu",
      "comments": [
        "donal bebek jadi presiden"
      ],
      "language": "English",
      "pure_emoji": false
    },
    {
      "user": "~ ASTAROTH ~",
      "comments": [
        "MAKE INDONESIA GREAT AGAIN 🤣👍"
      ],
      "language": "English",
      "pure_emoji": false
    },
    {
      "user": "แอนดี้",
      "comments": [
        "bener pulak abg ni😁😁"
      ],
      "language": "English",
      "pure_emoji": false
    },
    {
      "user": "•Ridwannn",
      "comments": [
        "imbasnya ke indo apa karna dua bocah itu gelut?",
        "simpelnya indo untung apa rugi kak ?"
      ],
      "language": "English",
      "pure_emoji": false
    },
    {
      "user": "羊肉炒饭",
      "comments": [
        "Trump lansia yg seperti anak kecil error"
      ],
      "language": "English",
      "pure_emoji": false
    },
    {
      "user": "아무거나 🇰🇷",
      "comments": [
        "trump lupa dunia dan isi y ini diciptakan tuhan selebih y made in china 🤣"
      ],
      "language": "English",
      "pure_emoji": false
    },
    {
      "user": "𝐇𝐃𝐑 ᶜʰᵉⁿ 陈真",
      "comments": [
        "gak cocok Donal ini jd presiden AS karna bikin gaduh"
      ],
      "language": "English",
      "pure_emoji": false
    },
    {
      "user": "🅳🅲🅽",
      "comments": [
        "trump berasa kek cewe yg lagi ngambek gitu.. minta di hubungi duluan 😅"
      ],
      "language": "English",
      "pure_emoji": false
    },
    {
      "user": "🅼🅰🆂-🅰🅹🅸🅸",
      "comments": [
        "😂😂😂😂"
      ],
      "language": "Other",
      "pure_emoji": true
    },
    {
      "user": "🎧@陈朝敏  ABIEN",
      "comments": [
        "😂"
      ],
      "language": "Other",
      "pure_emoji": true
    },
    {
      "user": "🐜",
      "comments": [
        "Amerika not great again"
      ],
      "language": "English",
      "pure_emoji": false
    },
    {
      "user": "👣Alergi_kritik💥💥",
      "comments": [
        "Impeachment"
      ],
      "language": "English",
      "pure_emoji": false
    },
    {
      "user": "🔻AN🔻",
      "comments": [
        "china : we don't care😂😂😂"
      ],
      "language": "English",
      "pure_emoji": false
    }
  ]
}