{
  "video_id": "7461560260977757448",
  "video_url": "https://www.tiktok.com/@root1a1/video/7461560260977757448",
  "publish_date": null,
  "comment_groups": [
    {
      "user": "MANGLAI",
      "comments": [
        "😁😁😁"
      ],
      "language": "Other",
      "pure_emoji": true
    },
    {
      "user": "Nhã Trang",
      "comments": [
        "怎么买，教教我！"
      ],
      "language": "Chinese",
      "pure_emoji": false
    },
    {
      "user": "PUJIN",
      "comments": [
        "在哪里买"
      ],
      "language": "Chinese",
      "pure_emoji": false
    },
    {
      "user": "Polin Fang",
      "comments": [
        "高點我下車了小賺一點"
      ],
      "language": "Chinese",
      "pure_emoji": false
    },
    {
      "user": "U搬砖日赚上万QQ：2261316915✈️TG:gamm7",
      "comments": [
        "实在的带"
      ],
      "language": "Chinese",
      "pure_emoji": false
    },
    {
      "user": "XIN Yao",
      "comments": [
        "这个是什么软件可以看"
      ],
      "language": "Chinese",
      "pure_emoji": false
    },
    {
      "user": "love.u.TRUMP coin 币子코인",
      "comments": [
        "🥰🥰🥰🥰🥰🥰🥰🥰🥰🥰🥰🥰🥰🥰🥰🥰🥰🥰🥰🥰🥰🥰🥰🥰🥰🥰🥰🥰🥰🥰🥰🥰🥰🥰🥰🥰🥰🥰🥰🥰🥰🥰🥰🥰🥰"
      ],
      "language": "Other",
      "pure_emoji": true
    },
    {
      "user": "yang",
      "comments": [
        "怎么购买"
      ],
      "language": "Chinese",
      "pure_emoji": false
    },
    {
      "user": "交易所开户私聊 · 创作者",
      "comments": [
        "很难了",
        "https://www.gate.io/signup/AwQRUl4J?ref_type=103",
        "这个是注册地址 https://app.panpno.com/signup/AwQRUl4J?ref_type=103",
        "谢谢"
      ],
      "language": "Mixed",
      "pure_emoji": false
    },
    {
      "user": "夕儿",
      "comments": [
        "在哪买"
      ],
      "language": "Chinese",
      "pure_emoji": false
    },
    {
      "user": "搬U日赚上万！QQ：2032479570✈️TG:zakm2",
      "comments": [
        "Congratulations 🥰"
      ],
      "language": "English",
      "pure_emoji": false
    },
    {
      "user": "李權嚴key is better than LEE",
      "comments": [
        "蜜月期.可能空窗期，有点像發行上市股票蜜月度.，拉抬吧，下来吧！😁😁臘筆小心."
      ],
      "language": "Chinese",
      "pure_emoji": false
    },
    {
      "user": "欧易！火币！搬砖 日入10K 了解入口：3399k.cc",
      "comments": [
        "Handsome",
        "Graceful"
      ],
      "language": "English",
      "pure_emoji": false
    },
    {
      "user": "江北",
      "comments": [
        "这是哪个平台？"
      ],
      "language": "Chinese",
      "pure_emoji": false
    },
    {
      "user": "洗钱之王",
      "comments": [
        "🔥"
      ],
      "language": "Other",
      "pure_emoji": true
    },
    {
      "user": "繁辰落叶",
      "comments": [
        "38了感觉又可以抄底了"
      ],
      "language": "Chinese",
      "pure_emoji": false
    },
    {
      "user": "虚拟币搬砖看介绍：3355K.cc",
      "comments": [
        "忍耐和坚持是痛苦的，但它会逐渐给你带来好处",
        "每一个成功者都有一个开始。勇于开始，才能找到成功的路"
      ],
      "language": "Chinese",
      "pure_emoji": false
    },
    {
      "user": "轻松搬U日赚上万！QQ：65160828✈️TG:zabb2",
      "comments": [
        "candid🥰🥰🥰"
      ],
      "language": "English",
      "pure_emoji": false
    }
  ]
}