{
  "video_id": "7491912109442207007",
  "video_url": "https://www.tiktok.com/@wuweimv/video/7491912109442207007",
  "publish_date": null,
  "comment_groups": [
    {
      "user": "@叫林北”张总“",
      "comments": [
        "😏"
      ],
      "language": "Other",
      "pure_emoji": true
    },
    {
      "user": "Botan Botan",
      "comments": [
        "👍👍👍👍👍👍👍"
      ],
      "language": "Other",
      "pure_emoji": true
    },
    {
      "user": "Johnny Lau",
      "comments": [
        "👍👍👍👍👍😁😁"
      ],
      "language": "Other",
      "pure_emoji": true
    },
    {
      "user": "Lilly",
      "comments": [
        "繼續這種最美的風景線👍👍👍"
      ],
      "language": "Chinese",
      "pure_emoji": false
    },
    {
      "user": "Liu Liu",
      "comments": [
        "The weakness of the United States is a key reason why a country that has been in a federation lacks a real leader. What's even more bizarre is that the leader's IQ is definitely questionable. There ar"
      ],
      "language": "English",
      "pure_emoji": false
    },
    {
      "user": "Saitou Chan",
      "comments": [
        "👍👍👍"
      ],
      "language": "Other",
      "pure_emoji": true
    },
    {
      "user": "Su Ki",
      "comments": [
        "👏💪🫡🫵🤡😵‍💫🤓🇺🇸👹👺👿😍🥰"
      ],
      "language": "Other",
      "pure_emoji": false
    },
    {
      "user": "TOYOTAKITL",
      "comments": [
        "你们说西方选举民主，但当选后，不能实现许诺，国民反抗也同样改变不了现状"
      ],
      "language": "Chinese",
      "pure_emoji": false
    },
    {
      "user": "Tiger Lim",
      "comments": [
        "Time to say goodbye USA👎👎👎"
      ],
      "language": "English",
      "pure_emoji": false
    },
    {
      "user": "Wai Meng Lau",
      "comments": [
        "🤪🤪🤪🤪🤪🤪🤪🤪🤪🤪🤪🤪🤪🤪🤪🤪🤪🤪🤪🤪🤪🤪🤪🤪🤪🤪🤪🤪🤪🤪🤪🤪🤪🤪🤪🤪🤪🤪🤪🤪🤪🤪🤪🤪🤪🤪🤪🤪🤪🤪🤪🥰🥰🥰🥰🥰🥰🥰🥰🥰🥰🥰🥰🥰🥰🥰🥰🥰🥰🥰🥰🥰🥰🥰🥰🥰🥰🥰🥰🥰🥰🥰🥰🥰😈😈😈😈😈😈😈😈😈😈😈😈😈😈😈😈😈😈😈😈😈😈😈😈😈😈😈😈😈😈😈😈😈😈😈😈😈😈😈"
      ],
      "language": "Other",
      "pure_emoji": true
    },
    {
      "user": "Weng Cheong Mok",
      "comments": [
        "怎么给这人当总统，没品，设垴，乱来！"
      ],
      "language": "Chinese",
      "pure_emoji": false
    },
    {
      "user": "dyikowb7ynze",
      "comments": [
        "南無阿彌陀佛 南無阿彌陀佛 南無阿彌陀佛 南無阿彌陀佛 南無阿彌陀佛 南無阿彌陀佛 南無阿彌陀佛 南無阿彌陀佛 南無阿彌陀佛 南無阿彌陀佛 南無阿彌陀佛"
      ],
      "language": "Chinese",
      "pure_emoji": false
    },
    {
      "user": "lee Ivan",
      "comments": [
        "大家感谢川普！中华民族万岁😁"
      ],
      "language": "Chinese",
      "pure_emoji": false
    },
    {
      "user": "user1013930201331",
      "comments": [
        "yeah, is time to say goodbye trump, is better without you, the American would be better, maybe Kamala Harris is better than you."
      ],
      "language": "English",
      "pure_emoji": false
    },
    {
      "user": "user3454222942750",
      "comments": [
        "🤩🤩🤩🤩🤩🤩🤩🤩🤩@@@"
      ],
      "language": "Other",
      "pure_emoji": false
    },
    {
      "user": "user769856842520",
      "comments": [
        "又是一道美丽的风景线😄"
      ],
      "language": "Chinese",
      "pure_emoji": false
    },
    {
      "user": "user8578477296218",
      "comments": [
        "川普要学中国改革，“摸着石头过河”。但是，太急利求功了。或许是因为任期的时间限制，所以美国很难改革的。"
      ],
      "language": "Chinese",
      "pure_emoji": false
    },
    {
      "user": "yanyang806",
      "comments": [
        "👏👏👏👏👏👏👏👏👏👏👏👏👏👏"
      ],
      "language": "Other",
      "pure_emoji": true
    },
    {
      "user": "อาคม",
      "comments": [
        "美国清醒的名众 加油😂😂😂"
      ],
      "language": "Chinese",
      "pure_emoji": false
    },
    {
      "user": "劉長治",
      "comments": [
        "🥰🥰🥰🥰😜😜😜😜"
      ],
      "language": "Other",
      "pure_emoji": true
    },
    {
      "user": "孩儿他爸",
      "comments": [
        "为什么中国人不管发生了什么的不会游行示威"
      ],
      "language": "Chinese",
      "pure_emoji": false
    },
    {
      "user": "张子成",
      "comments": [
        "👍👍👍"
      ],
      "language": "Other",
      "pure_emoji": true
    },
    {
      "user": "晓欧姐姐",
      "comments": [
        "🥰"
      ],
      "language": "Other",
      "pure_emoji": true
    },
    {
      "user": "泊涛资本 白资收U 小白可带 ✈️@botaoxiaowu",
      "comments": [
        "以古人之规矩，开自己之生面"
      ],
      "language": "Chinese",
      "pure_emoji": false
    },
    {
      "user": "用户6103632506213",
      "comments": [
        "讚啦🥰"
      ],
      "language": "Chinese",
      "pure_emoji": false
    },
    {
      "user": "靜靜的思念",
      "comments": [
        "你发那么多表情想表达什么呢？"
      ],
      "language": "Chinese",
      "pure_emoji": false
    }
  ]
}