{
  "video_id": "7436117665451724050",
  "video_url": "https://www.tiktok.com/@qianlihuangsha/video/7436117665451724050",
  "publish_date": null,
  "comment_groups": [
    {
      "user": "3寶爸在減肥的（湯哥）體重逆襲",
      "comments": [
        "他演講 很像 李奧納多 詐騙電影的那一段"
      ],
      "language": "Chinese",
      "pure_emoji": false
    },
    {
      "user": "A Sam",
      "comments": [
        "讚喔～～～"
      ],
      "language": "Chinese",
      "pure_emoji": false
    },
    {
      "user": "Ali Campbell & UB40💠",
      "comments": [
        "這樣的政策才是用在人民身上🥰🥰🥰特兄好樣！"
      ],
      "language": "Chinese",
      "pure_emoji": false
    },
    {
      "user": "Allen",
      "comments": [
        "Trump is becoming more and more authoritarian"
      ],
      "language": "English",
      "pure_emoji": false
    },
    {
      "user": "Angela Chan",
      "comments": [
        "🥰🥰🥰"
      ],
      "language": "Other",
      "pure_emoji": true
    },
    {
      "user": "Annie",
      "comments": [
        "🥰🥰🥰"
      ],
      "language": "Other",
      "pure_emoji": true
    },
    {
      "user": "Arya Shuddha",
      "comments": [
        "太棒了！早就看Visa不爽很久了！"
      ],
      "language": "Mixed",
      "pure_emoji": false
    },
    {
      "user": "Farming Exploration",
      "comments": [
        "pls make it worldwide 🥰"
      ],
      "language": "English",
      "pure_emoji": false
    },
    {
      "user": "GJ",
      "comments": [
        "美国把自己玩完了，🥰"
      ],
      "language": "Chinese",
      "pure_emoji": false
    },
    {
      "user": "Harry",
      "comments": [
        "取消全世界的駐軍！"
      ],
      "language": "Chinese",
      "pure_emoji": false
    },
    {
      "user": "Jack",
      "comments": [
        "Together with credit restriction."
      ],
      "language": "English",
      "pure_emoji": false
    },
    {
      "user": "Jack Caren",
      "comments": [
        "好。好。好"
      ],
      "language": "Chinese",
      "pure_emoji": false
    },
    {
      "user": "James包租公",
      "comments": [
        "自相矛盾😂😂😂,加關稅才會通澎😂😂😂"
      ],
      "language": "Chinese",
      "pure_emoji": false
    },
    {
      "user": "Jenet",
      "comments": [
        "👏👏👏"
      ],
      "language": "Other",
      "pure_emoji": true
    },
    {
      "user": "Jing Fung",
      "comments": [
        "that's a human say"
      ],
      "language": "English",
      "pure_emoji": false
    },
    {
      "user": "Lim Kk",
      "comments": [
        "难道要拿来付高费的…进口货…进口食品，电车🚇……🤔"
      ],
      "language": "Chinese",
      "pure_emoji": false
    },
    {
      "user": "Long Wu",
      "comments": [
        "Just do it~"
      ],
      "language": "English",
      "pure_emoji": false
    },
    {
      "user": "Lucky superstar ,🥰🥰🥰",
      "comments": [
        "原來是大耳龙！🤣🤣🤣🤣"
      ],
      "language": "Chinese",
      "pure_emoji": false
    },
    {
      "user": "Mark比野",
      "comments": [
        "🥰🥰🥰"
      ],
      "language": "Other",
      "pure_emoji": true
    },
    {
      "user": "Mr.Bagus Home & Living Tips",
      "comments": [
        "每次锁卡就赚了2-4%,一年还要收25%利息真的很恐怖。"
      ],
      "language": "Chinese",
      "pure_emoji": false
    },
    {
      "user": "Ping",
      "comments": [
        "All interest rates should be abolished!"
      ],
      "language": "English",
      "pure_emoji": false
    },
    {
      "user": "Roy",
      "comments": [
        "好，大力鼓励借贷消费。"
      ],
      "language": "Chinese",
      "pure_emoji": false
    },
    {
      "user": "Shaun",
      "comments": [
        "Fake news. I believe"
      ],
      "language": "English",
      "pure_emoji": false
    },
    {
      "user": "Soulfly",
      "comments": [
        "Expensive Credit card membership renewals"
      ],
      "language": "English",
      "pure_emoji": false
    },
    {
      "user": "Wei-sen",
      "comments": [
        "川普總統請保護好自身安全。你動到軍工還有猶太財團的蛋糕。"
      ],
      "language": "Chinese",
      "pure_emoji": false
    },
    {
      "user": "Wfz",
      "comments": [
        "不错 这是真正的为民解忧"
      ],
      "language": "Chinese",
      "pure_emoji": false
    },
    {
      "user": "YL Z",
      "comments": [
        "🥰🥰"
      ],
      "language": "Other",
      "pure_emoji": true
    },
    {
      "user": "Zea",
      "comments": [
        "🥺🥺🥺🥺🥺🥺"
      ],
      "language": "Other",
      "pure_emoji": true
    },
    {
      "user": "beautyyourself888",
      "comments": [
        "沒錯"
      ],
      "language": "Chinese",
      "pure_emoji": false
    },
    {
      "user": "david hsu",
      "comments": [
        "幫助辛苦的勞工🥰"
      ],
      "language": "Chinese",
      "pure_emoji": false
    },
    {
      "user": "davinci2022",
      "comments": [
        "开始断犹汰金流，耶！"
      ],
      "language": "Chinese",
      "pure_emoji": false
    },
    {
      "user": "elong 万佛朝宗",
      "comments": [
        "can be great leader",
        "👍 👌"
      ],
      "language": "English",
      "pure_emoji": false
    },
    {
      "user": "ethan2081",
      "comments": [
        "All of sudden, he sounds like a reasonable guy"
      ],
      "language": "English",
      "pure_emoji": false
    },
    {
      "user": "ifw",
      "comments": [
        "畫面上是 Sep 24, 是競選期間的政見，明年才上任，無法在今天發布行政命令"
      ],
      "language": "Mixed",
      "pure_emoji": false
    },
    {
      "user": "jAckPoT",
      "comments": [
        "銀行總有配套方案😏"
      ],
      "language": "Chinese",
      "pure_emoji": false
    },
    {
      "user": "jason",
      "comments": [
        "20%吸血鬼的公司😳😳😳"
      ],
      "language": "Chinese",
      "pure_emoji": false
    },
    {
      "user": "jay shaw",
      "comments": [
        "👍👍👍👍👍👍👍👍👍👍👍👍👍👍"
      ],
      "language": "Other",
      "pure_emoji": true
    },
    {
      "user": "jioy52",
      "comments": [
        "加征关税最后还是老百姓买单，特靠谱是商人，最喜欢就是赚钱，他不在乎谁是韭菜，不在乎老百姓需要物美价廉，降低利率资本少赚钱，提高关税老百姓多花钱，羊毛出在羊身上，最终这个钱还是要回到资本手里"
      ],
      "language": "Chinese",
      "pure_emoji": false
    },
    {
      "user": "liu2336",
      "comments": [
        "👍👍👍"
      ],
      "language": "Other",
      "pure_emoji": true
    },
    {
      "user": "mumutitan",
      "comments": [
        "台灣要不要跟進"
      ],
      "language": "Chinese",
      "pure_emoji": false
    },
    {
      "user": "okk",
      "comments": [
        "It doesn't seem to have anything to do with me. I don't even understand how I keep brushing these😳😳"
      ],
      "language": "English",
      "pure_emoji": false
    },
    {
      "user": "qqw456567",
      "comments": [
        "通貨膨漲是戰爭，亂送錢"
      ],
      "language": "Chinese",
      "pure_emoji": false
    },
    {
      "user": "ruziniu",
      "comments": [
        "👍👍👍"
      ],
      "language": "Other",
      "pure_emoji": true
    },
    {
      "user": "shaoyuan chang🌱",
      "comments": [
        "哇…金融股慘了，獲利大減"
      ],
      "language": "Chinese",
      "pure_emoji": false
    },
    {
      "user": "shifuyan6",
      "comments": [
        "这个好"
      ],
      "language": "Chinese",
      "pure_emoji": false
    },
    {
      "user": "spexcel",
      "comments": [
        "定期存款才4%. 10%也是爆利，8%就好了"
      ],
      "language": "Chinese",
      "pure_emoji": false
    },
    {
      "user": "stone異想世界",
      "comments": [
        "馬克思已經明白點出， 政府就是人民的共產， 人民絕非政府的共產。 把政府回歸共產， 把無產階級回歸人民， 無產主導共產， 講的就是是人民主導政府。 共產資本才能永遠正確前進。"
      ],
      "language": "Chinese",
      "pure_emoji": false
    },
    {
      "user": "usb2024",
      "comments": [
        "銀行真的賺太多，川川加油🥰"
      ],
      "language": "Chinese",
      "pure_emoji": false
    },
    {
      "user": "user4669675621828",
      "comments": [
        "Yes"
      ],
      "language": "English",
      "pure_emoji": false
    },
    {
      "user": "user8578477296218",
      "comments": [
        "以前信用卡支付的利息是可以抵扣所得税的，后来被取消了。"
      ],
      "language": "Chinese",
      "pure_emoji": false
    },
    {
      "user": "userq238al3ltn",
      "comments": [
        "世界确实需要这样革命与创新，实现人人为我我为人人的世界大同！"
      ],
      "language": "Chinese",
      "pure_emoji": false
    },
    {
      "user": "weihsiso_chen",
      "comments": [
        "移除信用卡支付"
      ],
      "language": "Chinese",
      "pure_emoji": false
    },
    {
      "user": "zzzRedRedRed",
      "comments": [
        "Visa make 3% all product sold, it’s non ethical"
      ],
      "language": "English",
      "pure_emoji": false
    },
    {
      "user": "ㄎㄎ創始人",
      "comments": [
        "明知山有虎😳卻往虎中行😌於來有帶獵槍"
      ],
      "language": "Chinese",
      "pure_emoji": false
    },
    {
      "user": "人间半途",
      "comments": [
        "yes"
      ],
      "language": "English",
      "pure_emoji": false
    },
    {
      "user": "伊森的汽車頻道",
      "comments": [
        "這才是總統的格局啊😭😭😭"
      ],
      "language": "Chinese",
      "pure_emoji": false
    },
    {
      "user": "凡人",
      "comments": [
        "說到要做到，，，不要像台灣姓賴的一樣，，，全部都說謊都騙人"
      ],
      "language": "Chinese",
      "pure_emoji": false
    },
    {
      "user": "吃饱喝足看天下",
      "comments": [
        "牛逼"
      ],
      "language": "Chinese",
      "pure_emoji": false
    },
    {
      "user": "吉力",
      "comments": [
        "痛擊非法的商業撥削"
      ],
      "language": "Chinese",
      "pure_emoji": false
    },
    {
      "user": "吴准少",
      "comments": [
        "我都话他是狂，不是傻，招招封喉😂🥰"
      ],
      "language": "Chinese",
      "pure_emoji": false
    },
    {
      "user": "喧嘩上等",
      "comments": [
        "上線 上限 ？"
      ],
      "language": "Chinese",
      "pure_emoji": false
    },
    {
      "user": "四川人",
      "comments": [
        "富人不消费缺拿着高利息钱生钱，就是吸社会的血！"
      ],
      "language": "Chinese",
      "pure_emoji": false
    },
    {
      "user": "左智光",
      "comments": [
        "高利貸是上帝賜給猶太人的特權，猶太人不能接受"
      ],
      "language": "Chinese",
      "pure_emoji": false
    },
    {
      "user": "按照舊金山和約21條 我國為：大韓帝國臺灣（自治區）政府",
      "comments": [
        "很夠勁"
      ],
      "language": "Chinese",
      "pure_emoji": false
    },
    {
      "user": "挖井人",
      "comments": [
        "😁😁😁"
      ],
      "language": "Other",
      "pure_emoji": true
    },
    {
      "user": "摇摇绿树",
      "comments": [
        "对"
      ],
      "language": "Chinese",
      "pure_emoji": false
    },
    {
      "user": "昂昂",
      "comments": [
        "說到要做到"
      ],
      "language": "Chinese",
      "pure_emoji": false
    },
    {
      "user": "李永宜",
      "comments": [
        "🥰🥰🥰🥰"
      ],
      "language": "Other",
      "pure_emoji": true
    },
    {
      "user": "李詩文",
      "comments": [
        "佩服👍"
      ],
      "language": "Chinese",
      "pure_emoji": false
    },
    {
      "user": "桐（慧德）99888",
      "comments": [
        "水"
      ],
      "language": "Chinese",
      "pure_emoji": false
    },
    {
      "user": "楊凱峻",
      "comments": [
        "好帥"
      ],
      "language": "Chinese",
      "pure_emoji": false
    },
    {
      "user": "海",
      "comments": [
        "砸鍋的美國聖人喔"
      ],
      "language": "Chinese",
      "pure_emoji": false
    },
    {
      "user": "澳门酒店预定",
      "comments": [
        "优秀奖"
      ],
      "language": "Chinese",
      "pure_emoji": false
    },
    {
      "user": "無糖果醋",
      "comments": [
        "太沸騰人心了！"
      ],
      "language": "Chinese",
      "pure_emoji": false
    },
    {
      "user": "用户271430617129",
      "comments": [
        "懂王真的懂🥰"
      ],
      "language": "Chinese",
      "pure_emoji": false
    },
    {
      "user": "用户4575104371332",
      "comments": [
        "川普似乎變聰明了😳經歷過四年的歷練😂"
      ],
      "language": "Chinese",
      "pure_emoji": false
    },
    {
      "user": "簡坤助",
      "comments": [
        "棒"
      ],
      "language": "Chinese",
      "pure_emoji": false
    },
    {
      "user": "舔得小米生活不能自理",
      "comments": [
        "用负债把人们套死哈哈"
      ],
      "language": "Chinese",
      "pure_emoji": false
    },
    {
      "user": "賴清德",
      "comments": [
        "台灣也必須如此，否則銀行坑殺民眾永不休止"
      ],
      "language": "Chinese",
      "pure_emoji": false
    },
    {
      "user": "阿州",
      "comments": [
        "讚👍"
      ],
      "language": "Chinese",
      "pure_emoji": false
    },
    {
      "user": "阿瓦陳",
      "comments": [
        "是,好事"
      ],
      "language": "Chinese",
      "pure_emoji": false
    },
    {
      "user": "馬特先生",
      "comments": [
        "好像 他還沒有上台吧@@"
      ],
      "language": "Chinese",
      "pure_emoji": false
    },
    {
      "user": "龍寶兒",
      "comments": [
        "👍👍👍👍👍"
      ],
      "language": "Other",
      "pure_emoji": true
    }
  ]
}