{
  "video_id": "7489691074064026888",
  "video_url": "https://www.tiktok.com/@user9781815320775/video/7489691074064026888",
  "publish_date": null,
  "comment_groups": [
    {
      "user": "11Chiow Chin Hoo",
      "comments": [
        "❤️",
        "❤️"
      ],
      "language": "Other",
      "pure_emoji": false
    },
    {
      "user": "21",
      "comments": [
        "美国也要消费降级了🤣",
        "美国也要消费降级了🤣"
      ],
      "language": "Chinese",
      "pure_emoji": false
    },
    {
      "user": "2800RPM",
      "comments": [
        "不换算二手感觉都比中国新贵？",
        "不换算二手感觉都比中国新贵？"
      ],
      "language": "Chinese",
      "pure_emoji": false
    },
    {
      "user": "Cai",
      "comments": [
        "👍在哪？",
        "👍在哪？"
      ],
      "language": "Chinese",
      "pure_emoji": false
    },
    {
      "user": "Dong999",
      "comments": [
        "在什麼地方？",
        "👍👍👍",
        "在什麼地方？",
        "👍👍👍"
      ],
      "language": "Chinese",
      "pure_emoji": false
    },
    {
      "user": "Fairy🧚‍♀️",
      "comments": [
        "🤗",
        "🤗"
      ],
      "language": "Other",
      "pure_emoji": false
    },
    {
      "user": "Huang Bin",
      "comments": [
        "這應該是在美國"
      ],
      "language": "Chinese",
      "pure_emoji": false
    },
    {
      "user": "Oklahema",
      "comments": [
        "二手货也得涨价的，川普在变相坑美国人的",
        "二手货也得涨价的，川普在变相坑美国人的"
      ],
      "language": "Chinese",
      "pure_emoji": false
    },
    {
      "user": "Roby",
      "comments": [
        "You just post video,never post address.what that mean? Ads?"
      ],
      "language": "English",
      "pure_emoji": false
    },
    {
      "user": "YUESHUANG LI",
      "comments": [
        "😁😁😁",
        "😁😁😁"
      ],
      "language": "Other",
      "pure_emoji": false
    },
    {
      "user": "dailylife7777777",
      "comments": [
        "You just post video,never post address.what that mean? Ads?"
      ],
      "language": "English",
      "pure_emoji": false
    },
    {
      "user": "lkqwzs0430",
      "comments": [
        "🥰🥰🥰",
        "🥰🥰🥰"
      ],
      "language": "Other",
      "pure_emoji": false
    },
    {
      "user": "user4492048748305",
      "comments": [
        "有地止址吗",
        "有地止址吗"
      ],
      "language": "Chinese",
      "pure_emoji": false
    },
    {
      "user": "user6962670349524",
      "comments": [
        "在哪里啊",
        "在哪里啊"
      ],
      "language": "Chinese",
      "pure_emoji": false
    },
    {
      "user": "user9480039094732",
      "comments": [
        "请问在哪里呢？",
        "请问在哪里呢？"
      ],
      "language": "Chinese",
      "pure_emoji": false
    },
    {
      "user": "vy 🫦",
      "comments": [
        "😊",
        "😊"
      ],
      "language": "Other",
      "pure_emoji": false
    },
    {
      "user": "xia678",
      "comments": [
        "中国房子降价后所有的东西都在降，加关税后岀口不畅还得降，太难了",
        "中国房子降价后所有的东西都在降，加关税后岀口不畅还得降，太难了",
        "政府鼓励开荒种梯田种粮食多了也卖不上价"
      ],
      "language": "Chinese",
      "pure_emoji": false
    },
    {
      "user": "一个喜欢旅行的人",
      "comments": [
        "我也觉得是这样",
        "我也想知道在哪里，作者回复的话请告诉我"
      ],
      "language": "Chinese",
      "pure_emoji": false
    },
    {
      "user": "小红叔",
      "comments": [
        "我和朋友去年就开始筹备二手商品回收，现在东西不怕卖不出去，生意天天火爆。",
        "我和朋友去年就开始筹备二手商品回收，现在东西不怕卖不出去，生意天天火爆。"
      ],
      "language": "Chinese",
      "pure_emoji": false
    },
    {
      "user": "小马哥在美国 · 创作者",
      "comments": [
        "看我的主页",
        "看主页联系",
        "看我的主页",
        "看主页联系",
        "看主页联系"
      ],
      "language": "Chinese",
      "pure_emoji": false
    },
    {
      "user": "我说•你听",
      "comments": [
        "是你自己涨价了而已，应该的，机会，",
        "是你自己涨价了而已，应该的，机会，"
      ],
      "language": "Chinese",
      "pure_emoji": false
    },
    {
      "user": "春风知意",
      "comments": [
        "什么都涨！就是工资不涨！",
        "什么都涨！就是工资不涨！"
      ],
      "language": "Chinese",
      "pure_emoji": false
    },
    {
      "user": "林立云",
      "comments": [
        "😂😂😂",
        "😂😂😂"
      ],
      "language": "Other",
      "pure_emoji": false
    },
    {
      "user": "梦美国",
      "comments": [
        "涨涨涨😄",
        "涨涨涨😄"
      ],
      "language": "Chinese",
      "pure_emoji": false
    },
    {
      "user": "白资换u接受大量散户🉑联系✈️@xiaosu880（小溯）",
      "comments": [
        "带几个🥰",
        "带几个🥰"
      ],
      "language": "Chinese",
      "pure_emoji": false
    },
    {
      "user": "老榆木家具",
      "comments": [
        "外国二手市场不知道，反正国内二手市场大部分卖的比新的都贵，光坑不会上网的老年人还一些二逼青年",
        "外国二手市场不知道，反正国内二手市场大部分卖的比新的都贵，光坑不会上网的老年人还一些二逼青年"
      ],
      "language": "Chinese",
      "pure_emoji": false
    }
  ]
}