{
  "video_id": "7490525093987241234",
  "video_url": "https://www.tiktok.com/@vitiuquanemtrai/video/7490525093987241234",
  "publish_date": null,
  "comment_groups": [
    {
      "user": "3905509389",
      "comments": [
        "少一個台灣，不只服軟還倒貼🙄"
      ],
      "language": "Chinese",
      "pure_emoji": false
    },
    {
      "user": "Andy2237",
      "comments": [
        "中国只服俄爹，俄微55%税，静静接受。😂"
      ],
      "language": "Chinese",
      "pure_emoji": false
    },
    {
      "user": "CallMeNeZha",
      "comments": [
        "加拿大好像没服软😳"
      ],
      "language": "Chinese",
      "pure_emoji": false
    },
    {
      "user": "George",
      "comments": [
        "全力支持第三梯队。"
      ],
      "language": "Chinese",
      "pure_emoji": false
    },
    {
      "user": "JEFF LU",
      "comments": [
        "如果所有國家都跪下，就慘了"
      ],
      "language": "Chinese",
      "pure_emoji": false
    },
    {
      "user": "Jason杰森(Uncle)",
      "comments": [
        "低頭了，只會讓美國更加得寸進尺，需索無度！"
      ],
      "language": "Chinese",
      "pure_emoji": false
    },
    {
      "user": "Jerry lai",
      "comments": [
        "😁😁😁"
      ],
      "language": "Other",
      "pure_emoji": true
    },
    {
      "user": "Jh",
      "comments": [
        "理性对待问题，越南没办法，越南主要贸易靠美国，如果不这样，越南会一下会到解放前"
      ],
      "language": "Chinese",
      "pure_emoji": false
    },
    {
      "user": "Marcus Tsai",
      "comments": [
        "少了台灣，第零梯隊，還沒公布已經跪了"
      ],
      "language": "Chinese",
      "pure_emoji": false
    },
    {
      "user": "Ming01",
      "comments": [
        "川普的目標是中国，欲挫中国整體的政濟實力為戰略目標，防制中国的崛起及再壯大而無法制約；以関稅提高為威脅為手段，令其他想和美国協談降低關税的国家，將擬降税的额度轉為提高中国的關税，以為條件，以徹底打垮中国的政濟實力，其心至惡；另則增買美債欲為手段之一，唯有全力硬剛，否則恐使美国予取予求的機會。"
      ],
      "language": "Chinese",
      "pure_emoji": false
    },
    {
      "user": "Ngai Chihung",
      "comments": [
        "全球總人口超過80億，而美國3.43億人囗市場，脫釣就脫吧！範眾憎的下場比做少點生意慘得多的多，美國主要農產品已有對等關稅，巴西樂開花，咱媽有完整工業鏈貴價金屬地大物博，內需也足以內循環，東亞細亞非洲印度加南美市場，誰怕誰？鷹醬？定混帳！小學生都懂算。"
      ],
      "language": "Chinese",
      "pure_emoji": false
    },
    {
      "user": "USDT换汇🉑联系✈️@xiaosu880（小溯）",
      "comments": [
        "我们就像没有阳光的种子，阳光被比你更高更强的植物挡住，但我们总得保持成长，吸收养分。等到阳光找到你的那天，发芽就行了",
        "带几个😏😏😏"
      ],
      "language": "Chinese",
      "pure_emoji": false
    },
    {
      "user": "Vance",
      "comments": [
        "习： 大不了回到大跃进，韭菜吃树皮"
      ],
      "language": "Chinese",
      "pure_emoji": false
    },
    {
      "user": "Westlake",
      "comments": [
        "美国并不是想要什么制造业回归，特朗普知道这是不可能的。美国人也绝对吃不消制造业的辛苦的。这次关税战无非就是恐吓讹诈勒索全世界，让全世界害怕，乖乖向美国求饶出钱买单美国的债务，这样美国就凭空解脱债务。美国的主要对象也只是中国，但是特朗普这种伎俩太拙劣，习近平看不起这种流氓。"
      ],
      "language": "Chinese",
      "pure_emoji": false
    },
    {
      "user": "Young",
      "comments": [
        "Việt Nam là nước đầu tiên quỳ gối👍"
      ],
      "language": "English",
      "pure_emoji": false
    },
    {
      "user": "dyjsncurmo75",
      "comments": [
        "枪打出头鸟，到时候不会就中国一个国家硬刚吧？😂"
      ],
      "language": "Chinese",
      "pure_emoji": false
    },
    {
      "user": "janeee😀",
      "comments": [
        "🥰🥰🥰"
      ],
      "language": "Other",
      "pure_emoji": true
    },
    {
      "user": "massor",
      "comments": [
        "祖国千萬別慫，美方加多少，我們就加多少"
      ],
      "language": "Chinese",
      "pure_emoji": false
    },
    {
      "user": "puilow",
      "comments": [
        "🥰🥰🥰"
      ],
      "language": "Other",
      "pure_emoji": true
    },
    {
      "user": "user20409syy05",
      "comments": [
        "怎麼少了台灣隊"
      ],
      "language": "Chinese",
      "pure_emoji": false
    },
    {
      "user": "user4098045032562",
      "comments": [
        "好过台湾当舔🐕"
      ],
      "language": "Chinese",
      "pure_emoji": false
    },
    {
      "user": "uttttdgfo",
      "comments": [
        "中國最慘還在嘴硬！"
      ],
      "language": "Chinese",
      "pure_emoji": false
    },
    {
      "user": "uu收usdt",
      "comments": [
        "上浮收油"
      ],
      "language": "Chinese",
      "pure_emoji": false
    },
    {
      "user": "waynechen785",
      "comments": [
        "果然還是收割美國小弟，小弟們真慘啊！日本韓國感受應該最深😁"
      ],
      "language": "Chinese",
      "pure_emoji": false
    },
    {
      "user": "❤️ 반 씨 ❤️",
      "comments": [
        "川普永远当选美国大总统 ❤❤❤"
      ],
      "language": "Chinese",
      "pure_emoji": false
    },
    {
      "user": "人民幣霸權",
      "comments": [
        "沒🇹🇼中華民國"
      ],
      "language": "Chinese",
      "pure_emoji": false
    },
    {
      "user": "冰麒麟",
      "comments": [
        "中國對美貿易只有20%左右當然沒差 印度越南對美貿易超高"
      ],
      "language": "Chinese",
      "pure_emoji": false
    },
    {
      "user": "凍左",
      "comments": [
        "枱，第一，干來！"
      ],
      "language": "Chinese",
      "pure_emoji": false
    },
    {
      "user": "加国音乐🇨🇦",
      "comments": [
        "错， 加拿大一点都没退让，非常刚硬，直到现在..."
      ],
      "language": "Chinese",
      "pure_emoji": false
    },
    {
      "user": "千尋",
      "comments": [
        "台灣最早跪才對"
      ],
      "language": "Chinese",
      "pure_emoji": false
    },
    {
      "user": "好好",
      "comments": [
        "米國加多少，祖國就對等加下去就對了！"
      ],
      "language": "Chinese",
      "pure_emoji": false
    },
    {
      "user": "小宝哥哥",
      "comments": [
        "厉害了中国🥰🥰"
      ],
      "language": "Chinese",
      "pure_emoji": false
    },
    {
      "user": "广西观哥闯越南 · 创作者",
      "comments": [
        "是的🥰",
        "🥰🥰"
      ],
      "language": "Chinese",
      "pure_emoji": false
    },
    {
      "user": "心灵的天堂",
      "comments": [
        "诧诈风云。捣的世界风雨起。"
      ],
      "language": "Chinese",
      "pure_emoji": false
    },
    {
      "user": "悠哉",
      "comments": [
        "中國加油。"
      ],
      "language": "Chinese",
      "pure_emoji": false
    },
    {
      "user": "東益",
      "comments": [
        "添狗隊 台灣"
      ],
      "language": "Chinese",
      "pure_emoji": false
    },
    {
      "user": "波汶",
      "comments": [
        "這不是誰更硬的比賽，這是誰能一邊扛著面子，一邊悄悄走樓梯下來還不被發現的藝術表演。畢竟，這場貿易大戲的終局，不會是「勇者勝」，而是「聰明人先閃」。 畢竟，狹路相逢，莽夫先倒，笑到最後的，是那個邊走邊喊「我沒退，我只是在戰略轉進」的人。"
      ],
      "language": "Chinese",
      "pure_emoji": false
    },
    {
      "user": "用户2604123195004",
      "comments": [
        "中美正式脱钩！"
      ],
      "language": "Chinese",
      "pure_emoji": false
    },
    {
      "user": "用户8791050567829",
      "comments": [
        "@用户8791050567829：各企業應該準備放棄美國市場"
      ],
      "language": "Chinese",
      "pure_emoji": false
    },
    {
      "user": "看山瞇達",
      "comments": [
        "只有台灣扛住 被層層撈的補不到的補助"
      ],
      "language": "Chinese",
      "pure_emoji": false
    },
    {
      "user": "知行合一",
      "comments": [
        "寧願幾十個人站在戰壕一起吃一個蘋果也不要跪著吃麵包，你跪了你下一代也會跪💪"
      ],
      "language": "Chinese",
      "pure_emoji": false
    },
    {
      "user": "誰敢殺我",
      "comments": [
        "台灣人，會是守護美國利益的，最後一道防線"
      ],
      "language": "Chinese",
      "pure_emoji": false
    },
    {
      "user": "贾建峰",
      "comments": [
        "一个硬刚的美丽国就不怕了"
      ],
      "language": "Chinese",
      "pure_emoji": false
    },
    {
      "user": "邱彥鈞",
      "comments": [
        "台灣是還沒制裁就先跪了，哈哈哈哈哈哈哈哈哈！世界又看見台灣了"
      ],
      "language": "Chinese",
      "pure_emoji": false
    },
    {
      "user": "阿貞",
      "comments": [
        "硬起來的國家，要給個讚啦，美國欺人太甚"
      ],
      "language": "Chinese",
      "pure_emoji": false
    },
    {
      "user": "陈禹泽",
      "comments": [
        "怎么没朝鲜俄罗斯？"
      ],
      "language": "Chinese",
      "pure_emoji": false
    },
    {
      "user": "陽光燦爛",
      "comments": [
        "共產黨要硬起來、大國有大國的尊嚴、尊嚴不容踐踏、有對照組、小國比較好談判、加油"
      ],
      "language": "Chinese",
      "pure_emoji": false
    },
    {
      "user": "雪納瑞-臭阿妞",
      "comments": [
        "😂😂😂"
      ],
      "language": "Other",
      "pure_emoji": true
    },
    {
      "user": "面壁者",
      "comments": [
        "看领导团队的智商就是这个时候！！！看是不是人民选起来的领导团队就是这个时候！！！看政府是否尊重普通人民的利益，就是这个时候！！！看独裁还是民主就是这个时候！！！"
      ],
      "language": "Chinese",
      "pure_emoji": false
    },
    {
      "user": "高莉惠",
      "comments": [
        "哪些人當小弟已習慣了"
      ],
      "language": "Chinese",
      "pure_emoji": false
    },
    {
      "user": "麻糬媽",
      "comments": [
        "這時候完全看出誰是小孬孬🤣"
      ],
      "language": "Chinese",
      "pure_emoji": false
    }
  ]
}