{
  "video_id": "7491377787669040430",
  "video_url": "https://www.tiktok.com/@window.3201/video/7491377787669040430",
  "publish_date": null,
  "comment_groups": [
    {
      "user": "Ameshitrica",
      "comments": [
        "中国与美国比拼谁的耐力更强的时候到了。美国依然把中国当作是清王朝的中国，饿了穷了来中国割一块捞一把。这是对中国的极大的侮辱。中国人怎么能屈服于特朗普的讹诈 ？中国早就有心理准备，上一次特朗普上台就已经较量过。大不了中美贸易全面停摆。美国现在处于政治战打不赢，经济战也打不赢，病毒战也打不赢，热战又不敢打，但就是偏偏学不会合作共赢 😂😂😂😂😂",
        "中国与美国比拼谁的耐力更强的时候到了。美国依然把中国当作是清王朝的中国，饿了穷了来中国割一块捞一把。这是对中国的极大的侮辱。中国人怎么能屈服于特朗普的讹诈 ？中国早就有心理准备，上一次特朗普上台就已经较量过。大不了中美贸易全面停摆。美国现在处于政治战打不赢，经济战也打不赢，病毒战也打不赢，热战又不敢打，但就是偏偏学不会合作共赢 😂😂😂😂😂"
      ],
      "language": "Chinese",
      "pure_emoji": false
    },
    {
      "user": "Boutique sofia",
      "comments": [
        "😁😁😁😁😁😁😁😁😁😁😁😁",
        "😁😁😁😁😁😁😁😁😁😁😁😁"
      ],
      "language": "Other",
      "pure_emoji": false
    },
    {
      "user": "Chin Chheang Khau",
      "comments": [
        "😁😁😁",
        "😁😁😁"
      ],
      "language": "Other",
      "pure_emoji": false
    },
    {
      "user": "El dos de Tos",
      "comments": [
        "满族人说，他们要跪着签了吧。😂😂😂",
        "满族人说，他们要跪着签了吧。😂😂😂"
      ],
      "language": "Chinese",
      "pure_emoji": false
    },
    {
      "user": "micmichang",
      "comments": [
        "💪💪💪💪💪💪💪💪💪💪💪💪💪💪💪💪💪💪💪💪💪💪💪💪💪💪💪💪💪💪💪💪💪💪💪💪💪💪💪💪💪💪💪💪💪💪💪💪💪💪💪💪💪💪💪💪",
        "💪💪💪💪💪💪💪💪💪💪💪💪💪💪💪💪💪💪💪💪💪💪💪💪💪💪💪💪💪💪💪💪💪💪💪💪💪💪💪💪💪💪💪💪💪💪💪💪💪💪💪💪💪💪💪💪"
      ],
      "language": "Other",
      "pure_emoji": false
    },
    {
      "user": "中华民族🇨🇳 · 创作者",
      "comments": [
        "若涨价效果不佳，还需要加大对美禁运力度才行😅",
        "若涨价效果不佳，还需要加大对美禁运力度才行😅"
      ],
      "language": "Chinese",
      "pure_emoji": false
    },
    {
      "user": "张其粦",
      "comments": [
        "🥰🥰🥰",
        "🥰🥰🥰"
      ],
      "language": "Other",
      "pure_emoji": false
    },
    {
      "user": "星辰大海",
      "comments": [
        "中國人就是要硬剛到底不會慫的👍",
        "中國人就是要硬剛到底不會慫的👍"
      ],
      "language": "Chinese",
      "pure_emoji": false
    },
    {
      "user": "李德強",
      "comments": [
        "这个现在已经关系到国家民族的尊严了, 中国人民是非常有尊严的,但这些事情不是老白姓说得到的话,白姓只能天天有命了",
        "这个现在已经关系到国家民族的尊严了, 中国人民是非常有尊严的,但这些事情不是老白姓说得到的话,白姓只能天天有命了"
      ],
      "language": "Chinese",
      "pure_emoji": false
    }
  ]
}