{
  "video_id": "7492062180515351826",
  "video_url": "https://www.tiktok.com/@dongshengxiluo/video/7492062180515351826",
  "publish_date": null,
  "comment_groups": [
    {
      "user": "*融融*💗💗",
      "comments": [
        "👍👍👍"
      ],
      "language": "Other",
      "pure_emoji": true
    },
    {
      "user": "10510739zj5",
      "comments": [
        "再加没有任何意义"
      ],
      "language": "Chinese",
      "pure_emoji": false
    },
    {
      "user": "182453",
      "comments": [
        "6月到期6兆美債找別人買單吧"
      ],
      "language": "Chinese",
      "pure_emoji": false
    },
    {
      "user": "32%",
      "comments": [
        "加啊反正都是美國人買單，中國T恤15元台幣批發一件100%也才30元在美國直接賣30元美金"
      ],
      "language": "Mixed",
      "pure_emoji": false
    },
    {
      "user": "7 días",
      "comments": [
        "支持特朗普,"
      ],
      "language": "Chinese",
      "pure_emoji": false
    },
    {
      "user": "9527",
      "comments": [
        "🤣🤣"
      ],
      "language": "Other",
      "pure_emoji": true
    },
    {
      "user": "@",
      "comments": [
        "謝謝要哭著找媽媽的感覺。"
      ],
      "language": "Chinese",
      "pure_emoji": false
    },
    {
      "user": "AAM0k0ng",
      "comments": [
        "超过50%己经0利润了"
      ],
      "language": "Chinese",
      "pure_emoji": false
    },
    {
      "user": "AdrianLEE",
      "comments": [
        "再加也沒任何意義了，只是個數字罷了，無論清單上有沒有的產品，應該是都不會進出口交易了，藉這次機會擺脫依賴，找出替代方案，不能一言不合就被拿捏，這才是最重要的。"
      ],
      "language": "Chinese",
      "pure_emoji": false
    },
    {
      "user": "Alan",
      "comments": [
        "我就喜欢川宝，稀里糊涂一意孤行神助攻中国🥰"
      ],
      "language": "Chinese",
      "pure_emoji": false
    },
    {
      "user": "An13145211",
      "comments": [
        NaN
      ],
      "language": "English",
      "pure_emoji": false
    },
    {
      "user": "Angela",
      "comments": [
        "😳其实加也没有意义了……"
      ],
      "language": "Chinese",
      "pure_emoji": false
    },
    {
      "user": "Awak sudah ikut betul jln ???",
      "comments": [
        "AI ?"
      ],
      "language": "English",
      "pure_emoji": false
    },
    {
      "user": "Bingo",
      "comments": [
        "不再对中国加超级关税，是真是假？",
        "氣勢輸了"
      ],
      "language": "Chinese",
      "pure_emoji": false
    },
    {
      "user": "BoBo0235",
      "comments": [
        "这也不像你了"
      ],
      "language": "Chinese",
      "pure_emoji": false
    },
    {
      "user": "Bob Steel 016",
      "comments": [
        "😂😂😂"
      ],
      "language": "Other",
      "pure_emoji": true
    },
    {
      "user": "Brian Chin",
      "comments": [
        "你就是十万个活该😏😏😏。。。😏"
      ],
      "language": "Chinese",
      "pure_emoji": false
    },
    {
      "user": "Canon in D",
      "comments": [
        "这个比例已经脱钩了，所以没有意义了😂"
      ],
      "language": "Chinese",
      "pure_emoji": false
    },
    {
      "user": "Catelin🍒🍔",
      "comments": [
        "🥰🥰🥰"
      ],
      "language": "Other",
      "pure_emoji": true
    },
    {
      "user": "Celiano",
      "comments": [
        "整天靠吓 人家都看穿了 现在自己下不了人 自己怂了😂😂"
      ],
      "language": "Chinese",
      "pure_emoji": false
    },
    {
      "user": "Chan Seng",
      "comments": [
        "😂😂😂😂😂😂😂😂😂😂😂😂"
      ],
      "language": "Other",
      "pure_emoji": true
    },
    {
      "user": "Chen Shih-chang",
      "comments": [
        "😂😂😂😂😂😂"
      ],
      "language": "Other",
      "pure_emoji": true
    },
    {
      "user": "Cj",
      "comments": [
        "英文就不是這個意思，怎麼中文被翻成這樣😳"
      ],
      "language": "Chinese",
      "pure_emoji": false
    },
    {
      "user": "DH",
      "comments": [
        "历史汚点！"
      ],
      "language": "Chinese",
      "pure_emoji": false
    },
    {
      "user": "DTA",
      "comments": [
        "if he cannot win the trade war，there is a chance he will start a hot war...😳"
      ],
      "language": "English",
      "pure_emoji": false
    },
    {
      "user": "Dab",
      "comments": [
        "👍👍👍👍👍👍👍😁😁😁😁😁😁😂😂😂😂😂😂😂😂😂😂😋😋🤪🤪"
      ],
      "language": "Other",
      "pure_emoji": true
    },
    {
      "user": "Dann正",
      "comments": [
        "🤣🤣🤣"
      ],
      "language": "Other",
      "pure_emoji": true
    },
    {
      "user": "Darren",
      "comments": [
        "您真的勇气可嘉呀😂"
      ],
      "language": "Chinese",
      "pure_emoji": false
    },
    {
      "user": "David Guo",
      "comments": [
        "坐下来谈吧，老百姓需要生活😭"
      ],
      "language": "Chinese",
      "pure_emoji": false
    },
    {
      "user": "David Tan",
      "comments": [
        "😇😇😇😇😇😇😇🤣🤣🤣🤣"
      ],
      "language": "Other",
      "pure_emoji": true
    },
    {
      "user": "Derek Home Daily",
      "comments": [
        "你要确定😅"
      ],
      "language": "Chinese",
      "pure_emoji": false
    },
    {
      "user": "Dororo どろろ",
      "comments": [
        "玩不過習老大的..😂🤣"
      ],
      "language": "Chinese",
      "pure_emoji": false
    },
    {
      "user": "Dream-to-success",
      "comments": [
        "😁😁😁"
      ],
      "language": "Other",
      "pure_emoji": true
    },
    {
      "user": "Esther Ting03",
      "comments": [
        "🤣🤣🤣🤣🤣🤣"
      ],
      "language": "Other",
      "pure_emoji": true
    },
    {
      "user": "G & B shop",
      "comments": [
        "😅😅😅go ahead why worry?😅😅😅"
      ],
      "language": "English",
      "pure_emoji": false
    },
    {
      "user": "George9255",
      "comments": [
        "中国要稳定立场给世界各国力榜样，这是一个弱智的政客狡猾的商人，情绪极度不稳定又认知肤浅的总统。"
      ],
      "language": "Chinese",
      "pure_emoji": false
    },
    {
      "user": "Guanyu Mosaic",
      "comments": [
        "You'd better to reduce tarrif! Chiba will reduce too!"
      ],
      "language": "English",
      "pure_emoji": false
    },
    {
      "user": "H",
      "comments": [
        "洗好"
      ],
      "language": "Chinese",
      "pure_emoji": false
    },
    {
      "user": "HAN億室內設計",
      "comments": [
        "川寶：他都不打給我😭"
      ],
      "language": "Chinese",
      "pure_emoji": false
    },
    {
      "user": "Haoh",
      "comments": [
        "那個嘴巴還來個特寫鏡頭😂"
      ],
      "language": "Chinese",
      "pure_emoji": false
    },
    {
      "user": "Henry",
      "comments": [
        "但凡会听英文的不看字幕的，懂的都懂"
      ],
      "language": "Chinese",
      "pure_emoji": false
    },
    {
      "user": "Huanxi",
      "comments": [
        "怕了吧🤣🤣🤣🤣🤣🤣🤣🤣🤣🤣🤣🤣。以后不敢了"
      ],
      "language": "Chinese",
      "pure_emoji": false
    },
    {
      "user": "J.D. Vance's father",
      "comments": [
        "独角戏唱不下去了😂😂😂🤡🤡🤡"
      ],
      "language": "Chinese",
      "pure_emoji": false
    },
    {
      "user": "JAMES",
      "comments": [
        "😁😁😁😃😃😃"
      ],
      "language": "Other",
      "pure_emoji": true
    },
    {
      "user": "Jack Lee",
      "comments": [
        "哈哈，股市里都赚了一笔了。。。😏"
      ],
      "language": "Chinese",
      "pure_emoji": false
    },
    {
      "user": "Jeson",
      "comments": [
        "好了，建国同志你做的已经够好了，就这样坚持90天就行，让我们跟其他国家达成协议后你就功德圆满了"
      ],
      "language": "Chinese",
      "pure_emoji": false
    },
    {
      "user": "Jianbing66",
      "comments": [
        "软件许可，律师事务所，银行，保险，，，都可以加征"
      ],
      "language": "Chinese",
      "pure_emoji": false
    },
    {
      "user": "JoKer",
      "comments": [
        "宝贝，别哭😅😂"
      ],
      "language": "Chinese",
      "pure_emoji": false
    },
    {
      "user": "Joe Wen Zhang",
      "comments": [
        "中国古代政经分离不是没有道理"
      ],
      "language": "Chinese",
      "pure_emoji": false
    },
    {
      "user": "José",
      "comments": [
        "極壞的惡魔"
      ],
      "language": "Chinese",
      "pure_emoji": false
    },
    {
      "user": "K",
      "comments": [
        "傷敵1000自損800號呆"
      ],
      "language": "Chinese",
      "pure_emoji": false
    },
    {
      "user": "KHOR CHIN HUAH",
      "comments": [
        "吃藥了"
      ],
      "language": "Chinese",
      "pure_emoji": false
    },
    {
      "user": "KK",
      "comments": [
        "再加已没什么意义了"
      ],
      "language": "Chinese",
      "pure_emoji": false
    },
    {
      "user": "KN",
      "comments": [
        "認慫的屁孩😂😂😂🤣🤣🤣"
      ],
      "language": "Chinese",
      "pure_emoji": false
    },
    {
      "user": "KSJ",
      "comments": [
        "別啊！都開始玩了...."
      ],
      "language": "Chinese",
      "pure_emoji": false
    },
    {
      "user": "Ken Sire",
      "comments": [
        "He is Panic 😂"
      ],
      "language": "English",
      "pure_emoji": false
    },
    {
      "user": "Kevin",
      "comments": [
        "現在全美國都在盯著他有沒有操縱股票了吧"
      ],
      "language": "Chinese",
      "pure_emoji": false
    },
    {
      "user": "King Lau",
      "comments": [
        "其实是美国怕了 一直叫中国打电话跟他联络🤣🤣🤣"
      ],
      "language": "Chinese",
      "pure_emoji": false
    },
    {
      "user": "Klwong Wong",
      "comments": [
        "🤣🤣🤣"
      ],
      "language": "Other",
      "pure_emoji": true
    },
    {
      "user": "Koay Andy",
      "comments": [
        "你犯了WTO 规则，对抗是死路一条，只有合作才是双赢。💕👍"
      ],
      "language": "Mixed",
      "pure_emoji": false
    },
    {
      "user": "Kok Seong Ng",
      "comments": [
        "😂😂😂"
      ],
      "language": "Other",
      "pure_emoji": true
    },
    {
      "user": "Kong Meng",
      "comments": [
        "再加吧很好玩😂😂"
      ],
      "language": "Chinese",
      "pure_emoji": false
    },
    {
      "user": "Lai Hock Sng",
      "comments": [
        "没用，以为这样就能接到中国的电话吗？们没们慢慢等吧"
      ],
      "language": "Chinese",
      "pure_emoji": false
    },
    {
      "user": "Lawrence",
      "comments": [
        "它已经过关了🤣🤣🤣"
      ],
      "language": "Chinese",
      "pure_emoji": false
    },
    {
      "user": "Leo/Ramon",
      "comments": [
        "这才几天？川普就受不了了？能不能坚持90天？？哈哈哈😂"
      ],
      "language": "Chinese",
      "pure_emoji": false
    },
    {
      "user": "Levi",
      "comments": [
        "他一伙人操纵股票已经大赚一笔了，是时候回归正规了，接下来他会跟中国谈要不然美国市场必死！！不信等着瞧🙂"
      ],
      "language": "Chinese",
      "pure_emoji": false
    },
    {
      "user": "Liak Eng",
      "comments": [
        "😂😂😂"
      ],
      "language": "Other",
      "pure_emoji": true
    },
    {
      "user": "Liew Nyut",
      "comments": [
        "😅😅"
      ],
      "language": "Other",
      "pure_emoji": true
    },
    {
      "user": "Lili Tao",
      "comments": [
        "脸皮真厚👏"
      ],
      "language": "Chinese",
      "pure_emoji": false
    },
    {
      "user": "Lim Ahauw",
      "comments": [
        "😂😂😂"
      ],
      "language": "Other",
      "pure_emoji": true
    },
    {
      "user": "Lim Khoon Heng",
      "comments": [
        "😂😂😂😂"
      ],
      "language": "Other",
      "pure_emoji": true
    },
    {
      "user": "Lin Cong",
      "comments": [
        "上下文呢？针对什么说的为什么掐了？"
      ],
      "language": "Chinese",
      "pure_emoji": false
    },
    {
      "user": "Lin 世双",
      "comments": [
        "看似可憐，但我總算知道 可憐之人必有可惡之處"
      ],
      "language": "Chinese",
      "pure_emoji": false
    },
    {
      "user": "Liu Liu",
      "comments": [
        "美国加不加税，这美国总统特郎普也快要下台总统宝坐了；美国是一个很奇葩的一个国家。"
      ],
      "language": "Chinese",
      "pure_emoji": false
    },
    {
      "user": "LonelyWolf",
      "comments": [
        "后悔了😂"
      ],
      "language": "Chinese",
      "pure_emoji": false
    },
    {
      "user": "MaoMao",
      "comments": [
        "小时侯被父母打了以后：我再也不敢了"
      ],
      "language": "Chinese",
      "pure_emoji": false
    },
    {
      "user": "Mei",
      "comments": [
        "😂😂😂"
      ],
      "language": "Other",
      "pure_emoji": true
    },
    {
      "user": "Mengay Chong",
      "comments": [
        "😂😂😂😂😂😂"
      ],
      "language": "Other",
      "pure_emoji": true
    },
    {
      "user": "Meowwangwang",
      "comments": [
        "说话都没底气了😂"
      ],
      "language": "Chinese",
      "pure_emoji": false
    },
    {
      "user": "Microchen",
      "comments": [
        "跟柯建銘一樣"
      ],
      "language": "Chinese",
      "pure_emoji": false
    },
    {
      "user": "Mr.chan",
      "comments": [
        "中国在这个地球存在5000年了，相当长的时期里没有美国的，我们照样活下来了"
      ],
      "language": "Chinese",
      "pure_emoji": false
    },
    {
      "user": "Mrki",
      "comments": [
        "你这断章取义的剪辑太厉害了"
      ],
      "language": "Chinese",
      "pure_emoji": false
    },
    {
      "user": "NICK",
      "comments": [
        "幼稚的总统😂😂😂"
      ],
      "language": "Chinese",
      "pure_emoji": false
    },
    {
      "user": "Ok meng Ng",
      "comments": [
        "加啦！在加啦！在加到200關啦！我不会笑的.............."
      ],
      "language": "Chinese",
      "pure_emoji": false
    },
    {
      "user": "Pi🪷te",
      "comments": [
        ".....是不🐦他😁😁😁"
      ],
      "language": "Chinese",
      "pure_emoji": false
    },
    {
      "user": "Poo choon Ong",
      "comments": [
        "美国要上月亮上面卖冰淇淋.一隻一百万美金"
      ],
      "language": "Chinese",
      "pure_emoji": false
    },
    {
      "user": "Q",
      "comments": [
        "来加关税啊😂"
      ],
      "language": "Chinese",
      "pure_emoji": false
    },
    {
      "user": "RDM CHENG",
      "comments": [
        "😂😂😂"
      ],
      "language": "Other",
      "pure_emoji": true
    },
    {
      "user": "Raymond",
      "comments": [
        "🥰😂😂😂"
      ],
      "language": "Other",
      "pure_emoji": true
    },
    {
      "user": "Raymond Leong",
      "comments": [
        "Trump. Pig. Brain🐷🐷🐷🐷🐷🐷🐷🐒🐒🐒🐒🐒🇺🇲👎🇺🇲👎🇺🇲👎🇺🇲👎🇺🇲👎🇺🇲👎🇺🇲🐷🇨🇳💪👍💪🇨🇳💪🇨🇳💪🇨🇳💪🇨🇳💪🇨🇳💪🇨🇳👍🇨🇳👍🇨🇳👍🇨🇳👍"
      ],
      "language": "English",
      "pure_emoji": false
    },
    {
      "user": "Raymond Yang",
      "comments": [
        "Trump's knew there are nothing more he can do now."
      ],
      "language": "English",
      "pure_emoji": false
    },
    {
      "user": "Reina",
      "comments": [
        "😂😂😂我发现他挺可爱的😂😂😂先要，要不到就放行😂😂😂"
      ],
      "language": "Chinese",
      "pure_emoji": false
    },
    {
      "user": "Richard Koh435",
      "comments": [
        "😂😅😅😅"
      ],
      "language": "Other",
      "pure_emoji": true
    },
    {
      "user": "Richard Low",
      "comments": [
        "🤣🤣🤣"
      ],
      "language": "Other",
      "pure_emoji": true
    },
    {
      "user": "Richard young",
      "comments": [
        "🤣🤣🤣🤣🤣🤣🤣🤣🤣🤣🤣🤣"
      ],
      "language": "Other",
      "pure_emoji": true
    },
    {
      "user": "Rm Deguzman",
      "comments": [
        "🥰现在还有一起北上去漂亮的吗🥰"
      ],
      "language": "Chinese",
      "pure_emoji": false
    },
    {
      "user": "S Yin",
      "comments": [
        "我们可以不承认制裁国的知识产权，所以我们现在可以不用在意us的知识产权了"
      ],
      "language": "Mixed",
      "pure_emoji": false
    },
    {
      "user": "SK Lo",
      "comments": [
        "😂😂😂"
      ],
      "language": "Other",
      "pure_emoji": true
    },
    {
      "user": "Sam",
      "comments": [
        "再加就是笑话了，其实超过50%基本上很多贸易就停止了"
      ],
      "language": "Chinese",
      "pure_emoji": false
    },
    {
      "user": "Sato Jun347",
      "comments": [
        "阿不是很搖擺嗎😂繼續啊小胖子😂"
      ],
      "language": "Chinese",
      "pure_emoji": false
    },
    {
      "user": "Saturday",
      "comments": [
        "其实美国那有能力和中国打贸易战，嘴巴硬就是，美国都欠了一屁股债，衰弱的时候已经到了"
      ],
      "language": "Chinese",
      "pure_emoji": false
    },
    {
      "user": "Skywalker",
      "comments": [
        "Big boy😏"
      ],
      "language": "English",
      "pure_emoji": false
    },
    {
      "user": "Soon lee Kim fok",
      "comments": [
        "利用好中国当跳板,赚了我想要的钱"
      ],
      "language": "Chinese",
      "pure_emoji": false
    },
    {
      "user": "Sport Top",
      "comments": [
        "🤣🤣🤣"
      ],
      "language": "Other",
      "pure_emoji": true
    },
    {
      "user": "Stuart_Hertz",
      "comments": [
        "Wait for China to unlease the 1.9 trillion tsunami... This is not a game, China is done with US."
      ],
      "language": "English",
      "pure_emoji": false
    },
    {
      "user": "T",
      "comments": [
        "过了100增不增加已经无所谓了😂"
      ],
      "language": "Chinese",
      "pure_emoji": false
    },
    {
      "user": "TEY",
      "comments": [
        "不是不再加而是立马撤销😈"
      ],
      "language": "Chinese",
      "pure_emoji": false
    },
    {
      "user": "Teck Yong Jia Teck",
      "comments": [
        "对这种人不要心软🤟🤟"
      ],
      "language": "Chinese",
      "pure_emoji": false
    },
    {
      "user": "Tiktoker",
      "comments": [
        "一夜白髮？看來是真的！",
        "這講法顯示不如賴清德！他多能睜眼說瞎話呀！"
      ],
      "language": "Chinese",
      "pure_emoji": false
    },
    {
      "user": "ToAndy",
      "comments": [
        "你看他提到中国时这小表情，再看看他说其他国家。。哈哈😂😂"
      ],
      "language": "Chinese",
      "pure_emoji": false
    },
    {
      "user": "Tony",
      "comments": [
        "别啊！再加！加到250😂"
      ],
      "language": "Chinese",
      "pure_emoji": false
    },
    {
      "user": "USA tranp",
      "comments": [
        "😜😜😜😜😜"
      ],
      "language": "Other",
      "pure_emoji": true
    },
    {
      "user": "USDT换汇 操作简单易学🉑带",
      "comments": [
        "带几个🥰🥰"
      ],
      "language": "Chinese",
      "pure_emoji": false
    },
    {
      "user": "Unnamed",
      "comments": [
        "So the current rate is 125%, china say stop to this childish game..."
      ],
      "language": "English",
      "pure_emoji": false
    },
    {
      "user": "Vernon Lau Vernon Lau",
      "comments": [
        "😂😂😂"
      ],
      "language": "Other",
      "pure_emoji": true
    },
    {
      "user": "Vincent Toh",
      "comments": [
        "stock market manipulations"
      ],
      "language": "English",
      "pure_emoji": false
    },
    {
      "user": "Wai",
      "comments": [
        "没本事了",
        "😂😂😂"
      ],
      "language": "Chinese",
      "pure_emoji": false
    },
    {
      "user": "Wai Meng Lau",
      "comments": [
        "😈😈😈😈😈😈😈😈😈😈😈😈😈😈😈😈😈😈😈😈😈😈😈😈😈😈😈😈😈😈😈😈"
      ],
      "language": "Other",
      "pure_emoji": true
    },
    {
      "user": "Wai Sheat",
      "comments": [
        "經過這次的關稅戰爭 中國可以走自己的路 不在看美國的臉色 這是機會"
      ],
      "language": "Chinese",
      "pure_emoji": false
    },
    {
      "user": "Wang",
      "comments": [
        "用中国话说就是小人！😂😂"
      ],
      "language": "Chinese",
      "pure_emoji": false
    },
    {
      "user": "Why",
      "comments": [
        "他不可能说这么怂的话。"
      ],
      "language": "Chinese",
      "pure_emoji": false
    },
    {
      "user": "Woei Herng Seow",
      "comments": [
        "继续啊！别怂😅"
      ],
      "language": "Chinese",
      "pure_emoji": false
    },
    {
      "user": "Wong Fook Cheong",
      "comments": [
        "😂"
      ],
      "language": "Other",
      "pure_emoji": true
    },
    {
      "user": "Www",
      "comments": [
        "别啊，继续啊，大殖子们正因为你加关税而嘚瑟呢"
      ],
      "language": "Chinese",
      "pure_emoji": false
    },
    {
      "user": "W k",
      "comments": [
        "感觉他从始至终目的就不是对付中国只是在收割钱财吧"
      ],
      "language": "Chinese",
      "pure_emoji": false
    },
    {
      "user": "XHM1688",
      "comments": [
        "😁😁😁"
      ],
      "language": "Other",
      "pure_emoji": true
    },
    {
      "user": "XI ZHOU",
      "comments": [
        "再加也就只是个数字"
      ],
      "language": "Chinese",
      "pure_emoji": false
    },
    {
      "user": "Ying Hsing Luan",
      "comments": [
        "川普已經認慫了"
      ],
      "language": "Chinese",
      "pure_emoji": false
    },
    {
      "user": "Zhangxinzhou",
      "comments": [
        "敢叫板中国下场就是失去中国你们美国会很惨"
      ],
      "language": "Chinese",
      "pure_emoji": false
    },
    {
      "user": "Zsc",
      "comments": [
        "我还是喜欢你加关税的样子😂"
      ],
      "language": "Chinese",
      "pure_emoji": false
    },
    {
      "user": "Zz",
      "comments": [
        "你等不到电话，我们不陪你玩了，自己唱独角戏吧"
      ],
      "language": "Chinese",
      "pure_emoji": false
    },
    {
      "user": "aktan老陈",
      "comments": [
        "它的目标应该达成，股市大捞一笔了。"
      ],
      "language": "Chinese",
      "pure_emoji": false
    },
    {
      "user": "alin",
      "comments": [
        "🤣🤣🤣"
      ],
      "language": "Other",
      "pure_emoji": true
    },
    {
      "user": "autailim",
      "comments": [
        "美国知怕了😁哈哈哈"
      ],
      "language": "Chinese",
      "pure_emoji": false
    },
    {
      "user": "bb8125",
      "comments": [
        "Lol"
      ],
      "language": "English",
      "pure_emoji": false
    },
    {
      "user": "bluesky",
      "comments": [
        "破ㄉ一ㄚˋ政客😁"
      ],
      "language": "Chinese",
      "pure_emoji": false
    },
    {
      "user": "boonhuatsay",
      "comments": [
        "😂😂😂"
      ],
      "language": "Other",
      "pure_emoji": true
    },
    {
      "user": "caiden",
      "comments": [
        "🥺🥺🥺"
      ],
      "language": "Other",
      "pure_emoji": true
    },
    {
      "user": "chong feng",
      "comments": [
        "超过50再加也没什么意义了"
      ],
      "language": "Chinese",
      "pure_emoji": false
    },
    {
      "user": "chongchong854",
      "comments": [
        "🤣🤣🤣🤣🤣🤣🤣🤣🤣🤣"
      ],
      "language": "Other",
      "pure_emoji": true
    },
    {
      "user": "chuchuan411",
      "comments": [
        "哈哈哈"
      ],
      "language": "Chinese",
      "pure_emoji": false
    },
    {
      "user": "chunlinjhu",
      "comments": [
        "😒沒利潤沒進出口加在高也沒用😂"
      ],
      "language": "Chinese",
      "pure_emoji": false
    },
    {
      "user": "ckphang",
      "comments": [
        "美国的国耻"
      ],
      "language": "Chinese",
      "pure_emoji": false
    },
    {
      "user": "csc",
      "comments": [
        "川普還以為是以前的美國嗎？"
      ],
      "language": "Chinese",
      "pure_emoji": false
    },
    {
      "user": "cutepiggie1",
      "comments": [
        "He is coward but moron, he should have known that he is loser since he started trade war against China. Now there is no turning back to be friendly discussion with China in future😂"
      ],
      "language": "English",
      "pure_emoji": false
    },
    {
      "user": "dalong",
      "comments": [
        "trump关税加到250%，爷包你能接到老中医的电话"
      ],
      "language": "Mixed",
      "pure_emoji": false
    },
    {
      "user": "derekyee",
      "comments": [
        "他在股市里赚够了，见好就收。😅"
      ],
      "language": "Chinese",
      "pure_emoji": false
    },
    {
      "user": "doudouyang",
      "comments": [
        "ai"
      ],
      "language": "English",
      "pure_emoji": false
    },
    {
      "user": "dy1hek9j7ymn玟臻",
      "comments": [
        "美國總統.乾脆整天開直播來嗆各國ㄐ ㄊ"
      ],
      "language": "Chinese",
      "pure_emoji": false
    },
    {
      "user": "dyci7kd8j2tq",
      "comments": [
        "川貝比為世界表演了，什麼叫人不要x 天下無敵"
      ],
      "language": "Mixed",
      "pure_emoji": false
    },
    {
      "user": "dyzao0q3utb1",
      "comments": [
        "中國屌了！"
      ],
      "language": "Chinese",
      "pure_emoji": false
    },
    {
      "user": "edylie6",
      "comments": [
        "😂😂😂🤣🤣🤣"
      ],
      "language": "Other",
      "pure_emoji": true
    },
    {
      "user": "eightyeighttt",
      "comments": [
        "再加就是小孩打架了，大家都不想看了"
      ],
      "language": "Chinese",
      "pure_emoji": false
    },
    {
      "user": "eric Tan",
      "comments": [
        "假新闻吧？没有听到报道？"
      ],
      "language": "Chinese",
      "pure_emoji": false
    },
    {
      "user": "eric cheng",
      "comments": [
        "🤣🤣🤣🤣🤣"
      ],
      "language": "Other",
      "pure_emoji": true
    },
    {
      "user": "fooksengleong475",
      "comments": [
        "习主席出国访问了，那还有时间打电话了呢，你就慢慢的等吧！"
      ],
      "language": "Chinese",
      "pure_emoji": false
    },
    {
      "user": "go dai",
      "comments": [
        "習大大懶得理你下個月5/9習大大就要普大帝見面了讓你川普更委屈也讓美國更「萎」大"
      ],
      "language": "Chinese",
      "pure_emoji": false
    },
    {
      "user": "hancock1234",
      "comments": [
        "當初說好的 999999% 爽呢？🤣😂🤣 小丑川會痛了吧😡"
      ],
      "language": "Chinese",
      "pure_emoji": false
    },
    {
      "user": "happy",
      "comments": [
        "Many didn’t know US export of services &software licenses to the world is more than it purchase. So what’s next time ?stop buying or apply tariff on all US service & software to stop this bully"
      ],
      "language": "English",
      "pure_emoji": false
    },
    {
      "user": "ichingwu8",
      "comments": [
        "@沒事 繼續啊 我想看你們美國能多久⋯⋯😂😂😂"
      ],
      "language": "Chinese",
      "pure_emoji": false
    },
    {
      "user": "jasonlee39552",
      "comments": [
        "🤣🤣🤣🤣"
      ],
      "language": "Other",
      "pure_emoji": true
    },
    {
      "user": "jc",
      "comments": [
        "😳"
      ],
      "language": "Other",
      "pure_emoji": true
    },
    {
      "user": "jim5948777",
      "comments": [
        "美國丟不起這個臉，估計會對台灣變本加厲 然後老賴依舊忠誠如狗🤡"
      ],
      "language": "Chinese",
      "pure_emoji": false
    },
    {
      "user": "jimy",
      "comments": [
        "美國人民的素養有問題，怎麼會選出這種傻逼當總統"
      ],
      "language": "Chinese",
      "pure_emoji": false
    },
    {
      "user": "jioy52",
      "comments": [
        "川普已经宣布：收税系统出现故障无法对商品进行征收关税，这是认输都要给自己找个体面的借口😂😂"
      ],
      "language": "Chinese",
      "pure_emoji": false
    },
    {
      "user": "joewong225",
      "comments": [
        "China will give us a good deal if we send them a warm relationship"
      ],
      "language": "English",
      "pure_emoji": false
    },
    {
      "user": "john chua",
      "comments": [
        "🤣🤣🤣🤣🤣🤣🤣🤣🤣🤣🤣😅😅😂😂",
        "🤣🤣🤣"
      ],
      "language": "Other",
      "pure_emoji": false
    },
    {
      "user": "joochuanong",
      "comments": [
        "China is waiting for the US to add more tariff to kill the smaller businesses in the US, China is waiting for your 200 % tariff 👌👌👏👏👏🤣🤣🤣🤣🤣🤣🤣🤣"
      ],
      "language": "English",
      "pure_emoji": false
    },
    {
      "user": "ken",
      "comments": [
        "😂😂😂",
        "老番顛"
      ],
      "language": "Chinese",
      "pure_emoji": false
    },
    {
      "user": "kennie",
      "comments": [
        "加不加都一样"
      ],
      "language": "Chinese",
      "pure_emoji": false
    },
    {
      "user": "kent",
      "comments": [
        "不可能，再加关税"
      ],
      "language": "Chinese",
      "pure_emoji": false
    },
    {
      "user": "khuan",
      "comments": [
        "😂"
      ],
      "language": "Other",
      "pure_emoji": true
    },
    {
      "user": "kimhockko",
      "comments": [
        "😂😂😂"
      ],
      "language": "Other",
      "pure_emoji": true
    },
    {
      "user": "ktaketo yahyah",
      "comments": [
        "You forget to say thank u"
      ],
      "language": "English",
      "pure_emoji": false
    },
    {
      "user": "lazylazy718",
      "comments": [
        "我还是喜欢你当初加税时的态度😂"
      ],
      "language": "Chinese",
      "pure_emoji": false
    },
    {
      "user": "libozhang3",
      "comments": [
        "继续加呀"
      ],
      "language": "Chinese",
      "pure_emoji": false
    },
    {
      "user": "lin",
      "comments": [
        "承認吃軟台灣賴清德，吃不了硬中國習近平。"
      ],
      "language": "Chinese",
      "pure_emoji": false
    },
    {
      "user": "lir_an",
      "comments": [
        "两条路，加拿大正规渠道转出口，墨西哥免税通道。玩儿去吧。"
      ],
      "language": "Chinese",
      "pure_emoji": false
    },
    {
      "user": "masterwong855",
      "comments": [
        "中美脱钩是好事"
      ],
      "language": "Chinese",
      "pure_emoji": false
    },
    {
      "user": "mi10t8",
      "comments": [
        "鳄鱼的眼泪"
      ],
      "language": "Chinese",
      "pure_emoji": false
    },
    {
      "user": "ming",
      "comments": [
        "为什么一眨眼？😂"
      ],
      "language": "Chinese",
      "pure_emoji": false
    },
    {
      "user": "moneycat_china",
      "comments": [
        "😂😂😂"
      ],
      "language": "Other",
      "pure_emoji": true
    },
    {
      "user": "mo弁",
      "comments": [
        "加啊 你直接加到500 或者1000"
      ],
      "language": "Chinese",
      "pure_emoji": false
    },
    {
      "user": "mrl23712",
      "comments": [
        "川哥：習大大都不理我😭，不玩了啦！😭😭😭"
      ],
      "language": "Chinese",
      "pure_emoji": false
    },
    {
      "user": "munsunyop",
      "comments": [
        "say sorry"
      ],
      "language": "English",
      "pure_emoji": false
    },
    {
      "user": "nickychou92",
      "comments": [
        "怕了"
      ],
      "language": "Chinese",
      "pure_emoji": false
    },
    {
      "user": "nicolahg8",
      "comments": [
        "不管他怎么加，产品都会从第三方国进入美国，产品涨价必须的，",
        "美国会大乱，大卖场，每天换一个价，😅"
      ],
      "language": "Chinese",
      "pure_emoji": false
    },
    {
      "user": "niko",
      "comments": [
        "川普这个贸易战的理念其实有点好笑，中国和美国甚至都不是对方的最大贸易伙伴，在对方的全年贸易额里面也就占10%，加这么多关税除了逼🇨🇳找别的国家合作还有什么用，现代世界没有什么是不可替代的。"
      ],
      "language": "Chinese",
      "pure_emoji": false
    },
    {
      "user": "patrickwei312",
      "comments": [
        "以后不叫他“懂王”了，叫他“秒王”，难怪他老婆喜欢加拿大土豆"
      ],
      "language": "Chinese",
      "pure_emoji": false
    },
    {
      "user": "perryng1901",
      "comments": [
        "He wants face but he loses more."
      ],
      "language": "English",
      "pure_emoji": false
    },
    {
      "user": "qiu",
      "comments": [
        "我们是乡巴佬，没通电话，所以你不用等了，不会有电话给你的"
      ],
      "language": "Chinese",
      "pure_emoji": false
    },
    {
      "user": "robinhu52",
      "comments": [
        "欧洲日本笑死了，美国在中国的市场属于他们了"
      ],
      "language": "Chinese",
      "pure_emoji": false
    },
    {
      "user": "romogo",
      "comments": [
        "Actually, I am even more aggrieved as none of my products have been sold to the United States."
      ],
      "language": "English",
      "pure_emoji": false
    },
    {
      "user": "shadowland",
      "comments": [
        "只有一张大嘴了😆"
      ],
      "language": "Chinese",
      "pure_emoji": false
    },
    {
      "user": "shinethetruth",
      "comments": [
        "🤣🤣🤣"
      ],
      "language": "Other",
      "pure_emoji": true
    },
    {
      "user": "shumei_0625",
      "comments": [
        "中國讓你惹不起了，你要有自知之明再過幾年你就要看不到中國的車尾燈了👍👏👍"
      ],
      "language": "Chinese",
      "pure_emoji": false
    },
    {
      "user": "sjy6688",
      "comments": [
        "早知今日何必當初啊🤣🤣🤣"
      ],
      "language": "Chinese",
      "pure_emoji": false
    },
    {
      "user": "skyliew233",
      "comments": [
        "😂😂😂😂😂"
      ],
      "language": "Other",
      "pure_emoji": true
    },
    {
      "user": "stone異想世界",
      "comments": [
        "烏克蘭澤倫斯基最後還有一點清醒，就是開始被慫恿往前衝就算了，要把家底全數交給美國，他拒絕了"
      ],
      "language": "Chinese",
      "pure_emoji": false
    },
    {
      "user": "superuser",
      "comments": [
        "😂😂"
      ],
      "language": "Other",
      "pure_emoji": true
    },
    {
      "user": "taicanwang",
      "comments": [
        "有沒有一種可能🤔他其實是個小孩子"
      ],
      "language": "Chinese",
      "pure_emoji": false
    },
    {
      "user": "tiger gan",
      "comments": [
        "😂😂😂"
      ],
      "language": "Other",
      "pure_emoji": true
    },
    {
      "user": "tiktok比阴缔敏感",
      "comments": [
        "可能两个人都跟要面子吧😅"
      ],
      "language": "Chinese",
      "pure_emoji": false
    },
    {
      "user": "user1261088009290",
      "comments": [
        "佛心"
      ],
      "language": "Chinese",
      "pure_emoji": false
    },
    {
      "user": "user15186210719142",
      "comments": [
        "垃圾總統"
      ],
      "language": "Chinese",
      "pure_emoji": false
    },
    {
      "user": "user20807351830968",
      "comments": [
        "😂"
      ],
      "language": "Other",
      "pure_emoji": true
    },
    {
      "user": "user2374631754061",
      "comments": [
        "看他眼袋好像没睡好"
      ],
      "language": "Chinese",
      "pure_emoji": false
    },
    {
      "user": "user2537519924524",
      "comments": [
        "all in"
      ],
      "language": "English",
      "pure_emoji": false
    },
    {
      "user": "user2661215548190",
      "comments": [
        "没事 多加点"
      ],
      "language": "Chinese",
      "pure_emoji": false
    },
    {
      "user": "user3368278249932",
      "comments": [
        "随便加 加1万 加1亿 反正没啥所谓"
      ],
      "language": "Chinese",
      "pure_emoji": false
    },
    {
      "user": "user3572151070037",
      "comments": [
        "🥰🥰🥰"
      ],
      "language": "Other",
      "pure_emoji": true
    },
    {
      "user": "user3925333849678",
      "comments": [
        "特朗普经历了什么",
        "😅"
      ],
      "language": "Chinese",
      "pure_emoji": false
    },
    {
      "user": "user3990701240142",
      "comments": [
        "😂😂😂😂😂😂"
      ],
      "language": "Other",
      "pure_emoji": true
    },
    {
      "user": "user4657014495180",
      "comments": [
        "🤣🤣🤣"
      ],
      "language": "Other",
      "pure_emoji": true
    },
    {
      "user": "user500147465",
      "comments": [
        "😂😂😂😂😂😂😂"
      ],
      "language": "Other",
      "pure_emoji": true
    },
    {
      "user": "user5489972922337",
      "comments": [
        "🤣🤣🤣🤣"
      ],
      "language": "Other",
      "pure_emoji": true
    },
    {
      "user": "user5747010513246",
      "comments": [
        "ai"
      ],
      "language": "English",
      "pure_emoji": false
    },
    {
      "user": "user5921974141184",
      "comments": [
        "来不及了"
      ],
      "language": "Chinese",
      "pure_emoji": false
    },
    {
      "user": "user6513749773600",
      "comments": [
        "😂"
      ],
      "language": "Other",
      "pure_emoji": true
    },
    {
      "user": "user6519612009287",
      "comments": [
        "😂😂😂🥵🥵🥵"
      ],
      "language": "Other",
      "pure_emoji": true
    },
    {
      "user": "user6687919491599",
      "comments": [
        "歡慶美墨美加邊境大走私運動即將上演，黑幫第一次不賣毒品而賣日用品！🤣",
        "歡慶美墨美加邊境大走私運動即將上演，黑幫第一次不賣毒品而賣日用品！🤣 亦歡迎美國人民組成新朝貢隊伍，湧向中國每一個國際機場跑單幫帶貨運動！🤣"
      ],
      "language": "Chinese",
      "pure_emoji": false
    },
    {
      "user": "user704862319773",
      "comments": [
        "i dont think i am childish like this, i feel toovembaras..."
      ],
      "language": "English",
      "pure_emoji": false
    },
    {
      "user": "user84993067554",
      "comments": [
        "😂😂😂 CHINA 💪💪💪"
      ],
      "language": "English",
      "pure_emoji": false
    },
    {
      "user": "user8520953165281",
      "comments": [
        "美媒说他半夜给中国打电话但没人接😂"
      ],
      "language": "Chinese",
      "pure_emoji": false
    },
    {
      "user": "user8632958003912",
      "comments": [
        "中國不能屈服啊"
      ],
      "language": "Chinese",
      "pure_emoji": false
    },
    {
      "user": "user9154720040840",
      "comments": [
        "超过60%其实已经没意义了，到最后就是在堆加数字罢了"
      ],
      "language": "Chinese",
      "pure_emoji": false
    },
    {
      "user": "user9193590734182",
      "comments": [
        "🤣🤣🤣🤣🤣🤣🤣"
      ],
      "language": "Other",
      "pure_emoji": true
    },
    {
      "user": "user9612043366344",
      "comments": [
        "yes, say sorry to China"
      ],
      "language": "English",
      "pure_emoji": false
    },
    {
      "user": "user9676946115988",
      "comments": [
        "😂😂😂😂",
        "殒"
      ],
      "language": "Chinese",
      "pure_emoji": false
    },
    {
      "user": "userc8e0i2mx5o",
      "comments": [
        "😁😁😁"
      ],
      "language": "Other",
      "pure_emoji": true
    },
    {
      "user": "userl5j80mzlza",
      "comments": [
        "😁😁😁"
      ],
      "language": "Other",
      "pure_emoji": true
    },
    {
      "user": "usersgoymk11tm",
      "comments": [
        "其實超過50%就沒什麼意義，說到底還是想拉高籌碼談判而已。"
      ],
      "language": "Chinese",
      "pure_emoji": false
    },
    {
      "user": "wdpl",
      "comments": [
        "好委屈的川宝"
      ],
      "language": "Chinese",
      "pure_emoji": false
    },
    {
      "user": "weng",
      "comments": [
        "没人陪他玩了🤣🤣🤣"
      ],
      "language": "Chinese",
      "pure_emoji": false
    },
    {
      "user": "wi1367829",
      "comments": [
        "他说他家关税系统坏了，现在不收了😃",
        "不要看他说什么，要看他做什么，他真真假假，你能分得清"
      ],
      "language": "Chinese",
      "pure_emoji": false
    },
    {
      "user": "wongpoithet",
      "comments": [
        "你以为十年前中国"
      ],
      "language": "Chinese",
      "pure_emoji": false
    },
    {
      "user": "x0900282736",
      "comments": [
        "😀😀😀"
      ],
      "language": "Other",
      "pure_emoji": true
    },
    {
      "user": "xianjian523long",
      "comments": [
        "🤪🤪🤪"
      ],
      "language": "Other",
      "pure_emoji": true
    },
    {
      "user": "xiaoyao885",
      "comments": [
        "把老头快气哭了😂😂😂"
      ],
      "language": "Chinese",
      "pure_emoji": false
    },
    {
      "user": "yanyang806",
      "comments": [
        "马不知脸长🤣🤣🤣🤣🤣🤣🤣🤣🤣"
      ],
      "language": "Chinese",
      "pure_emoji": false
    },
    {
      "user": "yapthyefat",
      "comments": [
        "見了棺材才流淚！😅"
      ],
      "language": "Chinese",
      "pure_emoji": false
    },
    {
      "user": "yi",
      "comments": [
        "差点把他打哭了"
      ],
      "language": "Chinese",
      "pure_emoji": false
    },
    {
      "user": "yu52013147",
      "comments": [
        "小丑"
      ],
      "language": "Chinese",
      "pure_emoji": false
    },
    {
      "user": "zcy1226",
      "comments": [
        "就像一块面包是卖30万还是50万已经不重要了"
      ],
      "language": "Chinese",
      "pure_emoji": false
    },
    {
      "user": "zio7199650",
      "comments": [
        "不要停繼續往上加啦"
      ],
      "language": "Chinese",
      "pure_emoji": false
    },
    {
      "user": "zz mai",
      "comments": [
        "🤣🤣🤣"
      ],
      "language": "Other",
      "pure_emoji": true
    },
    {
      "user": "ອາລູ",
      "comments": [
        "不能轻易放过它，他不加我们加吧"
      ],
      "language": "Chinese",
      "pure_emoji": false
    },
    {
      "user": "☁️盖瑞哥☁️芸",
      "comments": [
        "🤣🤣🤣"
      ],
      "language": "Other",
      "pure_emoji": true
    },
    {
      "user": "✿°萌少棠¸✰╯❤",
      "comments": [
        "孬孬了。🤣🤣🤣"
      ],
      "language": "Chinese",
      "pure_emoji": false
    },
    {
      "user": "おぎ",
      "comments": [
        "🤣🤣🤣🤣🤣🤣"
      ],
      "language": "Other",
      "pure_emoji": true
    },
    {
      "user": "丁夢群",
      "comments": [
        "特朗普下跪了！"
      ],
      "language": "Chinese",
      "pure_emoji": false
    },
    {
      "user": "不一樣的秋葉",
      "comments": [
        "川普在這一次博弈中輸了👍"
      ],
      "language": "Chinese",
      "pure_emoji": false
    },
    {
      "user": "中",
      "comments": [
        "一次讓美帝倒，覺不能心軟😡"
      ],
      "language": "Chinese",
      "pure_emoji": false
    },
    {
      "user": "二姊",
      "comments": [
        "這是重點了"
      ],
      "language": "Chinese",
      "pure_emoji": false
    },
    {
      "user": "什么都懂的川建国",
      "comments": [
        "不予理会😂😂😂"
      ],
      "language": "Chinese",
      "pure_emoji": false
    },
    {
      "user": "仗剣天涯",
      "comments": [
        "🤣🤣🤣"
      ],
      "language": "Other",
      "pure_emoji": true
    },
    {
      "user": "你沒有我聰明😎",
      "comments": [
        "還是要小心，先示弱轉身再給一記重擊他也幹的出來"
      ],
      "language": "Chinese",
      "pure_emoji": false
    },
    {
      "user": "侑謙",
      "comments": [
        "😂🤣😂👏"
      ],
      "language": "Other",
      "pure_emoji": true
    },
    {
      "user": "健興",
      "comments": [
        "加啦.在加啦.兒戲"
      ],
      "language": "Chinese",
      "pure_emoji": false
    },
    {
      "user": "全网搜索搬砖人，安全稳定，新路子",
      "comments": [
        "勤劳打工是没有任何出路的，好路子是实现财务自由的捷径！👍"
      ],
      "language": "Chinese",
      "pure_emoji": false
    },
    {
      "user": "军少",
      "comments": [
        "不亲身经历 特朗普是不会承认中国的综合经济地位已是美国无法撼动的了😂😂😂"
      ],
      "language": "Chinese",
      "pure_emoji": false
    },
    {
      "user": "劉善倫",
      "comments": [
        "川普快要把美國整倒了！美債利息越滾越高已讓美國快破產了！等著看吧！"
      ],
      "language": "Chinese",
      "pure_emoji": false
    },
    {
      "user": "叶",
      "comments": [
        "火玩大😂😂😂"
      ],
      "language": "Chinese",
      "pure_emoji": false
    },
    {
      "user": "吹吹风",
      "comments": [
        "我等着刘亦菲给我打电话"
      ],
      "language": "Chinese",
      "pure_emoji": false
    },
    {
      "user": "吾施故我在",
      "comments": [
        "嗚嗚嗚嗚嗚 沒人理我🤣🤣🤣電話呢"
      ],
      "language": "Chinese",
      "pure_emoji": false
    },
    {
      "user": "哎呀",
      "comments": [
        "我们中国五千年的底蕴，你像个新兵蛋子😏"
      ],
      "language": "Chinese",
      "pure_emoji": false
    },
    {
      "user": "喔耶喔耶 不要不要",
      "comments": [
        "還好我們有賴皇"
      ],
      "language": "Chinese",
      "pure_emoji": false
    },
    {
      "user": "嗷～哦哦哦",
      "comments": [
        "哎呀，老中怎么这么坏呀🤣🤣"
      ],
      "language": "Chinese",
      "pure_emoji": false
    },
    {
      "user": "大明谷王",
      "comments": [
        "因为特朗普集团在股市已经赚了1600亿了"
      ],
      "language": "Chinese",
      "pure_emoji": false
    },
    {
      "user": "大眼猫",
      "comments": [
        "再加都没意义了。已经贸易中断了。最大遗憾是国家没有对美国的服务贸易，金融贸易，美国国债动刀。到时候美国只会嗷嗷叫"
      ],
      "language": "Chinese",
      "pure_emoji": false
    },
    {
      "user": "大賢526",
      "comments": [
        "全世界最丟臉的政治人物….."
      ],
      "language": "Chinese",
      "pure_emoji": false
    },
    {
      "user": "夸父1419",
      "comments": [
        "+34,+50,+125,三板釜！"
      ],
      "language": "Chinese",
      "pure_emoji": false
    },
    {
      "user": "如果你是我的传说",
      "comments": [
        "受伤的小媳妇"
      ],
      "language": "Chinese",
      "pure_emoji": false
    },
    {
      "user": "妍妍",
      "comments": [
        "你现在说不加有什么用，生意都跑的差不多了"
      ],
      "language": "Chinese",
      "pure_emoji": false
    },
    {
      "user": "安 倢",
      "comments": [
        "這影片真好笑"
      ],
      "language": "Chinese",
      "pure_emoji": false
    },
    {
      "user": "安娜娜",
      "comments": [
        "我是🇨🇳浙江的，你们都是哪里人呢？🥰"
      ],
      "language": "Chinese",
      "pure_emoji": false
    },
    {
      "user": "寶哥ㄟ卡",
      "comments": [
        "🤣🤣🤣"
      ],
      "language": "Other",
      "pure_emoji": true
    },
    {
      "user": "小信",
      "comments": [
        "😁😁😁😁😁😁😁"
      ],
      "language": "Other",
      "pure_emoji": true
    },
    {
      "user": "小六",
      "comments": [
        "老要大陸找你談，結果連理都不理你🤣🤣🤣🤣🤣🤣🤣"
      ],
      "language": "Chinese",
      "pure_emoji": false
    },
    {
      "user": "就这样吧",
      "comments": [
        "why ？？"
      ],
      "language": "English",
      "pure_emoji": false
    },
    {
      "user": "峡谷小鲁班",
      "comments": [
        "没有意义了，再加也不会有任何效果了，超过了界限往上就是一个数字罢了，基本上属于脱钩状态"
      ],
      "language": "Chinese",
      "pure_emoji": false
    },
    {
      "user": "帅到不够明显",
      "comments": [
        "没机会了"
      ],
      "language": "Chinese",
      "pure_emoji": false
    },
    {
      "user": "幕夏",
      "comments": [
        "中國拒絕川普，川普氣噗噗🤣"
      ],
      "language": "Chinese",
      "pure_emoji": false
    },
    {
      "user": "张三",
      "comments": [
        "川普:求求你了，你来求求我吧，给个台阶"
      ],
      "language": "Chinese",
      "pure_emoji": false
    },
    {
      "user": "张生",
      "comments": [
        "1000%"
      ],
      "language": "Other",
      "pure_emoji": false
    },
    {
      "user": "德勒斯",
      "comments": [
        "🤣🤣🤣"
      ],
      "language": "Other",
      "pure_emoji": true
    },
    {
      "user": "思闫(新加坡)",
      "comments": [
        "先做空股市，然后转手做多！赚的盆满钵满"
      ],
      "language": "Chinese",
      "pure_emoji": false
    },
    {
      "user": "感恩",
      "comments": [
        "Because of stock market...🤔🤔"
      ],
      "language": "English",
      "pure_emoji": false
    },
    {
      "user": "懒得跟狗逼逼，看我头像",
      "comments": [
        "没想到中国会反击，哈哈哈，现在措不及防😂😂😂还以为自己是霸主，说啥就是啥"
      ],
      "language": "Chinese",
      "pure_emoji": false
    },
    {
      "user": "我佛慈悲",
      "comments": [
        "哈哈哈继续对中国增加500关税啊"
      ],
      "language": "Chinese",
      "pure_emoji": false
    },
    {
      "user": "我愛早餐",
      "comments": [
        "🤣"
      ],
      "language": "Other",
      "pure_emoji": true
    },
    {
      "user": "星辰大海",
      "comments": [
        "懂王👑再加也没有效果了,不予理会,自己玩吧,不陪了😂😂😂"
      ],
      "language": "Chinese",
      "pure_emoji": false
    },
    {
      "user": "春堂",
      "comments": [
        "宝宝心里苦啊🤣🤣🤣"
      ],
      "language": "Chinese",
      "pure_emoji": false
    },
    {
      "user": "春天",
      "comments": [
        "基本上沒招了，自嗨後的憂鬱～"
      ],
      "language": "Chinese",
      "pure_emoji": false
    },
    {
      "user": "春江水暖鴨先知",
      "comments": [
        "美丽国已经乱了，下周更精彩😂😂😂",
        "😂😂😂",
        "醉翁之意不在酒～",
        "应该要等到2026年了"
      ],
      "language": "Chinese",
      "pure_emoji": false
    },
    {
      "user": "暴烈亂舞",
      "comments": [
        "川叭噗！空ㄟ"
      ],
      "language": "Chinese",
      "pure_emoji": false
    },
    {
      "user": "曾志鵬182",
      "comments": [
        "玩完了🤣🤣🤣"
      ],
      "language": "Chinese",
      "pure_emoji": false
    },
    {
      "user": "李加传",
      "comments": [
        "😂"
      ],
      "language": "Other",
      "pure_emoji": true
    },
    {
      "user": "李志堅",
      "comments": [
        "怂了！"
      ],
      "language": "Chinese",
      "pure_emoji": false
    },
    {
      "user": "李至祥613",
      "comments": [
        "目地達到開始轉口徑😡😡😡"
      ],
      "language": "Chinese",
      "pure_emoji": false
    },
    {
      "user": "李長生",
      "comments": [
        "美國大勢以去不得不承認中國如今的勢力已經不是美國能操控的😅"
      ],
      "language": "Chinese",
      "pure_emoji": false
    },
    {
      "user": "杰",
      "comments": [
        "綠蛙要崩潰了，美國神又要說慌了不過功力比賴皮寮差"
      ],
      "language": "Chinese",
      "pure_emoji": false
    },
    {
      "user": "東哥",
      "comments": [
        "😂😂😂😂😂😂😂😂😂😂😂"
      ],
      "language": "Other",
      "pure_emoji": true
    },
    {
      "user": "松鼠",
      "comments": [
        "好好的不好吗，为什麽要这样作呢，干得罪人，何必呢"
      ],
      "language": "Chinese",
      "pure_emoji": false
    },
    {
      "user": "林宏亮",
      "comments": [
        "只有覇免，民生呢？"
      ],
      "language": "Chinese",
      "pure_emoji": false
    },
    {
      "user": "林建助",
      "comments": [
        "🤣🤣🤣🤣🤣"
      ],
      "language": "Other",
      "pure_emoji": true
    },
    {
      "user": "林美華，",
      "comments": [
        "美國受到嚴重傷害！自食惡果"
      ],
      "language": "Chinese",
      "pure_emoji": false
    },
    {
      "user": "林耀東282",
      "comments": [
        "美國快撐不住了"
      ],
      "language": "Chinese",
      "pure_emoji": false
    },
    {
      "user": "棄坑",
      "comments": [
        "😂😂星期一開市中國在賣個500億美債就會急著叫我們賴師公去美國接盤會談了😂😂😂"
      ],
      "language": "Chinese",
      "pure_emoji": false
    },
    {
      "user": "楊威廉353",
      "comments": [
        "連撞鋼板多次的慫川"
      ],
      "language": "Chinese",
      "pure_emoji": false
    },
    {
      "user": "楊杰",
      "comments": [
        "愛亂搞，踢到鐵板辣"
      ],
      "language": "Chinese",
      "pure_emoji": false
    },
    {
      "user": "正義聯盟",
      "comments": [
        "😂😂😂😂"
      ],
      "language": "Other",
      "pure_emoji": true
    },
    {
      "user": "殿殿",
      "comments": [
        "哈哈哈哈😄"
      ],
      "language": "Chinese",
      "pure_emoji": false
    },
    {
      "user": "江",
      "comments": [
        "賺了一波 說說看你身價至少多了幾百億?"
      ],
      "language": "Chinese",
      "pure_emoji": false
    },
    {
      "user": "洺",
      "comments": [
        "美國總統操作股票炒股，記得要炒之前先告知一下，跟你兒子一樣賺一波"
      ],
      "language": "Chinese",
      "pure_emoji": false
    },
    {
      "user": "游游万里",
      "comments": [
        "反正都喜欢加再加1千吧，太少了。😁😁😁"
      ],
      "language": "Chinese",
      "pure_emoji": false
    },
    {
      "user": "潘先生",
      "comments": [
        "川宝宝好委屈🤣"
      ],
      "language": "Chinese",
      "pure_emoji": false
    },
    {
      "user": "爱做梦的思想家",
      "comments": [
        "川普：美国拼夕夕。这里砍一刀，那里砍一刀，已经有75个国家帮砍了，0.1%就可以国债免单了，中国怎么不给我砍一刀😭"
      ],
      "language": "Chinese",
      "pure_emoji": false
    },
    {
      "user": "獨孤求敗",
      "comments": [
        "🤣🤣🤣🤣🤣🤣🤣🤣🤣🤣🤣🤣🤣"
      ],
      "language": "Other",
      "pure_emoji": true
    },
    {
      "user": "王思樺",
      "comments": [
        "演！ 反正他在股市賺飽了！"
      ],
      "language": "Chinese",
      "pure_emoji": false
    },
    {
      "user": "王正山",
      "comments": [
        "慫了😏"
      ],
      "language": "Chinese",
      "pure_emoji": false
    },
    {
      "user": "玛利亚",
      "comments": [
        "笑死🤣🤣🤣一切反动派都是纸老虎😝😝"
      ],
      "language": "Chinese",
      "pure_emoji": false
    },
    {
      "user": "用户2713147073570",
      "comments": [
        "已经加到一百多了，再加就没意义了"
      ],
      "language": "Chinese",
      "pure_emoji": false
    },
    {
      "user": "用户271430617129",
      "comments": [
        "川普是跟中國開玩笑但是中國是跟川普玩真的😁"
      ],
      "language": "Chinese",
      "pure_emoji": false
    },
    {
      "user": "用户6277984044222",
      "comments": [
        "😂😂😂😂😂😂😂😂"
      ],
      "language": "Other",
      "pure_emoji": true
    },
    {
      "user": "田友力",
      "comments": [
        "经济史上的笑话。特朗普已经掉入陷阱。"
      ],
      "language": "Chinese",
      "pure_emoji": false
    },
    {
      "user": "白拋拋",
      "comments": [
        "挖的法可，違法操縱國際市場"
      ],
      "language": "Chinese",
      "pure_emoji": false
    },
    {
      "user": "皇上驾到",
      "comments": [
        "😂😂😂😂😂😂😂😂😂😂😂"
      ],
      "language": "Other",
      "pure_emoji": true
    },
    {
      "user": "神殊",
      "comments": [
        "玩砸了吧😂"
      ],
      "language": "Chinese",
      "pure_emoji": false
    },
    {
      "user": "祺",
      "comments": [
        "對朋友的態度，不好！"
      ],
      "language": "Chinese",
      "pure_emoji": false
    },
    {
      "user": "笑看风云",
      "comments": [
        "加不加都无所谓哦 超过50%关税就已经代表双方没有交易脱钩了 再往上加只是数字而已",
        "🤣🤣"
      ],
      "language": "Chinese",
      "pure_emoji": false
    },
    {
      "user": "紅塵往事",
      "comments": [
        "誰怕誰"
      ],
      "language": "Chinese",
      "pure_emoji": false
    },
    {
      "user": "罷綠",
      "comments": [
        "你這個壞人，慢慢等吧…北京不會打電話給你的"
      ],
      "language": "Chinese",
      "pure_emoji": false
    },
    {
      "user": "羊咩咩",
      "comments": [
        "踢到鐵板了"
      ],
      "language": "Chinese",
      "pure_emoji": false
    },
    {
      "user": "義のFly.",
      "comments": [
        "美帝国主义者很傲慢，凡是可以不讲理的地方就一定不讲理，要是讲一点理的话，那是被逼得不得已了"
      ],
      "language": "Chinese",
      "pure_emoji": false
    },
    {
      "user": "老鱼。收U",
      "comments": [
        "收"
      ],
      "language": "Chinese",
      "pure_emoji": false
    },
    {
      "user": "胤澄",
      "comments": [
        "硬氣一點，像個爺們。再加上去"
      ],
      "language": "Chinese",
      "pure_emoji": false
    },
    {
      "user": "自然",
      "comments": [
        "🤣🤣🤣🤣🤣🤣🤣"
      ],
      "language": "Other",
      "pure_emoji": true
    },
    {
      "user": "苏莱曼sulaimn",
      "comments": [
        "万不可信啊！！"
      ],
      "language": "Chinese",
      "pure_emoji": false
    },
    {
      "user": "草革",
      "comments": [
        "加呀😁为什么不加😂😂😂😂"
      ],
      "language": "Chinese",
      "pure_emoji": false
    },
    {
      "user": "荒峋",
      "comments": [
        "必须一次就给美国干趴下，难得的机会"
      ],
      "language": "Chinese",
      "pure_emoji": false
    },
    {
      "user": "莫评",
      "comments": [
        "😂😂😂😂😂"
      ],
      "language": "Other",
      "pure_emoji": true
    },
    {
      "user": "蒋中正",
      "comments": [
        "好心疼我的川宝宝"
      ],
      "language": "Chinese",
      "pure_emoji": false
    },
    {
      "user": "蘇可瑜",
      "comments": [
        "加倍奉還"
      ],
      "language": "Chinese",
      "pure_emoji": false
    },
    {
      "user": "討海人",
      "comments": [
        "再加啊！沒關係的啦！龍國不怕紙老鷹"
      ],
      "language": "Chinese",
      "pure_emoji": false
    },
    {
      "user": "賴夢萍",
      "comments": [
        "我沒有支持中國大陸@ 可是這個關稅站打下去的話 ？傷害的是全體人民喔，我真的也很不希望看到這樣。中小企業何去何從@"
      ],
      "language": "Chinese",
      "pure_emoji": false
    },
    {
      "user": "迷漫真幸運",
      "comments": [
        "🤣🤣🤣",
        "人家中國早就不跟你玩了現在才知道嗎？沒你人家還有別的合作國家可玩不帶你了🤣🤣🤣🤣🤣🤣🤣"
      ],
      "language": "Chinese",
      "pure_emoji": false
    },
    {
      "user": "逍遙子",
      "comments": [
        "中國這樣被玩它一面之詞就放過他嗎？"
      ],
      "language": "Chinese",
      "pure_emoji": false
    },
    {
      "user": "道友请留步",
      "comments": [
        "我给你们出个好主意，中国从巴西进口四十船，你们让川普卖给韩国、印度、越南、或者立陶宛200船。宇宙第一国家韩国买50船，他们国家大能消耗的起。让印度买也行印度是全球第一消耗国家。越南更能买得起他们是全球第一军事强国，立陶宛也不用说了绝对有钱买，不买就制裁他。😁😁😁"
      ],
      "language": "Chinese",
      "pure_emoji": false
    },
    {
      "user": "郭漢龍",
      "comments": [
        "一直打到完全勝利"
      ],
      "language": "Chinese",
      "pure_emoji": false
    },
    {
      "user": "阿亮",
      "comments": [
        "來啊互相傷害啊😂😂"
      ],
      "language": "Chinese",
      "pure_emoji": false
    },
    {
      "user": "阿文",
      "comments": [
        "其實他心裏真的爽，民主黨完蛋了"
      ],
      "language": "Chinese",
      "pure_emoji": false
    },
    {
      "user": "阿杜",
      "comments": [
        "不靠谱玩的股票，他自己一个人赚钱了😂😂😂"
      ],
      "language": "Chinese",
      "pure_emoji": false
    },
    {
      "user": "阿秀",
      "comments": [
        "这样对两个国家都有益👍"
      ],
      "language": "Chinese",
      "pure_emoji": false
    },
    {
      "user": "阿美族野！",
      "comments": [
        "會怕了😂😂😂"
      ],
      "language": "Chinese",
      "pure_emoji": false
    },
    {
      "user": "陳威廷",
      "comments": [
        "美國孫悟空 72變😂"
      ],
      "language": "Chinese",
      "pure_emoji": false
    },
    {
      "user": "陳雙財",
      "comments": [
        "明知行不通，又要面子看怎麼下臺😡😡😡😡😡😡😡"
      ],
      "language": "Chinese",
      "pure_emoji": false
    },
    {
      "user": "頭痛鴨",
      "comments": [
        "放空股市，操控市場已經賺起來了，接下來就看如何談了，畢竟口袋飽飽了，接下來慢慢慢慢談。"
      ],
      "language": "Chinese",
      "pure_emoji": false
    },
    {
      "user": "飛",
      "comments": [
        "再加也沒意義了啊"
      ],
      "language": "Chinese",
      "pure_emoji": false
    },
    {
      "user": "飛獍🍌",
      "comments": [
        "哈！川至帳怕了🤣🤣🤣"
      ],
      "language": "Chinese",
      "pure_emoji": false
    },
    {
      "user": "馮文田",
      "comments": [
        "抓雞🤣🤣🤣結果被抓包"
      ],
      "language": "Chinese",
      "pure_emoji": false
    },
    {
      "user": "騎烏龜甩尾",
      "comments": [
        "遇上強棒了！川普這次你碰釘子了！美國會毀在你的手裡"
      ],
      "language": "Chinese",
      "pure_emoji": false
    },
    {
      "user": "高山轅",
      "comments": [
        "特朗普：等你等到我心痛😭"
      ],
      "language": "Chinese",
      "pure_emoji": false
    },
    {
      "user": "魏富雄",
      "comments": [
        "川普道士破功了，因為遇到中國是道教祖師爺。"
      ],
      "language": "Chinese",
      "pure_emoji": false
    },
    {
      "user": "黑土地松花江",
      "comments": [
        "建国同志这不是你的风格啊，这哪行，你不加到1000％，我们可不高兴😜"
      ],
      "language": "Chinese",
      "pure_emoji": false
    },
    {
      "user": "龔仔",
      "comments": [
        "誰看到中國呈現優勢了嗎？在這次的稅率之戰？😆"
      ],
      "language": "Chinese",
      "pure_emoji": false
    },
    {
      "user": "동해",
      "comments": [
        "忍着忍 忍也是到期了 👍 😅"
      ],
      "language": "Chinese",
      "pure_emoji": false
    },
    {
      "user": "로또",
      "comments": [
        "멍멍"
      ],
      "language": "Other",
      "pure_emoji": false
    },
    {
      "user": "해피곰",
      "comments": [
        "再加也没意义了"
      ],
      "language": "Chinese",
      "pure_emoji": false
    },
    {
      "user": "𝚂𝙺𝚈𝙽𝙴𝚃",
      "comments": [
        "缩春了 😆"
      ],
      "language": "Chinese",
      "pure_emoji": false
    },
    {
      "user": "🇨🇳iហួន ហ្គូលី",
      "comments": [
        "加啊，谁怕谁"
      ],
      "language": "Chinese",
      "pure_emoji": false
    },
    {
      "user": "🈲 Sam 〽️",
      "comments": [
        "😌输了…舒服了～🤣🤣🤣🤣🤣🤣🤣"
      ],
      "language": "Chinese",
      "pure_emoji": false
    },
    {
      "user": "🌟小星星",
      "comments": [
        "😂😂😂"
      ],
      "language": "Other",
      "pure_emoji": true
    },
    {
      "user": "🍀Joanne孫🍀（空調冷氣小助理😎✌️）",
      "comments": [
        "🤣🤣🤣🤣👍👍👍"
      ],
      "language": "Other",
      "pure_emoji": true
    },
    {
      "user": "🐍🐸降妖伏魔🧟🧌",
      "comments": [
        "🤣🤣🤣🤣"
      ],
      "language": "Other",
      "pure_emoji": true
    },
    {
      "user": "🥰🥰 돈벼락 맞을꺼야 越来越福有🥰🥰🤑🤑",
      "comments": [
        "😂😂😂"
      ],
      "language": "Other",
      "pure_emoji": true
    },
    {
      "user": "🧢CPH🧢🪡🍦口癌豪哥",
      "comments": [
        "🤣🤣"
      ],
      "language": "Other",
      "pure_emoji": true
    }
  ]
}