{
  "video_id": "7495548872530414855",
  "video_url": "https://www.tiktok.com/@ccnews66/video/7495548872530414855",
  "publish_date": null,
  "comment_groups": [
    {
      "user": "Modesto Guilherme",
      "comments": [
        "😳",
        "😳"
      ],
      "language": "Other",
      "pure_emoji": false
    },
    {
      "user": "Richardcc",
      "comments": [
        "😂"
      ],
      "language": "Other",
      "pure_emoji": true
    },
    {
      "user": "bengerli2",
      "comments": [
        "喚起全世界各國清空美債 正是時候 否則就變壁紙了！",
        "喚起全世界各國清空美債 正是時候 否則就變壁紙了！",
        "喚起全世界各國清空美債 正是時候 否則就變壁紙了！"
      ],
      "language": "Chinese",
      "pure_emoji": false
    },
    {
      "user": "cm",
      "comments": [
        "学术界的高姿態 显得有些后知后觉",
        "学术界的高姿態 显得有些后知后觉",
        "学术界的高姿態 显得有些后知后觉"
      ],
      "language": "Chinese",
      "pure_emoji": false
    },
    {
      "user": "hemerzon jaque sevillano",
      "comments": [
        "🥰"
      ],
      "language": "Other",
      "pure_emoji": true
    },
    {
      "user": "henryh2459",
      "comments": [
        "😂",
        "😂"
      ],
      "language": "Other",
      "pure_emoji": false
    },
    {
      "user": "jmnnkghkkn",
      "comments": [
        "👍👍👍👍👍👍👍👍👍👍👍👍👍👍👍👍👍",
        "👍👍👍👍👍👍👍👍👍👍👍👍👍👍👍👍👍"
      ],
      "language": "Other",
      "pure_emoji": false
    },
    {
      "user": "moneycat_china",
      "comments": [
        "😂😂😂",
        "😂😂😂"
      ],
      "language": "Other",
      "pure_emoji": false
    },
    {
      "user": "mrl23712",
      "comments": [
        "閩南人說這就是：吃緊摔破碗。",
        "閩南人說這就是：吃緊摔破碗。",
        "閩南人說這就是：吃緊摔破碗。"
      ],
      "language": "Chinese",
      "pure_emoji": false
    },
    {
      "user": "ms2020",
      "comments": [
        "😂"
      ],
      "language": "Other",
      "pure_emoji": true
    },
    {
      "user": "user3418610976097",
      "comments": [
        "😳",
        "😳",
        "😳"
      ],
      "language": "Other",
      "pure_emoji": false
    },
    {
      "user": "user6519612009287",
      "comments": [
        "🥺🥺🥺🥺",
        "🥺🥺🥺🥺",
        "🥺🥺🥺🥺"
      ],
      "language": "Other",
      "pure_emoji": false
    },
    {
      "user": "user9383049359127👄👄👄❤❤❤💘💘",
      "comments": [
        "美國這個國家會被特朗普搞死了你不相信你等著看吧",
        "美國這個國家會被特朗普搞死了你不相信你等著看吧",
        "美國這個國家會被特朗普搞死了你不相信你等著看吧"
      ],
      "language": "Chinese",
      "pure_emoji": false
    },
    {
      "user": "สมบูรณ์",
      "comments": [
        "🥰",
        "🥰",
        "🥰"
      ],
      "language": "Other",
      "pure_emoji": false
    },
    {
      "user": "星汉灿烂",
      "comments": [
        "特朗普的思路就是利用关税战做低美元价值，从而大幅缩减美债影响",
        "特朗普的思路就是利用关税战做低美元价值，从而大幅缩减美债影响"
      ],
      "language": "Chinese",
      "pure_emoji": false
    },
    {
      "user": "無名",
      "comments": [
        "故意找人簽署免關稅宣言！找台階下的而已。🤨",
        "故意找人簽署免關稅宣言！找台階下的而已。🤨",
        "故意找人簽署免關稅宣言！找台階下的而已。🤨"
      ],
      "language": "Chinese",
      "pure_emoji": false
    },
    {
      "user": "然",
      "comments": [
        "瞎崩崩嘛，闹心。",
        "瞎崩崩嘛，闹心。"
      ],
      "language": "Chinese",
      "pure_emoji": false
    },
    {
      "user": "用户7015638628626",
      "comments": [
        "中國如果堅持下去一個月，米國經濟就落後一年",
        "中國如果堅持下去一個月，米國經濟就落後一年",
        "中國如果堅持下去一個月，米國經濟就落後一年"
      ],
      "language": "Chinese",
      "pure_emoji": false
    },
    {
      "user": "青青",
      "comments": [
        "👏👏👏",
        "👏👏👏",
        "👏👏👏"
      ],
      "language": "Other",
      "pure_emoji": false
    }
  ]
}