{
  "video_id": "7493937378092961040",
  "video_url": "https://www.tiktok.com/@astronews_my/video/7493937378092961040",
  "publish_date": null,
  "comment_groups": [
    {
      "user": "ChinaFeedtheWorld",
      "comments": [
        "China is feeding the rest of the world and America is hungry struggling for eggs!😅😅😅"
      ],
      "language": "English",
      "pure_emoji": false
    },
    {
      "user": "Derick Beh",
      "comments": [
        "中国加油😅😅👍"
      ],
      "language": "Chinese",
      "pure_emoji": false
    },
    {
      "user": "Eric Pan943",
      "comments": [
        "Stop bullying"
      ],
      "language": "English",
      "pure_emoji": false
    },
    {
      "user": "Ken Cheah",
      "comments": [
        "NO way to pave the way for negotiation with US. China must stand firm for all Chinese over the world not to be bullied. China is Great"
      ],
      "language": "English",
      "pure_emoji": false
    },
    {
      "user": "Kitty猫🐱",
      "comments": [
        "中国：分手了 美国：不 你还爱我"
      ],
      "language": "Chinese",
      "pure_emoji": false
    },
    {
      "user": "Kokolegion",
      "comments": [
        "He doesn’t need your money, he needs your respect 😂"
      ],
      "language": "English",
      "pure_emoji": false
    },
    {
      "user": "Mr.G🇨🇳",
      "comments": [
        "哦，知道了。"
      ],
      "language": "Chinese",
      "pure_emoji": false
    },
    {
      "user": "Poul Tan",
      "comments": [
        "台湾省又跪又舔"
      ],
      "language": "Chinese",
      "pure_emoji": false
    },
    {
      "user": "Stupid Guy",
      "comments": [
        "谁违背协议先？😒😒"
      ],
      "language": "Chinese",
      "pure_emoji": false
    },
    {
      "user": "Tzus",
      "comments": [
        "Looking at what Trump is doing, China is a more reliable partner"
      ],
      "language": "English",
      "pure_emoji": false
    },
    {
      "user": "alex lin",
      "comments": [
        "Money usa print n borrow they will not return or give bk so why must the world pay the bill for them 😏😏😏😏"
      ],
      "language": "English",
      "pure_emoji": false
    },
    {
      "user": "dalong",
      "comments": [
        "trump250"
      ],
      "language": "English",
      "pure_emoji": false
    },
    {
      "user": "jamlovejecy",
      "comments": [
        "等你等到我心痛😂"
      ],
      "language": "Chinese",
      "pure_emoji": false
    },
    {
      "user": "leelee8242",
      "comments": [
        "谁先开声想谈判..就是自己扛不住了😄"
      ],
      "language": "Chinese",
      "pure_emoji": false
    },
    {
      "user": "orang Muar",
      "comments": [
        "USA can not want to buy product from China????see who make call first???????"
      ],
      "language": "English",
      "pure_emoji": false
    },
    {
      "user": "兼职搬U日赚万元QQ122220443✈️TG@ubz777",
      "comments": [
        "dictionary"
      ],
      "language": "English",
      "pure_emoji": false
    },
    {
      "user": "怀化佳欣地产中介",
      "comments": [
        "终国",
        "😂😂急眼了"
      ],
      "language": "Chinese",
      "pure_emoji": false
    },
    {
      "user": "李宥𣚦",
      "comments": [
        "我都起到这么高了。为什么你们还不来求我。你们不能不安剧本发展。搞到我都不知怎么演了。。。"
      ],
      "language": "Chinese",
      "pure_emoji": false
    },
    {
      "user": "梦想家石梁",
      "comments": [
        "对于在中国的人民而言，美国这次关税就像个大笑话😂，让中国人无比的团结"
      ],
      "language": "Chinese",
      "pure_emoji": false
    },
    {
      "user": "白资换U搬砖万元QQ122220443✈️TG@ubz777",
      "comments": [
        "dictionary"
      ],
      "language": "English",
      "pure_emoji": false
    },
    {
      "user": "蘇木君",
      "comments": [
        "美国這樣要給中国死 人真的不要這樣做 會害死很多人 美国的債務 要拉全世界下水 中国人做的很辛苦工作時間又長 美國人工作時間短 心態高高在上 美国您這様幹 您會後悔喔 。"
      ],
      "language": "Chinese",
      "pure_emoji": false
    },
    {
      "user": "西北老狼🐺",
      "comments": [
        "145% 和 245% 有分别吗？哈哈哈"
      ],
      "language": "Chinese",
      "pure_emoji": false
    },
    {
      "user": "郭大侠",
      "comments": [
        "继续加，我们没空理你"
      ],
      "language": "Chinese",
      "pure_emoji": false
    }
  ]
}