{
  "video_id": "7488963296079695112",
  "video_url": "https://www.tiktok.com/@zaobaosg/video/7488963296079695112",
  "publish_date": null,
  "comment_groups": [
    {
      "user": "0829 Lala",
      "comments": [
        "10%"
      ],
      "language": "Other",
      "pure_emoji": false
    },
    {
      "user": "9527",
      "comments": [
        "3 个月后就知道美国消费水平会不会降级！😅现在🤦‍♂️笑为时过早🤔",
        "3 个月后就知道美国消费水平会不会降级！😅现在🤦‍♂️笑为时过早🤔",
        "3 个月后就知道美国消费水平会不会降级！😅现在🤦‍♂️笑为时过早🤔"
      ],
      "language": "Chinese",
      "pure_emoji": false
    },
    {
      "user": "AIINUX",
      "comments": [
        "美国上台的政客，一个比一个无耻。美国太贪婪了，不要对美国客气，钢枪对钢枪打回去",
        "美国上台的政客，一个比一个无耻。美国太贪婪了，不要对美国客气，钢枪对钢枪打回去"
      ],
      "language": "Chinese",
      "pure_emoji": false
    },
    {
      "user": "Aaron Kui",
      "comments": [
        "别加了，中美停止贸易吧",
        "别加了，中美停止贸易吧",
        "别加了，中美停止贸易吧"
      ],
      "language": "Chinese",
      "pure_emoji": false
    },
    {
      "user": "Abi",
      "comments": [
        "中国也会增加数量对等的税收，没有赢家，只有消费者受害，经济会因此崩溃的",
        "中国也会增加数量对等的税收，没有赢家，只有消费者受害，经济会因此崩溃的",
        "中国也会增加数量对等的税收，没有赢家，只有消费者受害，经济会因此崩溃的"
      ],
      "language": "Chinese",
      "pure_emoji": false
    },
    {
      "user": "Albert",
      "comments": [
        "草台班子"
      ],
      "language": "Chinese",
      "pure_emoji": false
    },
    {
      "user": "Alison･🇺🇸（王琳）",
      "comments": [
        "有在美的同胞么？😂",
        "有在美的同胞么？😂"
      ],
      "language": "Chinese",
      "pure_emoji": false
    },
    {
      "user": "Amy",
      "comments": [
        "中国征收美国关税百分一百二十",
        "中国征收美国关税百分一百二十",
        "中国征收美国关税百分一百二十"
      ],
      "language": "Chinese",
      "pure_emoji": false
    },
    {
      "user": "Andrew摩戈",
      "comments": [
        "每一次出台的政策最后都把自己玩的很惨",
        "每一次出台的政策最后都把自己玩的很惨"
      ],
      "language": "Chinese",
      "pure_emoji": false
    },
    {
      "user": "Anthony Lu",
      "comments": [
        "不是打折是談判技巧，如果對方報復他會繼續增加，直到百分之百"
      ],
      "language": "Chinese",
      "pure_emoji": false
    },
    {
      "user": "BIGDaDaDa",
      "comments": [
        "反正最后也是全部落在美国人头上",
        "反正最后也是全部落在美国人头上"
      ],
      "language": "Chinese",
      "pure_emoji": false
    },
    {
      "user": "Bill H",
      "comments": [
        "总感觉老特小马是友军🤣",
        "总感觉老特小马是友军🤣"
      ],
      "language": "Chinese",
      "pure_emoji": false
    },
    {
      "user": "Bwin",
      "comments": [
        "全是美国老百姓买单😏",
        "全是美国老百姓买单😏"
      ],
      "language": "Chinese",
      "pure_emoji": false
    },
    {
      "user": "DONGHUA.JINLONG",
      "comments": [
        "新加坡收多少呀",
        "新加坡收多少呀",
        "新加坡收多少呀"
      ],
      "language": "Chinese",
      "pure_emoji": false
    },
    {
      "user": "Daniel Sun",
      "comments": [
        "让我们拭目以待",
        "让我们拭目以待"
      ],
      "language": "Chinese",
      "pure_emoji": false
    },
    {
      "user": "Double D",
      "comments": [
        "挂的还是你自己的国人🤣",
        "挂的还是你自己的国人🤣"
      ],
      "language": "Chinese",
      "pure_emoji": false
    },
    {
      "user": "Eat rice",
      "comments": [
        "但各國有膽量對抗嗎？"
      ],
      "language": "Chinese",
      "pure_emoji": false
    },
    {
      "user": "Furimach Europe",
      "comments": [
        "正确的",
        "正确的",
        "正确的"
      ],
      "language": "Chinese",
      "pure_emoji": false
    },
    {
      "user": "G0ERS",
      "comments": [
        "🥰🥰🥰🥰🥰",
        "🥰🥰🥰🥰🥰"
      ],
      "language": "Other",
      "pure_emoji": false
    },
    {
      "user": "HMM Studio",
      "comments": [
        "杀敌800，自损10000",
        "杀敌800，自损10000",
        "杀敌800，自损10000"
      ],
      "language": "Chinese",
      "pure_emoji": false
    },
    {
      "user": "HYC 126",
      "comments": [
        "The tariffs are paid by US people collected by the US government. It's an increase in sales tax.",
        "The tariffs are paid by US people collected by the US government. It's an increase in sales tax.",
        "The tariffs are paid by US people collected by the US government. It's an increase in sales tax."
      ],
      "language": "English",
      "pure_emoji": false
    },
    {
      "user": "Hairen",
      "comments": [
        "对美国人的文化程度来说已经很不错了👍"
      ],
      "language": "Chinese",
      "pure_emoji": false
    },
    {
      "user": "Hi!",
      "comments": [
        "美国灯塔终熄在他的自以为是。",
        "美国灯塔终熄在他的自以为是。",
        "美国灯塔终熄在他的自以为是。"
      ],
      "language": "Chinese",
      "pure_emoji": false
    },
    {
      "user": "It's not like that",
      "comments": [
        "这不只是国际关系的问题，他向全国消费者收了这么多的税，钱去哪了？",
        "这不只是国际关系的问题，他向全国消费者收了这么多的税，钱去哪了？",
        "这不只是国际关系的问题，他向全国消费者收了这么多的税，钱去哪了？"
      ],
      "language": "Chinese",
      "pure_emoji": false
    },
    {
      "user": "JG",
      "comments": [
        "无所谓我从不买中国打廉价废品",
        "无所谓我从不买中国打廉价废品"
      ],
      "language": "Chinese",
      "pure_emoji": false
    },
    {
      "user": "Jack",
      "comments": [
        "😂😂😂",
        "只要和中国贸易就不会，中国厂家肯定会把更便宜的货物卖给世界各国，惠及世界，除了美国。🤣",
        "😂😂😂"
      ],
      "language": "Chinese",
      "pure_emoji": false
    },
    {
      "user": "Jojo",
      "comments": [
        "他的做法只會讓米國人民的怨氣越來越重，從而導致大規模的動乱，這種情況下他將問題歸咎於中國威脅論！😂😂",
        "他的做法只會讓米國人民的怨氣越來越重，從而導致大規模的動乱，這種情況下他將問題歸咎於中國威脅論！😂😂",
        "他的做法只會讓米國人民的怨氣越來越重，從而導致大規模的動乱，這種情況下他將問題歸咎於中國威脅論！😂😂"
      ],
      "language": "Chinese",
      "pure_emoji": false
    },
    {
      "user": "KL Tong",
      "comments": [
        "世界各国共同向美国征收，美元兑换服务税100%货币值。以及也要征收美元货币风险费100%。而且也要添加征收美元贬值保险费100%！担心美元随时随地会贬值... 所以如要兑换1USD，美国就要付上3 USD.",
        "世界各国共同向美国征收，美元兑换服务税100%货币值。以及也要征收美元货币风险费100%。而且也要添加征收美元贬值保险费100%！担心美元随时随地会贬值... 所以如要兑换1USD，美国就要付上3 USD."
      ],
      "language": "Mixed",
      "pure_emoji": false
    },
    {
      "user": "KT",
      "comments": [
        "he is a businessman then president",
        "he is a businessman then president",
        "he is a businessman then president"
      ],
      "language": "English",
      "pure_emoji": false
    },
    {
      "user": "KX☘️",
      "comments": [
        "对你增加税 收你钱😂",
        "不买美国货还是会受到一点影响毕竟有的东西还是得经过美国转运啥的 只能说不会那么严重"
      ],
      "language": "Chinese",
      "pure_emoji": false
    },
    {
      "user": "Kelvin and 998 others",
      "comments": [
        "现在美国对差不多每个国家都抽关税，意思是美国不可能找到代替品。没事的，各国的生意照常做，只是美国政府赚更多的税，人民还更多的钱而已。。"
      ],
      "language": "Chinese",
      "pure_emoji": false
    },
    {
      "user": "KevY",
      "comments": [
        "看不懂 有人summarize一下吗哈哈哈",
        "看不懂 有人summarize一下吗哈哈哈",
        "看不懂 有人summarize一下吗哈哈哈",
        "不买美国的货就没事了是这个意思吧？"
      ],
      "language": "Mixed",
      "pure_emoji": false
    },
    {
      "user": "Kevin",
      "comments": [
        "搬到美國生產成本拉高，還是由美國消費者買單",
        "搬到美國生產成本拉高，還是由美國消費者買單",
        "搬到美國生產成本拉高，還是由美國消費者買單"
      ],
      "language": "Chinese",
      "pure_emoji": false
    },
    {
      "user": "Kuma",
      "comments": [
        "全球滞胀时代开启",
        "全球滞胀时代开启"
      ],
      "language": "Chinese",
      "pure_emoji": false
    },
    {
      "user": "LO爱豆",
      "comments": [
        "想钱想疯了",
        "想钱想疯了"
      ],
      "language": "Chinese",
      "pure_emoji": false
    },
    {
      "user": "Lantau Crystal",
      "comments": [
        "🤣",
        "🤣"
      ],
      "language": "Other",
      "pure_emoji": false
    },
    {
      "user": "Leon Ho",
      "comments": [
        "2/4/2025是解放日，美利堅合眾國United States of America.將被解放！改名美利坚人民共和国 People republic United States of America",
        "2/4/2025是解放日，美利堅合眾國United States of America.將被解放！改名美利坚人民共和国 People republic United States of America",
        "2/4/2025是解放日，美利堅合眾國United States of America.將被解放！改名美利坚人民共和国 People republic United States of America"
      ],
      "language": "Mixed",
      "pure_emoji": false
    },
    {
      "user": "Levi",
      "comments": [
        "变相对本国公民收税😅 中国将可能将对美国农产品进行增税反击，这会直击老特要害😬",
        "变相对本国公民收税😅 中国将可能将对美国农产品进行增税反击，这会直击老特要害😬"
      ],
      "language": "Chinese",
      "pure_emoji": false
    },
    {
      "user": "Long Gu: Technical Sportswear",
      "comments": [
        "LMAO Asia is wiping its 🍑 with America, self important heehaws 🙄",
        "LMAO Asia is wiping its 🍑 with America, self important heehaws 🙄"
      ],
      "language": "English",
      "pure_emoji": false
    },
    {
      "user": "Lương",
      "comments": [
        "有没有可能他的目的就是美金的回流…让这些手上持有太多美金的人只能去美国投资呢😳"
      ],
      "language": "Chinese",
      "pure_emoji": false
    },
    {
      "user": "Mengay Chong",
      "comments": [
        "😂😂😂😂😂😂👍",
        "😂😂😂😂😂😂👍"
      ],
      "language": "Other",
      "pure_emoji": false
    },
    {
      "user": "Min",
      "comments": [
        "中国进口替代国太多了，进口美国完全是为了贸易平衡，要不然谁不远万里去美国拉农产品"
      ],
      "language": "Chinese",
      "pure_emoji": false
    },
    {
      "user": "MoD Russia Hưng",
      "comments": [
        "respect president Trump Maga Make American again patriot White hat from Haiphong Vietnam 🇻🇳🤝🇺🇲 anti cabal Deepstate illuminati satanic Globalist agenda vv..save the world..god bless America Q",
        "respect president Trump Maga Make American again patriot White hat from Haiphong Vietnam 🇻🇳🤝🇺🇲 anti cabal Deepstate illuminati satanic Globalist agenda vv..save the world..god bless America Q"
      ],
      "language": "English",
      "pure_emoji": false
    },
    {
      "user": "Mr wu",
      "comments": [
        "我没买美国东西也还不一样过，给他们征税1000%",
        "我没买美国东西也还不一样过，给他们征税1000%",
        "我没买美国东西也还不一样过，给他们征税1000%"
      ],
      "language": "Chinese",
      "pure_emoji": false
    },
    {
      "user": "Ng Huat",
      "comments": [
        "😂😂😂😂",
        "😂😂😂😂"
      ],
      "language": "Other",
      "pure_emoji": false
    },
    {
      "user": "Niuda牛大",
      "comments": [
        "天下苦美久矣",
        "天下苦美久矣"
      ],
      "language": "Chinese",
      "pure_emoji": false
    },
    {
      "user": "Nnkui Shop",
      "comments": [
        "I would just impose 1000% tariffs on the us and free trade with everyone else.",
        "I would just impose 1000% tariffs on the us and free trade with everyone else.",
        "I would just impose 1000% tariffs on the us and free trade with everyone else."
      ],
      "language": "English",
      "pure_emoji": false
    },
    {
      "user": "Noah’s Ark",
      "comments": [
        "没关系，反正加的税都是美国老百姓承担的",
        "没关系，反正加的税都是美国老百姓承担的"
      ],
      "language": "Chinese",
      "pure_emoji": false
    },
    {
      "user": "PEAK",
      "comments": [
        "跪"
      ],
      "language": "Chinese",
      "pure_emoji": false
    },
    {
      "user": "Poseidon2046",
      "comments": [
        "关税君",
        "关税君",
        "关税君"
      ],
      "language": "Chinese",
      "pure_emoji": false
    },
    {
      "user": "Qing",
      "comments": [
        "那么，各国也可以算算过去5年，各国增发货币和美国增发美元的比例，按折算美元贬值率算出出口应收实际美元价值来收款"
      ],
      "language": "Chinese",
      "pure_emoji": false
    },
    {
      "user": "Ray Gan",
      "comments": [
        "😂😂😂",
        "😂😂😂"
      ],
      "language": "Other",
      "pure_emoji": false
    },
    {
      "user": "Raymond",
      "comments": [
        "good news",
        "good news",
        "good news"
      ],
      "language": "English",
      "pure_emoji": false
    },
    {
      "user": "Robert W Llin",
      "comments": [
        "中国人民应多谢川普先生，因为中国不要为了外汇污染环境，将皇民所说“太多无法处理的美金”白送非洲了。",
        "中国人民应多谢川普先生，因为中国不要为了外汇污染环境，将皇民所说“太多无法处理的美金”白送非洲了。"
      ],
      "language": "Chinese",
      "pure_emoji": false
    },
    {
      "user": "SHACMAN DUMP TRUCKS",
      "comments": [
        "谁把谁也干不下去了,最终两败俱伤.😁😁😁",
        "谁把谁也干不下去了,最终两败俱伤.😁😁😁"
      ],
      "language": "Chinese",
      "pure_emoji": false
    },
    {
      "user": "Sheng Yang",
      "comments": [
        "The biggest joke",
        "The biggest joke",
        "The biggest joke"
      ],
      "language": "English",
      "pure_emoji": false
    },
    {
      "user": "TG➕zzz448 二道，卸货的来",
      "comments": [
        "👀名字",
        "👀名字"
      ],
      "language": "Chinese",
      "pure_emoji": false
    },
    {
      "user": "Tan Betty",
      "comments": [
        "🥰",
        "🥰"
      ],
      "language": "Other",
      "pure_emoji": false
    },
    {
      "user": "Tang Miss🇨🇳",
      "comments": [
        "😎 优秀",
        "😎 优秀"
      ],
      "language": "Chinese",
      "pure_emoji": false
    },
    {
      "user": "Tom Zhang",
      "comments": [
        "中國不怕，內循環！洗血液机你們知道吗？上面喝水下面净化再循環！",
        "中國不怕，內循環！洗血液机你們知道吗？上面喝水下面净化再循環！",
        "中國不怕，內循環！洗血液机你們知道吗？上面喝水下面净化再循環！"
      ],
      "language": "Chinese",
      "pure_emoji": false
    },
    {
      "user": "V͇̿I͇̿P͇̿𝓚𝔂𝓪𝔀 𝓢𝓪𝓷࿌𒆜༒",
      "comments": [
        "😁",
        "😁"
      ],
      "language": "Other",
      "pure_emoji": false
    },
    {
      "user": "Waiting",
      "comments": [
        "被他这么一比，似乎加征关税也没那么高",
        "被他这么一比，似乎加征关税也没那么高",
        "被他这么一比，似乎加征关税也没那么高"
      ],
      "language": "Chinese",
      "pure_emoji": false
    },
    {
      "user": "Westlake",
      "comments": [
        "中美贸易将全面停摆。解放台湾已经没有任何理由再耽搁，解放台湾的时候到了 ！ ！ ！",
        "中美贸易将全面停摆。解放台湾已经没有任何理由再耽搁，解放台湾的时候到了 ！ ！ ！",
        "这样普遍加关税等于没加，等于美国商品全部涨价，关税加在了美国消费者身上。 1. 大家进入美国市场的条件还是和以前一样。谁也没有更大的优势。美国的进口商也没有与供货商讨价还价的优势，因为大家都一样。 2. 美国消费将萎缩，继而引发全世界的制造业萎缩。 3. 大家会积极开发新市场来代替美国市场，这样金砖组织和一带一路都得到前所未有的提升机会。 4. 美元的流通性将降低，随之美元的重要性将进一步降低。",
        "中美贸易将全面停摆。解放台湾已经没有任何理由再耽搁，解放台湾的时候到了 ！ ！ ！"
      ],
      "language": "Chinese",
      "pure_emoji": false
    },
    {
      "user": "William_",
      "comments": [
        "🤭🤭🤭但是人家只是一条g 呀"
      ],
      "language": "Mixed",
      "pure_emoji": false
    },
    {
      "user": "Xiaodi Zhang",
      "comments": [
        "中国的文化，美国人你不知道！！！上有政策，下有对策，你玩不死中国人！我确信。",
        "中国的文化，美国人你不知道！！！上有政策，下有对策，你玩不死中国人！我确信。"
      ],
      "language": "Chinese",
      "pure_emoji": false
    },
    {
      "user": "Y",
      "comments": [
        "最后的狂欢！",
        "最后的狂欢！",
        "最后的狂欢！"
      ],
      "language": "Chinese",
      "pure_emoji": false
    },
    {
      "user": "YU JEN LEE",
      "comments": [
        "決定不進口美國商品",
        "決定不進口美國商品",
        "決定不進口美國商品"
      ],
      "language": "Chinese",
      "pure_emoji": false
    },
    {
      "user": "ZZX",
      "comments": [
        "那你们应该谢谢美国，说谢谢😂",
        "那你们应该谢谢美国，说谢谢😂"
      ],
      "language": "Chinese",
      "pure_emoji": false
    },
    {
      "user": "alessandro5770",
      "comments": [
        "信不信汇率给你拉回8去😎",
        "信不信汇率给你拉回8去😎"
      ],
      "language": "Chinese",
      "pure_emoji": false
    },
    {
      "user": "appleuser26793944",
      "comments": [
        "风太大了😁",
        "风太大了😁",
        "风太大了😁"
      ],
      "language": "Chinese",
      "pure_emoji": false
    },
    {
      "user": "binjieliaulaiu",
      "comments": [
        "現在還有豬那板報告，，我的天啊",
        "現在還有豬那板報告，，我的天啊"
      ],
      "language": "Chinese",
      "pure_emoji": false
    },
    {
      "user": "cbp",
      "comments": [
        "这是要拉着世界自爆呀🤣",
        "这是要拉着世界自爆呀🤣"
      ],
      "language": "Chinese",
      "pure_emoji": false
    },
    {
      "user": "china.凡晨",
      "comments": [
        "[笑哭]川建国：我已经准备好搞垮美国移民中国了",
        "[笑哭]川建国：我已经准备好搞垮美国移民中国了"
      ],
      "language": "Chinese",
      "pure_emoji": false
    },
    {
      "user": "chong  leo",
      "comments": [
        "哈哈，你们台湾舔美，还被加征32％"
      ],
      "language": "Chinese",
      "pure_emoji": false
    },
    {
      "user": "chongsin08",
      "comments": [
        "😂",
        "😂"
      ],
      "language": "Other",
      "pure_emoji": false
    },
    {
      "user": "fujistafford",
      "comments": [
        "影响不大😅，反正东西还是那个物价",
        "影响不大😅，反正东西还是那个物价",
        "影响不大😅，反正东西还是那个物价"
      ],
      "language": "Chinese",
      "pure_emoji": false
    },
    {
      "user": "funfun9981",
      "comments": [
        "美国没落的开始，与全世界为敌",
        "美国没落的开始，与全世界为敌",
        "美国没落的开始，与全世界为敌"
      ],
      "language": "Chinese",
      "pure_emoji": false
    },
    {
      "user": "gaoqiao",
      "comments": [
        "特不靠谱的执政方针就是要钱，要钱，要钱，哪些傻B选得他",
        "特不靠谱的执政方针就是要钱，要钱，要钱，哪些傻B选得他"
      ],
      "language": "Mixed",
      "pure_emoji": false
    },
    {
      "user": "getsby",
      "comments": [
        "😁帅呀，强迫劳工法失去欧盟市场，对等关税失去美国市场",
        "😁帅呀，强迫劳工法失去欧盟市场，对等关税失去美国市场",
        "😁帅呀，强迫劳工法失去欧盟市场，对等关税失去美国市场"
      ],
      "language": "Chinese",
      "pure_emoji": false
    },
    {
      "user": "gootanpoco",
      "comments": [
        "这个算法不错啊"
      ],
      "language": "Chinese",
      "pure_emoji": false
    },
    {
      "user": "grandmom",
      "comments": [
        "资本家的🧠宛如金属，可以热胀冷缩。",
        "资本家的🧠宛如金属，可以热胀冷缩。"
      ],
      "language": "Chinese",
      "pure_emoji": false
    },
    {
      "user": "guqingyin",
      "comments": [
        "美国已经有数万人走上街头对川建国的不满。😁",
        "美国已经有数万人走上街头对川建国的不满。😁"
      ],
      "language": "Chinese",
      "pure_emoji": false
    },
    {
      "user": "hahaha",
      "comments": [
        "恭喜美国百姓，他们的钱购买力下降百分之几十",
        "恭喜美国百姓，他们的钱购买力下降百分之几十"
      ],
      "language": "Chinese",
      "pure_emoji": false
    },
    {
      "user": "hawteck1688",
      "comments": [
        "全球人民更辛苦，因为受税",
        "全球人民更辛苦，因为受税",
        "全球人民更辛苦，因为受税"
      ],
      "language": "Chinese",
      "pure_emoji": false
    },
    {
      "user": "hey_hei_嘿",
      "comments": [
        "hey",
        "hey",
        "hey"
      ],
      "language": "English",
      "pure_emoji": false
    },
    {
      "user": "iansu085",
      "comments": [
        "这个真不一定。。"
      ],
      "language": "Chinese",
      "pure_emoji": false
    },
    {
      "user": "jasontan7771",
      "comments": [
        "厉害，川建国又给一波助攻😂😂😂😂😂😂😂😂😂",
        "厉害，川建国又给一波助攻😂😂😂😂😂😂😂😂😂"
      ],
      "language": "Chinese",
      "pure_emoji": false
    },
    {
      "user": "kclee353",
      "comments": [
        "直接解放限時限分",
        "直接解放限時限分"
      ],
      "language": "Chinese",
      "pure_emoji": false
    },
    {
      "user": "lisa",
      "comments": [
        "開心，給中國加到95%吧，整思中共吧",
        "開心，給中國加到95%吧，整思中共吧",
        "開心，給中國加到95%吧，整思中共吧"
      ],
      "language": "Chinese",
      "pure_emoji": false
    },
    {
      "user": "lixiaoyao521",
      "comments": [
        "这家伙确实聪明，可惜不够狡猾，玩阴招还是不如中国人",
        "这家伙确实聪明，可惜不够狡猾，玩阴招还是不如中国人"
      ],
      "language": "Chinese",
      "pure_emoji": false
    },
    {
      "user": "mytimes1019",
      "comments": [
        "妳覺得現在的美國真的很好嗎？",
        "你是覺得美國關稅真的很高嗎？",
        "你是覺得美國關稅真的很高嗎？"
      ],
      "language": "Chinese",
      "pure_emoji": false
    },
    {
      "user": "navysun7",
      "comments": [
        "😂",
        "😂"
      ],
      "language": "Other",
      "pure_emoji": false
    },
    {
      "user": "nn240513",
      "comments": [
        "😳😳😳",
        "😳😳😳"
      ],
      "language": "Other",
      "pure_emoji": false
    },
    {
      "user": "no6hu5",
      "comments": [
        "美国历史最愚蠢自大的总统",
        "美国历史最愚蠢自大的总统"
      ],
      "language": "Chinese",
      "pure_emoji": false
    },
    {
      "user": "oTo",
      "comments": [
        "關稅最後還是由老百姓買單，我就不信提高關稅能帶給美國什麼經濟",
        "關稅最後還是由老百姓買單，我就不信提高關稅能帶給美國什麼經濟",
        "關稅最後還是由老百姓買單，我就不信提高關稅能帶給美國什麼經濟"
      ],
      "language": "Chinese",
      "pure_emoji": false
    },
    {
      "user": "occhiali928",
      "comments": [
        "老普这是一点吗？都要被脱成皮了，对普通老百姓太多了，包括美国老百姓",
        "老普这是一点吗？都要被脱成皮了，对普通老百姓太多了，包括美国老百姓"
      ],
      "language": "Chinese",
      "pure_emoji": false
    },
    {
      "user": "ratjaroenmeekula1",
      "comments": [
        "哈哈你们就干吧，看你们谁笑到最后",
        "哈哈你们就干吧，看你们谁笑到最后"
      ],
      "language": "Chinese",
      "pure_emoji": false
    },
    {
      "user": "s2295005",
      "comments": [
        "全世界也會對美國採取強硬手段回敬",
        "全世界也會對美國採取強硬手段回敬",
        "全世界也會對美國採取強硬手段回敬"
      ],
      "language": "Chinese",
      "pure_emoji": false
    },
    {
      "user": "small witch",
      "comments": [
        "中国死在电子产品方面",
        "中国死在电子产品方面"
      ],
      "language": "Chinese",
      "pure_emoji": false
    },
    {
      "user": "smathilsong",
      "comments": [
        "我想知道美国超市货架现在还有货吗",
        "我想知道美国超市货架现在还有货吗",
        "我想知道美国超市货架现在还有货吗"
      ],
      "language": "Chinese",
      "pure_emoji": false
    },
    {
      "user": "smithtina825",
      "comments": [
        "美国是全球的霸主而不是是美国总统 总统先生所做的不只是针对中国 而是全球 这样做的最终结局是全球孤立美国 而美国的利益在哪里",
        "美国是全球的霸主而不是是美国总统 总统先生所做的不只是针对中国 而是全球 这样做的最终结局是全球孤立美国 而美国的利益在哪里"
      ],
      "language": "Chinese",
      "pure_emoji": false
    },
    {
      "user": "tkssteven",
      "comments": [
        "实际上是美国人得益于中国的廉价物品，特朗普向全世界征收关税表明美国快撑不住了",
        "实际上是美国人得益于中国的廉价物品，特朗普向全世界征收关税表明美国快撑不住了",
        "实际上是美国人得益于中国的廉价物品，特朗普向全世界征收关税表明美国快撑不住了"
      ],
      "language": "Chinese",
      "pure_emoji": false
    },
    {
      "user": "uncle sizz",
      "comments": [
        "没了自由贸易和美元霸权，美国就是一个垃圾🤣🤣🤣🤣"
      ],
      "language": "Chinese",
      "pure_emoji": false
    },
    {
      "user": "user3925333849678",
      "comments": [
        "美国历史上最糟糕的总统",
        "美国历史上最糟糕的总统",
        "美国历史上最糟糕的总统"
      ],
      "language": "Chinese",
      "pure_emoji": false
    },
    {
      "user": "user4609381350837",
      "comments": [
        "你冇听他说吗？六七对三十四"
      ],
      "language": "Chinese",
      "pure_emoji": false
    },
    {
      "user": "user6192321309537",
      "comments": [
        "傳統製造業再兩年會通通被機器人取代，美加澳已經開始訂購大量機器人，東南亞的勞動力優勢即將完全消失😎"
      ],
      "language": "Chinese",
      "pure_emoji": false
    },
    {
      "user": "user9358391070700",
      "comments": [
        "说好的自由呢？",
        "说好的自由呢？",
        "说好的自由呢？"
      ],
      "language": "Chinese",
      "pure_emoji": false
    },
    {
      "user": "userxg4tte8xvk",
      "comments": [
        "如果世界各國都不要買，賣東西給美國，那會.......",
        "如果世界各國都不要買，賣東西給美國，那會.......",
        "如果世界各國都不要買，賣東西給美國，那會......."
      ],
      "language": "Chinese",
      "pure_emoji": false
    },
    {
      "user": "wakwak",
      "comments": [
        "川建国，加油",
        "川建国，加油",
        "川建国，加油"
      ],
      "language": "Chinese",
      "pure_emoji": false
    },
    {
      "user": "winkooo235",
      "comments": [
        "🥰🥰🥰",
        "🥰🥰🥰"
      ],
      "language": "Other",
      "pure_emoji": false
    },
    {
      "user": "xiaojiang god bless you",
      "comments": [
        "businessman😂"
      ],
      "language": "English",
      "pure_emoji": false
    },
    {
      "user": "xu aidong",
      "comments": [
        "你应该引领世界走向和平幸福。",
        "你应该引领世界走向和平幸福。",
        "你应该引领世界走向和平幸福。"
      ],
      "language": "Chinese",
      "pure_emoji": false
    },
    {
      "user": "yipingwu5",
      "comments": [
        "川建国开始配合祖国行动了",
        "川建国开始配合祖国行动了",
        "川建国开始配合祖国行动了"
      ],
      "language": "Chinese",
      "pure_emoji": false
    },
    {
      "user": "yongbangyou5",
      "comments": [
        "建议打美国 擒贼先擒王",
        "建议打美国 擒贼先擒王"
      ],
      "language": "Chinese",
      "pure_emoji": false
    },
    {
      "user": "zz.              🪳",
      "comments": [
        "上课啦，同学们坐好🤣",
        "上课啦，同学们坐好🤣",
        "上课啦，同学们坐好🤣"
      ],
      "language": "Chinese",
      "pure_emoji": false
    },
    {
      "user": "三帅",
      "comments": [
        "美丽国自己的人民苦",
        "美丽国自己的人民苦",
        "美丽国自己的人民苦"
      ],
      "language": "Chinese",
      "pure_emoji": false
    },
    {
      "user": "临时演员🎤",
      "comments": [
        "看点正常的频道，别看某些博主"
      ],
      "language": "Chinese",
      "pure_emoji": false
    },
    {
      "user": "二道RMB，卸货车队/钱庄来。电报➕@ZZZ887",
      "comments": [
        "👀名字",
        "👀名字"
      ],
      "language": "Chinese",
      "pure_emoji": false
    },
    {
      "user": "二道料找车➕✈️ming8668(rmb兌USDT)",
      "comments": [
        "看⬆️面⬆️⬆️⬆️看⬆️面⬆️⬆️⬆️",
        "看⬆️面⬆️⬆️⬆️看⬆️面⬆️⬆️⬆️"
      ],
      "language": "Chinese",
      "pure_emoji": false
    },
    {
      "user": "亚洲地区精神病园馆长",
      "comments": [
        "中国排第一👍说明美国最怕的国家中国"
      ],
      "language": "Chinese",
      "pure_emoji": false
    },
    {
      "user": "人人有飯吃。人人有書唸。人人有病醫。",
      "comments": [
        "加油！滅中！亡中！裂中！讓牠永遠被世界。哪怕是越南。都能踩在腳下。😂😂👍",
        "加油！滅中！亡中！裂中！讓牠永遠被世界。哪怕是越南。都能踩在腳下。😂😂👍"
      ],
      "language": "Chinese",
      "pure_emoji": false
    },
    {
      "user": "余安",
      "comments": [
        "这世间就是个巨大的草台班子"
      ],
      "language": "Chinese",
      "pure_emoji": false
    },
    {
      "user": "修哥",
      "comments": [
        "👍👍👍"
      ],
      "language": "Other",
      "pure_emoji": true
    },
    {
      "user": "养鸡专业户",
      "comments": [
        "为什么以前美国对别国的关税低的原因老特不提，那是因为美国大企业把制造业去低成本国制造，随后贴牌回销美国。这回，美国的国际大企业咋办😂😂😂 自残么？",
        "为什么以前美国对别国的关税低的原因老特不提，那是因为美国大企业把制造业去低成本国制造，随后贴牌回销美国。这回，美国的国际大企业咋办😂😂😂 自残么？"
      ],
      "language": "Chinese",
      "pure_emoji": false
    },
    {
      "user": "勤奋带来力量🐒",
      "comments": [
        "美国又不是唯一的市场😁",
        "美国又不是唯一的市场😁"
      ],
      "language": "Chinese",
      "pure_emoji": false
    },
    {
      "user": "勿忘初終",
      "comments": [
        "4年他當40年在",
        "4年他當40年在"
      ],
      "language": "Chinese",
      "pure_emoji": false
    },
    {
      "user": "匝瑜",
      "comments": [
        "Good job ，哈哈",
        "Good job ，哈哈",
        "Good job ，哈哈"
      ],
      "language": "Mixed",
      "pure_emoji": false
    },
    {
      "user": "半生風雪沾青衣",
      "comments": [
        "貿易就是這個卵樣，我需要的再高我呀要，我不要的，零關稅我也不要",
        "貿易就是這個卵樣，我需要的再高我呀要，我不要的，零關稅我也不要",
        "貿易就是這個卵樣，我需要的再高我呀要，我不要的，零關稅我也不要"
      ],
      "language": "Chinese",
      "pure_emoji": false
    },
    {
      "user": "台湾第一市委书记",
      "comments": [
        "美国如果被孤立，美元将消失"
      ],
      "language": "Chinese",
      "pure_emoji": false
    },
    {
      "user": "吳東龍",
      "comments": [
        "臺灣是一個國家所以該繳的關稅還是要繳、中國繳中國的、臺灣繳臺灣的！1邊1國",
        "臺灣是一個國家所以該繳的關稅還是要繳、中國繳中國的、臺灣繳臺灣的！1邊1國"
      ],
      "language": "Chinese",
      "pure_emoji": false
    },
    {
      "user": "周隆",
      "comments": [
        "個人資金人民幣出海，有通路的聯系我！",
        "個人資金人民幣出海，有通路的聯系我！"
      ],
      "language": "Chinese",
      "pure_emoji": false
    },
    {
      "user": "哈哈",
      "comments": [
        "美国没救了"
      ],
      "language": "Chinese",
      "pure_emoji": false
    },
    {
      "user": "唐先生白資收U",
      "comments": [
        "😂😂😂",
        "😂😂😂"
      ],
      "language": "Other",
      "pure_emoji": false
    },
    {
      "user": "在水一方",
      "comments": [
        "最后还是美国人民买单😂😂😂。",
        "最后还是美国人民买单😂😂😂。"
      ],
      "language": "Chinese",
      "pure_emoji": false
    },
    {
      "user": "壮士出川",
      "comments": [
        "其实很简单，就是你对我征收多少关税我就征收多少。个公平合理。",
        "其实很简单，就是你对我征收多少关税我就征收多少。个公平合理。",
        "其实很简单，就是你对我征收多少关税我就征收多少。个公平合理。"
      ],
      "language": "Chinese",
      "pure_emoji": false
    },
    {
      "user": "小洁 在🇸🇬",
      "comments": [
        "🥰🥰🥰",
        "🥰🥰🥰"
      ],
      "language": "Other",
      "pure_emoji": false
    },
    {
      "user": "布卡",
      "comments": [
        "😂😂😂",
        "😂😂😂"
      ],
      "language": "Other",
      "pure_emoji": false
    },
    {
      "user": "希望天天開心",
      "comments": [
        "經濟學體育老師教的",
        "經濟學體育老師教的",
        "經濟學體育老師教的"
      ],
      "language": "Chinese",
      "pure_emoji": false
    },
    {
      "user": "张扬",
      "comments": [
        "继续加油👍",
        "继续加油👍",
        "继续加油👍"
      ],
      "language": "Chinese",
      "pure_emoji": false
    },
    {
      "user": "彪",
      "comments": [
        "这老头活糊涂了😂😂😂😂😂",
        "这老头活糊涂了😂😂😂😂😂"
      ],
      "language": "Chinese",
      "pure_emoji": false
    },
    {
      "user": "新人老司机",
      "comments": [
        "加的太少了",
        "加的太少了"
      ],
      "language": "Chinese",
      "pure_emoji": false
    },
    {
      "user": "方天戟",
      "comments": [
        "这是富了政府不管人民的典范。为了减少债务也是拼了。",
        "这是富了政府不管人民的典范。为了减少债务也是拼了。",
        "这是富了政府不管人民的典范。为了减少债务也是拼了。"
      ],
      "language": "Chinese",
      "pure_emoji": false
    },
    {
      "user": "昱廷🐯¹²¹⁵",
      "comments": [
        "放心，美國人自己早晚會修理他",
        "放心，美國人自己早晚會修理他",
        "放心，美國人自己早晚會修理他"
      ],
      "language": "Chinese",
      "pure_emoji": false
    },
    {
      "user": "李政霖 James",
      "comments": [
        "商人的狡猾",
        "商人的狡猾"
      ],
      "language": "Chinese",
      "pure_emoji": false
    },
    {
      "user": "杜挪爾Organic vegetables.",
      "comments": [
        "美國這關税太囂張氣焰太大",
        "美國這關税太囂張氣焰太大",
        "美國這關税太囂張氣焰太大"
      ],
      "language": "Chinese",
      "pure_emoji": false
    },
    {
      "user": "每次取名头都痛",
      "comments": [
        "解放台湾或者让台湾解放，都可以，现在几乎全国人民都在支持了，我总觉得现在没开战，是因为一部分当官的钱在国外，没了部分人，恐怕早开战了",
        "解放台湾或者让台湾解放，都可以，现在几乎全国人民都在支持了，我总觉得现在没开战，是因为一部分当官的钱在国外，没了部分人，恐怕早开战了"
      ],
      "language": "Chinese",
      "pure_emoji": false
    },
    {
      "user": "泊涛资本 白资收U 小白可带 ✈️@botaoxiaowu",
      "comments": [
        "把痛苦停在昨天，把微笑留给明天",
        "创新之道，唯在得人",
        "遇事无难易，而勇于敢为",
        "同是寒窗苦读，怎会甘拜下风",
        "把痛苦停在昨天，把微笑留给明天",
        "创新之道，唯在得人",
        "遇事无难易，而勇于敢为",
        "同是寒窗苦读，怎会甘拜下风"
      ],
      "language": "Chinese",
      "pure_emoji": false
    },
    {
      "user": "海纳百川",
      "comments": [
        "青春的模样，是奋斗的模样",
        "青春的模样，是奋斗的模样"
      ],
      "language": "Chinese",
      "pure_emoji": false
    },
    {
      "user": "海鹰",
      "comments": [
        "加关税受苦的是老百姓😂",
        "加关税受苦的是老百姓😂"
      ],
      "language": "Chinese",
      "pure_emoji": false
    },
    {
      "user": "烯烃",
      "comments": [
        "聪明人肯定囤货，超市会被买空😅",
        "川普根本不明白关税的作用，产业空心化光靠关税壁垒解决不了问题的。保护本国产业链可以，但是前提是得有，现在是没有！美国不卖中国高端芯片，美国赢了。美国不买中国商品或者加税，美国又赢啦？这不矛盾吗？😂"
      ],
      "language": "Chinese",
      "pure_emoji": false
    },
    {
      "user": "無名",
      "comments": [
        "說的對！美國已經站不住了。🤣",
        "說的對！美國已經站不住了。🤣",
        "說的對！美國已經站不住了。🤣"
      ],
      "language": "Chinese",
      "pure_emoji": false
    },
    {
      "user": "王斌",
      "comments": [
        "赞同你说的"
      ],
      "language": "Chinese",
      "pure_emoji": false
    },
    {
      "user": "瓦克兄弟讲历史.ұақ ага Тарыйқ айтады",
      "comments": [
        "支持👍",
        "支持👍"
      ],
      "language": "Chinese",
      "pure_emoji": false
    },
    {
      "user": "用户2587035875215",
      "comments": [
        "世界不服就加关税，太伟大了，"
      ],
      "language": "Chinese",
      "pure_emoji": false
    },
    {
      "user": "疯狂的枭洋哥chef XL",
      "comments": [
        "那中国对美国的商品也加赠关税百分90，那就硬干",
        "那中国对美国的商品也加赠关税百分90，那就硬干"
      ],
      "language": "Chinese",
      "pure_emoji": false
    },
    {
      "user": "百思不得騎姐",
      "comments": [
        "牛？一打多！ 俄羅斯打烏克蘭，普丁一打80， 川普一打185真牛",
        "牛？一打多！ 俄羅斯打烏克蘭，普丁一打80， 川普一打185真牛",
        "牛？一打多！ 俄羅斯打烏克蘭，普丁一打80， 川普一打185真牛"
      ],
      "language": "Chinese",
      "pure_emoji": false
    },
    {
      "user": "皮王村老支书",
      "comments": [
        "世界上有两个太阳，一个在朝鲜，一个在美国"
      ],
      "language": "Chinese",
      "pure_emoji": false
    },
    {
      "user": "等待有缘人",
      "comments": [
        "所有国家都不要美国产。不给美国产品，看他能过多久，🤣",
        "所有国家都不要美国产。不给美国产品，看他能过多久，🤣",
        "所有国家都不要美国产。不给美国产品，看他能过多久，🤣"
      ],
      "language": "Chinese",
      "pure_emoji": false
    },
    {
      "user": "糊涂老牛",
      "comments": [
        "精算后，企鹅没做贸易仍要给关税😅😅😅😅😅😅😅😅😅"
      ],
      "language": "Chinese",
      "pure_emoji": false
    },
    {
      "user": "紅ㄟ",
      "comments": [
        "應該跟老柯一樣，該去看醫生了",
        "應該跟老柯一樣，該去看醫生了",
        "應該跟老柯一樣，該去看醫生了"
      ],
      "language": "Chinese",
      "pure_emoji": false
    },
    {
      "user": "自是人生长恨水长东",
      "comments": [
        "真是天才"
      ],
      "language": "Chinese",
      "pure_emoji": false
    },
    {
      "user": "蘇哲",
      "comments": [
        "Jesus love you !",
        "Jesus love you !",
        "Jesus love you !"
      ],
      "language": "English",
      "pure_emoji": false
    },
    {
      "user": "西岚薇",
      "comments": [
        "美国的高物价和高人工注定了制造业不可能再回流到美国本土",
        "美国的高物价和高人工注定了制造业不可能再回流到美国本土",
        "美国的高物价和高人工注定了制造业不可能再回流到美国本土"
      ],
      "language": "Chinese",
      "pure_emoji": false
    },
    {
      "user": "要到飯了兄弟們",
      "comments": [
        "但是歷史上有愚蠢的美國總統嗎？每一次有人覺得總統愚蠢的時候都會來一波翻盤"
      ],
      "language": "Chinese",
      "pure_emoji": false
    },
    {
      "user": "跨境电商小佳",
      "comments": [
        "😏",
        "😏"
      ],
      "language": "Other",
      "pure_emoji": false
    },
    {
      "user": "金属",
      "comments": [
        "中国排第一👍说明美国最怕的国家中国",
        "中国排第一👍说明美国最怕的国家中国"
      ],
      "language": "Chinese",
      "pure_emoji": false
    },
    {
      "user": "阿华",
      "comments": [
        "你肯定比美国总统和他的团队聪明😂"
      ],
      "language": "Chinese",
      "pure_emoji": false
    },
    {
      "user": "阿斯顿",
      "comments": [
        "🤣🤣🤣🤣🤣🤣🤣🤣🤣🤣🤣",
        "🤣🤣🤣🤣🤣🤣🤣🤣🤣🤣🤣"
      ],
      "language": "Other",
      "pure_emoji": false
    },
    {
      "user": "陛下安康",
      "comments": [
        "老头你玩的挺开心。这大岁数开心不容易。开心就好。",
        "老头你玩的挺开心。这大岁数开心不容易。开心就好。"
      ],
      "language": "Chinese",
      "pure_emoji": false
    },
    {
      "user": "雪峰Titan🇨🇳🇳🇿",
      "comments": [
        "The US has made the world united.",
        "The US has made the world united.",
        "The US has made the world united."
      ],
      "language": "English",
      "pure_emoji": false
    },
    {
      "user": "𝓕𝓵𝓲𝓰𝓱𝓽",
      "comments": [
        "😂😂",
        "😂😂"
      ],
      "language": "Other",
      "pure_emoji": false
    },
    {
      "user": "🍑 🍑 peach",
      "comments": [
        "😳😳😳",
        "😳😳😳"
      ],
      "language": "Other",
      "pure_emoji": false
    }
  ]
}