{
  "video_id": "7491575939818704158",
  "video_url": "https://www.tiktok.com/@luxinchina/video/7491575939818704158",
  "publish_date": null,
  "comment_groups": [
    {
      "user": "007",
      "comments": [
        "說的好👍👍👍"
      ],
      "language": "Chinese",
      "pure_emoji": false
    },
    {
      "user": "2002 Huang",
      "comments": [
        "哈哈哈，欧盟也不加了"
      ],
      "language": "Chinese",
      "pure_emoji": false
    },
    {
      "user": "Adam Lang",
      "comments": [
        "不全对"
      ],
      "language": "Chinese",
      "pure_emoji": false
    },
    {
      "user": "Alex Chieng",
      "comments": [
        "👍👍👍👍"
      ],
      "language": "Other",
      "pure_emoji": true
    },
    {
      "user": "Ameshitrica",
      "comments": [
        "美国对中国的关税刚刚又变成了145%了， 笑死人了 ！ 这种低级政客怎么可以当上总统的 ？ ？ ？ 😁😁😁😁😁😁"
      ],
      "language": "Chinese",
      "pure_emoji": false
    },
    {
      "user": "Ang Khek Peow",
      "comments": [
        "对 就是來个 正面战场"
      ],
      "language": "Chinese",
      "pure_emoji": false
    },
    {
      "user": "Du",
      "comments": [
        "美国人又发钱了，中国呢？扣了多少医保"
      ],
      "language": "Chinese",
      "pure_emoji": false
    },
    {
      "user": "Fred Wong",
      "comments": [
        "👍👍👍👍👍👍👍"
      ],
      "language": "Other",
      "pure_emoji": true
    },
    {
      "user": "Guopei Wei",
      "comments": [
        "不是加税。而是加压！退一步海阔天空🌌以和为贵！🥰🥰🥰"
      ],
      "language": "Chinese",
      "pure_emoji": false
    },
    {
      "user": "Hawk4578",
      "comments": [
        "🙏🙏🙏"
      ],
      "language": "Other",
      "pure_emoji": true
    },
    {
      "user": "Jackie Cheng",
      "comments": [
        "真生气了😁"
      ],
      "language": "Chinese",
      "pure_emoji": false
    },
    {
      "user": "KK Oon",
      "comments": [
        "自戀粗暴的霸權，把自己逼迫墻角還想把世界各國拉入泥潭，已經爆露萎縮的恐慌！"
      ],
      "language": "Chinese",
      "pure_emoji": false
    },
    {
      "user": "Ken Huang",
      "comments": [
        "好！"
      ],
      "language": "Chinese",
      "pure_emoji": false
    },
    {
      "user": "Kenny luah",
      "comments": [
        "👍"
      ],
      "language": "Other",
      "pure_emoji": true
    },
    {
      "user": "Khong",
      "comments": [
        "嗯。 他早赚满啦。"
      ],
      "language": "Chinese",
      "pure_emoji": false
    },
    {
      "user": "Loveforever",
      "comments": [
        "You are absolutely right"
      ],
      "language": "English",
      "pure_emoji": false
    },
    {
      "user": "LuxeLadies",
      "comments": [
        "一顿操作猛如虎、回头一看二百五…… 哈哈哈哈"
      ],
      "language": "Chinese",
      "pure_emoji": false
    },
    {
      "user": "MING WU",
      "comments": [
        "中國已經不需理那個蠢材了 理他都是浪費時間！😅😅😅😅"
      ],
      "language": "Chinese",
      "pure_emoji": false
    },
    {
      "user": "Mastershifu",
      "comments": [
        "不能想的如此简单，川普不会这么儍的，谈判條件之一就是不准成为中国的跳板。拿越南，印尼，柬埔寨的关税就知道。不能如此輕敵。"
      ],
      "language": "Chinese",
      "pure_emoji": false
    },
    {
      "user": "Patrick",
      "comments": [
        "👍👍👍👍👍👍👍👍👍"
      ],
      "language": "Other",
      "pure_emoji": true
    },
    {
      "user": "Pek Chong hai",
      "comments": [
        "👍👍👍👍👍👍👍👍👍👍👍👍👍👍👍👍👍👍👍👍👍👍👍👍👍👍👍👍🥰🥰🥰🥰🥰🥰🥰🥰🥰🥰🥰🥰🥰🥰🥰🥰🥰🥰🥰🥰🥰🥰🥰🥰🥰"
      ],
      "language": "Other",
      "pure_emoji": true
    },
    {
      "user": "Richard M",
      "comments": [
        "说得好，特朗普肯定没有这个本事哈哈特朗普说的话跟小朋友没什么区别支持中国加油"
      ],
      "language": "Chinese",
      "pure_emoji": false
    },
    {
      "user": "Rtong Tang",
      "comments": [
        "我们还在用美国東西嗎？不吃美国品牌 不用美国品牌 把美国压到底"
      ],
      "language": "Chinese",
      "pure_emoji": false
    },
    {
      "user": "Steven Lim",
      "comments": [
        "😂😂😂😂"
      ],
      "language": "Other",
      "pure_emoji": true
    },
    {
      "user": "Tiktoker",
      "comments": [
        "我跟你賭中國一定輸看是要賭錢還是賭命"
      ],
      "language": "Chinese",
      "pure_emoji": false
    },
    {
      "user": "Victor Zhu787",
      "comments": [
        "sbbs"
      ],
      "language": "English",
      "pure_emoji": false
    },
    {
      "user": "Virginia Beach 🐬",
      "comments": [
        "😂😂"
      ],
      "language": "Other",
      "pure_emoji": true
    },
    {
      "user": "Yongshang Shang",
      "comments": [
        "这次中国样特朗普下不了台😂😂😂"
      ],
      "language": "Chinese",
      "pure_emoji": false
    },
    {
      "user": "Zhongli VN Forklift truck",
      "comments": [
        "🥰👍👍"
      ],
      "language": "Other",
      "pure_emoji": true
    },
    {
      "user": "bob",
      "comments": [
        "中國政府不太了解川普這人德性",
        "中國政府也不應該在川第一任的時候批准了他女兒127個專利"
      ],
      "language": "Chinese",
      "pure_emoji": false
    },
    {
      "user": "chongengtan396",
      "comments": [
        "👍👍👍"
      ],
      "language": "Other",
      "pure_emoji": true
    },
    {
      "user": "doudou8",
      "comments": [
        "你以为其他国家是傻子，今天的数据欧盟内部的贸易增加125%，说明欧盟也在开展内循环了，因此特朗普代表的美国很快就会陷入困境"
      ],
      "language": "Chinese",
      "pure_emoji": false
    },
    {
      "user": "dy2zru2lpb65",
      "comments": [
        "귀가 이상하네"
      ],
      "language": "Other",
      "pure_emoji": false
    },
    {
      "user": "gtefd",
      "comments": [
        "妳这么一说, 明天再加多50%👍👍👍"
      ],
      "language": "Chinese",
      "pure_emoji": false
    },
    {
      "user": "jimmykosnopo",
      "comments": [
        "👍👍👍"
      ],
      "language": "Other",
      "pure_emoji": true
    },
    {
      "user": "joochuanong",
      "comments": [
        "👍👍👍👍👍👍👏👏👏👏👏👏👏"
      ],
      "language": "Other",
      "pure_emoji": true
    },
    {
      "user": "sqzr",
      "comments": [
        "准备加到250%"
      ],
      "language": "Chinese",
      "pure_emoji": false
    },
    {
      "user": "superboss2727",
      "comments": [
        "全世界都投降了，只有你中国在跟他硬扛，全世界就看你啦！中国😅"
      ],
      "language": "Chinese",
      "pure_emoji": false
    },
    {
      "user": "tianwang",
      "comments": [
        "😁😁😁"
      ],
      "language": "Other",
      "pure_emoji": true
    },
    {
      "user": "user2182956013784",
      "comments": [
        "別担心不到三个月就下台了🤣🤣🤣🤣🤣🤣"
      ],
      "language": "Chinese",
      "pure_emoji": false
    },
    {
      "user": "user3070968741104",
      "comments": [
        "看来要让你去做总统"
      ],
      "language": "Chinese",
      "pure_emoji": false
    },
    {
      "user": "user3444253141697",
      "comments": [
        "加再多也就是一个数字没啥意义"
      ],
      "language": "Chinese",
      "pure_emoji": false
    },
    {
      "user": "user3954885459637",
      "comments": [
        "😁😁😁"
      ],
      "language": "Other",
      "pure_emoji": true
    },
    {
      "user": "user5j8mbp1ovk",
      "comments": [
        "太讚了"
      ],
      "language": "Chinese",
      "pure_emoji": false
    },
    {
      "user": "user6123870624754",
      "comments": [
        "加油"
      ],
      "language": "Chinese",
      "pure_emoji": false
    },
    {
      "user": "user633230287958",
      "comments": [
        "Agree 👍"
      ],
      "language": "English",
      "pure_emoji": false
    },
    {
      "user": "user9162813740842",
      "comments": [
        "说的好👍👍👍👍👍👍中国人民万岁"
      ],
      "language": "Chinese",
      "pure_emoji": false
    },
    {
      "user": "usero7ksw0sv71",
      "comments": [
        "還在作夢！"
      ],
      "language": "Chinese",
      "pure_emoji": false
    },
    {
      "user": "wong888999889910",
      "comments": [
        "1、数字人民币 （每人 300～500块/月）；2、供销社生存配置（米面油盐糖）；3、红蓝码（介绍信出行）；期盼全面上线 💪💪💪"
      ],
      "language": "Chinese",
      "pure_emoji": false
    },
    {
      "user": "xiaolun chen",
      "comments": [
        "你好像很高兴啊"
      ],
      "language": "Chinese",
      "pure_emoji": false
    },
    {
      "user": "三哥",
      "comments": [
        "中国给加上150吧😃"
      ],
      "language": "Chinese",
      "pure_emoji": false
    },
    {
      "user": "何必",
      "comments": [
        "讚"
      ],
      "language": "Chinese",
      "pure_emoji": false
    },
    {
      "user": "何正山（小山哥）",
      "comments": [
        "哈哈"
      ],
      "language": "Chinese",
      "pure_emoji": false
    },
    {
      "user": "倪个球",
      "comments": [
        "🤩🤩🤩"
      ],
      "language": "Other",
      "pure_emoji": true
    },
    {
      "user": "劉長治",
      "comments": [
        "😜😜😜😜😜😜😜😜"
      ],
      "language": "Other",
      "pure_emoji": true
    },
    {
      "user": "北漂南浪男 wish you all the best",
      "comments": [
        "龍的傳人"
      ],
      "language": "Chinese",
      "pure_emoji": false
    },
    {
      "user": "双儿",
      "comments": [
        "中国快完蛋了"
      ],
      "language": "Chinese",
      "pure_emoji": false
    },
    {
      "user": "天涯游子",
      "comments": [
        "你在做梦吧？"
      ],
      "language": "Chinese",
      "pure_emoji": false
    },
    {
      "user": "宝哥2889999",
      "comments": [
        "🔥🔥🔥😁😁😁"
      ],
      "language": "Other",
      "pure_emoji": true
    },
    {
      "user": "小k歌",
      "comments": [
        "説的好 到心裡🥰🥰🥰"
      ],
      "language": "Chinese",
      "pure_emoji": false
    },
    {
      "user": "小东",
      "comments": [
        "💪血战到底，中国加油中国万岁美国没了🤣"
      ],
      "language": "Chinese",
      "pure_emoji": false
    },
    {
      "user": "山姆",
      "comments": [
        "美女妳的耳朵好大ㄚ"
      ],
      "language": "Chinese",
      "pure_emoji": false
    },
    {
      "user": "彬",
      "comments": [
        "川宝像极了幼儿园的小朋友😄"
      ],
      "language": "Chinese",
      "pure_emoji": false
    },
    {
      "user": "快乐理🎼由",
      "comments": [
        "你认为自己能比特朗普背后的精英团队聪明"
      ],
      "language": "Chinese",
      "pure_emoji": false
    },
    {
      "user": "文振李",
      "comments": [
        "好👏好"
      ],
      "language": "Chinese",
      "pure_emoji": false
    },
    {
      "user": "昨夜星辰",
      "comments": [
        "你太天真。你都想到了难道特朗普想不到？"
      ],
      "language": "Chinese",
      "pure_emoji": false
    },
    {
      "user": "李過雲",
      "comments": [
        "讚~中國人的精神，永不屈服"
      ],
      "language": "Chinese",
      "pure_emoji": false
    },
    {
      "user": "杨帆起航",
      "comments": [
        "👏👏👏👏👏"
      ],
      "language": "Other",
      "pure_emoji": true
    },
    {
      "user": "爆笑影视",
      "comments": [
        "我觉得特朗普不愧是商人，特朗普给其他国家加税也是他的政策，先加高关税，然后我们反制。他就继续给我们加，然后顺着台阶对其他国家统一降低到10%（所以这个目的已经达到，1000亿美金也是100亿美金的税呀），一开始给其他国家加10%肯定其他国家不同意，但是一开始加高关税再顺着台阶降低到10%大家都能接受了，这招真高！所以我们国内也要有反制手段才行"
      ],
      "language": "Chinese",
      "pure_emoji": false
    },
    {
      "user": "王囯璽",
      "comments": [
        "🥰🥰🥰🥰🥰😂😂😂😂😂😂😂😂😂😂😂😂真實的真相😅😅😅😅😅😅😅😅完全猜對了😅😅😅😅😅😅再來啊！再來_等著你來嚐嚐你種出的（結）果！😅😅😅"
      ],
      "language": "Chinese",
      "pure_emoji": false
    },
    {
      "user": "玫瑰剧场",
      "comments": [
        "恭喜你。欢天喜地"
      ],
      "language": "Chinese",
      "pure_emoji": false
    },
    {
      "user": "申",
      "comments": [
        "是！有道理！"
      ],
      "language": "Chinese",
      "pure_emoji": false
    },
    {
      "user": "秋风扫叶",
      "comments": [
        "呵，他决对你们的习总书记厉害，这个你咋忽悠也忽悠不了外面人。"
      ],
      "language": "Chinese",
      "pure_emoji": false
    },
    {
      "user": "肥蝦",
      "comments": [
        "加油"
      ],
      "language": "Chinese",
      "pure_emoji": false
    },
    {
      "user": "胖橘",
      "comments": [
        "145 了"
      ],
      "language": "Chinese",
      "pure_emoji": false
    },
    {
      "user": "虎",
      "comments": [
        "说少了，145%"
      ],
      "language": "Chinese",
      "pure_emoji": false
    },
    {
      "user": "郭某人",
      "comments": [
        "中國必將勝出；王道無敵！"
      ],
      "language": "Chinese",
      "pure_emoji": false
    },
    {
      "user": "都是金牙",
      "comments": [
        "哈哈哈哈"
      ],
      "language": "Chinese",
      "pure_emoji": false
    },
    {
      "user": "鄭志強456",
      "comments": [
        "那耳朵是真的吗？"
      ],
      "language": "Chinese",
      "pure_emoji": false
    },
    {
      "user": "雪雨漫漫",
      "comments": [
        "有點點幸災樂禍的感覺😁"
      ],
      "language": "Chinese",
      "pure_emoji": false
    },
    {
      "user": "駱丹青",
      "comments": [
        "中國應該叫特狼普直接加征到 10000% 可以申請驚世世界紀錄 並永遠名流青史"
      ],
      "language": "Chinese",
      "pure_emoji": false
    },
    {
      "user": "龙的传人",
      "comments": [
        "永不妥协，奉陪到底，血战到底，中国加油。"
      ],
      "language": "Chinese",
      "pure_emoji": false
    },
    {
      "user": "킬 🥷 러",
      "comments": [
        "🤣🤣🤣🤣"
      ],
      "language": "Other",
      "pure_emoji": true
    }
  ]
}