{
  "video_id": "7494551698237672710",
  "video_url": "https://www.tiktok.com/@muzili052396/video/7494551698237672710",
  "publish_date": null,
  "comment_groups": [
    {
      "user": "9527",
      "comments": [
        "我怎么感觉咱们就是借这个机会跟老美脱钩，以前是不好意思不买他的东西。",
        "我怎么感觉咱们就是借这个机会跟老美脱钩，以前是不好意思不买他的东西。",
        "我怎么感觉咱们就是借这个机会跟老美脱钩，以前是不好意思不买他的东西。",
        "我怎么感觉咱们就是借这个机会跟老美脱钩，以前是不好意思不买他的东西。"
      ],
      "language": "Chinese",
      "pure_emoji": false
    },
    {
      "user": "990099ll",
      "comments": [
        "悄悄地 不告诉别人 删除了吧🤫"
      ],
      "language": "Chinese",
      "pure_emoji": false
    },
    {
      "user": "Ameshitrica",
      "comments": [
        "现在特朗普真的是骑虎难下。身边全部都是穷凶极恶的极端反华分子。个个都把话说死了，有的还正在被中国制裁之中。一旦想找个人帮他跟中国疏通一下缓和一下的人都没有。估计他还得把马斯克给请回来，帮他做一个和事佬。",
        "现在特朗普真的是骑虎难下。身边全部都是穷凶极恶的极端反华分子。个个都把话说死了，有的还正在被中国制裁之中。一旦想找个人帮他跟中国疏通一下缓和一下的人都没有。估计他还得把马斯克给请回来，帮他做一个和事佬。",
        "现在特朗普真的是骑虎难下。身边全部都是穷凶极恶的极端反华分子。个个都把话说死了，有的还正在被中国制裁之中。一旦想找个人帮他跟中国疏通一下缓和一下的人都没有。估计他还得把马斯克给请回来，帮他做一个和事佬。",
        "现在特朗普真的是骑虎难下。身边全部都是穷凶极恶的极端反华分子。个个都把话说死了，有的还正在被中国制裁之中。一旦想找个人帮他跟中国疏通一下缓和一下的人都没有。估计他还得把马斯克给请回来，帮他做一个和事佬。"
      ],
      "language": "Chinese",
      "pure_emoji": false
    },
    {
      "user": "BlitzSS7",
      "comments": [
        "越发觉得特朗普就是中国间谍，第一次上任就China，China到处提，很多老外原来China在哪里都不清楚，后来提到亚洲就是China。第二次上任直接乱搞关税，把美国信用拉低拉爆了，以后谁还敢跟美国合作？制造业就算是中国速度也得5年为一个周期起步，美国4年换一届，投资美国制造业，谁敢赌下一届的政策？就算是再有钱的傻子也不会这样去赌了。越看越觉得他胸前红领巾鲜艳了🤣👍",
        "越发觉得特朗普就是中国间谍，第一次上任就China，China到处提，很多老外原来China在哪里都不清楚，后来提到亚洲就是China。第二次上任直接乱搞关税，把美国信用拉低拉爆了，以后谁还敢跟美国合作？制造业就算是中国速度也得5年为一个周期起步，美国4年换一届，投资美国制造业，谁敢赌下一届的政策？就算是再有钱的傻子也不会这样去赌了。越看越觉得他胸前红领巾鲜艳了🤣👍",
        "越发觉得特朗普就是中国间谍，第一次上任就China，China到处提，很多老外原来China在哪里都不清楚，后来提到亚洲就是China。第二次上任直接乱搞关税，把美国信用拉低拉爆了，以后谁还敢跟美国合作？制造业就算是中国速度也得5年为一个周期起步，美国4年换一届，投资美国制造业，谁敢赌下一届的政策？就算是再有钱的傻子也不会这样去赌了。越看越觉得他胸前红领巾鲜艳了🤣👍",
        "越发觉得特朗普就是中国间谍，第一次上任就China，China到处提，很多老外原来China在哪里都不清楚，后来提到亚洲就是China。第二次上任直接乱搞关税，把美国信用拉低拉爆了，以后谁还敢跟美国合作？制造业就算是中国速度也得5年为一个周期起步，美国4年换一届，投资美国制造业，谁敢赌下一届的政策？就算是再有钱的傻子也不会这样去赌了。越看越觉得他胸前红领巾鲜艳了🤣👍"
      ],
      "language": "Mixed",
      "pure_emoji": false
    },
    {
      "user": "BoBo0235",
      "comments": [
        "不许降",
        "不许降",
        "不许降",
        "不许降"
      ],
      "language": "Chinese",
      "pure_emoji": false
    },
    {
      "user": "Chor Soon",
      "comments": [
        "先拿一兆美元买中国债券才来谈。",
        "先拿一兆美元买中国债券才来谈。",
        "先拿一兆美元买中国债券才来谈。",
        "先拿一兆美元买中国债券才来谈。"
      ],
      "language": "Chinese",
      "pure_emoji": false
    },
    {
      "user": "DamsuiWu",
      "comments": [
        "Trump said that he wanted to make America great again, but it was about to turn into a Great Depression for the United States; He's an exaggerated and narcissistic clown. 🤣🤣🤣",
        "Trump said that he wanted to make America great again, but it was about to turn into a Great Depression for the United States; He's an exaggerated and narcissistic clown. 🤣🤣🤣",
        "Trump said that he wanted to make America great again, but it was about to turn into a Great Depression for the United States; He's an exaggerated and narcissistic clown. 🤣🤣🤣",
        "Trump said that he wanted to make America great again, but it was about to turn into a Great Depression for the United States; He's an exaggerated and narcissistic clown. 🤣🤣🤣"
      ],
      "language": "English",
      "pure_emoji": false
    },
    {
      "user": "Denice",
      "comments": [
        "醒悟得有点迟钝了吧？美国领导炎气十足事就只会压制欺负，没辙就故作和气，他们的话世界上还会有人相信吗？",
        "醒悟得有点迟钝了吧？美国领导炎气十足事就只会压制欺负，没辙就故作和气，他们的话世界上还会有人相信吗？",
        "醒悟得有点迟钝了吧？美国领导炎气十足事就只会压制欺负，没辙就故作和气，他们的话世界上还会有人相信吗？",
        "醒悟得有点迟钝了吧？美国领导炎气十足事就只会压制欺负，没辙就故作和气，他们的话世界上还会有人相信吗？"
      ],
      "language": "Chinese",
      "pure_emoji": false
    },
    {
      "user": "Elegant Arts Gallery(Puchong)",
      "comments": [
        "😳😳😅",
        "😳😳😅",
        "😳😳😅",
        "😳😳😅"
      ],
      "language": "Other",
      "pure_emoji": false
    },
    {
      "user": "Huang Bin",
      "comments": [
        "怎麽說我可以了解看看嗎",
        "怎麽說我可以了解看看嗎"
      ],
      "language": "Chinese",
      "pure_emoji": false
    },
    {
      "user": "Jack Hsieh",
      "comments": [
        "Finally you understand what does the tariff mean",
        "Finally you understand what does the tariff mean",
        "Finally you understand what does the tariff mean",
        "Finally you understand what does the tariff mean"
      ],
      "language": "English",
      "pure_emoji": false
    },
    {
      "user": "Jason Chen",
      "comments": [
        "bullshit",
        "bullshit",
        "bullshit",
        "bullshit"
      ],
      "language": "English",
      "pure_emoji": false
    },
    {
      "user": "KL Tong",
      "comments": [
        "😁😁😁",
        "😁😁😁",
        "😁😁😁",
        "😁😁😁"
      ],
      "language": "Other",
      "pure_emoji": false
    },
    {
      "user": "Ken Au Yeung",
      "comments": [
        "美海關關長可能是世界上最難做的公務員!",
        "美海關關長可能是世界上最難做的公務員!",
        "美海關關長可能是世界上最難做的公務員!",
        "美海關關長可能是世界上最難做的公務員!"
      ],
      "language": "Chinese",
      "pure_emoji": false
    },
    {
      "user": "Mr. Yang",
      "comments": [
        "250的建國😅",
        "250的建國😅",
        "250的建國😅",
        "250的建國😅"
      ],
      "language": "Chinese",
      "pure_emoji": false
    },
    {
      "user": "Panda Liow",
      "comments": [
        "特离谱最爱说的就是：Did I say that? I don't remember I have said that. 😆😆😆",
        "特离谱最爱说的就是：Did I say that? I don't remember I have said that. 😆😆😆",
        "特离谱最爱说的就是：Did I say that? I don't remember I have said that. 😆😆😆",
        "特离谱最爱说的就是：Did I say that? I don't remember I have said that. 😆😆😆"
      ],
      "language": "Mixed",
      "pure_emoji": false
    },
    {
      "user": "Practice love",
      "comments": [
        "Please up to 10086%",
        "Please up to 10086%",
        "Please up to 10086%",
        "Please up to 10086%"
      ],
      "language": "English",
      "pure_emoji": false
    },
    {
      "user": "Waikiki Tcs",
      "comments": [
        "Super u turn 😂",
        "Super u turn 😂",
        "Super u turn 😂",
        "Super u turn 😂"
      ],
      "language": "English",
      "pure_emoji": false
    },
    {
      "user": "Yun Qin",
      "comments": [
        "万众一心，共创未来！",
        "万众一心，共创未来！",
        "万众一心，共创未来！",
        "万众一心，共创未来！"
      ],
      "language": "Chinese",
      "pure_emoji": false
    },
    {
      "user": "Zea",
      "comments": [
        "🤔",
        "🤔",
        "🤔",
        "🤔"
      ],
      "language": "Other",
      "pure_emoji": false
    },
    {
      "user": "Zz",
      "comments": [
        "反复无常真小人",
        "反复无常真小人",
        "反复无常真小人",
        "反复无常真小人"
      ],
      "language": "Chinese",
      "pure_emoji": false
    },
    {
      "user": "aaa",
      "comments": [
        "外交部：隨泥高興我們不在乎😏😏😏😏😏😏",
        "外交部：隨泥高興我們不在乎😏😏😏😏😏😏",
        "外交部：隨泥高興我們不在乎😏😏😏😏😏😏",
        "外交部：隨泥高興我們不在乎😏😏😏😏😏😏"
      ],
      "language": "Chinese",
      "pure_emoji": false
    },
    {
      "user": "chenyukai168",
      "comments": [
        "人鬼都是他，哈哈哈！但是可以肯定的是，中國比起五年前的第一次貿易戰更加強大了！💪",
        "人鬼都是他，哈哈哈！但是可以肯定的是，中國比起五年前的第一次貿易戰更加強大了！💪",
        "人鬼都是他，哈哈哈！但是可以肯定的是，中國比起五年前的第一次貿易戰更加強大了！💪",
        "人鬼都是他，哈哈哈！但是可以肯定的是，中國比起五年前的第一次貿易戰更加強大了！💪"
      ],
      "language": "Chinese",
      "pure_emoji": false
    },
    {
      "user": "doudou8",
      "comments": [
        "聪明"
      ],
      "language": "Chinese",
      "pure_emoji": false
    },
    {
      "user": "dycunjpj8i0y",
      "comments": [
        "不要降啦😏😏😏",
        "不要降啦😏😏😏",
        "不要降啦😏😏😏",
        "不要降啦😏😏😏"
      ],
      "language": "Chinese",
      "pure_emoji": false
    },
    {
      "user": "hpmcpowder",
      "comments": [
        "中国：你自己玩吧，你看我搭理你吗？",
        "中国：你自己玩吧，你看我搭理你吗？",
        "中国：你自己玩吧，你看我搭理你吗？",
        "中国：你自己玩吧，你看我搭理你吗？"
      ],
      "language": "Chinese",
      "pure_emoji": false
    },
    {
      "user": "khyechuen",
      "comments": [
        "中国：妈的我正玩的开心，你现在要扫我的心？",
        "中国：妈的我正玩的开心，你现在要扫我的心？",
        "中国：妈的我正玩的开心，你现在要扫我的心？",
        "中国：妈的我正玩的开心，你现在要扫我的心？"
      ],
      "language": "Chinese",
      "pure_emoji": false
    },
    {
      "user": "kinary007",
      "comments": [
        "做生意都知道，高了没有人买😂老特",
        "做生意都知道，高了没有人买😂老特",
        "做生意都知道，高了没有人买😂老特",
        "做生意都知道，高了没有人买😂老特"
      ],
      "language": "Chinese",
      "pure_emoji": false
    },
    {
      "user": "mykindlepptp",
      "comments": [
        "😆😆😆",
        "😆😆😆",
        "😆😆😆",
        "😆😆😆"
      ],
      "language": "Other",
      "pure_emoji": false
    },
    {
      "user": "raylim79",
      "comments": [
        "五千年文化，要做任何事都必需有个名正言顺的理由。👍"
      ],
      "language": "Chinese",
      "pure_emoji": false
    },
    {
      "user": "user6519612009287",
      "comments": [
        "🥵🥵🥵😂😂😂😂",
        "🥵🥵🥵😂😂😂😂",
        "🥵🥵🥵😂😂😂😂",
        "🥵🥵🥵😂😂😂😂"
      ],
      "language": "Other",
      "pure_emoji": false
    },
    {
      "user": "zhangxingli2022",
      "comments": [
        "加灌水降灌水他都应",
        "加灌水降灌水他都应",
        "加灌水降灌水他都应",
        "加灌水降灌水他都应"
      ],
      "language": "Chinese",
      "pure_emoji": false
    },
    {
      "user": "ㄕㄢㄌㄧㄧㄡㄓㄓㄨ",
      "comments": [
        "了不起..東西不賣妳總可以😂😂😂",
        "了不起..東西不賣妳總可以😂😂😂",
        "了不起..東西不賣妳總可以😂😂😂",
        "了不起..東西不賣妳總可以😂😂😂"
      ],
      "language": "Chinese",
      "pure_emoji": false
    },
    {
      "user": "亨利李",
      "comments": [
        "是誰導演這場戲…在這孤單角色裡🤣🤣🤣",
        "是誰導演這場戲…在這孤單角色裡🤣🤣🤣"
      ],
      "language": "Chinese",
      "pure_emoji": false
    },
    {
      "user": "余煥明",
      "comments": [
        "收割完這些國家，自然就會降",
        "收割完這些國家，自然就會降",
        "收割完這些國家，自然就會降",
        "收割完這些國家，自然就會降"
      ],
      "language": "Chinese",
      "pure_emoji": false
    },
    {
      "user": "北極熊",
      "comments": [
        "🤣🤣🤣",
        "🤣🤣🤣",
        "🤣🤣🤣",
        "🤣🤣🤣"
      ],
      "language": "Other",
      "pure_emoji": false
    },
    {
      "user": "吉田車酷＆吉田哥",
      "comments": [
        "我看近期川普會向每個國家徵收空氣費，所有人吸的空氣都是美國的。 美國長期以來被全世界佔便宜，空氣白白被他國吸。 大家趕緊開始囤空氣吧！",
        "我看近期川普會向每個國家徵收空氣費，所有人吸的空氣都是美國的。 美國長期以來被全世界佔便宜，空氣白白被他國吸。 大家趕緊開始囤空氣吧！",
        "我看近期川普會向每個國家徵收空氣費，所有人吸的空氣都是美國的。 美國長期以來被全世界佔便宜，空氣白白被他國吸。 大家趕緊開始囤空氣吧！",
        "我看近期川普會向每個國家徵收空氣費，所有人吸的空氣都是美國的。 美國長期以來被全世界佔便宜，空氣白白被他國吸。 大家趕緊開始囤空氣吧！"
      ],
      "language": "Chinese",
      "pure_emoji": false
    },
    {
      "user": "大哥大",
      "comments": [
        "不要降,加到500%😁😁😁",
        "不要降,加到500%😁😁😁",
        "不要降,加到500%😁😁😁",
        "不要降,加到500%😁😁😁"
      ],
      "language": "Chinese",
      "pure_emoji": false
    },
    {
      "user": "张先知",
      "comments": [
        "能信！！明天睡醒又忘記了！",
        "能信！！明天睡醒又忘記了！",
        "能信！！明天睡醒又忘記了！",
        "能信！！明天睡醒又忘記了！"
      ],
      "language": "Chinese",
      "pure_emoji": false
    },
    {
      "user": "忠義",
      "comments": [
        "無腦總統",
        "無腦總統",
        "無腦總統",
        "無腦總統"
      ],
      "language": "Chinese",
      "pure_emoji": false
    },
    {
      "user": "搬砖 日入上万 了解入口：3399k.cc",
      "comments": [
        "driven",
        "ambitious"
      ],
      "language": "English",
      "pure_emoji": false
    },
    {
      "user": "星辰大海",
      "comments": [
        "自玩自爽就好董王😂😂😂,祝你身体健康🤣🤣🤣",
        "自玩自爽就好董王😂😂😂,祝你身体健康🤣🤣🤣",
        "自玩自爽就好董王😂😂😂,祝你身体健康🤣🤣🤣",
        "自玩自爽就好董王😂😂😂,祝你身体健康🤣🤣🤣"
      ],
      "language": "Chinese",
      "pure_emoji": false
    },
    {
      "user": "林醒余",
      "comments": [
        "@家家酒",
        "@家家酒",
        "@家家酒",
        "@家家酒"
      ],
      "language": "Chinese",
      "pure_emoji": false
    },
    {
      "user": "疾風",
      "comments": [
        "賣老美便宜就是頃銷賣貴就是壟斷",
        "賣老美便宜就是頃銷賣貴就是壟斷",
        "賣老美便宜就是頃銷賣貴就是壟斷",
        "賣老美便宜就是頃銷賣貴就是壟斷"
      ],
      "language": "Chinese",
      "pure_emoji": false
    },
    {
      "user": "袁宏文",
      "comments": [
        "超你妈的再加码，这么快就不加玩的不够过瘾",
        "超你妈的再加码，这么快就不加玩的不够过瘾",
        "超你妈的再加码，这么快就不加玩的不够过瘾",
        "超你妈的再加码，这么快就不加玩的不够过瘾"
      ],
      "language": "Chinese",
      "pure_emoji": false
    },
    {
      "user": "阿維",
      "comments": [
        "找不到藉口取消美國牛肉 大豆 飛機 川普給的機會 謝謝你9527🥰",
        "找不到藉口取消美國牛肉 大豆 飛機 川普給的機會 謝謝你9527🥰",
        "找不到藉口取消美國牛肉 大豆 飛機 川普給的機會 謝謝你9527🥰",
        "找不到藉口取消美國牛肉 大豆 飛機 川普給的機會 謝謝你9527🥰"
      ],
      "language": "Chinese",
      "pure_emoji": false
    },
    {
      "user": "陈毅忠",
      "comments": [
        "上周他朋友抄底美股，下周出货😂",
        "上周他朋友抄底美股，下周出货😂",
        "上周他朋友抄底美股，下周出货😂",
        "上周他朋友抄底美股，下周出货😂"
      ],
      "language": "Chinese",
      "pure_emoji": false
    }
  ]
}