{
  "video_id": "7493790378760441118",
  "video_url": "https://www.tiktok.com/@fox.la/video/7493790378760441118",
  "publish_date": null,
  "comment_groups": [
    {
      "user": ".                            ?",
      "comments": [
        "I feel like the scammers with fake tiktok accounts will take advantage of this situation and pretend they selling stuff from China, so be careful"
      ],
      "language": "English",
      "pure_emoji": false
    },
    {
      "user": ":0",
      "comments": [
        "🥰🥰🥰"
      ],
      "language": "Other",
      "pure_emoji": true
    },
    {
      "user": "<3",
      "comments": [
        NaN
      ],
      "language": "English",
      "pure_emoji": false
    },
    {
      "user": "AnaAlva",
      "comments": [
        "Same 😉"
      ],
      "language": "English",
      "pure_emoji": false
    },
    {
      "user": "Angeli",
      "comments": [
        "That's why I'm not into luxury brands."
      ],
      "language": "English",
      "pure_emoji": false
    },
    {
      "user": "Apex A-Lex",
      "comments": [
        "😂😂😂"
      ],
      "language": "Other",
      "pure_emoji": true
    },
    {
      "user": "BJP Ceramics",
      "comments": [
        "😍😍😍"
      ],
      "language": "Other",
      "pure_emoji": true
    },
    {
      "user": "BRAY",
      "comments": [
        "😁😁😁"
      ],
      "language": "Other",
      "pure_emoji": true
    },
    {
      "user": "Balrog Billabong",
      "comments": [
        "Good thing I always shop at Goodwill and only buy from the clearance rack"
      ],
      "language": "English",
      "pure_emoji": false
    },
    {
      "user": "Ben.lephotography",
      "comments": [
        "💯💯💯"
      ],
      "language": "Other",
      "pure_emoji": true
    },
    {
      "user": "Brian Sonntag",
      "comments": [
        "I love how they had the guy say it could be counterfeit followed by yo i went there and got this for cheap!!"
      ],
      "language": "English",
      "pure_emoji": false
    },
    {
      "user": "Buddha47",
      "comments": [
        "😂😂😂"
      ],
      "language": "Other",
      "pure_emoji": true
    },
    {
      "user": "Carey Joshua",
      "comments": [
        "I don’t believe that guy talking about don’t trust them 😏"
      ],
      "language": "English",
      "pure_emoji": false
    },
    {
      "user": "Cxyber..cc",
      "comments": [
        "Sybau"
      ],
      "language": "English",
      "pure_emoji": false
    },
    {
      "user": "Dan Theman",
      "comments": [
        "I really trust them!!! 😂"
      ],
      "language": "English",
      "pure_emoji": false
    },
    {
      "user": "David",
      "comments": [
        "If you didn't already know this. you have been living under a rock. It's been a saying for the longest time. You pay for the name."
      ],
      "language": "English",
      "pure_emoji": false
    },
    {
      "user": "Dedrea lewis",
      "comments": [
        "🤣"
      ],
      "language": "Other",
      "pure_emoji": true
    },
    {
      "user": "DoryDooBerry",
      "comments": [
        "😂"
      ],
      "language": "Other",
      "pure_emoji": true
    },
    {
      "user": "Elizabeth",
      "comments": [
        "Wow, this really puts things into perspective about where our luxury items actually come from. No wonder the prices are so high!"
      ],
      "language": "English",
      "pure_emoji": false
    },
    {
      "user": "Emily K.",
      "comments": [
        "Idc if it looks real I’ll buy it, beats spending 1000s of dollars"
      ],
      "language": "English",
      "pure_emoji": false
    },
    {
      "user": "Freedom Of Speech",
      "comments": [
        "Maga hat is made in China"
      ],
      "language": "English",
      "pure_emoji": false
    },
    {
      "user": "Fuwd",
      "comments": [
        "I agree, counterfeit"
      ],
      "language": "English",
      "pure_emoji": false
    },
    {
      "user": "GenXBratt5726",
      "comments": [
        "China doesn’t even make quality stuff you buy it. It turns around and breaks. Just forget about buying from China and start buying American made. That’s the way it should be anyways quit buying China"
      ],
      "language": "English",
      "pure_emoji": false
    },
    {
      "user": "Geronimo",
      "comments": [
        "🥰"
      ],
      "language": "Other",
      "pure_emoji": true
    },
    {
      "user": "GlitchedSaint",
      "comments": [
        "Cool. Still taking the “risk”"
      ],
      "language": "English",
      "pure_emoji": false
    },
    {
      "user": "Grumpy Care Bear 💛🐝👼🏼",
      "comments": [
        "oh no, let me shed a tear."
      ],
      "language": "English",
      "pure_emoji": false
    },
    {
      "user": "IWANNA YANNA",
      "comments": [
        "bring down corporate"
      ],
      "language": "English",
      "pure_emoji": false
    },
    {
      "user": "Janet Gonzalez",
      "comments": [
        "Watch out your cards, in America you still can claim by returning the package or complain, By Chinese your money in the cards will be gone.. where you gonna complain?? Be careful!!"
      ],
      "language": "English",
      "pure_emoji": false
    },
    {
      "user": "Jazmin Hernandez",
      "comments": [
        "🥰🥰🥰"
      ],
      "language": "Other",
      "pure_emoji": true
    },
    {
      "user": "Jester",
      "comments": [
        "Most luxury brands are Europe based. Why would China expose companies of countries they're trying to ally with?"
      ],
      "language": "English",
      "pure_emoji": false
    },
    {
      "user": "Jettsetgirl",
      "comments": [
        "I’ll wear Roo Roo Lime 🍋‍🟩 🤣 I don’t care sign me up"
      ],
      "language": "English",
      "pure_emoji": false
    },
    {
      "user": "Just B",
      "comments": [
        NaN
      ],
      "language": "English",
      "pure_emoji": false
    },
    {
      "user": "Kim",
      "comments": [
        "🥰"
      ],
      "language": "Other",
      "pure_emoji": true
    },
    {
      "user": "Kristin Heather",
      "comments": [
        "🤣"
      ],
      "language": "Other",
      "pure_emoji": true
    },
    {
      "user": "Lady Blaze",
      "comments": [
        "everything is buyer beware even with the big brands so wts the difference"
      ],
      "language": "English",
      "pure_emoji": false
    },
    {
      "user": "Liseberthe Carmille",
      "comments": [
        NaN
      ],
      "language": "English",
      "pure_emoji": false
    },
    {
      "user": "Louis Vejmola",
      "comments": [
        "We’ve always known this… you couldve always done this. You think people with REAL money that is the actual target market for luxury brands care where its made?"
      ],
      "language": "English",
      "pure_emoji": false
    },
    {
      "user": "MadeInUSA",
      "comments": [
        "Only at TikTok!🤟"
      ],
      "language": "English",
      "pure_emoji": false
    },
    {
      "user": "Madison",
      "comments": [
        "👏👏👏"
      ],
      "language": "Other",
      "pure_emoji": true
    },
    {
      "user": "Marie-Ange Sené",
      "comments": [
        "The risk? What risk? A purse… please"
      ],
      "language": "English",
      "pure_emoji": false
    },
    {
      "user": "Melissa Palmer",
      "comments": [
        "Glad I don't buy these bags."
      ],
      "language": "English",
      "pure_emoji": false
    },
    {
      "user": "Mike68",
      "comments": [
        "😁"
      ],
      "language": "Other",
      "pure_emoji": true
    },
    {
      "user": "Millennial Mommy07",
      "comments": [
        "The risk of buying stuff .. that seems very aggressive"
      ],
      "language": "English",
      "pure_emoji": false
    },
    {
      "user": "Missbecccckyyyyy",
      "comments": [
        "Where can I get the $6 lulu leggings?"
      ],
      "language": "English",
      "pure_emoji": false
    },
    {
      "user": "Mix.Master.Tony",
      "comments": [
        "A lot of people here in the US have always bought designer because of the label. Most don’t care about the logistics of it, it’s used and bought as an ego boost."
      ],
      "language": "English",
      "pure_emoji": false
    },
    {
      "user": "Mr Nobody",
      "comments": [
        "I know the people that’s selling the actual knockoff are enjoying this right now 😭 because yall gonna fall for everything lmaoo"
      ],
      "language": "English",
      "pure_emoji": false
    },
    {
      "user": "Mr. GG",
      "comments": [
        "LOVE IT !!!"
      ],
      "language": "English",
      "pure_emoji": false
    },
    {
      "user": "MsM",
      "comments": [
        "Wow thank you China👏🏽"
      ],
      "language": "English",
      "pure_emoji": false
    },
    {
      "user": "Nancy Barbosa",
      "comments": [
        "💯"
      ],
      "language": "Other",
      "pure_emoji": true
    },
    {
      "user": "Nightshade",
      "comments": [
        "Even if you were able to buy the stuff directly from China, how is it gonna get shipped over here? They’re not accepting any ships from China with containers on them. The ports are closed to China."
      ],
      "language": "English",
      "pure_emoji": false
    },
    {
      "user": "Ninging",
      "comments": [
        "Trust me, although it looks just like authentic luxury bag. Fake is fake.Those fake bags quality are not good!!!! Not even close!"
      ],
      "language": "English",
      "pure_emoji": false
    },
    {
      "user": "Noya Plays",
      "comments": [
        "❤"
      ],
      "language": "Other",
      "pure_emoji": false
    },
    {
      "user": "Phillip Johnson",
      "comments": [
        "🥰🥰🥰"
      ],
      "language": "Other",
      "pure_emoji": true
    },
    {
      "user": "Raul Farias",
      "comments": [
        "“They claim?” 🤦🏻‍♂️that’s how it is 🤦🏻‍♂️"
      ],
      "language": "English",
      "pure_emoji": false
    },
    {
      "user": "Reree",
      "comments": [
        "❤️❤️❤️"
      ],
      "language": "Other",
      "pure_emoji": true
    },
    {
      "user": "Saspa",
      "comments": [
        "luxury brands were always over priced anyway and most the times worst quality. idk why people dont wake up and notice this."
      ],
      "language": "English",
      "pure_emoji": false
    },
    {
      "user": "ShftyTD",
      "comments": [
        "this has been plotted for years. you either pay taxes or pay tariffs. we gotta dig ourselves out somehow. people are gonna take the easy way and buy direct."
      ],
      "language": "English",
      "pure_emoji": false
    },
    {
      "user": "Stephanie Ervin226",
      "comments": [
        "🤔"
      ],
      "language": "Other",
      "pure_emoji": true
    },
    {
      "user": "Susporiea",
      "comments": [
        "Blame whoever you want but ask yourself why you idolize brands that are ridiculously expensive."
      ],
      "language": "English",
      "pure_emoji": false
    },
    {
      "user": "Taijai Thomas",
      "comments": [
        "Our President is a risk!! So now what…"
      ],
      "language": "English",
      "pure_emoji": false
    },
    {
      "user": "TroubledPisces",
      "comments": [
        "I already knew this"
      ],
      "language": "English",
      "pure_emoji": false
    },
    {
      "user": "Veronica",
      "comments": [
        "I bought a leather jacket in Florence Italy in 1998 for $250 US dollar. If I would have bought it in the US it would have paid $10k for the same jacket."
      ],
      "language": "English",
      "pure_emoji": false
    },
    {
      "user": "Wolverine_return",
      "comments": [
        "the government is counterfeit!"
      ],
      "language": "English",
      "pure_emoji": false
    },
    {
      "user": "amorcita.444",
      "comments": [
        "Ppl didn’t know this?"
      ],
      "language": "English",
      "pure_emoji": false
    },
    {
      "user": "arlenecmorrissey86",
      "comments": [
        "Who doesn't know that virtually everything is made in China, even the high-end stuff? And that you're only paying for the name?"
      ],
      "language": "English",
      "pure_emoji": false
    },
    {
      "user": "cabbylion",
      "comments": [
        "hey there’s 8 year olds in india making them too"
      ],
      "language": "English",
      "pure_emoji": false
    },
    {
      "user": "carmenlarson947",
      "comments": [
        "Seems to me like China a little bit pissed off at us. I truly hope we don’t take the bait and buy the junk."
      ],
      "language": "English",
      "pure_emoji": false
    },
    {
      "user": "cece™️",
      "comments": [
        "theyre going to get tiktok banned again"
      ],
      "language": "English",
      "pure_emoji": false
    },
    {
      "user": "ceciliasmith743",
      "comments": [
        "🙏🙏🙏🙏🙏🙏🙏🙏"
      ],
      "language": "Other",
      "pure_emoji": true
    },
    {
      "user": "coco",
      "comments": [
        "no no no they real !! when does France have factors ??"
      ],
      "language": "English",
      "pure_emoji": false
    },
    {
      "user": "dnroary",
      "comments": [
        "🤣🤣🤣"
      ],
      "language": "Other",
      "pure_emoji": true
    },
    {
      "user": "ebonybryant20",
      "comments": [
        "🤣🤣🤣"
      ],
      "language": "Other",
      "pure_emoji": true
    },
    {
      "user": "fsl220",
      "comments": [
        "I don’t care if these company brands are going down as far as I pay $6 instead of $100."
      ],
      "language": "English",
      "pure_emoji": false
    },
    {
      "user": "gealltanas",
      "comments": [
        "How about food consumption"
      ],
      "language": "English",
      "pure_emoji": false
    },
    {
      "user": "goodgirlyana",
      "comments": [
        "🤣🤣🤣🤣🤣"
      ],
      "language": "Other",
      "pure_emoji": true
    },
    {
      "user": "kaitotundra",
      "comments": [
        "Knock off 😂 yea tell them luxury brand showing they factory that all we need"
      ],
      "language": "English",
      "pure_emoji": false
    },
    {
      "user": "kelseyleigh715",
      "comments": [
        "😂😂😂"
      ],
      "language": "Other",
      "pure_emoji": true
    },
    {
      "user": "lazycupcake20",
      "comments": [
        "you paying for the brand not the actual bag"
      ],
      "language": "English",
      "pure_emoji": false
    },
    {
      "user": "lisacarr181",
      "comments": [
        "😂😂😂"
      ],
      "language": "Other",
      "pure_emoji": true
    },
    {
      "user": "marianelaaranzay",
      "comments": [
        "😂"
      ],
      "language": "Other",
      "pure_emoji": true
    },
    {
      "user": "mrnobody",
      "comments": [
        "like the professor said \"it could be counterfeit\" you know what that mean mostly truth and some might use chance to promote fake product every word os confession"
      ],
      "language": "English",
      "pure_emoji": false
    },
    {
      "user": "nette.nelly",
      "comments": [
        "My shaylaaaa😭aaaa"
      ],
      "language": "English",
      "pure_emoji": false
    },
    {
      "user": "pippajojo",
      "comments": [
        "They should show all the MAGA crap!"
      ],
      "language": "English",
      "pure_emoji": false
    },
    {
      "user": "sab",
      "comments": [
        "this is why i buy from canal street😊😊😊"
      ],
      "language": "English",
      "pure_emoji": false
    },
    {
      "user": "slayyyy sl😩😩😩h",
      "comments": [
        "🔥"
      ],
      "language": "Other",
      "pure_emoji": true
    },
    {
      "user": "sophiaxgb USA",
      "comments": [
        "✌️✌️✌️"
      ],
      "language": "Other",
      "pure_emoji": true
    },
    {
      "user": "tiffany.bell",
      "comments": [
        "😁😁😁"
      ],
      "language": "Other",
      "pure_emoji": true
    },
    {
      "user": "tray 𖣂",
      "comments": [
        "💀💀💀"
      ],
      "language": "Other",
      "pure_emoji": true
    },
    {
      "user": "user18715493688213",
      "comments": [
        "😂😂😂"
      ],
      "language": "Other",
      "pure_emoji": true
    },
    {
      "user": "user3211250315921",
      "comments": [
        "😁😁😁"
      ],
      "language": "Other",
      "pure_emoji": true
    },
    {
      "user": "user478739992856",
      "comments": [
        "♥️♥️♥️"
      ],
      "language": "Other",
      "pure_emoji": true
    },
    {
      "user": "vilmapaz825",
      "comments": [
        "❤️"
      ],
      "language": "Other",
      "pure_emoji": true
    },
    {
      "user": "🦇",
      "comments": [
        "I swear how do people not know about this... it's been known for years"
      ],
      "language": "English",
      "pure_emoji": false
    }
  ]
}