{
  "video_id": "7494681238972665095",
  "video_url": "https://www.tiktok.com/@vtvcab.kinhdoanh/video/7494681238972665095",
  "publish_date": null,
  "comment_groups": [
    {
      "user": "AnhTai sport",
      "comments": [
        "thế giới đã quay xe vs trum tưởng trum tn hoá ra chỉ đk cái mồm"
      ],
      "language": "English",
      "pure_emoji": false
    },
    {
      "user": "Báo Nhà Huy",
      "comments": [
        "chơi không thắng thì chơi lại à trump , a tập k phải dể đùa nha"
      ],
      "language": "English",
      "pure_emoji": false
    },
    {
      "user": "Cát Tường",
      "comments": [
        "trump chỉ hơn tập ở chỗ nước mỹ đã mạnh sẵn hơn tq,chứ nói về chính trị thì còn thua xa tập lắm"
      ],
      "language": "English",
      "pure_emoji": false
    },
    {
      "user": "Danh Tran",
      "comments": [
        "Dân mỹ k có hàng tq giá rẻ thì biểu tình là cái chắc"
      ],
      "language": "English",
      "pure_emoji": false
    },
    {
      "user": "Duc Chill",
      "comments": [
        "như một trò hề"
      ],
      "language": "English",
      "pure_emoji": false
    },
    {
      "user": "February.18",
      "comments": [
        "Doanh nhân thì làm gì có tuổi đấu với hoàng đế 😁 nực cười"
      ],
      "language": "English",
      "pure_emoji": false
    },
    {
      "user": "GHÉP  ĐÔI",
      "comments": [
        "Mõm . Tưởng tăng thuế là ngon ăn lắm"
      ],
      "language": "English",
      "pure_emoji": false
    },
    {
      "user": "Gaonep67",
      "comments": [
        "Nước Mỹ đang làm giàu thêm số tiền trong ngân hàng của ông"
      ],
      "language": "English",
      "pure_emoji": false
    },
    {
      "user": "Gia Linh kisd",
      "comments": [
        "Ba cái thành phần doanh nhân đòi đấu với đế vương. Chán hẳn"
      ],
      "language": "English",
      "pure_emoji": false
    },
    {
      "user": "HoanG✔️",
      "comments": [
        "Mục đích của trum là phá hủy nước mỹ🤣"
      ],
      "language": "English",
      "pure_emoji": false
    },
    {
      "user": "Kiếm Khách9999",
      "comments": [
        "bị phản đòn, hồi mã thương. giờ phải đi năn nỉ tq thương lượng để mọi thứ trở lại bt. giờ mặt xanh lè xanh lét rồi. tối ngủ nom nóp sợ tụi tài phiệt nó làm ẩu như vụ Kennedy."
      ],
      "language": "English",
      "pure_emoji": false
    },
    {
      "user": "Minh trần",
      "comments": [
        "càng tăng thuế mình thấy càng vô nghĩa 😂 hù nhau là 9 tăng trên 50%là ko ai xuất khẩu nữa rồi"
      ],
      "language": "English",
      "pure_emoji": false
    },
    {
      "user": "NTN",
      "comments": [
        "Trump là doanh nhân mà, ổng thao tung thị trường thôi,"
      ],
      "language": "English",
      "pure_emoji": false
    },
    {
      "user": "Nam Nguyen Ngoc",
      "comments": [
        "TQ trả lời: Không quan tâm!"
      ],
      "language": "English",
      "pure_emoji": false
    },
    {
      "user": "Oriole",
      "comments": [
        "có khi nào ổng đang trả thù cho nước Đức ko dị 😈"
      ],
      "language": "English",
      "pure_emoji": false
    },
    {
      "user": "PHƯƠNG 🌴🌴🌴🌴",
      "comments": [
        "Bạn sợ rồi sao 🤭🤭"
      ],
      "language": "English",
      "pure_emoji": false
    },
    {
      "user": "Payback Time",
      "comments": [
        "Bị TQ cấm xuất khẩu đất hiếm nên hạ giọng ý mà, ko có đất hiếm Mỹ là con đại bàng mất móng vuốc vì ko sản xuất dc vũ khí hiện đại 😂😂😂"
      ],
      "language": "English",
      "pure_emoji": false
    },
    {
      "user": "Pham Thien Phuc",
      "comments": [
        "Cầu hoà hả"
      ],
      "language": "English",
      "pure_emoji": false
    },
    {
      "user": "Quán trọ ko tên",
      "comments": [
        "vậy là hạ giá dữ chưa"
      ],
      "language": "English",
      "pure_emoji": false
    },
    {
      "user": "RealS",
      "comments": [
        "Sau đợt này uy tín của Mỹ bị giảm sút 🤣"
      ],
      "language": "English",
      "pure_emoji": false
    },
    {
      "user": "Ròm",
      "comments": [
        "tính ăn vạ ... ai ngờ Trung Quốc phòng thủ có kinh nghiệm sau nhiệm kì đầu của trump rồi 🤣"
      ],
      "language": "English",
      "pure_emoji": false
    },
    {
      "user": "Shinguyen",
      "comments": [
        "Vậy là mõm à."
      ],
      "language": "English",
      "pure_emoji": false
    },
    {
      "user": "TIN💤",
      "comments": [
        "Ơ kìa 😂😂😂"
      ],
      "language": "English",
      "pure_emoji": false
    },
    {
      "user": "TIỆN LỢI 5.0",
      "comments": [
        "nếu thực sự vậy uy tín TG mèo = 0 🤣🤣🤣"
      ],
      "language": "English",
      "pure_emoji": false
    },
    {
      "user": "Thybe97",
      "comments": [
        "Support ngài Trump 👏"
      ],
      "language": "English",
      "pure_emoji": false
    },
    {
      "user": "Thú Vị Của Cuộc Sống 🇻🇳",
      "comments": [
        "hài"
      ],
      "language": "English",
      "pure_emoji": false
    },
    {
      "user": "Trung Đua2k 🐉",
      "comments": [
        "Không cho hạ đấy"
      ],
      "language": "English",
      "pure_emoji": false
    },
    {
      "user": "Trần Quân",
      "comments": [
        "Điệp viên KGB đó"
      ],
      "language": "English",
      "pure_emoji": false
    },
    {
      "user": "Tuấn Trần",
      "comments": [
        "mất uy tín rồi..kiểu hăm doạ áp đặt kô đc thì làm lành thân thiện lại"
      ],
      "language": "English",
      "pure_emoji": false
    },
    {
      "user": "Tuấn lo được",
      "comments": [
        "Trung Quốc",
        "Mỹ giống như đứa trẻ giận dỗi"
      ],
      "language": "English",
      "pure_emoji": false
    },
    {
      "user": "Tân",
      "comments": [
        "Xã Hội Chủ Nghĩa đã chuẩn bị cho ngày này từ rất lâu rồi :)) tới là đón"
      ],
      "language": "English",
      "pure_emoji": false
    },
    {
      "user": "VÕ THIỆN",
      "comments": [
        "Điều hành chính phủ theo kiểu doanh nghiệp. Haizz"
      ],
      "language": "English",
      "pure_emoji": false
    },
    {
      "user": "Văn Nam",
      "comments": [
        "Vẫn giọng hơn người lắm, cứ nghĩ muốn hoà là hoà dc ý"
      ],
      "language": "English",
      "pure_emoji": false
    },
    {
      "user": "Văn Quân",
      "comments": [
        "Các bn phải hiểu. Dân Trung Quốc họ có thể chịu đựng được nhưng dân Mỹ thì k. Họ mà khó là họ lật tổng thống như chơi."
      ],
      "language": "English",
      "pure_emoji": false
    },
    {
      "user": "Văn Văn",
      "comments": [
        "thứ 2 mở phát là phải short vàng ngay"
      ],
      "language": "English",
      "pure_emoji": false
    },
    {
      "user": "ahihi",
      "comments": [
        "h trung quốc nó cấm lun mỹ mày có xun nc t cũng cấm lại hờn ko chơi nữa lun😂"
      ],
      "language": "English",
      "pure_emoji": false
    },
    {
      "user": "mtuong9",
      "comments": [
        "Thế là huề cả làng. Thao túng thị trường xong cả nhà hắn bắt đáy rồi phút cuối quay xe thị trường lại xanh mướt.😂"
      ],
      "language": "English",
      "pure_emoji": false
    },
    {
      "user": "nhạt",
      "comments": [
        "Tổng thống mỹ mà như mấy bà bán cá ngoài chợ. khi tăng khi giảm"
      ],
      "language": "English",
      "pure_emoji": false
    },
    {
      "user": "thanhlen62",
      "comments": [
        "Đồng usd đang mất giá mạnh cứ tiếp tục ngôi vương sẽ lung lai",
        "Nai còn 24,89 so với vnd"
      ],
      "language": "English",
      "pure_emoji": false
    },
    {
      "user": "uxv",
      "comments": [
        "Qua tạo mới bán 100 đô đc 2tr6"
      ],
      "language": "English",
      "pure_emoji": false
    },
    {
      "user": "Út Anh",
      "comments": [
        "như trẻ con ấy"
      ],
      "language": "English",
      "pure_emoji": false
    },
    {
      "user": "Đi Shanghai thì đổi tên",
      "comments": [
        "Ông làm việc khác gì thao túng thị trường😅 cứ xoay như chong chóng"
      ],
      "language": "English",
      "pure_emoji": false
    },
    {
      "user": "Đạt",
      "comments": [
        "nghi ngờ 1 vụ thao túng thị trường chứng khoán rồi😂"
      ],
      "language": "English",
      "pure_emoji": false
    },
    {
      "user": "Շђ๏г716",
      "comments": [
        "Ông là một đứa trẻ không chịu lớn 😁"
      ],
      "language": "English",
      "pure_emoji": false
    }
  ]
}