{
  "video_id": "7495414284059495711",
  "video_url": "https://www.tiktok.com/@nickburton007/video/7495414284059495711",
  "publish_date": null,
  "comment_groups": [
    {
      "user": "80s_Kid",
      "comments": [
        "Wanna site your source for this information?"
      ],
      "language": "English",
      "pure_emoji": false
    },
    {
      "user": "AJ🧿🪬",
      "comments": [
        "Fake news! You guys are so desperate! Face it! He is ruining this country and we are sitting back supporting all the other countries he has tried to screw and we are rooting for them!"
      ],
      "language": "English",
      "pure_emoji": false
    },
    {
      "user": "Be yourself",
      "comments": [
        "Go watch Mr Global response to your post! You might learn something! You’re the one who blinked! 💅"
      ],
      "language": "English",
      "pure_emoji": false
    },
    {
      "user": "Chrysanthemum Rose",
      "comments": [
        "good luck to your normal life. try reading about what happened in Germany in the 1940s to see how this type of behavior turns out"
      ],
      "language": "English",
      "pure_emoji": false
    },
    {
      "user": "Dave",
      "comments": [
        "😂😂😂😂What they pulled the Boeing contracts they stopped buying LNG from us along with oil. Yeah not seeing the blinking part bro. 😂😂😂"
      ],
      "language": "English",
      "pure_emoji": false
    },
    {
      "user": "DroppinFacts100",
      "comments": [
        "Complete BS. This did not happen !!"
      ],
      "language": "English",
      "pure_emoji": false
    },
    {
      "user": "Jon Davis",
      "comments": [
        "You couldn’t be more incorrect if you tried. Do better!"
      ],
      "language": "English",
      "pure_emoji": false
    },
    {
      "user": "Kenny",
      "comments": [
        "Source: trust me bro"
      ],
      "language": "English",
      "pure_emoji": false
    },
    {
      "user": "Lora1357975",
      "comments": [
        "China didn’t blink. It’s rolling its eyes at us. So is everyone else. The world is laughing at Trump and moving on. Open your eyes."
      ],
      "language": "English",
      "pure_emoji": false
    },
    {
      "user": "Marvelous",
      "comments": [
        "MAGAs just can't help themselves from lying and spreading misinformation. It's innate."
      ],
      "language": "English",
      "pure_emoji": false
    },
    {
      "user": "Michelle Ingram Wats",
      "comments": [
        "Tell me again that Tariffs is wrong and unjust... Im waiting."
      ],
      "language": "English",
      "pure_emoji": false
    },
    {
      "user": "MrMakeithappen324",
      "comments": [
        "💪💪💪"
      ],
      "language": "Other",
      "pure_emoji": true
    },
    {
      "user": "MrSomeone",
      "comments": [
        "245 out of 1000 or smt😭"
      ],
      "language": "English",
      "pure_emoji": false
    },
    {
      "user": "Nikki Beebe",
      "comments": [
        "😂 do you even do research or do you just spout bullshit"
      ],
      "language": "English",
      "pure_emoji": false
    },
    {
      "user": "Puddlejumper",
      "comments": [
        "How embarrassing to have this take away and then post it publicly"
      ],
      "language": "English",
      "pure_emoji": false
    },
    {
      "user": "RickyG",
      "comments": [
        "Source?"
      ],
      "language": "English",
      "pure_emoji": false
    },
    {
      "user": "Russell Crawley",
      "comments": [
        "👍🏿"
      ],
      "language": "Other",
      "pure_emoji": true
    },
    {
      "user": "Save Our Republic",
      "comments": [
        "The Industrial Revolution changed everything - mostly in the worst ways possible."
      ],
      "language": "English",
      "pure_emoji": false
    },
    {
      "user": "Tammie",
      "comments": [
        "Boy , are you wrong ! 🤦‍♀️"
      ],
      "language": "English",
      "pure_emoji": false
    },
    {
      "user": "Uncle Max",
      "comments": [
        "lie"
      ],
      "language": "English",
      "pure_emoji": false
    },
    {
      "user": "_Daniel_",
      "comments": [
        "STHU U DNT KNW WHAT YOUR TKLN ABT"
      ],
      "language": "English",
      "pure_emoji": false
    },
    {
      "user": "alejandro",
      "comments": [
        "China didn’t blink",
        "The US blinked lol"
      ],
      "language": "English",
      "pure_emoji": false
    },
    {
      "user": "deusEXmaChynna",
      "comments": [
        "source?"
      ],
      "language": "English",
      "pure_emoji": false
    },
    {
      "user": "eyespy11",
      "comments": [
        "Total BS. Where do you get you information from? This is a crock of 💩 and you’re either ignorant or a liar."
      ],
      "language": "English",
      "pure_emoji": false
    },
    {
      "user": "got it get it good 7171",
      "comments": [
        "Lmao😂🤣😅. Wrong. False info! Geez, if you would put more effort into researching facts than spreading false info."
      ],
      "language": "English",
      "pure_emoji": false
    },
    {
      "user": "grumpypapa",
      "comments": [
        "You really have no idea what you’re talking about 🤷🏻‍♂️"
      ],
      "language": "English",
      "pure_emoji": false
    },
    {
      "user": "hai.im.kai",
      "comments": [
        "This is a lie. A blatant one too."
      ],
      "language": "English",
      "pure_emoji": false
    },
    {
      "user": "jloswa",
      "comments": [
        "Stop embarrassing yourself"
      ],
      "language": "English",
      "pure_emoji": false
    },
    {
      "user": "lost in Translation",
      "comments": [
        "why lie?"
      ],
      "language": "English",
      "pure_emoji": false
    },
    {
      "user": "mexiketo_cooks👉🏼🇲🇽🇺🇸",
      "comments": [
        "On what phone? Was it Chinese made? They never called man! They just said “China will retaliate against countries who back the 🇺🇸!” WTH are u talking about?🤔🤔🤔🤦🏻‍♂️🤦🏻‍♂️🤦🏻‍♂️"
      ],
      "language": "English",
      "pure_emoji": false
    },
    {
      "user": "proudcan73",
      "comments": [
        "Is this satire????"
      ],
      "language": "English",
      "pure_emoji": false
    },
    {
      "user": "ryehyde",
      "comments": [
        "You’re still gonna bend that knee eh? You should be embarrassed"
      ],
      "language": "English",
      "pure_emoji": false
    },
    {
      "user": "sleeps83",
      "comments": [
        "😂😂😂😂😂🤣🤣🤣"
      ],
      "language": "Other",
      "pure_emoji": true
    },
    {
      "user": "square bus",
      "comments": [
        "delusional"
      ],
      "language": "English",
      "pure_emoji": false
    },
    {
      "user": "suzie2218",
      "comments": [
        "You are absolutely wrong!! China did not blink."
      ],
      "language": "English",
      "pure_emoji": false
    },
    {
      "user": "user57971785904552",
      "comments": [
        "😂😂😂😂😂LIES. POOR THING😂😂😂😂"
      ],
      "language": "English",
      "pure_emoji": false
    },
    {
      "user": "user736474931515",
      "comments": [
        "You sure buddy or did you just wake up and make up what happened in your dreams? Source it my man."
      ],
      "language": "English",
      "pure_emoji": false
    },
    {
      "user": "willie",
      "comments": [
        "And Democrats say this is a bad thing why💯💯💯"
      ],
      "language": "English",
      "pure_emoji": false
    },
    {
      "user": "✞ŘËÐBĖĀŘĎ30✞ · 创作者",
      "comments": [
        "This is a wonderful thing👍👍👍👍👍",
        "💯💯💯💯🎯🎯🎯🎯🇺🇸🇺🇸🇺🇸🇺🇸🇺🇸🇺🇸"
      ],
      "language": "English",
      "pure_emoji": false
    },
    {
      "user": "💙Deuces Wild 💙",
      "comments": [
        "Lmfao! The USA blinked! They contacted all those countries to set up trade alliances. You keep living in la la land!"
      ],
      "language": "English",
      "pure_emoji": false
    }
  ]
}