{
  "video_id": "7492062968545463598",
  "video_url": "https://www.tiktok.com/@aksjddssa/video/7492062968545463598",
  "publish_date": null,
  "comment_groups": [
    {
      "user": "Cookiely",
      "comments": [
        "好惨"
      ],
      "language": "Chinese",
      "pure_emoji": false
    },
    {
      "user": "Jack_snowman2901.",
      "comments": [
        "第二波。。搞美元。美元美债就解决了😂。"
      ],
      "language": "Chinese",
      "pure_emoji": false
    },
    {
      "user": "James包租公",
      "comments": [
        "日本被玩剛好而已😳😁"
      ],
      "language": "Chinese",
      "pure_emoji": false
    },
    {
      "user": "davanzochappan",
      "comments": [
        "日本真是一代人有一代人的珍珠港😂🤣🤣"
      ],
      "language": "Chinese",
      "pure_emoji": false
    },
    {
      "user": "lukeli167",
      "comments": [
        "这是真的，这种在别人的盘高杠杆做空做多都会被悄悄地收割掉"
      ],
      "language": "Chinese",
      "pure_emoji": false
    },
    {
      "user": "moneycat_china",
      "comments": [
        "😂😂😂"
      ],
      "language": "Other",
      "pure_emoji": true
    },
    {
      "user": "taotao",
      "comments": [
        "日本农林省投资暴雷不是第一次了，上一次是大米荒，这次又是什么？"
      ],
      "language": "Chinese",
      "pure_emoji": false
    },
    {
      "user": "user4669675621828",
      "comments": [
        "😱😱😱"
      ],
      "language": "Other",
      "pure_emoji": true
    },
    {
      "user": "user6916261811362",
      "comments": [
        "美國川普蛇炒美股放空的消息，日本即時出空美債。止損美國人會更窮困"
      ],
      "language": "Chinese",
      "pure_emoji": false
    },
    {
      "user": "vzpg7sfg",
      "comments": [
        "那大米是不是又要涨价了"
      ],
      "language": "Chinese",
      "pure_emoji": false
    },
    {
      "user": "ภพ",
      "comments": [
        "😂"
      ],
      "language": "Other",
      "pure_emoji": true
    },
    {
      "user": "櫻子在打怪",
      "comments": [
        "👔"
      ],
      "language": "Other",
      "pure_emoji": true
    },
    {
      "user": "泊涛资本  白资收U 小白可带 ✈️@botaoxiaowu",
      "comments": [
        "匹夫不可夺志也"
      ],
      "language": "Chinese",
      "pure_emoji": false
    },
    {
      "user": "洗钱之王",
      "comments": [
        NaN
      ],
      "language": "English",
      "pure_emoji": false
    },
    {
      "user": "葉猛",
      "comments": [
        "所以这就是为什么日本偷偷抛美债泄愤的原因么？"
      ],
      "language": "Chinese",
      "pure_emoji": false
    },
    {
      "user": "蒙钟勇",
      "comments": [
        "太惨了，真是一夜回到解放前。"
      ],
      "language": "Chinese",
      "pure_emoji": false
    },
    {
      "user": "馬桶上的思想家",
      "comments": [
        "真的假的"
      ],
      "language": "Chinese",
      "pure_emoji": false
    },
    {
      "user": "꧁༂花澤༂꧂",
      "comments": [
        "真的假的😂😂😂"
      ],
      "language": "Chinese",
      "pure_emoji": false
    }
  ]
}