{
  "video_id": "7495368076385422600",
  "video_url": "https://www.tiktok.com/@yee48707/video/7495368076385422600",
  "publish_date": null,
  "comment_groups": [
    {
      "user": "Phongy 401",
      "comments": [
        "lol",
        "never t them"
      ],
      "language": "English",
      "pure_emoji": false
    },
    {
      "user": "Wai Meng Lau",
      "comments": [
        "🤪🤪🤪🤪🤪🤪🤪🤪🤪🤪🤪🤪🤪🤪🤪🤪🤪🤪🤪🤪"
      ],
      "language": "Other",
      "pure_emoji": true
    },
    {
      "user": "doudou8",
      "comments": [
        "你以为中国还会上他当吗？"
      ],
      "language": "Chinese",
      "pure_emoji": false
    },
    {
      "user": "抖音短视频",
      "comments": [
        "让美国回到低端制造/高端搬到中国去"
      ],
      "language": "Chinese",
      "pure_emoji": false
    },
    {
      "user": "潘大爹",
      "comments": [
        "👍必須要反制到牠垮為止！"
      ],
      "language": "Chinese",
      "pure_emoji": false
    }
  ]
}