{
  "video_id": "7489137778685463854",
  "video_url": "https://www.tiktok.com/@cbsnews/video/7489137778685463854",
  "publish_date": null,
  "comment_groups": [
    {
      "user": "1725_Slough_ave",
      "comments": [
        "Buy American"
      ],
      "language": "English",
      "pure_emoji": false
    },
    {
      "user": "2Loidforger2327",
      "comments": [
        "❤️❤️❤️"
      ],
      "language": "Other",
      "pure_emoji": true
    },
    {
      "user": "@Tiff",
      "comments": [
        "It’s on the whole sale price my goodness 50 is not 100 it’s 110"
      ],
      "language": "English",
      "pure_emoji": false
    },
    {
      "user": "A Glutton",
      "comments": [
        "What about the stuff from Russia? How much will that be tariffed? 🤔"
      ],
      "language": "English",
      "pure_emoji": false
    },
    {
      "user": "AGENT POLICE 🇺🇸",
      "comments": [
        "Hi hi guys"
      ],
      "language": "English",
      "pure_emoji": false
    },
    {
      "user": "AV-OX the band",
      "comments": [
        "What no one seems to answer: cost of labour is higher in the states? Companies don't want to pay the wages Americans want?"
      ],
      "language": "English",
      "pure_emoji": false
    },
    {
      "user": "Adi Tork",
      "comments": [
        "They have a big mark don’t worry about that they need to eat that tariff compete with American products",
        "The cost for labor it’s 10 times more in US"
      ],
      "language": "English",
      "pure_emoji": false
    },
    {
      "user": "Annie",
      "comments": [
        "We cant afford products made here that’s why we inport stuffs from these countries. Tariffs wont make American made goods more affordable, we will just have to pay more for everything"
      ],
      "language": "English",
      "pure_emoji": false
    },
    {
      "user": "Arletta Batts",
      "comments": [
        "About to stock up on underwear and not buying nothing for the next five years ."
      ],
      "language": "English",
      "pure_emoji": false
    },
    {
      "user": "Armando Juan Moreno",
      "comments": [
        "The demise of the U.S. economy"
      ],
      "language": "English",
      "pure_emoji": false
    },
    {
      "user": "BESTgrandma123",
      "comments": [
        "It’s 34% of original tariff not the price"
      ],
      "language": "English",
      "pure_emoji": false
    },
    {
      "user": "BabyChic",
      "comments": [
        "He Put Tarrifs On Happy Feet 🐧🐧🐧🐧"
      ],
      "language": "English",
      "pure_emoji": false
    },
    {
      "user": "Bjorn_",
      "comments": [
        "you forget part and raw materials need to be imported too and salary in usa is much higher and the cost of building a plant is enormous and it will take many years. so they won't"
      ],
      "language": "English",
      "pure_emoji": false
    },
    {
      "user": "Cathi",
      "comments": [
        "Key word reciprocal. They are already imposing on us."
      ],
      "language": "English",
      "pure_emoji": false
    },
    {
      "user": "CeeZ",
      "comments": [
        "iPhones have a 300-400% markup .. they have the room to adjust the prices.. I can’t believe the news is trying to make the average consumer feel bad when these companies have crazy profits!"
      ],
      "language": "English",
      "pure_emoji": false
    },
    {
      "user": "Censored Knowledge",
      "comments": [
        "Chinese iPhone 😂"
      ],
      "language": "English",
      "pure_emoji": false
    },
    {
      "user": "Chris Hernandez",
      "comments": [
        "buy american"
      ],
      "language": "English",
      "pure_emoji": false
    },
    {
      "user": "Connor",
      "comments": [
        "I never knew there was a time i would be ok financially God bless"
      ],
      "language": "English",
      "pure_emoji": false
    },
    {
      "user": "Davey",
      "comments": [
        "I’m not ready to pay $6000 for iPhone"
      ],
      "language": "English",
      "pure_emoji": false
    },
    {
      "user": "Delana Nicholson",
      "comments": [
        "Coffee???? No"
      ],
      "language": "English",
      "pure_emoji": false
    },
    {
      "user": "Derek van",
      "comments": [
        "Now I believe what people say about you is true, You are indeed a woman of honour. Thanks for your kindness."
      ],
      "language": "English",
      "pure_emoji": false
    },
    {
      "user": "Draeconia",
      "comments": [
        "The key word here is “RECIPROCAL” Just sayin’"
      ],
      "language": "English",
      "pure_emoji": false
    },
    {
      "user": "Dream_man",
      "comments": [
        "Slow economic growth = fed rates cut"
      ],
      "language": "English",
      "pure_emoji": false
    },
    {
      "user": "Eric Jaffa",
      "comments": [
        "It’s not “reciprocal.” Trump treated the trade deficit with a country as if it’s a tariff. Then he put a minimum tariff of 10% even on countries we have a trade surplus with."
      ],
      "language": "English",
      "pure_emoji": false
    },
    {
      "user": "Faceless",
      "comments": [
        "that seems to be his plan. Move the production of these products into the US. It'll be cheaper for apple to start a production center then to pay these tariffs."
      ],
      "language": "English",
      "pure_emoji": false
    },
    {
      "user": "Fingerhat",
      "comments": [
        "Still not buying iPhones anymore since Apple is a US company."
      ],
      "language": "English",
      "pure_emoji": false
    },
    {
      "user": "Fistburgers",
      "comments": [
        "MAGA: Crash economy, use tarriffs as a scapegoat to shift blame to allies, trump's pals buy up competition at the dip to increase power, trash regs, ignore judges, trump broligarchy now owns America."
      ],
      "language": "English",
      "pure_emoji": false
    },
    {
      "user": "GGottPhoto",
      "comments": [
        "Nearly all countries have universal import tariffs, they don’t have different rates for different countries. U.K. imports is 3%, EU is 3.6%. Yet you’ve done us for 10 & 20%"
      ],
      "language": "English",
      "pure_emoji": false
    },
    {
      "user": "Gearoid..as Éire",
      "comments": [
        "reciprocal? no.. they're trumps tariffs"
      ],
      "language": "English",
      "pure_emoji": false
    },
    {
      "user": "Hellome776",
      "comments": [
        "You’re likely to get companies leave America to get away from the tariffs in the end they will earn less money not more"
      ],
      "language": "English",
      "pure_emoji": false
    },
    {
      "user": "Ink Made Studios",
      "comments": [
        "😂😂😂"
      ],
      "language": "Other",
      "pure_emoji": true
    },
    {
      "user": "Iwannaknow",
      "comments": [
        "😳😳😳"
      ],
      "language": "Other",
      "pure_emoji": true
    },
    {
      "user": "Jack",
      "comments": [
        "Now you guys realise many countries have been fleecing the USA with exorbitant tariffs. So when the USA imposed tit for tat but lower tariffs many complained it's not fair 🤝😉🤝"
      ],
      "language": "English",
      "pure_emoji": false
    },
    {
      "user": "JaimieG 💎",
      "comments": [
        "Well now we’re all gonna go clean and drink water only 😭"
      ],
      "language": "English",
      "pure_emoji": false
    },
    {
      "user": "Japio",
      "comments": [
        "Yep, the Americans are paying for the tarrifs but the dont know it yet!"
      ],
      "language": "English",
      "pure_emoji": false
    },
    {
      "user": "Jazzy_Jules",
      "comments": [
        "Talk about the Annex II List that are excluded"
      ],
      "language": "English",
      "pure_emoji": false
    },
    {
      "user": "Jen Lyn ✨",
      "comments": [
        "@"
      ],
      "language": "Other",
      "pure_emoji": false
    },
    {
      "user": "Jen_e",
      "comments": [
        "You excited to work in a factory to make clothes and shoes?"
      ],
      "language": "English",
      "pure_emoji": false
    },
    {
      "user": "Jennifer",
      "comments": [
        "😂"
      ],
      "language": "Other",
      "pure_emoji": true
    },
    {
      "user": "Jesus",
      "comments": [
        "Not my patron"
      ],
      "language": "English",
      "pure_emoji": false
    },
    {
      "user": "Jesús 🇲🇽",
      "comments": [
        "good thing i got my new iphone 15 last year & won airpods pro 2 for $20 at gatti town too 😂"
      ],
      "language": "English",
      "pure_emoji": false
    },
    {
      "user": "Jiavona",
      "comments": [
        "should I buy my MacBook now then lol"
      ],
      "language": "English",
      "pure_emoji": false
    },
    {
      "user": "Jill",
      "comments": [
        "Taiwan actually, then the rest of it is made in several other countries."
      ],
      "language": "English",
      "pure_emoji": false
    },
    {
      "user": "Juliowy",
      "comments": [
        "There is absolutely no reason America shouldn’t tariff other countries"
      ],
      "language": "English",
      "pure_emoji": false
    },
    {
      "user": "Jwnikita",
      "comments": [
        "Where did I say that iPhone was the only option? New people are",
        "How are you posting if you can’t afford one? And groceries are going up."
      ],
      "language": "English",
      "pure_emoji": false
    },
    {
      "user": "Karla",
      "comments": [
        "Y’all gon blame it on Biden 😭"
      ],
      "language": "English",
      "pure_emoji": false
    },
    {
      "user": "Karo",
      "comments": [
        "no one should move operations here, they should stop selling here and let them be affected for their decisions"
      ],
      "language": "English",
      "pure_emoji": false
    },
    {
      "user": "Kim Holt",
      "comments": [
        "They not coming back…Kamala had the best plan. Start a business….lets fix it from the ground up. Work for yourself. Tax the rich. It was a solid plan."
      ],
      "language": "English",
      "pure_emoji": false
    },
    {
      "user": "Kylee Jae",
      "comments": [
        NaN
      ],
      "language": "English",
      "pure_emoji": false
    },
    {
      "user": "LaVellLane704",
      "comments": [
        "🔥🔥🔥"
      ],
      "language": "Other",
      "pure_emoji": true
    },
    {
      "user": "Lou Kiss",
      "comments": [
        "These are all luxury items that I can’t afford anyway since Covid. I’m just concerned about groceries"
      ],
      "language": "English",
      "pure_emoji": false
    },
    {
      "user": "Lulu",
      "comments": [
        "The US doesn’t have enough workforce to compete with China. One china province alone will have 3-4 million people. Only NY and CA has that many people."
      ],
      "language": "English",
      "pure_emoji": false
    },
    {
      "user": "Madison Johnson",
      "comments": [
        "Soooo should I hurry and buy a car now or am I screwed for a few years 😅😅"
      ],
      "language": "English",
      "pure_emoji": false
    },
    {
      "user": "MagicDeal",
      "comments": [
        "Who cares? Wealthy Americans will pay for it easily. Nothing to worry about, they love to pay more than anyone in the world"
      ],
      "language": "English",
      "pure_emoji": false
    },
    {
      "user": "Marie Moon",
      "comments": [
        "Oh wow time to take cut two holes in a cup and put the string on it give it to your neighbor and Hollow through it 😂"
      ],
      "language": "English",
      "pure_emoji": false
    },
    {
      "user": "Marue",
      "comments": [
        "What exactly do Penguins deliver to the USA?"
      ],
      "language": "English",
      "pure_emoji": false
    },
    {
      "user": "Nisha Aryal",
      "comments": [
        "Yeah iPhone is gonna affect ppl buying outside of USA . It manufactures in China then goes to USA and spread to the rest of the world. Tariff of China + import tariffs to Japan ( example)"
      ],
      "language": "English",
      "pure_emoji": false
    },
    {
      "user": "RDG",
      "comments": [
        "Ok let's move our coffe plantation to montana to avoid tariffs😁😁😁"
      ],
      "language": "English",
      "pure_emoji": false
    },
    {
      "user": "Renato                      🦟",
      "comments": [
        "Até hoje eu tenho um iPhone que foi produzido nos USA ."
      ],
      "language": "English",
      "pure_emoji": false
    },
    {
      "user": "Rich Carlson",
      "comments": [
        "Keep in mind, when products are brought into the U.S., the tariff is calculated based on the declared value of the goods at the point of import, not on the retail price at which they’re sold."
      ],
      "language": "English",
      "pure_emoji": false
    },
    {
      "user": "Robert Ewing",
      "comments": [
        "Apple is already planning on building a new campus in Houston Texas in the next year"
      ],
      "language": "English",
      "pure_emoji": false
    },
    {
      "user": "Seatwngrl",
      "comments": [
        "American workers don’t want those factory jobs, let’s face it."
      ],
      "language": "English",
      "pure_emoji": false
    },
    {
      "user": "Serendipity",
      "comments": [
        "I’m so happy we’ll be manufacturing in our own country!!"
      ],
      "language": "English",
      "pure_emoji": false
    },
    {
      "user": "Seth",
      "comments": [
        "Stop calling it a reciprocal tariff"
      ],
      "language": "English",
      "pure_emoji": false
    },
    {
      "user": "Shoj",
      "comments": [
        "some of the damages he is doing is unreversable",
        "So what are we getting from Russia without Tariff"
      ],
      "language": "English",
      "pure_emoji": false
    },
    {
      "user": "Silas Richardson III",
      "comments": [
        "What about, Ripple? 😂"
      ],
      "language": "English",
      "pure_emoji": false
    },
    {
      "user": "Silkie Mama",
      "comments": [
        "Time to buy the asurion warranty- iPhone breaks, $100 to replace. Not dependent on the others and driving my car til it’s done."
      ],
      "language": "English",
      "pure_emoji": false
    },
    {
      "user": "SithEmperor66",
      "comments": [
        "Which ones?"
      ],
      "language": "English",
      "pure_emoji": false
    },
    {
      "user": "Stacie A Meyer",
      "comments": [
        "I'm now actually grateful that my phone and laptop stopped working within this last year So I just recently bought new ones."
      ],
      "language": "English",
      "pure_emoji": false
    },
    {
      "user": "Sunny",
      "comments": [
        "I'm fine with all of it. Borders are closed and the swamp is clearing. Thank you. Mr. President."
      ],
      "language": "English",
      "pure_emoji": false
    },
    {
      "user": "Tatay Digong",
      "comments": [
        "😳😳😳"
      ],
      "language": "Other",
      "pure_emoji": true
    },
    {
      "user": "Tea",
      "comments": [
        NaN
      ],
      "language": "English",
      "pure_emoji": false
    },
    {
      "user": "Theo's Omega",
      "comments": [
        "good thing I'm a minimalist"
      ],
      "language": "English",
      "pure_emoji": false
    },
    {
      "user": "Thibblin",
      "comments": [
        "its not good💔💔💔💔💔💔"
      ],
      "language": "English",
      "pure_emoji": false
    },
    {
      "user": "UHURUsa.com",
      "comments": [
        "Even if you have Plants in America , you’d still need to get some raw material from other countries. And the labour, are you guys willing to work the crazy hours for minimum wage."
      ],
      "language": "English",
      "pure_emoji": false
    },
    {
      "user": "Vampire girl98",
      "comments": [
        "So in other words everything is gonna get more expensive"
      ],
      "language": "English",
      "pure_emoji": false
    },
    {
      "user": "Veritas Vincit",
      "comments": [
        "iPhones produced in the USA would cost more than imported with tariffs 😏"
      ],
      "language": "English",
      "pure_emoji": false
    },
    {
      "user": "Zakeem🤍",
      "comments": [
        "respectfully that is not how tariffs work in reality. prices increasing for imports makes prices for american made goods more expensive as well.",
        "also there is a reason why we trade. the us NEEDS trade because we don’t have an abundance in every resource-hence why we reach out to other countries."
      ],
      "language": "English",
      "pure_emoji": false
    },
    {
      "user": "a_lorian",
      "comments": [
        "Bless ur heart"
      ],
      "language": "English",
      "pure_emoji": false
    },
    {
      "user": "akaila <3",
      "comments": [
        "why isn’t nobody saying water"
      ],
      "language": "English",
      "pure_emoji": false
    },
    {
      "user": "andytatertots",
      "comments": [
        "😂😂😂😂😂🫵😂😂😂😂😂😂😂"
      ],
      "language": "Other",
      "pure_emoji": true
    },
    {
      "user": "anne",
      "comments": [
        "😜😜😜"
      ],
      "language": "Other",
      "pure_emoji": true
    },
    {
      "user": "benyam444♒️",
      "comments": [
        "USA 🇺🇸 manufacturing will be booming"
      ],
      "language": "English",
      "pure_emoji": false
    },
    {
      "user": "biglos_sister",
      "comments": [
        "🥰🥰🥰"
      ],
      "language": "Other",
      "pure_emoji": true
    },
    {
      "user": "billconnell6",
      "comments": [
        "In 10 years those factories will come online and apple will pass the losses and expenses of building"
      ],
      "language": "English",
      "pure_emoji": false
    },
    {
      "user": "calliepygian",
      "comments": [
        "Wow, moonshine is gonna come back in a big way, I fear"
      ],
      "language": "English",
      "pure_emoji": false
    },
    {
      "user": "canmakestan",
      "comments": [
        "😁"
      ],
      "language": "Other",
      "pure_emoji": true
    },
    {
      "user": "carsten1506",
      "comments": [
        "If you are American and plan to travel to Europe be aware that everybody will think you are a T voter and you run the risk not to get a table in an empty restaurant, better pretend you are Canadian😂"
      ],
      "language": "English",
      "pure_emoji": false
    },
    {
      "user": "charlenehoover200",
      "comments": [
        "trump need go on his retirement"
      ],
      "language": "English",
      "pure_emoji": false
    },
    {
      "user": "chehoomadafakka",
      "comments": [
        "Philippines is only 17%. We open for business!"
      ],
      "language": "English",
      "pure_emoji": false
    },
    {
      "user": "cindysweatman",
      "comments": [
        "I’ll pay it. Go TRUMP!!!!! 🇺🇸🇺🇸🇺🇸"
      ],
      "language": "English",
      "pure_emoji": false
    },
    {
      "user": "cookbooking",
      "comments": [
        "Stop calling them reciprocal tarrifs. That’s not what they are."
      ],
      "language": "English",
      "pure_emoji": false
    },
    {
      "user": "eddyjay",
      "comments": [
        "Oh why"
      ],
      "language": "English",
      "pure_emoji": false
    },
    {
      "user": "happygolucky994",
      "comments": [
        "We use to make em here.South bend Indiana."
      ],
      "language": "English",
      "pure_emoji": false
    },
    {
      "user": "hunterfisher13333",
      "comments": [
        "Apple is moving to the US"
      ],
      "language": "English",
      "pure_emoji": false
    },
    {
      "user": "jasmine_1153",
      "comments": [
        "😍😍😍"
      ],
      "language": "Other",
      "pure_emoji": true
    },
    {
      "user": "kellokitty45",
      "comments": [
        "Don’t buy clothes ,alcohol.i don’t drink alcohol..i already tons of clothes .just wear what I have already.no need to buy it.car .if my car broke !! I will walk so I can stay skinny 🙌🏼"
      ],
      "language": "English",
      "pure_emoji": false
    },
    {
      "user": "kingofchina",
      "comments": [
        "It is just tariff, not reciprocal tariff."
      ],
      "language": "English",
      "pure_emoji": false
    },
    {
      "user": "kristoferberg142",
      "comments": [
        "Congrats American people! Well done by electing that orange blob."
      ],
      "language": "English",
      "pure_emoji": false
    },
    {
      "user": "laimisbmw",
      "comments": [
        "Is the US great yet ?"
      ],
      "language": "English",
      "pure_emoji": false
    },
    {
      "user": "lilnugget22",
      "comments": [
        "Honda wont be affected ? Right or toyota"
      ],
      "language": "English",
      "pure_emoji": false
    },
    {
      "user": "louiebaby",
      "comments": [
        "I luv my Android!! Save money n pay off your house !! 🏠"
      ],
      "language": "English",
      "pure_emoji": false
    },
    {
      "user": "mindymoore839",
      "comments": [
        "Don’t eat out as much or go thru the drive in every morning."
      ],
      "language": "English",
      "pure_emoji": false
    },
    {
      "user": "phatttnattt",
      "comments": [
        "🥰🥰🥰"
      ],
      "language": "Other",
      "pure_emoji": true
    },
    {
      "user": "qllta",
      "comments": [
        "I was actually curious so I went on Apple’s website and added an app iPhone to the cart. It’s the same price."
      ],
      "language": "English",
      "pure_emoji": false
    },
    {
      "user": "rat                  🪳",
      "comments": [
        "I’m just worried that companies might not necessarily want to lower the prices after the high tariffs are removed, bc they’re greedy, and they know people will always pay no matter what."
      ],
      "language": "English",
      "pure_emoji": false
    },
    {
      "user": "rissa rat",
      "comments": [
        "god i csnt even get alcohol in this economy just kill me"
      ],
      "language": "English",
      "pure_emoji": false
    },
    {
      "user": "sakkchasernati",
      "comments": [
        "i don’t see nun if dem trump supporters now"
      ],
      "language": "English",
      "pure_emoji": false
    },
    {
      "user": "sam",
      "comments": [
        "first 🥀🥀🥀"
      ],
      "language": "English",
      "pure_emoji": false
    },
    {
      "user": "seandontcheatistg",
      "comments": [
        "I thought Apple was in Cali"
      ],
      "language": "English",
      "pure_emoji": false
    },
    {
      "user": "sincerelyfranko",
      "comments": [
        "🥰🥰🥰"
      ],
      "language": "Other",
      "pure_emoji": true
    },
    {
      "user": "sister america",
      "comments": [
        "It will bring jobs back to America. It’s a receptacle tax - meaning, they tax the US high tariffs- they will have to lower the tariffs of products coming into our country,so, it might lower our prices"
      ],
      "language": "English",
      "pure_emoji": false
    },
    {
      "user": "space camper",
      "comments": [
        "They’ll just sell to another country and return back to the US in four years"
      ],
      "language": "English",
      "pure_emoji": false
    },
    {
      "user": "sweetnellzz",
      "comments": [
        "People buy used phones. Some wireless companies give out free phones. Some wireless and internet plans are only $15. Bffr"
      ],
      "language": "English",
      "pure_emoji": false
    },
    {
      "user": "thatboyki12",
      "comments": [
        "Welp yall Don Julio is about actually act a fulioooo"
      ],
      "language": "English",
      "pure_emoji": false
    },
    {
      "user": "tiscar",
      "comments": [
        "LRHC IS THE TICKER SYMBOL 🚨🚨GOING TO $50 THEY GOT THE GOODS 🚀🚀🚀🚀🚀🚀🌈🌈🌈🌈🚀🚀🚀🚀🚀🚀🚀🚀🚀✈️✈️🚀🚀🚀🚀🚀🚀🚀🚀🚀🐣🐣🚨🚨✈️✈️✈️✈️🍀🍏✈️"
      ],
      "language": "English",
      "pure_emoji": false
    },
    {
      "user": "tvawt_205",
      "comments": [
        "😂😂😂"
      ],
      "language": "Other",
      "pure_emoji": true
    },
    {
      "user": "user3689618987082",
      "comments": [
        "We’ll all buy fewer goods and people will start to lose their jobs bc it will hurt these AMERICAN companies."
      ],
      "language": "English",
      "pure_emoji": false
    },
    {
      "user": "user4405459561983",
      "comments": [
        "it's going to be great to see what happens"
      ],
      "language": "English",
      "pure_emoji": false
    },
    {
      "user": "user817102",
      "comments": [
        "WHAT SHE FAILED TO TELL YOU WAS THAT MOVING TO 🇺🇸 ALSO INCREASES YOUR COST. MANUFACTURING COST IN 🇺🇸 IS THE HIGHEST IN THE WORLD, WHICH WAS WHY THEY MOVED IN THE FIRST PLACE. 🤔"
      ],
      "language": "English",
      "pure_emoji": false
    },
    {
      "user": "user9909000269349",
      "comments": [
        "So buy nothing."
      ],
      "language": "English",
      "pure_emoji": false
    },
    {
      "user": "wille✊s60",
      "comments": [
        "Hello, companies are being lured to build up in the USA so they don't become as dependent on the outside world! Invest now!! Long term, the USA, the market will now go up and become stronger than ever"
      ],
      "language": "English",
      "pure_emoji": false
    },
    {
      "user": "xander_space78🇨🇦",
      "comments": [
        "The head office is. That’s why packing says “designed by Apple in California” but will show a different country for assembly."
      ],
      "language": "English",
      "pure_emoji": false
    },
    {
      "user": "zoe",
      "comments": [
        "SICK AND TWISTED"
      ],
      "language": "English",
      "pure_emoji": false
    },
    {
      "user": "~_~karim~_~",
      "comments": [
        "👌👌👌"
      ],
      "language": "Other",
      "pure_emoji": true
    },
    {
      "user": "୨୧^• s o f i a •^୨୧",
      "comments": [
        "that’s it i’m moving to asia at this point"
      ],
      "language": "English",
      "pure_emoji": false
    },
    {
      "user": "♥@tin@♥zar@kyaw♥",
      "comments": [
        "It’s never too late to start making beneficial remarks. So glad taking risks turned out positively I’m glad about my encounter with.."
      ],
      "language": "English",
      "pure_emoji": false
    },
    {
      "user": "✨🌺Lele🌺✨",
      "comments": [
        "Android I’m coming home"
      ],
      "language": "English",
      "pure_emoji": false
    },
    {
      "user": "✳.  🎀  𝒥.𝒶.𝓍.𝓍.  🎀  .✳",
      "comments": [
        "(Trade Deficit ÷ Total Imports) ÷ 2 = Fake Tariff % That's how they really determined the \"Reciprocal\" Tariffs 😂😂😂😂"
      ],
      "language": "English",
      "pure_emoji": false
    },
    {
      "user": "❃kimmy j",
      "comments": [
        "im gonna kms"
      ],
      "language": "English",
      "pure_emoji": false
    },
    {
      "user": "性感聪明的叔叔 Jie da",
      "comments": [
        "which is crazy because iPhones and cars are way overpriced to begin with"
      ],
      "language": "English",
      "pure_emoji": false
    },
    {
      "user": "𝙨𝙡𝙞𝙯𝙭𝙮メ",
      "comments": [
        "It’s to help grow businesses in America especially smaller ones, if we buying things from other countries, we lose businesses, and unemployment rate goes up"
      ],
      "language": "English",
      "pure_emoji": false
    },
    {
      "user": "🇨🇦 Taa Daa",
      "comments": [
        "They'll just wait 4 years til he's gone..."
      ],
      "language": "English",
      "pure_emoji": false
    },
    {
      "user": "🍊",
      "comments": [
        "Wow"
      ],
      "language": "English",
      "pure_emoji": false
    },
    {
      "user": "💫FUNNY Clips ! 🍀",
      "comments": [
        "As a European I will buy products from Asia. Same raw materials, same workers, only prices less than half. Good luck to the USA going bankrupt."
      ],
      "language": "English",
      "pure_emoji": false
    }
  ]
}