{
  "video_id": "7488105435682131230",
  "video_url": "https://www.tiktok.com/@facethenation/video/7488105435682131230",
  "publish_date": null,
  "comment_groups": [
    {
      "user": "$Diamondheadmike",
      "comments": [
        "he needs to go after these insurance companies who keep denying everything you have to have a pre-authorization for every prescription now he needs to fix that first"
      ],
      "language": "English",
      "pure_emoji": false
    },
    {
      "user": "BeFreeNumba9",
      "comments": [
        "Companies aren’t coming back.It’s a gaslight.These companies don’t like paying."
      ],
      "language": "English",
      "pure_emoji": false
    },
    {
      "user": "Black29",
      "comments": [
        "Americans need jobs that build and maintain the robots which will be actually building and assembling consumer and industrial products… 😏"
      ],
      "language": "English",
      "pure_emoji": false
    },
    {
      "user": "Chris",
      "comments": [
        "They closed under your watch Shawn"
      ],
      "language": "English",
      "pure_emoji": false
    },
    {
      "user": "Jim",
      "comments": [
        "Don’t make deals with the devil"
      ],
      "language": "English",
      "pure_emoji": false
    },
    {
      "user": "Joe blow",
      "comments": [
        "I already can't afford them ty to ur buddy jb"
      ],
      "language": "English",
      "pure_emoji": false
    },
    {
      "user": "Jose Ortiz14011",
      "comments": [
        "There companies will not come back still cheaper and the American people are paying Trump tax"
      ],
      "language": "English",
      "pure_emoji": false
    },
    {
      "user": "Juanjing73",
      "comments": [
        "Those workers won't be able to afford to buy anything after Trumpflation makes groceries cost prohibitive.",
        "*Global inflation was crazy... everywhere. The U.S. paced ahead of most of the rest of the world in reducing inflation. Are we punishing Biden for not moving faster?"
      ],
      "language": "English",
      "pure_emoji": false
    },
    {
      "user": "Juanjotix1",
      "comments": [
        "Trump and the GOP do not stand for workers or unions he is delusional"
      ],
      "language": "English",
      "pure_emoji": false
    },
    {
      "user": "LaurenKellyBholes",
      "comments": [
        "😂😂😂"
      ],
      "language": "Other",
      "pure_emoji": true
    },
    {
      "user": "Mccoygreer3",
      "comments": [
        "We need to look at future jobs. We are not a coal and steel based economy anymore. And neither can’t sustain an economy."
      ],
      "language": "English",
      "pure_emoji": false
    },
    {
      "user": "Mike_C",
      "comments": [
        "dude is speaking out both sides of his mouth.."
      ],
      "language": "English",
      "pure_emoji": false
    },
    {
      "user": "Nomorenonsense",
      "comments": [
        "This goes back to the early 90’s and they continued to support Democrats while losing jobs every year. Even supporting Harris the last election."
      ],
      "language": "English",
      "pure_emoji": false
    },
    {
      "user": "Sailor Girl",
      "comments": [
        "Stop it, these jobs will never come back!!"
      ],
      "language": "English",
      "pure_emoji": false
    },
    {
      "user": "Skyesheep",
      "comments": [
        "Republicans have never and will never support unions!"
      ],
      "language": "English",
      "pure_emoji": false
    },
    {
      "user": "TheAllSeeingEye 🇮🇪🇪🇺",
      "comments": [
        "Both Presidents McKinley and Hoover went all-in on protectionism, and precipitated great depressions. And they didn't even live in the globalised world of today. America is toast if it does this. 🍞"
      ],
      "language": "English",
      "pure_emoji": false
    },
    {
      "user": "Vicky Wilborn",
      "comments": [
        "Unfortunately tariffs would not work on customer service call centers that are abroad..."
      ],
      "language": "English",
      "pure_emoji": false
    },
    {
      "user": "WVFarmMomma",
      "comments": [
        "For real? IF they come here, new factories will be built for and with robots."
      ],
      "language": "English",
      "pure_emoji": false
    },
    {
      "user": "bjracer1",
      "comments": [
        "Sorry but UAW should stay in their lane. Protect auto workers"
      ],
      "language": "English",
      "pure_emoji": false
    },
    {
      "user": "cabinandcountylife",
      "comments": [
        "huh?"
      ],
      "language": "English",
      "pure_emoji": false
    },
    {
      "user": "codependent",
      "comments": [
        "robots make cars this is not the 1900s"
      ],
      "language": "English",
      "pure_emoji": false
    },
    {
      "user": "item4sale69",
      "comments": [
        "🤡✌️"
      ],
      "language": "Other",
      "pure_emoji": true
    },
    {
      "user": "jaysdiggin",
      "comments": [
        "union means lazy"
      ],
      "language": "English",
      "pure_emoji": false
    },
    {
      "user": "jogew7",
      "comments": [
        "AI robots will take all the jobs!"
      ],
      "language": "English",
      "pure_emoji": false
    },
    {
      "user": "mj4poolservice",
      "comments": [
        "tring to save his job.. back and forth..... f... this guy"
      ],
      "language": "English",
      "pure_emoji": false
    },
    {
      "user": "ncsublonde",
      "comments": [
        "Unfortunately, tariffs are only gonna make it harder on the auto workers."
      ],
      "language": "English",
      "pure_emoji": false
    },
    {
      "user": "patricejones03",
      "comments": [
        "but you support him though 🙄"
      ],
      "language": "English",
      "pure_emoji": false
    },
    {
      "user": "regoelec1978",
      "comments": [
        "Now you are singing a new tuneeeeee"
      ],
      "language": "English",
      "pure_emoji": false
    },
    {
      "user": "shangrilasv",
      "comments": [
        "Omg....there's no way any of those workers will even be able to afford the cars they build. Neither will any of us. Plus Trump is anti-union. Makes no sense"
      ],
      "language": "English",
      "pure_emoji": false
    },
    {
      "user": "user1539235131080",
      "comments": [
        "good luck with that you may cripple it for years"
      ],
      "language": "English",
      "pure_emoji": false
    },
    {
      "user": "user7158990409540",
      "comments": [
        "Because of unions we have vehicles that don’t last more than 5 years"
      ],
      "language": "English",
      "pure_emoji": false
    },
    {
      "user": "user7736730473257",
      "comments": [
        "Inflation was crazy under Biden. Give it a chance.",
        "I am hate the corruption and waste of money that we had. Government has way overstepped and needs to be reeled in."
      ],
      "language": "English",
      "pure_emoji": false
    },
    {
      "user": "user9486187544544",
      "comments": [
        "Yeah, tell that to all your laid off workers! When did you switch sides?",
        "😂😂😂😂😂😂😂🤡🤡🤡🤡🤡🤡yea, that’s why a very large lay off took place in the factories"
      ],
      "language": "English",
      "pure_emoji": false
    },
    {
      "user": "valora823",
      "comments": [
        "Shawn you have sold your members out. You have no clue what you are doing. Trump has shown you who he is and what he plans to do and you STILL support him. You need to RESIGN."
      ],
      "language": "English",
      "pure_emoji": false
    }
  ]
}