{
  "video_id": "7496179059278368043",
  "video_url": "https://www.tiktok.com/@historyupdates1/video/7496179059278368043",
  "publish_date": null,
  "comment_groups": [
    {
      "user": "Arijit- Singh song__",
      "comments": [
        "🥰🥰🥰",
        "😂😂😂"
      ],
      "language": "Other",
      "pure_emoji": false
    },
    {
      "user": "Bhan Sayedabad",
      "comments": [
        "🥰🥰🥰"
      ],
      "language": "Other",
      "pure_emoji": true
    },
    {
      "user": "user9706103774398",
      "comments": [
        "🥰🥰🥰"
      ],
      "language": "Other",
      "pure_emoji": true
    },
    {
      "user": "👑❤️ARAIN🖤👑",
      "comments": [
        "Iphone Waly lut gye😂😭 android be like ( le mout dia apple pr)"
      ],
      "language": "English",
      "pure_emoji": false
    }
  ]
}