{
  "video_id": "7437002326486895902",
  "video_url": "https://www.tiktok.com/@user9810712743724/video/7437002326486895902",
  "publish_date": null,
  "comment_groups": [
    {
      "user": "#",
      "comments": [
        "讓那些走線走一半的怎麼辦，好慘啊😂😂"
      ],
      "language": "Chinese",
      "pure_emoji": false
    },
    {
      "user": ".悠哉悠哉.",
      "comments": [
        "支持美国"
      ],
      "language": "Chinese",
      "pure_emoji": false
    },
    {
      "user": "1",
      "comments": [
        "回来打共d😂😂😂"
      ],
      "language": "Mixed",
      "pure_emoji": false
    },
    {
      "user": "123456789",
      "comments": [
        "调查清楚的同意接收，如果是逃犯就要接收审判。😂😂😂"
      ],
      "language": "Chinese",
      "pure_emoji": false
    },
    {
      "user": "123zgr",
      "comments": [
        "那群人送去台湾正好"
      ],
      "language": "Chinese",
      "pure_emoji": false
    },
    {
      "user": "314060384qqcom",
      "comments": [
        "厉害了我的国！"
      ],
      "language": "Chinese",
      "pure_emoji": false
    },
    {
      "user": "385008",
      "comments": [
        "很好"
      ],
      "language": "Chinese",
      "pure_emoji": false
    },
    {
      "user": "3905509389",
      "comments": [
        "中國已經說了不要這些人😂"
      ],
      "language": "Chinese",
      "pure_emoji": false
    },
    {
      "user": "54088",
      "comments": [
        "統統送來台灣吧"
      ],
      "language": "Chinese",
      "pure_emoji": false
    },
    {
      "user": "571963",
      "comments": [
        "😂😂😂"
      ],
      "language": "Other",
      "pure_emoji": true
    },
    {
      "user": "995658136",
      "comments": [
        "非法移民跟叛国骂娘那些是一种人吗、那些骂娘的早就加入美籍合法了、强调一下非法移民、如果他们肯骂娘肯入叛国組织早就合法了、不懂不要乱说话、放心国家回接纳、出国人员反而更懂得国家的意义"
      ],
      "language": "Chinese",
      "pure_emoji": false
    },
    {
      "user": "<(@¿@)>",
      "comments": [
        "这让我想起刘德华唱的都是\"中国人\"😅"
      ],
      "language": "Chinese",
      "pure_emoji": false
    },
    {
      "user": "@yakuone",
      "comments": [
        "送刚果😂"
      ],
      "language": "Chinese",
      "pure_emoji": false
    },
    {
      "user": "@星辰",
      "comments": [
        "庸人自扰😂"
      ],
      "language": "Chinese",
      "pure_emoji": false
    },
    {
      "user": "Aaron Swan",
      "comments": [
        "拒收😂"
      ],
      "language": "Chinese",
      "pure_emoji": false
    },
    {
      "user": "AdamleKunning",
      "comments": [
        "Well done"
      ],
      "language": "English",
      "pure_emoji": false
    },
    {
      "user": "Ah Wei",
      "comments": [
        "太好了！帮忙那些败类一起送回来"
      ],
      "language": "Chinese",
      "pure_emoji": false
    },
    {
      "user": "Alex LIU",
      "comments": [
        "润人狂喜"
      ],
      "language": "Chinese",
      "pure_emoji": false
    },
    {
      "user": "Ali",
      "comments": [
        "要是被赶走，哪些挤破头也要去美国生活的人可能被吓的不轻啊"
      ],
      "language": "Chinese",
      "pure_emoji": false
    },
    {
      "user": "Andy2237",
      "comments": [
        "中国好朋友巴铁欢迎你。😂"
      ],
      "language": "Chinese",
      "pure_emoji": false
    },
    {
      "user": "Andyfox888888888",
      "comments": [
        "战狼呢？ 不是后面有那个墙大的啥吗？"
      ],
      "language": "Chinese",
      "pure_emoji": false
    },
    {
      "user": "AnimeNoober",
      "comments": [
        "送到尼莫点吧😂"
      ],
      "language": "Chinese",
      "pure_emoji": false
    },
    {
      "user": "Anna Wu",
      "comments": [
        "So happy for China ! Finally revenge is done to traitors ."
      ],
      "language": "English",
      "pure_emoji": false
    },
    {
      "user": "Answer｀",
      "comments": [
        "😂"
      ],
      "language": "Other",
      "pure_emoji": true
    },
    {
      "user": "Ape",
      "comments": [
        "👏👏👏👏👏"
      ],
      "language": "Other",
      "pure_emoji": true
    },
    {
      "user": "Archangel",
      "comments": [
        "安置到非洲 去开矿"
      ],
      "language": "Chinese",
      "pure_emoji": false
    },
    {
      "user": "BAHHE536119_",
      "comments": [
        "不用遣返，直接抓去坐牢就行了"
      ],
      "language": "Chinese",
      "pure_emoji": false
    },
    {
      "user": "BODEN.MY",
      "comments": [
        "😁"
      ],
      "language": "Other",
      "pure_emoji": true
    },
    {
      "user": "Bearing+8615066430288",
      "comments": [
        "会带来很多麻烦"
      ],
      "language": "Chinese",
      "pure_emoji": false
    },
    {
      "user": "Ben Tan",
      "comments": [
        "一定要态度强硬，新加坡也应该马上停止对这国的免签。"
      ],
      "language": "Chinese",
      "pure_emoji": false
    },
    {
      "user": "Big Tree",
      "comments": [
        "第三国？他们撕掉护照那一刻起，就不再是中国人了。"
      ],
      "language": "Chinese",
      "pure_emoji": false
    },
    {
      "user": "Bugis",
      "comments": [
        "欢迎到新加坡来"
      ],
      "language": "Chinese",
      "pure_emoji": false
    },
    {
      "user": "Buri Pacing",
      "comments": [
        "😅😅"
      ],
      "language": "Other",
      "pure_emoji": true
    },
    {
      "user": "Carlota",
      "comments": [
        "哈哈哈 好啊"
      ],
      "language": "Chinese",
      "pure_emoji": false
    },
    {
      "user": "Chan Richard",
      "comments": [
        "他們都不是中國入了"
      ],
      "language": "Chinese",
      "pure_emoji": false
    },
    {
      "user": "Chanchanchan",
      "comments": [
        "怎么知道这些非法移民中国的"
      ],
      "language": "Chinese",
      "pure_emoji": false
    },
    {
      "user": "Chili",
      "comments": [
        "金牌讲师，直接定位😂😂"
      ],
      "language": "Chinese",
      "pure_emoji": false
    },
    {
      "user": "Chin",
      "comments": [
        "yay"
      ],
      "language": "English",
      "pure_emoji": false
    },
    {
      "user": "Chris",
      "comments": [
        "绝对不可能胡说八道"
      ],
      "language": "Chinese",
      "pure_emoji": false
    },
    {
      "user": "Chrissay",
      "comments": [
        "better send to third world. well done"
      ],
      "language": "English",
      "pure_emoji": false
    },
    {
      "user": "ComradeCPC",
      "comments": [
        "给台湾省吧，这些人都是觉醒的反共义士😂台湾反共不要只出一张嘴，这些都是你们的手足同袍➕灾胞，你们救一下"
      ],
      "language": "Chinese",
      "pure_emoji": false
    },
    {
      "user": "DRAGON ❷⓿",
      "comments": [
        "支持遣返第三国家 🥰🥰🥰"
      ],
      "language": "Chinese",
      "pure_emoji": false
    },
    {
      "user": "DZ",
      "comments": [
        "我们不要，请送往第三国"
      ],
      "language": "Chinese",
      "pure_emoji": false
    },
    {
      "user": "Daniel hernadez",
      "comments": [
        "非常好",
        "不会接收。",
        "调查清楚的同意接收，如果是逃犯就要接收审判。",
        "漂亮",
        "太好了"
      ],
      "language": "Chinese",
      "pure_emoji": false
    },
    {
      "user": "Darryl Cheng",
      "comments": [
        "Good"
      ],
      "language": "English",
      "pure_emoji": false
    },
    {
      "user": "Davie Ren",
      "comments": [
        "送第三国安置吧"
      ],
      "language": "Chinese",
      "pure_emoji": false
    },
    {
      "user": "Dietikon",
      "comments": [
        "中国优先了"
      ],
      "language": "Chinese",
      "pure_emoji": false
    },
    {
      "user": "Dr. Huo",
      "comments": [
        "哪里来的消息？没听说过"
      ],
      "language": "Chinese",
      "pure_emoji": false
    },
    {
      "user": "Dragon Ruyi, Great Immortal",
      "comments": [
        "干的漂亮👍"
      ],
      "language": "Chinese",
      "pure_emoji": false
    },
    {
      "user": "Drewbie new",
      "comments": [
        "電子寵物們集體哭哭"
      ],
      "language": "Chinese",
      "pure_emoji": false
    },
    {
      "user": "EGG",
      "comments": [
        "就看我們的祖國愛不愛人民了"
      ],
      "language": "Chinese",
      "pure_emoji": false
    },
    {
      "user": "Egnisee",
      "comments": [
        "不要",
        "乌克兰人少 送乌克兰"
      ],
      "language": "Chinese",
      "pure_emoji": false
    },
    {
      "user": "Eric  Chang",
      "comments": [
        "送去緬甸？"
      ],
      "language": "Chinese",
      "pure_emoji": false
    },
    {
      "user": "Erika",
      "comments": [
        "好，扫垃圾了"
      ],
      "language": "Chinese",
      "pure_emoji": false
    },
    {
      "user": "Ethan Liu",
      "comments": [
        "能安置到澳洲么？"
      ],
      "language": "Chinese",
      "pure_emoji": false
    },
    {
      "user": "Eventan",
      "comments": [
        "你们还上头了 不收？去其他地方都比会罗刹国强"
      ],
      "language": "Chinese",
      "pure_emoji": false
    },
    {
      "user": "FANG🇨🇳",
      "comments": [
        "好"
      ],
      "language": "Chinese",
      "pure_emoji": false
    },
    {
      "user": "Feng Jun",
      "comments": [
        "中国不要，谢谢"
      ],
      "language": "Chinese",
      "pure_emoji": false
    },
    {
      "user": "Free",
      "comments": [
        "让你们润😂😂"
      ],
      "language": "Chinese",
      "pure_emoji": false
    },
    {
      "user": "Gabe",
      "comments": [
        "钻石讲师也要不到饭了"
      ],
      "language": "Chinese",
      "pure_emoji": false
    },
    {
      "user": "Gao.Gordon",
      "comments": [
        "电影《十二只猴子与遣返移民：之致命毒株》"
      ],
      "language": "Chinese",
      "pure_emoji": false
    },
    {
      "user": "Gigi Wong",
      "comments": [
        "非常正确"
      ],
      "language": "Chinese",
      "pure_emoji": false
    },
    {
      "user": "GuardBright",
      "comments": [
        "没有比这更反华的了"
      ],
      "language": "Chinese",
      "pure_emoji": false
    },
    {
      "user": "HHH450-530",
      "comments": [
        "不要了14億多.那點點人零頭都排不上"
      ],
      "language": "Chinese",
      "pure_emoji": false
    },
    {
      "user": "Half time",
      "comments": [
        "第三國？台灣喔"
      ],
      "language": "Chinese",
      "pure_emoji": false
    },
    {
      "user": "Henry",
      "comments": [
        "他们也是人，应该有一个可以安身的地方，有些生来就是没有国，有些是因生活过不下去才冒险离开本国，如果他们也有选择，谁会愿意离开自己的国家，所以没有国家的人是最可悲的…"
      ],
      "language": "Chinese",
      "pure_emoji": false
    },
    {
      "user": "Home of loving-life",
      "comments": [
        "缅北应该是个不错的地方"
      ],
      "language": "Chinese",
      "pure_emoji": false
    },
    {
      "user": "HuanF G",
      "comments": [
        "好好好"
      ],
      "language": "Chinese",
      "pure_emoji": false
    },
    {
      "user": "Iris",
      "comments": [
        "😳😳😳"
      ],
      "language": "Other",
      "pure_emoji": true
    },
    {
      "user": "JIN",
      "comments": [
        "🥰🥰🥰"
      ],
      "language": "Other",
      "pure_emoji": true
    },
    {
      "user": "Jack ZT",
      "comments": [
        "走线 不通了😂"
      ],
      "language": "Chinese",
      "pure_emoji": false
    },
    {
      "user": "James Ang621",
      "comments": [
        "真聪明！不忠不义又看不起1的人怎可能效忠美国呢！"
      ],
      "language": "Chinese",
      "pure_emoji": false
    },
    {
      "user": "Jason Chong",
      "comments": [
        "假消息"
      ],
      "language": "Chinese",
      "pure_emoji": false
    },
    {
      "user": "Jeff Chang",
      "comments": [
        "一招保管有效： 關起來，罰款， 他們會四處調錢😁😁"
      ],
      "language": "Chinese",
      "pure_emoji": false
    },
    {
      "user": "Jemas teo",
      "comments": [
        "🥰🥰🥰🥰🥰🥰🥰🥰🥰🥰"
      ],
      "language": "Other",
      "pure_emoji": true
    },
    {
      "user": "Jenis",
      "comments": [
        "😅"
      ],
      "language": "Other",
      "pure_emoji": true
    },
    {
      "user": "Jericho",
      "comments": [
        "Well done good job Trump."
      ],
      "language": "English",
      "pure_emoji": false
    },
    {
      "user": "Jerry",
      "comments": [
        "你的消息比在美国的中国人还灵通～在共产主义熏陶久了脑子也是文革脑！还有我好奇一些翻墙的😂那个脑子也是不思考的，环境如此"
      ],
      "language": "Chinese",
      "pure_emoji": false
    },
    {
      "user": "Jian",
      "comments": [
        "可怜的中国人🥺🥺🥺"
      ],
      "language": "Chinese",
      "pure_emoji": false
    },
    {
      "user": "Jie Chen",
      "comments": [
        "跑去那边一个样搞几千块美金除了吃喝拉撒住还能剩下多少?说真的还不如在国内那些摆地摊卖菜的……😏"
      ],
      "language": "Chinese",
      "pure_emoji": false
    },
    {
      "user": "Jin Blank",
      "comments": [
        "Nice!"
      ],
      "language": "English",
      "pure_emoji": false
    },
    {
      "user": "Jinjing Zhao",
      "comments": [
        "转到台湾吧可以 两遍要钱了"
      ],
      "language": "Chinese",
      "pure_emoji": false
    },
    {
      "user": "Joe Burgerman",
      "comments": [
        "瞎忽悠，特朗普优先的有犯罪记录移民。。。"
      ],
      "language": "Chinese",
      "pure_emoji": false
    },
    {
      "user": "Joeeyua6",
      "comments": [
        "不接收😂接收"
      ],
      "language": "Chinese",
      "pure_emoji": false
    },
    {
      "user": "JonhYi0903",
      "comments": [
        "没护照中国也不接收啊😂😂"
      ],
      "language": "Chinese",
      "pure_emoji": false
    },
    {
      "user": "Jonson",
      "comments": [
        "支持，送去缅甸😂😂😂"
      ],
      "language": "Chinese",
      "pure_emoji": false
    },
    {
      "user": "Joyce",
      "comments": [
        "第三國是指那？"
      ],
      "language": "Chinese",
      "pure_emoji": false
    },
    {
      "user": "Jun",
      "comments": [
        "😂😂😂"
      ],
      "language": "Other",
      "pure_emoji": true
    },
    {
      "user": "KUGA",
      "comments": [
        "放太平洋里😂"
      ],
      "language": "Chinese",
      "pure_emoji": false
    },
    {
      "user": "Kai Ban Chew",
      "comments": [
        "👍👍👍👍"
      ],
      "language": "Other",
      "pure_emoji": true
    },
    {
      "user": "Kelvin and 998 others",
      "comments": [
        "送他们去全世界最大的民主自由国印度。。。"
      ],
      "language": "Chinese",
      "pure_emoji": false
    },
    {
      "user": "Kings",
      "comments": [
        "Goooooood !"
      ],
      "language": "English",
      "pure_emoji": false
    },
    {
      "user": "Kurama1217",
      "comments": [
        "干得漂亮！接受是不可能接受的😂"
      ],
      "language": "Chinese",
      "pure_emoji": false
    },
    {
      "user": "KwongKH",
      "comments": [
        "China shouldn't take them back bcoz all these love USA. Let Trump do whatever he likes n teach these gp a hard lesson"
      ],
      "language": "English",
      "pure_emoji": false
    },
    {
      "user": "LEO",
      "comments": [
        "因为中国人不会反抗！"
      ],
      "language": "Chinese",
      "pure_emoji": false
    },
    {
      "user": "Latifa Min",
      "comments": [
        "遣返日本去😂"
      ],
      "language": "Chinese",
      "pure_emoji": false
    },
    {
      "user": "Le Tang",
      "comments": [
        "在美国非法在国内也是非法人员送第三方吧"
      ],
      "language": "Chinese",
      "pure_emoji": false
    },
    {
      "user": "Leo",
      "comments": [
        "China also reject those lol"
      ],
      "language": "English",
      "pure_emoji": false
    },
    {
      "user": "Li",
      "comments": [
        "👍"
      ],
      "language": "Other",
      "pure_emoji": true
    },
    {
      "user": "Li Zhen",
      "comments": [
        "价格不谈好了门都没有🙂‍↔️"
      ],
      "language": "Chinese",
      "pure_emoji": false
    },
    {
      "user": "Lin1986",
      "comments": [
        "不收，在送回美国"
      ],
      "language": "Chinese",
      "pure_emoji": false
    },
    {
      "user": "Lisa",
      "comments": [
        "Trump says he will impose 150% to 200% tariffs on China if it \"enters\" Taiwan https://www.voachinese.com/amp/trump-says-he-would-impose-tariffs-on-china-if-china-went-into-taiwan-20241019/7828462.html"
      ],
      "language": "English",
      "pure_emoji": false
    },
    {
      "user": "Lonely King",
      "comments": [
        "😂😂😂"
      ],
      "language": "Other",
      "pure_emoji": true
    },
    {
      "user": "Love yourself",
      "comments": [
        "遣送犯罪记录的人"
      ],
      "language": "Chinese",
      "pure_emoji": false
    },
    {
      "user": "Lucky Lee",
      "comments": [
        "中国：不要啊😅"
      ],
      "language": "Chinese",
      "pure_emoji": false
    },
    {
      "user": "MangoJungle",
      "comments": [
        "讲师😳"
      ],
      "language": "Chinese",
      "pure_emoji": false
    },
    {
      "user": "Maoyu Yang",
      "comments": [
        "把贵哥送回看来😁"
      ],
      "language": "Chinese",
      "pure_emoji": false
    },
    {
      "user": "Mark Fu",
      "comments": [
        "讚😁"
      ],
      "language": "Chinese",
      "pure_emoji": false
    },
    {
      "user": "Martin",
      "comments": [
        "又要到饭了，兄弟们"
      ],
      "language": "Chinese",
      "pure_emoji": false
    },
    {
      "user": "Medwin Johnny",
      "comments": [
        "😂well done Trump 👏"
      ],
      "language": "English",
      "pure_emoji": false
    },
    {
      "user": "Meifang Shen",
      "comments": [
        "举双手双脚赞成"
      ],
      "language": "Chinese",
      "pure_emoji": false
    },
    {
      "user": "Mia",
      "comments": [
        "right"
      ],
      "language": "English",
      "pure_emoji": false
    },
    {
      "user": "Minit2008",
      "comments": [
        "好好好"
      ],
      "language": "Chinese",
      "pure_emoji": false
    },
    {
      "user": "Minsky凌",
      "comments": [
        "遣返到台灣吧，中國大陸不需要熱攝"
      ],
      "language": "Chinese",
      "pure_emoji": false
    },
    {
      "user": "Misia",
      "comments": [
        "I want to take a moment to thank you all for your incredible support. Your love and positivity keep me going every day. Stay amazing and keep shining! My regards … reply me if you love me🙏🌟❤️"
      ],
      "language": "English",
      "pure_emoji": false
    },
    {
      "user": "Mixing you so much master",
      "comments": [
        "优先？😁"
      ],
      "language": "Chinese",
      "pure_emoji": false
    },
    {
      "user": "Morrise俊偉",
      "comments": [
        "拒收😂😂😂"
      ],
      "language": "Chinese",
      "pure_emoji": false
    },
    {
      "user": "Mortal💕",
      "comments": [
        "往哪遣。都没护照中国才不要"
      ],
      "language": "Chinese",
      "pure_emoji": false
    },
    {
      "user": "Mya",
      "comments": [
        "🥰🥰🥰"
      ],
      "language": "Other",
      "pure_emoji": true
    },
    {
      "user": "NOBLUE SKY",
      "comments": [
        "川普認為非法移民為美國帶來了毒品和犯罪，而中國的非法移民數量這幾年攀升出奇的高。肯定有許多中國非法移民是帶中國任務來的，目的是從內部破壞美國國家穩定。這是川普在競選時說的。對啊，為什麼這幾年中國非法移民攀升的這麼快呢？沒有中國從中運作這是怎麼可能呢？川普還說墨西哥的販毒集團跟人口販運，背後是有一個國家在背後支持的。我們知道這些人有很多中國人在裡面跟這些販毒集團做某種交易。（川普已經暗示的很明顯了）"
      ],
      "language": "Chinese",
      "pure_emoji": false
    },
    {
      "user": "Nike Yang",
      "comments": [
        "很正常啊。我们中国每年也遣返很多外国人。罚款2000-10000人民币。"
      ],
      "language": "Chinese",
      "pure_emoji": false
    },
    {
      "user": "Niubility",
      "comments": [
        "不接收"
      ],
      "language": "Chinese",
      "pure_emoji": false
    },
    {
      "user": "Null",
      "comments": [
        "🤣🤣🤣"
      ],
      "language": "Other",
      "pure_emoji": true
    },
    {
      "user": "Poh Tay",
      "comments": [
        "🥰🥰🥰"
      ],
      "language": "Other",
      "pure_emoji": true
    },
    {
      "user": "SHIU",
      "comments": [
        "支持送去第三國"
      ],
      "language": "Chinese",
      "pure_emoji": false
    },
    {
      "user": "Sakti Bima",
      "comments": [
        "自己要自强自立自信，让海外华人华裔自立自强自信的在当地做贡献。 鼓励自己鼓励他人，鼓励海外华人华裔积极的，参政，入党，从军，经商，在当地积极向上。"
      ],
      "language": "Chinese",
      "pure_emoji": false
    },
    {
      "user": "Sam013243",
      "comments": [
        "好"
      ],
      "language": "Chinese",
      "pure_emoji": false
    },
    {
      "user": "Selina Ander",
      "comments": [
        "🥰🥰🥰"
      ],
      "language": "Other",
      "pure_emoji": true
    },
    {
      "user": "Shan Bao",
      "comments": [
        "😳😳😳"
      ],
      "language": "Other",
      "pure_emoji": true
    },
    {
      "user": "SharkBangbang",
      "comments": [
        "這麼證明是中國人，護照都沒有了"
      ],
      "language": "Chinese",
      "pure_emoji": false
    },
    {
      "user": "Shere",
      "comments": [
        "不要都不收丟掉吧"
      ],
      "language": "Chinese",
      "pure_emoji": false
    },
    {
      "user": "Shushi Z",
      "comments": [
        "支持！把这些背叛祖国的人送到非洲"
      ],
      "language": "Chinese",
      "pure_emoji": false
    },
    {
      "user": "Simon lin",
      "comments": [
        "好好"
      ],
      "language": "Chinese",
      "pure_emoji": false
    },
    {
      "user": "Sky",
      "comments": [
        "好不容易饶一个大圈跑过去 被 老特遣返😂"
      ],
      "language": "Chinese",
      "pure_emoji": false
    },
    {
      "user": "Skydiving",
      "comments": [
        "👏"
      ],
      "language": "Other",
      "pure_emoji": true
    },
    {
      "user": "Sleep Bear",
      "comments": [
        "在美华人会不会被他集中起来管理😂"
      ],
      "language": "Chinese",
      "pure_emoji": false
    },
    {
      "user": "Steven",
      "comments": [
        "好不容易從中南美洲潤進去，這下慘了"
      ],
      "language": "Chinese",
      "pure_emoji": false
    },
    {
      "user": "Stewie",
      "comments": [
        "中国不收，美国不收，芜湖"
      ],
      "language": "Chinese",
      "pure_emoji": false
    },
    {
      "user": "Summerblue",
      "comments": [
        "强烈支持！！！ 太多非法移民真的很影响本地人的正常工作。 曾经的丁胖子广场根本不像现在这样的脏乱差"
      ],
      "language": "Chinese",
      "pure_emoji": false
    },
    {
      "user": "TK.Power",
      "comments": [
        "很好，讓世人了解該忠於自己國家 非我族群，其心必異"
      ],
      "language": "Chinese",
      "pure_emoji": false
    },
    {
      "user": "TZU TZU",
      "comments": [
        "酷"
      ],
      "language": "Chinese",
      "pure_emoji": false
    },
    {
      "user": "Tacitus",
      "comments": [
        "第三国是加拿大吗？"
      ],
      "language": "Chinese",
      "pure_emoji": false
    },
    {
      "user": "Taeyeon_bobo",
      "comments": [
        "肯定不要，中国不会接收叛徒"
      ],
      "language": "Chinese",
      "pure_emoji": false
    },
    {
      "user": "The_SangKyung",
      "comments": [
        "👏👏👏"
      ],
      "language": "Other",
      "pure_emoji": true
    },
    {
      "user": "Tiktoker",
      "comments": [
        "😁😁😁😁😁😁！",
        "送去第三國對中國最有利。 這些人大多有很有趣的過往！ 中國最好不要收。但是一些罪犯，貪官要抓回去（比例很高）。但是很大的貪官通常有合法的居留權。那些是抓不到的。"
      ],
      "language": "Chinese",
      "pure_emoji": false
    },
    {
      "user": "Tina",
      "comments": [
        "Need help? Follow me 👑💪"
      ],
      "language": "English",
      "pure_emoji": false
    },
    {
      "user": "Tong tong",
      "comments": [
        "不会接收。"
      ],
      "language": "Chinese",
      "pure_emoji": false
    },
    {
      "user": "Topyao",
      "comments": [
        "挺好的"
      ],
      "language": "Chinese",
      "pure_emoji": false
    },
    {
      "user": "Viola8doha",
      "comments": [
        "很好"
      ],
      "language": "Chinese",
      "pure_emoji": false
    },
    {
      "user": "Wangzheng WEl",
      "comments": [
        "建国同志，好好干😅"
      ],
      "language": "Chinese",
      "pure_emoji": false
    },
    {
      "user": "Westlake",
      "comments": [
        "沙比，哈哈哈……根本无法证明他们是中国籍的。 否则早就遣返了。"
      ],
      "language": "Chinese",
      "pure_emoji": false
    },
    {
      "user": "William",
      "comments": [
        "别想了，只要有护照就可以回去😂"
      ],
      "language": "Chinese",
      "pure_emoji": false
    },
    {
      "user": "William Low",
      "comments": [
        "乱报道，搞到一大堆仇恨，你报道下你自己的国家，还是你没胆乱报道"
      ],
      "language": "Chinese",
      "pure_emoji": false
    },
    {
      "user": "Win Jin Song",
      "comments": [
        "美國小弟：加拿大或澳洲。美國孫子：菲律賓。"
      ],
      "language": "Chinese",
      "pure_emoji": false
    },
    {
      "user": "Xiong Shawn",
      "comments": [
        "我看不懂英文？"
      ],
      "language": "Chinese",
      "pure_emoji": false
    },
    {
      "user": "YY",
      "comments": [
        "公布一下中共前一千领导人和家人的身份和资产"
      ],
      "language": "Chinese",
      "pure_emoji": false
    },
    {
      "user": "Ying Hsing Luan",
      "comments": [
        "做的好"
      ],
      "language": "Chinese",
      "pure_emoji": false
    },
    {
      "user": "Ying517777",
      "comments": [
        "從那來就回那去"
      ],
      "language": "Chinese",
      "pure_emoji": false
    },
    {
      "user": "Youth Digital Global Store",
      "comments": [
        "😂😂😂"
      ],
      "language": "Other",
      "pure_emoji": true
    },
    {
      "user": "Yu Shan",
      "comments": [
        "這時候，美國的人權價值都不吱了"
      ],
      "language": "Chinese",
      "pure_emoji": false
    },
    {
      "user": "ZEN",
      "comments": [
        "well done 👍"
      ],
      "language": "English",
      "pure_emoji": false
    },
    {
      "user": "Zeng Pang",
      "comments": [
        "那些在中国由于各种不同的原因出不了国的，做不了非法移民的人这下可乐怀了。幸灾乐祸乃人之常情也。😅"
      ],
      "language": "Chinese",
      "pure_emoji": false
    },
    {
      "user": "Zhen Zen Chen",
      "comments": [
        "🥰🥰🥰"
      ],
      "language": "Other",
      "pure_emoji": true
    },
    {
      "user": "Zhidao Bu",
      "comments": [
        "四年后就不是特朗普当总统了"
      ],
      "language": "Chinese",
      "pure_emoji": false
    },
    {
      "user": "Zhu Siran",
      "comments": [
        "第三国，人家为啥要你？特朗普低估了遣返的难度，实施不了当初的承诺是美国总统特色"
      ],
      "language": "Chinese",
      "pure_emoji": false
    },
    {
      "user": "ZzZzcccvi",
      "comments": [
        "护照一撕，中国和美国现在闹的欢，肯定拒接。送不回去的。😂😂😂"
      ],
      "language": "Chinese",
      "pure_emoji": false
    },
    {
      "user": "alis mei@欣梅",
      "comments": [
        "太好了😂😂😂"
      ],
      "language": "Chinese",
      "pure_emoji": false
    },
    {
      "user": "allanlin88",
      "comments": [
        "太好"
      ],
      "language": "Chinese",
      "pure_emoji": false
    },
    {
      "user": "alvinanew1230",
      "comments": [
        "中国不是很好吗？为什么要非法移民？"
      ],
      "language": "Chinese",
      "pure_emoji": false
    },
    {
      "user": "amin",
      "comments": [
        "现在他还没有权利，1月份才正式上任。"
      ],
      "language": "Chinese",
      "pure_emoji": false
    },
    {
      "user": "ao",
      "comments": [
        "一个个激动的你说了不算"
      ],
      "language": "Chinese",
      "pure_emoji": false
    },
    {
      "user": "ayjcbwwzl1e",
      "comments": [
        "哈哈，看那些为了拿绿卡抹黑中国的人怎么办"
      ],
      "language": "Chinese",
      "pure_emoji": false
    },
    {
      "user": "boooksyu",
      "comments": [
        "挺好"
      ],
      "language": "Chinese",
      "pure_emoji": false
    },
    {
      "user": "braineeeee",
      "comments": [
        "这些人大都是在国内做尽坏事，待不下去了，才跑到美国去"
      ],
      "language": "Chinese",
      "pure_emoji": false
    },
    {
      "user": "bruce",
      "comments": [
        "你凭什么证明他们来自中国，爱送哪去就送哪去"
      ],
      "language": "Chinese",
      "pure_emoji": false
    },
    {
      "user": "ccc",
      "comments": [
        "这才是明智的政治"
      ],
      "language": "Chinese",
      "pure_emoji": false
    },
    {
      "user": "charlieliu503",
      "comments": [
        "送第三国吧"
      ],
      "language": "Chinese",
      "pure_emoji": false
    },
    {
      "user": "chen",
      "comments": [
        "连护照都没有。只要中国不认 你能证明他是哪国的？。"
      ],
      "language": "Chinese",
      "pure_emoji": false
    },
    {
      "user": "cocker ~",
      "comments": [
        "直接放美国监狱就行了，我们不要"
      ],
      "language": "Chinese",
      "pure_emoji": false
    },
    {
      "user": "collie",
      "comments": [
        "不收"
      ],
      "language": "Chinese",
      "pure_emoji": false
    },
    {
      "user": "d",
      "comments": [
        "漂亮"
      ],
      "language": "Chinese",
      "pure_emoji": false
    },
    {
      "user": "devil.70",
      "comments": [
        "you are man of your words, stick to your stern and strict policy, well done trump🥰🥰🥰"
      ],
      "language": "English",
      "pure_emoji": false
    },
    {
      "user": "doudouyang",
      "comments": [
        "送乌克兰打工"
      ],
      "language": "Chinese",
      "pure_emoji": false
    },
    {
      "user": "douyinyouke",
      "comments": [
        "就地枪决"
      ],
      "language": "Chinese",
      "pure_emoji": false
    },
    {
      "user": "dycpof694nl5",
      "comments": [
        "那些非法中国人看了会怎么样"
      ],
      "language": "Chinese",
      "pure_emoji": false
    },
    {
      "user": "dyfl0j5ha2sv",
      "comments": [
        "太棒了"
      ],
      "language": "Chinese",
      "pure_emoji": false
    },
    {
      "user": "dyk4lzm94jq4",
      "comments": [
        "缅甸"
      ],
      "language": "Chinese",
      "pure_emoji": false
    },
    {
      "user": "dymfvxfrm1s4",
      "comments": [
        "😂为了拿绿卡当反贼的怎么办"
      ],
      "language": "Chinese",
      "pure_emoji": false
    },
    {
      "user": "edwin🌱",
      "comments": [
        "CCP spy"
      ],
      "language": "English",
      "pure_emoji": false
    },
    {
      "user": "ei H爱蓝绿红",
      "comments": [
        "送去开发卢旺达😁"
      ],
      "language": "Chinese",
      "pure_emoji": false
    },
    {
      "user": "ev charging",
      "comments": [
        "中国不要了。"
      ],
      "language": "Chinese",
      "pure_emoji": false
    },
    {
      "user": "fabio/政",
      "comments": [
        "又在自说自话了。"
      ],
      "language": "Chinese",
      "pure_emoji": false
    },
    {
      "user": "fighting",
      "comments": [
        "中国不会接收的，那就移送到第三国好了。"
      ],
      "language": "Chinese",
      "pure_emoji": false
    },
    {
      "user": "fred",
      "comments": [
        "既然是非法的，越早解決越好"
      ],
      "language": "Chinese",
      "pure_emoji": false
    },
    {
      "user": "future",
      "comments": [
        "尽快把丁胖子遣返回来先"
      ],
      "language": "Chinese",
      "pure_emoji": false
    },
    {
      "user": "goat",
      "comments": [
        "回来国内争取民主自由啊，这样就不用跑去美国了😁"
      ],
      "language": "Chinese",
      "pure_emoji": false
    },
    {
      "user": "gowzero",
      "comments": [
        "不要不要，希望懂王发挥自由民主主义，收留难民"
      ],
      "language": "Chinese",
      "pure_emoji": false
    },
    {
      "user": "huazhang293",
      "comments": [
        "放p"
      ],
      "language": "Mixed",
      "pure_emoji": false
    },
    {
      "user": "i",
      "comments": [
        "不收"
      ],
      "language": "Chinese",
      "pure_emoji": false
    },
    {
      "user": "i'm John",
      "comments": [
        "送去乌克兰，爱你特兰普🥰"
      ],
      "language": "Chinese",
      "pure_emoji": false
    },
    {
      "user": "iamalwaysalone11",
      "comments": [
        "这才是好领导！哪像有的国家成天到处乱送，乱媚的！还要几十万奖学金请非洲人留学"
      ],
      "language": "Chinese",
      "pure_emoji": false
    },
    {
      "user": "jackchen905",
      "comments": [
        "第三国是危地马拉🥺"
      ],
      "language": "Chinese",
      "pure_emoji": false
    },
    {
      "user": "jiangbutong996",
      "comments": [
        "好消息啊😁"
      ],
      "language": "Chinese",
      "pure_emoji": false
    },
    {
      "user": "jianminxia806",
      "comments": [
        "我支持特朗普做得非常好，快点行动😃😃😃😃"
      ],
      "language": "Chinese",
      "pure_emoji": false
    },
    {
      "user": "jingliangliu4",
      "comments": [
        "好就这样"
      ],
      "language": "Chinese",
      "pure_emoji": false
    },
    {
      "user": "jjjjjjjjnn5555233",
      "comments": [
        "😂😂完美"
      ],
      "language": "Chinese",
      "pure_emoji": false
    },
    {
      "user": "judydunn860",
      "comments": [
        "川普： 你不能不公平哦！"
      ],
      "language": "Chinese",
      "pure_emoji": false
    },
    {
      "user": "junglecong",
      "comments": [
        "哈哈哈 早就看到了"
      ],
      "language": "Chinese",
      "pure_emoji": false
    },
    {
      "user": "jy0222111",
      "comments": [
        "中国终于有了优先地位。"
      ],
      "language": "Chinese",
      "pure_emoji": false
    },
    {
      "user": "karenalin526",
      "comments": [
        "像你这种造谣噌流量的视频应该被禁播！"
      ],
      "language": "Chinese",
      "pure_emoji": false
    },
    {
      "user": "ken oo",
      "comments": [
        "🥰🥰🥰"
      ],
      "language": "Other",
      "pure_emoji": true
    },
    {
      "user": "kiki love",
      "comments": [
        "太多了～好紧清理一下所有的政治庇护吧～真的～让没美国真的很没有安全感，真的很讨厌，骗子还很多，希望他们全部被清理掉那些庇护过来的人，以后也不要有难民这一向了，否则最后以后坏的多好的少了"
      ],
      "language": "Chinese",
      "pure_emoji": false
    },
    {
      "user": "krystal4",
      "comments": [
        "给力！"
      ],
      "language": "Chinese",
      "pure_emoji": false
    },
    {
      "user": "kurtlee874",
      "comments": [
        "还没上任呢！哪里有权力？将来时吧"
      ],
      "language": "Chinese",
      "pure_emoji": false
    },
    {
      "user": "lee",
      "comments": [
        "不要 坚决不要……"
      ],
      "language": "Chinese",
      "pure_emoji": false
    },
    {
      "user": "leebk193716",
      "comments": [
        "很好 背棄國家的人 就適合顛沛流離"
      ],
      "language": "Chinese",
      "pure_emoji": false
    },
    {
      "user": "leeya690",
      "comments": [
        "为什么中国据绝非法疑民？"
      ],
      "language": "Chinese",
      "pure_emoji": false
    },
    {
      "user": "leo",
      "comments": [
        "漂亮，那些在美国骂共舔美的人得慌了！"
      ],
      "language": "Chinese",
      "pure_emoji": false
    },
    {
      "user": "levantar",
      "comments": [
        "非法移民直接送去台湾就好了😁😁"
      ],
      "language": "Chinese",
      "pure_emoji": false
    },
    {
      "user": "libin19780808",
      "comments": [
        "不吹牛会死啊！"
      ],
      "language": "Chinese",
      "pure_emoji": false
    },
    {
      "user": "lifang",
      "comments": [
        "有哪个第三国回收呢？"
      ],
      "language": "Chinese",
      "pure_emoji": false
    },
    {
      "user": "linaghquy70",
      "comments": [
        "不要送到中国"
      ],
      "language": "Chinese",
      "pure_emoji": false
    },
    {
      "user": "line👆Mr",
      "comments": [
        "应该把权贵子女通通遣返，资金冻结，普通人让他们好好贡献通过努力获取绿卡"
      ],
      "language": "Chinese",
      "pure_emoji": false
    },
    {
      "user": "linhng0264",
      "comments": [
        "送去开发西伯利亚农业区"
      ],
      "language": "Chinese",
      "pure_emoji": false
    },
    {
      "user": "linli",
      "comments": [
        "送去缅北吧！他们那里比较需要人😂"
      ],
      "language": "Chinese",
      "pure_emoji": false
    },
    {
      "user": "little Chinese girl",
      "comments": [
        "有证据吗啥时候"
      ],
      "language": "Chinese",
      "pure_emoji": false
    },
    {
      "user": "liuchangguang",
      "comments": [
        "肯定拒绝"
      ],
      "language": "Chinese",
      "pure_emoji": false
    },
    {
      "user": "lookingmyeyesssssssss",
      "comments": [
        "第三國還是第三世界？😂"
      ],
      "language": "Chinese",
      "pure_emoji": false
    },
    {
      "user": "lustrous and transparent",
      "comments": [
        "这次那些整天诋毁中国的非法移民得到报应了"
      ],
      "language": "Chinese",
      "pure_emoji": false
    },
    {
      "user": "maoh836",
      "comments": [
        "问题是在美国没有中国非法移民，都有申请case，都是合法的"
      ],
      "language": "Mixed",
      "pure_emoji": false
    },
    {
      "user": "meen",
      "comments": [
        "中国也不要了咋办"
      ],
      "language": "Chinese",
      "pure_emoji": false
    },
    {
      "user": "micshuang",
      "comments": [
        "如果这样做不就证明美国开始走不民主路线了😳"
      ],
      "language": "Chinese",
      "pure_emoji": false
    },
    {
      "user": "ming jin",
      "comments": [
        "🥰🥰"
      ],
      "language": "Other",
      "pure_emoji": true
    },
    {
      "user": "momo",
      "comments": [
        "不可能 我朋友们都呆的好好的 大美刀挣着 美着呢 所以不用担心"
      ],
      "language": "Chinese",
      "pure_emoji": false
    },
    {
      "user": "nerawdawnerawdaw",
      "comments": [
        "也不會好到那裡去啦！😁😁😁",
        "🇨🇳🐉🏋️💪👍我很自在. I'm proud to be a Chinese by birth and by calling.💪"
      ],
      "language": "Mixed",
      "pure_emoji": false
    },
    {
      "user": "ohmytiktok2020",
      "comments": [
        "中国人爱偷渡欧美，但从来没有欧美人愿意偷渡中国。连泰国马来西亚这样的国家也没有人去中国"
      ],
      "language": "Chinese",
      "pure_emoji": false
    },
    {
      "user": "ongahxinn@gmail.com",
      "comments": [
        "China Political Be careful Might Be Some SPY Send To China Political Please Take Note?😳"
      ],
      "language": "English",
      "pure_emoji": false
    },
    {
      "user": "pamirchen🇨🇦",
      "comments": [
        "这是对的，中国那么好，这些人回去不至于饿死。其它国家的移民遣返的话可能活不下去"
      ],
      "language": "Chinese",
      "pure_emoji": false
    },
    {
      "user": "paskill",
      "comments": [
        "调虎离山"
      ],
      "language": "Chinese",
      "pure_emoji": false
    },
    {
      "user": "perovskite",
      "comments": [
        "這些潤人就應該送去盧旺達"
      ],
      "language": "Chinese",
      "pure_emoji": false
    },
    {
      "user": "peterdagege",
      "comments": [
        "送到乌克兰，那边少人"
      ],
      "language": "Chinese",
      "pure_emoji": false
    },
    {
      "user": "precipice65",
      "comments": [
        "第三国家是指那些不敢拒绝美国的国家？"
      ],
      "language": "Chinese",
      "pure_emoji": false
    },
    {
      "user": "princess",
      "comments": [
        "特朗普不搞舆论战争了？这批这么好的苗子说扔就扔？"
      ],
      "language": "Chinese",
      "pure_emoji": false
    },
    {
      "user": "purpleling",
      "comments": [
        "不能收"
      ],
      "language": "Chinese",
      "pure_emoji": false
    },
    {
      "user": "qdw533",
      "comments": [
        "润人郁闷啊！"
      ],
      "language": "Chinese",
      "pure_emoji": false
    },
    {
      "user": "qiaoli142",
      "comments": [
        "为什么中国优先"
      ],
      "language": "Chinese",
      "pure_emoji": false
    },
    {
      "user": "raylim79",
      "comments": [
        "中国谢谢你🤣🤣"
      ],
      "language": "Chinese",
      "pure_emoji": false
    },
    {
      "user": "rk Zhang",
      "comments": [
        "这个不好吧。毕竟他们热爱美国"
      ],
      "language": "Chinese",
      "pure_emoji": false
    },
    {
      "user": "ryan",
      "comments": [
        "不要"
      ],
      "language": "Chinese",
      "pure_emoji": false
    },
    {
      "user": "samcheong83",
      "comments": [
        "丢掉算了"
      ],
      "language": "Chinese",
      "pure_emoji": false
    },
    {
      "user": "senturymotorsport",
      "comments": [
        "美国有希望了"
      ],
      "language": "Chinese",
      "pure_emoji": false
    },
    {
      "user": "sh an",
      "comments": [
        "还有这种好事😅"
      ],
      "language": "Chinese",
      "pure_emoji": false
    },
    {
      "user": "sinokezi",
      "comments": [
        "金胖子要回国了吗？"
      ],
      "language": "Chinese",
      "pure_emoji": false
    },
    {
      "user": "steve",
      "comments": [
        "不愧是建国，心心念念想着China"
      ],
      "language": "Mixed",
      "pure_emoji": false
    },
    {
      "user": "sunroar8",
      "comments": [
        "优先，待遇不错。"
      ],
      "language": "Chinese",
      "pure_emoji": false
    },
    {
      "user": "sww558",
      "comments": [
        "危言耸听"
      ],
      "language": "Chinese",
      "pure_emoji": false
    },
    {
      "user": "sơn Nguyễn🤗",
      "comments": [
        "别遣返了，都是些打黑工和搞了钱移民过去的，直接崩了就行😏"
      ],
      "language": "Chinese",
      "pure_emoji": false
    },
    {
      "user": "tickertoker",
      "comments": [
        "中介商退款。"
      ],
      "language": "Chinese",
      "pure_emoji": false
    },
    {
      "user": "todesk",
      "comments": [
        "我们不要，让他们滚"
      ],
      "language": "Chinese",
      "pure_emoji": false
    },
    {
      "user": "uniquehouz pte ltd",
      "comments": [
        "🥰"
      ],
      "language": "Other",
      "pure_emoji": true
    },
    {
      "user": "user2723081424957",
      "comments": [
        "回来的都是汉奸我们不要"
      ],
      "language": "Chinese",
      "pure_emoji": false
    },
    {
      "user": "user2982907750099",
      "comments": [
        "中国要收回这些人吗？"
      ],
      "language": "Chinese",
      "pure_emoji": false
    },
    {
      "user": "user3657211778869",
      "comments": [
        "干得好😂😂"
      ],
      "language": "Chinese",
      "pure_emoji": false
    },
    {
      "user": "user4625794914635",
      "comments": [
        "送到台湾，正好统一😁"
      ],
      "language": "Chinese",
      "pure_emoji": false
    },
    {
      "user": "user4838026639881",
      "comments": [
        "🤔🤔🤔🤔🤔🤔🤔🤔"
      ],
      "language": "Other",
      "pure_emoji": true
    },
    {
      "user": "user49313515365155",
      "comments": [
        "真的假的？"
      ],
      "language": "Chinese",
      "pure_emoji": false
    },
    {
      "user": "user5058801461545",
      "comments": [
        "哈哈，他们喜欢印度，非洲，"
      ],
      "language": "Chinese",
      "pure_emoji": false
    },
    {
      "user": "user5302074284849",
      "comments": [
        "国民没有教育好！特朗普替我们教育啦！😅😂😁😂😁"
      ],
      "language": "Chinese",
      "pure_emoji": false
    },
    {
      "user": "user6390134880055",
      "comments": [
        "支持"
      ],
      "language": "Chinese",
      "pure_emoji": false
    },
    {
      "user": "user6519612009287",
      "comments": [
        "😂😂😂😂😂😂😂😂😂"
      ],
      "language": "Other",
      "pure_emoji": true
    },
    {
      "user": "user6551023585666",
      "comments": [
        "nice"
      ],
      "language": "English",
      "pure_emoji": false
    },
    {
      "user": "user66616598150334",
      "comments": [
        "你想送去那就送去那 不要送回中國"
      ],
      "language": "Chinese",
      "pure_emoji": false
    },
    {
      "user": "user725505607217",
      "comments": [
        "👍👍👍😀"
      ],
      "language": "Other",
      "pure_emoji": true
    },
    {
      "user": "user7387780141688",
      "comments": [
        "咋想的，在中国卖个烤红薯，也比在美国赚的多"
      ],
      "language": "Chinese",
      "pure_emoji": false
    },
    {
      "user": "user74635345281937",
      "comments": [
        "这些非法移民就是每天为了绿卡，各种喊口号那群人，听到这真爽",
        "听到这个真爽，那些非法移民就是每天去喊口号的那些人。"
      ],
      "language": "Chinese",
      "pure_emoji": false
    },
    {
      "user": "user7669069284963",
      "comments": [
        "据说不收或不肯回去的，将送非洲某地或海外军事基地战俘集中营"
      ],
      "language": "Chinese",
      "pure_emoji": false
    },
    {
      "user": "user7897621778450",
      "comments": [
        "😳😳😳"
      ],
      "language": "Other",
      "pure_emoji": true
    },
    {
      "user": "user7c8css73ze",
      "comments": [
        "都放在孤岛上。"
      ],
      "language": "Chinese",
      "pure_emoji": false
    },
    {
      "user": "user8669524719560",
      "comments": [
        "送非洲大草原😅😅😅"
      ],
      "language": "Chinese",
      "pure_emoji": false
    },
    {
      "user": "user9300085715962",
      "comments": [
        "支持"
      ],
      "language": "Chinese",
      "pure_emoji": false
    },
    {
      "user": "userb6zaiuvmm9",
      "comments": [
        "惨了两边谁都不要，乌克兰和远东考虑一下"
      ],
      "language": "Chinese",
      "pure_emoji": false
    },
    {
      "user": "userfjw8ho0prs",
      "comments": [
        "送去烏克蘭？"
      ],
      "language": "Chinese",
      "pure_emoji": false
    },
    {
      "user": "view",
      "comments": [
        "好不容易做好的垃圾分类 ，怎么可以重新接纳？"
      ],
      "language": "Chinese",
      "pure_emoji": false
    },
    {
      "user": "vivi",
      "comments": [
        "😂😂"
      ],
      "language": "Other",
      "pure_emoji": true
    },
    {
      "user": "wenchenzhang3",
      "comments": [
        "乱发，送那个第三国？"
      ],
      "language": "Chinese",
      "pure_emoji": false
    },
    {
      "user": "weng",
      "comments": [
        "👍👍👍👍👍"
      ],
      "language": "Other",
      "pure_emoji": true
    },
    {
      "user": "wentaogao4",
      "comments": [
        "回来的人，会不会更加极端，去体育场杀人"
      ],
      "language": "Chinese",
      "pure_emoji": false
    },
    {
      "user": "wer422",
      "comments": [
        "😳😳😳"
      ],
      "language": "Other",
      "pure_emoji": true
    },
    {
      "user": "williams gordon",
      "comments": [
        "送韓國"
      ],
      "language": "Chinese",
      "pure_emoji": false
    },
    {
      "user": "wince zhang",
      "comments": [
        "沒有常識"
      ],
      "language": "Chinese",
      "pure_emoji": false
    },
    {
      "user": "wolfjoe09",
      "comments": [
        "漂亮"
      ],
      "language": "Chinese",
      "pure_emoji": false
    },
    {
      "user": "word",
      "comments": [
        "学英国，一个非法移民花7亿😂"
      ],
      "language": "Chinese",
      "pure_emoji": false
    },
    {
      "user": "wushanvlog",
      "comments": [
        "走线的 惨了"
      ],
      "language": "Chinese",
      "pure_emoji": false
    },
    {
      "user": "xgh",
      "comments": [
        "那些反中的坏人有些睡不着了"
      ],
      "language": "Chinese",
      "pure_emoji": false
    },
    {
      "user": "xiaojungong7",
      "comments": [
        "随便啊，"
      ],
      "language": "Chinese",
      "pure_emoji": false
    },
    {
      "user": "xiaokai1818",
      "comments": [
        "😂😂😂"
      ],
      "language": "Other",
      "pure_emoji": true
    },
    {
      "user": "xin",
      "comments": [
        "特郎普说了以前留美都是人才、现在移美的都是坏蛋"
      ],
      "language": "Chinese",
      "pure_emoji": false
    },
    {
      "user": "xxaaxx",
      "comments": [
        "这跟对中国示好吗？😂"
      ],
      "language": "Chinese",
      "pure_emoji": false
    },
    {
      "user": "yao",
      "comments": [
        "很好阿"
      ],
      "language": "Chinese",
      "pure_emoji": false
    },
    {
      "user": "ybbtybbt",
      "comments": [
        "支持😂"
      ],
      "language": "Chinese",
      "pure_emoji": false
    },
    {
      "user": "yingjun zhao",
      "comments": [
        "非常好"
      ],
      "language": "Chinese",
      "pure_emoji": false
    },
    {
      "user": "yklee2020",
      "comments": [
        "😂😂😂"
      ],
      "language": "Other",
      "pure_emoji": true
    },
    {
      "user": "yongdu12",
      "comments": [
        "😁😁😁"
      ],
      "language": "Other",
      "pure_emoji": true
    },
    {
      "user": "yuewang113",
      "comments": [
        "你们那叫顺便 不叫优先 论数量质量你们都没那么重要 别老给自己的加戏"
      ],
      "language": "Chinese",
      "pure_emoji": false
    },
    {
      "user": "zebra11",
      "comments": [
        "送去中國的盟友阿富汗😂",
        "送給中國的盟友北韓也可以😂",
        "北韓很缺人😂",
        "送去北韓😂讓他們自己回家😅"
      ],
      "language": "Chinese",
      "pure_emoji": false
    },
    {
      "user": "zhengjialong0515",
      "comments": [
        "非常好"
      ],
      "language": "Chinese",
      "pure_emoji": false
    },
    {
      "user": "zhifei yan",
      "comments": [
        "绿卡的华人笑了",
        "唇亡齿寒"
      ],
      "language": "Chinese",
      "pure_emoji": false
    },
    {
      "user": "zhoujiawen",
      "comments": [
        "干的好"
      ],
      "language": "Chinese",
      "pure_emoji": false
    },
    {
      "user": "ziluan lin",
      "comments": [
        "不好意思，我们不收了😏"
      ],
      "language": "Chinese",
      "pure_emoji": false
    },
    {
      "user": "Адал ақтілек",
      "comments": [
        "漂亮"
      ],
      "language": "Chinese",
      "pure_emoji": false
    },
    {
      "user": "максим",
      "comments": [
        "太好了"
      ],
      "language": "Chinese",
      "pure_emoji": false
    },
    {
      "user": "…………",
      "comments": [
        "始终都是自己同胞的媒体说的最恐怖😂"
      ],
      "language": "Chinese",
      "pure_emoji": false
    },
    {
      "user": "╰☆秦·嬴辉メ",
      "comments": [
        "都送去英国吧",
        "送去爱尔兰🇮🇪 苏格兰🏴󠁧󠁢󠁳󠁣󠁴󠁿 荷兰🇳🇱瑞士🇨🇭"
      ],
      "language": "Chinese",
      "pure_emoji": false
    },
    {
      "user": "♨️♨️",
      "comments": [
        "两头不到岸 😂😂"
      ],
      "language": "Chinese",
      "pure_emoji": false
    },
    {
      "user": "❤️余❤️",
      "comments": [
        "送去土地大，人口少的地方"
      ],
      "language": "Chinese",
      "pure_emoji": false
    },
    {
      "user": "おぎ",
      "comments": [
        "金牌讲师🤣🤣🤣🤣"
      ],
      "language": "Chinese",
      "pure_emoji": false
    },
    {
      "user": "ハク",
      "comments": [
        "反正横竖都是死干就完了"
      ],
      "language": "Chinese",
      "pure_emoji": false
    },
    {
      "user": "一世轮回",
      "comments": [
        "好"
      ],
      "language": "Chinese",
      "pure_emoji": false
    },
    {
      "user": "中华",
      "comments": [
        "一窝端了，"
      ],
      "language": "Chinese",
      "pure_emoji": false
    },
    {
      "user": "中国印象",
      "comments": [
        "干得好。"
      ],
      "language": "Chinese",
      "pure_emoji": false
    },
    {
      "user": "中柬海外置业(房地产)资源",
      "comments": [
        "送走吧"
      ],
      "language": "Chinese",
      "pure_emoji": false
    },
    {
      "user": "五吉郎",
      "comments": [
        "剛好通通送給烏克蘭當兵，掃雷衝先鋒對抗朝鮮兵。"
      ],
      "language": "Chinese",
      "pure_emoji": false
    },
    {
      "user": "人神愤共",
      "comments": [
        "就像文革，自己人生命"
      ],
      "language": "Chinese",
      "pure_emoji": false
    },
    {
      "user": "仝懿",
      "comments": [
        "你要先证明他们是中国人要有护照"
      ],
      "language": "Chinese",
      "pure_emoji": false
    },
    {
      "user": "伙伴冰棍",
      "comments": [
        "我们不要，叛国者要来浪费粮食和资源"
      ],
      "language": "Chinese",
      "pure_emoji": false
    },
    {
      "user": "侯六六🌻",
      "comments": [
        "👍🏻👍🏻👍🏻👍🏻👍🏻"
      ],
      "language": "Other",
      "pure_emoji": true
    },
    {
      "user": "修易",
      "comments": [
        "太好了"
      ],
      "language": "Chinese",
      "pure_emoji": false
    },
    {
      "user": "健民医院",
      "comments": [
        "这些人里有大批是中国高官的亲属"
      ],
      "language": "Chinese",
      "pure_emoji": false
    },
    {
      "user": "傻女人",
      "comments": [
        "吃太饱了管闲事"
      ],
      "language": "Chinese",
      "pure_emoji": false
    },
    {
      "user": "冷如風",
      "comments": [
        "很好阿 既然是非法的，就送走阿"
      ],
      "language": "Chinese",
      "pure_emoji": false
    },
    {
      "user": "凡人",
      "comments": [
        "应该浪有中人户口银行倒闭才是上策"
      ],
      "language": "Chinese",
      "pure_emoji": false
    },
    {
      "user": "刘源",
      "comments": [
        "🤨🤨🤨"
      ],
      "language": "Other",
      "pure_emoji": true
    },
    {
      "user": "加州驾校杰森",
      "comments": [
        "没有那么严重"
      ],
      "language": "Chinese",
      "pure_emoji": false
    },
    {
      "user": "华夏，神州，",
      "comments": [
        "反华的先锋们，你们要去哪里，没有政治庇护了哦，"
      ],
      "language": "Chinese",
      "pure_emoji": false
    },
    {
      "user": "厚朴",
      "comments": [
        "没有身份证护照的拒绝接收。"
      ],
      "language": "Chinese",
      "pure_emoji": false
    },
    {
      "user": "台独智障",
      "comments": [
        "送到索马里吧"
      ],
      "language": "Chinese",
      "pure_emoji": false
    },
    {
      "user": "右京",
      "comments": [
        "拜登就提過了，中國不承認這些是中國人😏😏"
      ],
      "language": "Chinese",
      "pure_emoji": false
    },
    {
      "user": "吴锋",
      "comments": [
        "第三国是哪里？"
      ],
      "language": "Chinese",
      "pure_emoji": false
    },
    {
      "user": "周Edwin",
      "comments": [
        "😁😁😁"
      ],
      "language": "Other",
      "pure_emoji": true
    },
    {
      "user": "咖啡牛奶無牙峰",
      "comments": [
        "建議送去俄國，幫俄爹打仗"
      ],
      "language": "Chinese",
      "pure_emoji": false
    },
    {
      "user": "咸鱼哥",
      "comments": [
        "新闻都没看到"
      ],
      "language": "Chinese",
      "pure_emoji": false
    },
    {
      "user": "哈维",
      "comments": [
        "不要😂"
      ],
      "language": "Chinese",
      "pure_emoji": false
    },
    {
      "user": "哎呦我去",
      "comments": [
        "一千多万华人全部遣返中国 共产党真不敢要😁"
      ],
      "language": "Chinese",
      "pure_emoji": false
    },
    {
      "user": "喜欢大熊的小熊",
      "comments": [
        "送非洲去😁"
      ],
      "language": "Chinese",
      "pure_emoji": false
    },
    {
      "user": "国内外号源批发，接码✈️看主页",
      "comments": [
        "感谢作者的分享，让我对这个问题有了更深入的了解，点赞支持！"
      ],
      "language": "Chinese",
      "pure_emoji": false
    },
    {
      "user": "土匪兔子",
      "comments": [
        "问题是怎么证明是中国的？"
      ],
      "language": "Chinese",
      "pure_emoji": false
    },
    {
      "user": "在越华人mai ge",
      "comments": [
        "送去非洲吧"
      ],
      "language": "Chinese",
      "pure_emoji": false
    },
    {
      "user": "塞尔维亚欧洲中转站",
      "comments": [
        "塞尔维亚欢迎大家到德国意大利学习工作"
      ],
      "language": "Chinese",
      "pure_emoji": false
    },
    {
      "user": "夏仕春",
      "comments": [
        "那些人多是亲美人，那不是白白亲美咯空了"
      ],
      "language": "Chinese",
      "pure_emoji": false
    },
    {
      "user": "夜半花开",
      "comments": [
        "送非洲或者孤岛呗"
      ],
      "language": "Chinese",
      "pure_emoji": false
    },
    {
      "user": "大中華",
      "comments": [
        "Send back those are members of ccp"
      ],
      "language": "English",
      "pure_emoji": false
    },
    {
      "user": "大帳被誤封",
      "comments": [
        "中國人確實問題很多😳"
      ],
      "language": "Chinese",
      "pure_emoji": false
    },
    {
      "user": "大黑旅遊記",
      "comments": [
        "太好了"
      ],
      "language": "Chinese",
      "pure_emoji": false
    },
    {
      "user": "天空（陈）",
      "comments": [
        "好好好👍"
      ],
      "language": "Chinese",
      "pure_emoji": false
    },
    {
      "user": "好动手的老王",
      "comments": [
        "八格牙路"
      ],
      "language": "Chinese",
      "pure_emoji": false
    },
    {
      "user": "宅男",
      "comments": [
        "很好，支持他😁😁😁"
      ],
      "language": "Chinese",
      "pure_emoji": false
    },
    {
      "user": "小九麻辣烫~Sidamduan",
      "comments": [
        "地球是人类的，但是很显然人类说的不算"
      ],
      "language": "Chinese",
      "pure_emoji": false
    },
    {
      "user": "小傻",
      "comments": [
        "送去烏克蘭 暖心🥰🥰🥰"
      ],
      "language": "Chinese",
      "pure_emoji": false
    },
    {
      "user": "小目标",
      "comments": [
        "那些走路的咋办？爷爷不疼姥姥不爱的😂"
      ],
      "language": "Chinese",
      "pure_emoji": false
    },
    {
      "user": "小豆苗",
      "comments": [
        "幫了中國忙但人就不用回來了.🤣🤣🤣🤣🤣"
      ],
      "language": "Chinese",
      "pure_emoji": false
    },
    {
      "user": "小魚吃蝦米",
      "comments": [
        "非常好"
      ],
      "language": "Chinese",
      "pure_emoji": false
    },
    {
      "user": "小鲁班",
      "comments": [
        "中国也不要了这些移民"
      ],
      "language": "Chinese",
      "pure_emoji": false
    },
    {
      "user": "山卡拉",
      "comments": [
        "假新闻都应该有底线吧"
      ],
      "language": "Chinese",
      "pure_emoji": false
    },
    {
      "user": "幽冥静海🇯🇵",
      "comments": [
        "太好了😂😂😂"
      ],
      "language": "Chinese",
      "pure_emoji": false
    },
    {
      "user": "廖麒棟",
      "comments": [
        "😁😁😁完美的風景"
      ],
      "language": "Chinese",
      "pure_emoji": false
    },
    {
      "user": "张熙",
      "comments": [
        "快把他们扔以色列去 让他们上战场"
      ],
      "language": "Chinese",
      "pure_emoji": false
    },
    {
      "user": "張俊豪",
      "comments": [
        "😂😂😂送緬甸"
      ],
      "language": "Chinese",
      "pure_emoji": false
    },
    {
      "user": "当时只道是寻常",
      "comments": [
        "好！"
      ],
      "language": "Chinese",
      "pure_emoji": false
    },
    {
      "user": "微笑的陽光",
      "comments": [
        "送去沙漠造林啊！都不愛中國只信美國月亮圓😏"
      ],
      "language": "Chinese",
      "pure_emoji": false
    },
    {
      "user": "心不能走",
      "comments": [
        "我靠，这个就有意思了哈😂润人们走线走到非洲😂"
      ],
      "language": "Chinese",
      "pure_emoji": false
    },
    {
      "user": "恩搢",
      "comments": [
        "好啊都给他们送到第三国"
      ],
      "language": "Chinese",
      "pure_emoji": false
    },
    {
      "user": "我在天地間獨行",
      "comments": [
        "第一個司馬夾頭"
      ],
      "language": "Chinese",
      "pure_emoji": false
    },
    {
      "user": "我是你爹",
      "comments": [
        "取消国籍取消绿卡身份。全部送回去😂"
      ],
      "language": "Chinese",
      "pure_emoji": false
    },
    {
      "user": "扛不住的甘苦人",
      "comments": [
        "麻煩你把賴清德的兒子，或他們全家都送回來😂"
      ],
      "language": "Chinese",
      "pure_emoji": false
    },
    {
      "user": "抖音爸爸",
      "comments": [
        "網紅要飯哥 怎麼辦！"
      ],
      "language": "Chinese",
      "pure_emoji": false
    },
    {
      "user": "护照办理",
      "comments": [
        "希望遣送台湾😂😂"
      ],
      "language": "Chinese",
      "pure_emoji": false
    },
    {
      "user": "拓 贺",
      "comments": [
        "遣返非洲"
      ],
      "language": "Chinese",
      "pure_emoji": false
    },
    {
      "user": "掉兩枚紙板",
      "comments": [
        "中國那麼好 為什麼要這樣勒😂"
      ],
      "language": "Chinese",
      "pure_emoji": false
    },
    {
      "user": "擦了",
      "comments": [
        "以前那些回国装逼的现在要像狗一样的跑回国内求收留"
      ],
      "language": "Chinese",
      "pure_emoji": false
    },
    {
      "user": "无情的泡面",
      "comments": [
        "已经是移民，但为啥是非法，既然是非法以前为什么留着，这应该就是非法移民的最后一点价值了吧"
      ],
      "language": "Chinese",
      "pure_emoji": false
    },
    {
      "user": "日进斗金，usdt分流日进5k/1W长期合作，观看主页✈️",
      "comments": [
        "各有各的路 以自己为中心才是我们Life style😳"
      ],
      "language": "Mixed",
      "pure_emoji": false
    },
    {
      "user": "旺府1201",
      "comments": [
        "制裁……"
      ],
      "language": "Chinese",
      "pure_emoji": false
    },
    {
      "user": "昌常畅唱",
      "comments": [
        "感恩靠谱帮忙教训愚民"
      ],
      "language": "Chinese",
      "pure_emoji": false
    },
    {
      "user": "易拉罐",
      "comments": [
        "不用说了直接送到第三国"
      ],
      "language": "Chinese",
      "pure_emoji": false
    },
    {
      "user": "星の探",
      "comments": [
        "哈哈，那些润人没有护照没有身份证，我们肯定不收"
      ],
      "language": "Chinese",
      "pure_emoji": false
    },
    {
      "user": "春日一番",
      "comments": [
        "零元購的不先？還是可以繼續零元購？"
      ],
      "language": "Chinese",
      "pure_emoji": false
    },
    {
      "user": "春龍",
      "comments": [
        "嗯！好事儿！让你们得瑟！"
      ],
      "language": "Chinese",
      "pure_emoji": false
    },
    {
      "user": "曼谷张哥",
      "comments": [
        "太好了"
      ],
      "language": "Chinese",
      "pure_emoji": false
    },
    {
      "user": "李s",
      "comments": [
        "谁知道那里面有没有间谍"
      ],
      "language": "Chinese",
      "pure_emoji": false
    },
    {
      "user": "李世鹏🇭🇰🇭🇰🇭🇰🇭🇰🇭🇰",
      "comments": [
        "🥰"
      ],
      "language": "Other",
      "pure_emoji": true
    },
    {
      "user": "李太白",
      "comments": [
        "讚"
      ],
      "language": "Chinese",
      "pure_emoji": false
    },
    {
      "user": "李宥𣚦",
      "comments": [
        "😂😂😂😂😂"
      ],
      "language": "Other",
      "pure_emoji": true
    },
    {
      "user": "李志远",
      "comments": [
        "送去台湾 没有二選"
      ],
      "language": "Chinese",
      "pure_emoji": false
    },
    {
      "user": "李美惠",
      "comments": [
        "遣返吧！他們老喜歡在斗音上，歌頌讚揚他們偉大的祖國，我想他們應該很想回去，直是回不去，好心送他們ㄧ程"
      ],
      "language": "Chinese",
      "pure_emoji": false
    },
    {
      "user": "杨洋",
      "comments": [
        "好好样的👍👍👍",
        "👍👍👍👍👍👍"
      ],
      "language": "Chinese",
      "pure_emoji": false
    },
    {
      "user": "杨洋羊",
      "comments": [
        "哈哈无所谓"
      ],
      "language": "Chinese",
      "pure_emoji": false
    },
    {
      "user": "林",
      "comments": [
        "中国广州也有很多非法移民，为什么遣返就那么难。为什么美国就那么容易。"
      ],
      "language": "Chinese",
      "pure_emoji": false
    },
    {
      "user": "林耀東",
      "comments": [
        "送給普丁"
      ],
      "language": "Chinese",
      "pure_emoji": false
    },
    {
      "user": "林韓非",
      "comments": [
        "台灣囉，"
      ],
      "language": "Chinese",
      "pure_emoji": false
    },
    {
      "user": "果凍123",
      "comments": [
        "打野哥 快逃呀，Gank要來了"
      ],
      "language": "Mixed",
      "pure_emoji": false
    },
    {
      "user": "沐晗",
      "comments": [
        "好，作为中国人我举双手支持。"
      ],
      "language": "Chinese",
      "pure_emoji": false
    },
    {
      "user": "海外游子",
      "comments": [
        "和中国移民和中国人有关系吗"
      ],
      "language": "Chinese",
      "pure_emoji": false
    },
    {
      "user": "湘女在美国",
      "comments": [
        "支持"
      ],
      "language": "Chinese",
      "pure_emoji": false
    },
    {
      "user": "潘大爹",
      "comments": [
        "非法移民？直接丟到太平洋去！"
      ],
      "language": "Chinese",
      "pure_emoji": false
    },
    {
      "user": "烈马踏清风",
      "comments": [
        "干得好😏去了就别回来了"
      ],
      "language": "Chinese",
      "pure_emoji": false
    },
    {
      "user": "爱冒险的星星",
      "comments": [
        "送去北极呀"
      ],
      "language": "Chinese",
      "pure_emoji": false
    },
    {
      "user": "爱吃纳豆的小椭圆🇨🇳🇨🇦",
      "comments": [
        "那金牌讲师会怎么样😳"
      ],
      "language": "Chinese",
      "pure_emoji": false
    },
    {
      "user": "爱吃鱼的老猫",
      "comments": [
        "😂😂😂"
      ],
      "language": "Other",
      "pure_emoji": true
    },
    {
      "user": "爽歪歪",
      "comments": [
        "就地解決不香嗎"
      ],
      "language": "Chinese",
      "pure_emoji": false
    },
    {
      "user": "王志勇",
      "comments": [
        "歪瑞故德"
      ],
      "language": "Chinese",
      "pure_emoji": false
    },
    {
      "user": "王菲",
      "comments": [
        "支持你"
      ],
      "language": "Chinese",
      "pure_emoji": false
    },
    {
      "user": "璐",
      "comments": [
        "关键是很多人出去就骂娘😡"
      ],
      "language": "Chinese",
      "pure_emoji": false
    },
    {
      "user": "用户1935988996371",
      "comments": [
        "🥰🥰🥰🥰🥰🥰🥰🥰"
      ],
      "language": "Other",
      "pure_emoji": true
    },
    {
      "user": "用户5291317744605",
      "comments": [
        "慕羊泉哭哭😭"
      ],
      "language": "Chinese",
      "pure_emoji": false
    },
    {
      "user": "用户7246756171132",
      "comments": [
        "看来美国要取消美国第五纵队家属认证,祸害中国百姓从今以后没有了退路,看来世界上还是渴望和平,害人害己的人再无退路😁😁😁"
      ],
      "language": "Chinese",
      "pure_emoji": false
    },
    {
      "user": "用户7363119082681",
      "comments": [
        "送去非洲"
      ],
      "language": "Chinese",
      "pure_emoji": false
    },
    {
      "user": "用户7986693217901",
      "comments": [
        "他明年才真实上任，政府都还没行成，真是嘴炮"
      ],
      "language": "Chinese",
      "pure_emoji": false
    },
    {
      "user": "用户829795946903",
      "comments": [
        "哈哈不收"
      ],
      "language": "Chinese",
      "pure_emoji": false
    },
    {
      "user": "用户8571338736274",
      "comments": [
        "自己國家不住，反而要住在被當二等國民的國家！"
      ],
      "language": "Chinese",
      "pure_emoji": false
    },
    {
      "user": "用户9847480737034",
      "comments": [
        "太好了"
      ],
      "language": "Chinese",
      "pure_emoji": false
    },
    {
      "user": "田舎旅人",
      "comments": [
        "会不会是跟共产党协商好的，"
      ],
      "language": "Chinese",
      "pure_emoji": false
    },
    {
      "user": "疯狂的枭洋哥chef XL",
      "comments": [
        "很好！奈斯"
      ],
      "language": "Chinese",
      "pure_emoji": false
    },
    {
      "user": "盗币脚本、CVV盗刷教学",
      "comments": [
        "哈哈"
      ],
      "language": "Chinese",
      "pure_emoji": false
    },
    {
      "user": "真实世界人",
      "comments": [
        "送去印度吧🤣"
      ],
      "language": "Chinese",
      "pure_emoji": false
    },
    {
      "user": "真皮座椅，内饰改装，翻新修复，航空座椅",
      "comments": [
        "送到迪拜园区去"
      ],
      "language": "Chinese",
      "pure_emoji": false
    },
    {
      "user": "福祿娃",
      "comments": [
        "加油😁"
      ],
      "language": "Chinese",
      "pure_emoji": false
    },
    {
      "user": "秋秋",
      "comments": [
        "送非洲去"
      ],
      "language": "Chinese",
      "pure_emoji": false
    },
    {
      "user": "秋风扫叶",
      "comments": [
        "好事"
      ],
      "language": "Chinese",
      "pure_emoji": false
    },
    {
      "user": "秦御",
      "comments": [
        "第三语言成了必备技能🤣🤣"
      ],
      "language": "Chinese",
      "pure_emoji": false
    },
    {
      "user": "童锦程",
      "comments": [
        "遣返的全是打黑工的，有钱的贪官不遣返"
      ],
      "language": "Chinese",
      "pure_emoji": false
    },
    {
      "user": "笑哈哈",
      "comments": [
        "这些人哪里有脸回去祖国🤣😇"
      ],
      "language": "Chinese",
      "pure_emoji": false
    },
    {
      "user": "符致莹",
      "comments": [
        "好"
      ],
      "language": "Chinese",
      "pure_emoji": false
    },
    {
      "user": "符裕珠宝",
      "comments": [
        "移民他们到缅北去，"
      ],
      "language": "Chinese",
      "pure_emoji": false
    },
    {
      "user": "素食吉祥净心净土",
      "comments": [
        "中国战胜殖民掠夺赢得民主自由，人民币国际贸易结算，提高人民收入，"
      ],
      "language": "Chinese",
      "pure_emoji": false
    },
    {
      "user": "绿蛙贱民-杂交贱畜",
      "comments": [
        "不收😁😁他们已经拥抱自由了😁"
      ],
      "language": "Chinese",
      "pure_emoji": false
    },
    {
      "user": "缘分",
      "comments": [
        "吧那些，贪官的家属先遣返！"
      ],
      "language": "Chinese",
      "pure_emoji": false
    },
    {
      "user": "老公(husband)",
      "comments": [
        "这决定不错，我支持"
      ],
      "language": "Chinese",
      "pure_emoji": false
    },
    {
      "user": "老黑哥",
      "comments": [
        "送去战乱地方🥰让她们去过自由世界的美好环境,特朗普也是非法移民后代😅"
      ],
      "language": "Chinese",
      "pure_emoji": false
    },
    {
      "user": "胖胖平",
      "comments": [
        "中國不要潤人"
      ],
      "language": "Chinese",
      "pure_emoji": false
    },
    {
      "user": "脑子有问题就去治",
      "comments": [
        "隔著屏幕我都聞到了自由與民主的氣息",
        "聽黨話，感恩黨，跟黨走，聽美帝國的一切指揮，為美利堅效力，就算是讓我們這些潤人上戰場，我們都願意，美帝國是我們的家我們要建設我們的家園🐸🐸🐸"
      ],
      "language": "Chinese",
      "pure_emoji": false
    },
    {
      "user": "腿哥",
      "comments": [
        "一看就是假的😅😅😅"
      ],
      "language": "Chinese",
      "pure_emoji": false
    },
    {
      "user": "草木向荣",
      "comments": [
        "一旦发货，概不退回😅"
      ],
      "language": "Chinese",
      "pure_emoji": false
    },
    {
      "user": "薛起來",
      "comments": [
        "遣返回去讓他們準備起義"
      ],
      "language": "Chinese",
      "pure_emoji": false
    },
    {
      "user": "蘇大白Rick",
      "comments": [
        "我怕台灣會收…😏"
      ],
      "language": "Chinese",
      "pure_emoji": false
    },
    {
      "user": "變色龍",
      "comments": [
        "太棒了"
      ],
      "language": "Chinese",
      "pure_emoji": false
    },
    {
      "user": "販賣青春的青年（互）",
      "comments": [
        "習近平女兒怎麼辦😂😂"
      ],
      "language": "Chinese",
      "pure_emoji": false
    },
    {
      "user": "赵盛唐",
      "comments": [
        "中国不接收"
      ],
      "language": "Chinese",
      "pure_emoji": false
    },
    {
      "user": "跌份",
      "comments": [
        "送台湾"
      ],
      "language": "Chinese",
      "pure_emoji": false
    },
    {
      "user": "辽国醉梦死",
      "comments": [
        "😁😁😁😁😁😁天踏了"
      ],
      "language": "Chinese",
      "pure_emoji": false
    },
    {
      "user": "連華",
      "comments": [
        "中国不接受送到非洲去或者人口少的国家吧"
      ],
      "language": "Chinese",
      "pure_emoji": false
    },
    {
      "user": "道君",
      "comments": [
        "那些爱中国去美国的怪怪人开心了"
      ],
      "language": "Chinese",
      "pure_emoji": false
    },
    {
      "user": "邱恩貴",
      "comments": [
        "有綠卡沒綠卡都全部送到緬甸北部金三角給他們成立一個國家叫美斯樂國"
      ],
      "language": "Chinese",
      "pure_emoji": false
    },
    {
      "user": "鄭天佑",
      "comments": [
        "😳😳😳"
      ],
      "language": "Other",
      "pure_emoji": true
    },
    {
      "user": "鄭義",
      "comments": [
        "普川、让美国在次伟大、让纳税人少花点冤枉钱、给那些好吃懒做的移民、支持普川👍"
      ],
      "language": "Chinese",
      "pure_emoji": false
    },
    {
      "user": "金京哲",
      "comments": [
        "老狐狸。 想没收他们的钱了😂"
      ],
      "language": "Chinese",
      "pure_emoji": false
    },
    {
      "user": "阿偉",
      "comments": [
        "送到他的友邦，北韓，阿富汗，伊朗"
      ],
      "language": "Chinese",
      "pure_emoji": false
    },
    {
      "user": "阿勃勒",
      "comments": [
        "他做一樣，就回敬他一樣。"
      ],
      "language": "Chinese",
      "pure_emoji": false
    },
    {
      "user": "阿秀",
      "comments": [
        "太好了😂"
      ],
      "language": "Chinese",
      "pure_emoji": false
    },
    {
      "user": "陈平安",
      "comments": [
        "非法的都应该被驱逐遣返"
      ],
      "language": "Chinese",
      "pure_emoji": false
    },
    {
      "user": "陳士均",
      "comments": [
        "嘎嘎腰子🥰"
      ],
      "language": "Chinese",
      "pure_emoji": false
    },
    {
      "user": "陳鏞升",
      "comments": [
        "好"
      ],
      "language": "Chinese",
      "pure_emoji": false
    },
    {
      "user": "随便看看",
      "comments": [
        "中国不要😁😁😁"
      ],
      "language": "Chinese",
      "pure_emoji": false
    },
    {
      "user": "雷中金",
      "comments": [
        "肯定拒绝！"
      ],
      "language": "Chinese",
      "pure_emoji": false
    },
    {
      "user": "顺意珠宝",
      "comments": [
        "送去战场吧 他们很爱美国才移民的"
      ],
      "language": "Chinese",
      "pure_emoji": false
    },
    {
      "user": "飞旭2024",
      "comments": [
        "非法移民中国也是不会回收的"
      ],
      "language": "Chinese",
      "pure_emoji": false
    },
    {
      "user": "飯糰",
      "comments": [
        "古巴？"
      ],
      "language": "Chinese",
      "pure_emoji": false
    },
    {
      "user": "馮永盛",
      "comments": [
        "拒收！"
      ],
      "language": "Chinese",
      "pure_emoji": false
    },
    {
      "user": "高兴",
      "comments": [
        "利好消息"
      ],
      "language": "Chinese",
      "pure_emoji": false
    },
    {
      "user": "高志賢",
      "comments": [
        "😂😂😂"
      ],
      "language": "Other",
      "pure_emoji": true
    },
    {
      "user": "默",
      "comments": [
        "送不回去啊，😳"
      ],
      "language": "Chinese",
      "pure_emoji": false
    },
    {
      "user": "鼓山䒌奍",
      "comments": [
        "他们没有中国国籍了，"
      ],
      "language": "Chinese",
      "pure_emoji": false
    },
    {
      "user": "김성수",
      "comments": [
        "支持"
      ],
      "language": "Chinese",
      "pure_emoji": false
    },
    {
      "user": "달마원",
      "comments": [
        "非常好 中国拒绝坚决不收"
      ],
      "language": "Chinese",
      "pure_emoji": false
    },
    {
      "user": "로란",
      "comments": [
        "좋아요"
      ],
      "language": "Other",
      "pure_emoji": false
    },
    {
      "user": "백춘남",
      "comments": [
        "😂"
      ],
      "language": "Other",
      "pure_emoji": true
    },
    {
      "user": "소성왕",
      "comments": [
        "在美国本土打一场战争，不管合法 非法移民都跑的一个不剩，战争能看到谁更爱自己的国家"
      ],
      "language": "Chinese",
      "pure_emoji": false
    },
    {
      "user": "🇨🇦 *Ruby *Yo Yo 8964🇨🇦💙",
      "comments": [
        "good job 👏 👍 👌 🙌"
      ],
      "language": "English",
      "pure_emoji": false
    },
    {
      "user": "🇨🇳千里走单骑Ko Jun🇲🇲",
      "comments": [
        "不要了"
      ],
      "language": "Chinese",
      "pure_emoji": false
    },
    {
      "user": "🎊👁️👅👁️",
      "comments": [
        "做成麥當勞食材😏"
      ],
      "language": "Chinese",
      "pure_emoji": false
    },
    {
      "user": "🏇🏿",
      "comments": [
        "什麼叫造谣？這就是"
      ],
      "language": "Chinese",
      "pure_emoji": false
    },
    {
      "user": "🐟王",
      "comments": [
        "支持"
      ],
      "language": "Chinese",
      "pure_emoji": false
    },
    {
      "user": "🐰Hola~ Bunny!🐇",
      "comments": [
        "假新闻"
      ],
      "language": "Chinese",
      "pure_emoji": false
    },
    {
      "user": "👑Solo king 🏊🏻‍♂️ 🏖 🎬♟💰🏅",
      "comments": [
        "小粉红说都是走狗"
      ],
      "language": "Chinese",
      "pure_emoji": false
    },
    {
      "user": "💪💗慧哥哥",
      "comments": [
        "墨西哥人非法移民占有80%"
      ],
      "language": "Chinese",
      "pure_emoji": false
    },
    {
      "user": "💶ZHONGLIN💶 周",
      "comments": [
        "😳😳😳"
      ],
      "language": "Other",
      "pure_emoji": true
    },
    {
      "user": "🔥super🔥clone🔥factory🔥",
      "comments": [
        "Girls who love to laugh are lucky"
      ],
      "language": "English",
      "pure_emoji": false
    },
    {
      "user": "😐",
      "comments": [
        "很多没身份的都是罪犯，回国等坐牢"
      ],
      "language": "Chinese",
      "pure_emoji": false
    },
    {
      "user": "🚀🚀🚀",
      "comments": [
        "优先送去缅甸😏"
      ],
      "language": "Chinese",
      "pure_emoji": false
    }
  ]
}