{
  "video_id": "7490102741302299912",
  "video_url": "https://www.tiktok.com/@chinli222/video/7490102741302299912",
  "publish_date": null,
  "comment_groups": [
    {
      "user": "ASKS",
      "comments": [
        "美丽风景线！满满正能量！！👍👍👍",
        "美丽风景线！满满正能量！！👍👍👍",
        "美丽风景线！满满正能量！！👍👍👍",
        "美丽风景线！满满正能量！！👍👍👍",
        "美丽风景线！满满正能量！！👍👍👍",
        "美丽风景线！满满正能量！！👍👍👍"
      ],
      "language": "Chinese",
      "pure_emoji": false
    },
    {
      "user": "Alfonsooo9956",
      "comments": [
        "做空的大贏家",
        "做空的大贏家",
        "做空的大贏家",
        "做空的大贏家"
      ],
      "language": "Chinese",
      "pure_emoji": false
    },
    {
      "user": "Allem_chieng",
      "comments": [
        "這種輿論也只有中共妖能搞得出來",
        "這種輿論也只有中共妖能搞得出來",
        "這種輿論也只有中共妖能搞得出來",
        "這種輿論也只有中共妖能搞得出來"
      ],
      "language": "Chinese",
      "pure_emoji": false
    },
    {
      "user": "Allen Chang",
      "comments": [
        "不懂裝懂王，出事了，還說故意的，哈哈！",
        "不懂裝懂王，出事了，還說故意的，哈哈！",
        "不懂裝懂王，出事了，還說故意的，哈哈！",
        "不懂裝懂王，出事了，還說故意的，哈哈！"
      ],
      "language": "Chinese",
      "pure_emoji": false
    },
    {
      "user": "Andy",
      "comments": [
        "全世界大亂🤣🤣",
        "全世界大亂🤣🤣",
        "全世界大亂🤣🤣",
        "全世界大亂🤣🤣",
        "全世界大亂🤣🤣",
        "全世界大亂🤣🤣"
      ],
      "language": "Chinese",
      "pure_emoji": false
    },
    {
      "user": "Andy Chen",
      "comments": [
        "不久後零元購應該會大流行吧！😂",
        "不久後零元購應該會大流行吧！😂",
        "不久後零元購應該會大流行吧！😂",
        "不久後零元購應該會大流行吧！😂",
        "不久後零元購應該會大流行吧！😂",
        "不久後零元購應該會大流行吧！😂"
      ],
      "language": "Chinese",
      "pure_emoji": false
    },
    {
      "user": "Au  Drea",
      "comments": [
        "你好",
        "你好",
        "你好",
        "你好",
        "你好",
        "你好"
      ],
      "language": "Chinese",
      "pure_emoji": false
    },
    {
      "user": "A小王子",
      "comments": [
        "借用川普的一句话：you are fired 😂😂😂",
        "借用川普的一句话：you are fired 😂😂😂",
        "借用川普的一句话：you are fired 😂😂😂",
        "借用川普的一句话：you are fired 😂😂😂"
      ],
      "language": "Mixed",
      "pure_emoji": false
    },
    {
      "user": "Bell Du",
      "comments": [
        "逼美联储将息， 拉动制造业回流。 拭目以待",
        "逼美联储将息， 拉动制造业回流。 拭目以待",
        "逼美联储将息， 拉动制造业回流。 拭目以待",
        "逼美联储将息， 拉动制造业回流。 拭目以待"
      ],
      "language": "Chinese",
      "pure_emoji": false
    },
    {
      "user": "Bảo",
      "comments": [
        "👏👏👏👏👏👏",
        "👏👏👏👏👏👏",
        "👏👏👏👏👏👏",
        "👏👏👏👏👏👏"
      ],
      "language": "Other",
      "pure_emoji": false
    },
    {
      "user": "Choon Loo Tan",
      "comments": [
        "今韓明美💪💪💪",
        "今韓明美💪💪💪",
        "今韓明美💪💪💪",
        "今韓明美💪💪💪"
      ],
      "language": "Chinese",
      "pure_emoji": false
    },
    {
      "user": "Daniel",
      "comments": [
        "😂😂😂",
        "😂😂😂",
        "😂😂😂",
        "😂😂😂"
      ],
      "language": "Other",
      "pure_emoji": false
    },
    {
      "user": "Denice",
      "comments": [
        "Ask States shall consider breaking away from Federal US and become independent from these selfish politicians who have been only acquiring wealth for their own purposes for decades.",
        "Ask States shall consider breaking away from Federal US and become independent from these selfish politicians who have been only acquiring wealth for their own purposes for decades.",
        "Ask States shall consider breaking away from Federal US and become independent from these selfish politicians who have been only acquiring wealth for their own purposes for decades.",
        "Ask States shall consider breaking away from Federal US and become independent from these selfish politicians who have been only acquiring wealth for their own purposes for decades."
      ],
      "language": "English",
      "pure_emoji": false
    },
    {
      "user": "Dion Tay",
      "comments": [
        "raise a petition to take him down as president",
        "raise a petition to take him down as president",
        "raise a petition to take him down as president",
        "raise a petition to take him down as president"
      ],
      "language": "English",
      "pure_emoji": false
    },
    {
      "user": "Dr. J",
      "comments": [
        "清民節 清除民進黨的節日 讚啦",
        "清民節 清除民進黨的節日 讚啦",
        "清民節 清除民進黨的節日 讚啦",
        "清民節 清除民進黨的節日 讚啦"
      ],
      "language": "Chinese",
      "pure_emoji": false
    },
    {
      "user": "Eric Chua242",
      "comments": [
        "这样会玩👍",
        "这样会玩👍",
        "这样会玩👍",
        "这样会玩👍",
        "这样会玩👍",
        "这样会玩👍"
      ],
      "language": "Chinese",
      "pure_emoji": false
    },
    {
      "user": "Eric Lfb",
      "comments": [
        "😁😁😁😁😁😁😁😁😁😁😁😁",
        "👍👍👍👍👍👍👍👍👍",
        "🤣🤣🤣🤣🤣🤣🤣🤣🤣",
        "👍👍👍👍👍👍👍👍👍",
        "🤣🤣🤣🤣🤣🤣🤣🤣🤣",
        "😁😁😁😁😁😁😁😁😁😁😁😁",
        "👍👍👍👍👍👍👍👍👍",
        "🤣🤣🤣🤣🤣🤣🤣🤣🤣",
        "😁😁😁😁😁😁😁😁😁😁😁😁",
        "😂😂😂😂😂😂😂😂😂😂😂😂",
        "😁😁😁😁😁😁😁😁😁😁😁😁",
        "🤣🤣🤣🤣🤣🤣🤣🤣🤣",
        "👍👍👍👍👍👍👍👍👍"
      ],
      "language": "Other",
      "pure_emoji": false
    },
    {
      "user": "Feliks Enzoputra",
      "comments": [
        "👍👍👍👍👍👍👍 美丽的风景线正在美国",
        "👍👍👍👍👍👍👍 美丽的风景线正在美国",
        "👍👍👍👍👍👍👍 美丽的风景线正在美国"
      ],
      "language": "Chinese",
      "pure_emoji": false
    },
    {
      "user": "GeokHong Chai",
      "comments": [
        "人民选出来",
        "人民选出来",
        "人民选出来",
        "人民选出来",
        "人民选出来",
        "人民选出来"
      ],
      "language": "Chinese",
      "pure_emoji": false
    },
    {
      "user": "Grace liou",
      "comments": [
        "選錯領導人是國家的悲劇 美國 烏克蘭 台灣",
        "選錯領導人是國家的悲劇 美國 烏克蘭 台灣",
        "選錯領導人是國家的悲劇 美國 烏克蘭 台灣",
        "選錯領導人是國家的悲劇 美國 烏克蘭 台灣"
      ],
      "language": "Chinese",
      "pure_emoji": false
    },
    {
      "user": "Gu Agu",
      "comments": [
        "收割全球的戏码",
        "收割全球的戏码",
        "收割全球的戏码",
        "收割全球的戏码"
      ],
      "language": "Chinese",
      "pure_emoji": false
    },
    {
      "user": "Guoxin Liao",
      "comments": [
        "Really?🥺",
        "Really?🥺",
        "Really?🥺",
        "Really?🥺",
        "Really?🥺",
        "Really?🥺"
      ],
      "language": "English",
      "pure_emoji": false
    },
    {
      "user": "HONDA",
      "comments": [
        "是不知(特朗普不公平)沒用了",
        "是不知(特朗普不公平)沒用了",
        "是不知(特朗普不公平)沒用了",
        "是不知(特朗普不公平)沒用了"
      ],
      "language": "Chinese",
      "pure_emoji": false
    },
    {
      "user": "Huang Bin",
      "comments": [
        "是啊 不是即將已經開始了😂",
        "對人民來說也是很重要的",
        "總統沒把人民看待在眼裡 只顧慮到自己",
        "對人民來說也是很重要的",
        "總統沒把人民看待在眼裡 只顧慮到自己",
        "是啊 不是即將已經開始了😂",
        "對人民來說也是很重要的",
        "特朗普造成的看看人民的心聲"
      ],
      "language": "Chinese",
      "pure_emoji": false
    },
    {
      "user": "J.R.X",
      "comments": [
        "他是故意让百姓们生活在恐惧中？",
        "他是故意让百姓们生活在恐惧中？",
        "他是故意让百姓们生活在恐惧中？",
        "他是故意让百姓们生活在恐惧中？"
      ],
      "language": "Chinese",
      "pure_emoji": false
    },
    {
      "user": "JW499",
      "comments": [
        "没钱了",
        "没钱了",
        "没钱了",
        "没钱了",
        "没钱了",
        "没钱了"
      ],
      "language": "Chinese",
      "pure_emoji": false
    },
    {
      "user": "Jason xu",
      "comments": [
        "川普和马斯克 这两个人脸皮真厚，冒天下之大不韪。还有脸呆在美国吗",
        "川普和马斯克 这两个人脸皮真厚，冒天下之大不韪。还有脸呆在美国吗",
        "川普和马斯克 这两个人脸皮真厚，冒天下之大不韪。还有脸呆在美国吗",
        "川普和马斯克 这两个人脸皮真厚，冒天下之大不韪。还有脸呆在美国吗"
      ],
      "language": "Chinese",
      "pure_emoji": false
    },
    {
      "user": "Jelly Yo",
      "comments": [
        "自食其果",
        "自食其果",
        "自食其果",
        "自食其果"
      ],
      "language": "Chinese",
      "pure_emoji": false
    },
    {
      "user": "Jia Jia",
      "comments": [
        "😳",
        "😳",
        "😳",
        "😳"
      ],
      "language": "Other",
      "pure_emoji": false
    },
    {
      "user": "Jong Teresa",
      "comments": [
        "太乱了 好多人返对了",
        "太乱了 好多人返对了",
        "太乱了 好多人返对了",
        "太乱了 好多人返对了"
      ],
      "language": "Chinese",
      "pure_emoji": false
    },
    {
      "user": "Joyce",
      "comments": [
        "2025~2027投資保守 世界不平靜🤣 老川真的成了千古罪人🤣",
        "2025~2027投資保守 世界不平靜🤣 老川真的成了千古罪人🤣",
        "2025~2027投資保守 世界不平靜🤣 老川真的成了千古罪人🤣",
        "2025~2027投資保守 世界不平靜🤣 老川真的成了千古罪人🤣"
      ],
      "language": "Chinese",
      "pure_emoji": false
    },
    {
      "user": "King Lau",
      "comments": [
        "恭喜恭喜👍",
        "恭喜恭喜👍",
        "恭喜恭喜👍",
        "恭喜恭喜👍"
      ],
      "language": "Chinese",
      "pure_emoji": false
    },
    {
      "user": "Kit Chai",
      "comments": [
        "就是说吗？不作妖就不会死啊？",
        "就是说吗？不作妖就不会死啊？",
        "就是说吗？不作妖就不会死啊？",
        "就是说吗？不作妖就不会死啊？"
      ],
      "language": "Chinese",
      "pure_emoji": false
    },
    {
      "user": "Lim Kk",
      "comments": [
        "没有吃过苦日子的人～好吃懒做、钱要多、假期多、工要少、那里能挺的住～😏",
        "没有吃过苦日子的人～好吃懒做、钱要多、假期多、工要少、那里能挺的住～😏",
        "没有吃过苦日子的人～好吃懒做、钱要多、假期多、工要少、那里能挺的住～😏",
        "没有吃过苦日子的人～好吃懒做、钱要多、假期多、工要少、那里能挺的住～😏"
      ],
      "language": "Chinese",
      "pure_emoji": false
    },
    {
      "user": "Louis Chen",
      "comments": [
        "就是超級慣老闆",
        "就是超級慣老闆",
        "就是超級慣老闆",
        "就是超級慣老闆",
        "就是超級慣老闆",
        "就是超級慣老闆"
      ],
      "language": "Chinese",
      "pure_emoji": false
    },
    {
      "user": "Max Phoon",
      "comments": [
        "😂😂😂",
        "😂😂😂",
        "😂😂😂",
        "😂😂😂"
      ],
      "language": "Other",
      "pure_emoji": false
    },
    {
      "user": "Mengay Chong",
      "comments": [
        "😂😂😂😂😂😂👍",
        "😂😂😂😂😂😂👍",
        "😂😂😂😂😂😂👍"
      ],
      "language": "Other",
      "pure_emoji": false
    },
    {
      "user": "Ming01",
      "comments": [
        "狂人無智亦無慧！智者縱觀全局，知己知彼，非莽夫之識；慧者自利利人，兼善天下；非以一己之私，獨享天下之利，不顧藍星眾家之禍福也！非智者之行，终將得不償失，内憂外患，從此不辍矣！",
        "狂人無智亦無慧！智者縱觀全局，知己知彼，非莽夫之識；慧者自利利人，兼善天下；非以一己之私，獨享天下之利，不顧藍星眾家之禍福也！非智者之行，终將得不償失，内憂外患，從此不辍矣！",
        "狂人無智亦無慧！智者縱觀全局，知己知彼，非莽夫之識；慧者自利利人，兼善天下；非以一己之私，獨享天下之利，不顧藍星眾家之禍福也！非智者之行，终將得不償失，内憂外患，從此不辍矣！",
        "狂人無智亦無慧！智者縱觀全局，知己知彼，非莽夫之識；慧者自利利人，兼善天下；非以一己之私，獨享天下之利，不顧藍星眾家之禍福也！非智者之行，终將得不償失，内憂外患，從此不辍矣！",
        "狂人無智亦無慧！智者縱觀全局，知己知彼，非莽夫之識；慧者自利利人，兼善天下；非以一己之私，獨享天下之利，不顧藍星眾家之禍福也！非智者之行，终將得不償失，内憂外患，從此不辍矣！",
        "狂人無智亦無慧！智者縱觀全局，知己知彼，非莽夫之識；慧者自利利人，兼善天下；非以一己之私，獨享天下之利，不顧藍星眾家之禍福也！非智者之行，终將得不償失，内憂外患，從此不辍矣！"
      ],
      "language": "Chinese",
      "pure_emoji": false
    },
    {
      "user": "Moon Vong",
      "comments": [
        "🥺",
        "🥺",
        "🥺"
      ],
      "language": "Other",
      "pure_emoji": false
    },
    {
      "user": "Nancy Yang",
      "comments": [
        "😂😂😂",
        "😂😂😂",
        "😂😂😂",
        "😂😂😂"
      ],
      "language": "Other",
      "pure_emoji": false
    },
    {
      "user": "Neroli Chang",
      "comments": [
        "😏😏😏😏",
        "😏😏😏😏",
        "😏😏😏😏",
        "😏😏😏😏"
      ],
      "language": "Other",
      "pure_emoji": false
    },
    {
      "user": "Old Bird",
      "comments": [
        "He’s an Ah Q alright.🤣",
        "He’s an Ah Q alright.🤣",
        "He’s an Ah Q alright.🤣",
        "He’s an Ah Q alright.🤣"
      ],
      "language": "English",
      "pure_emoji": false
    },
    {
      "user": "P. S",
      "comments": [
        "自己選出來的 他就是標準的商人經營模式在對待人民",
        "自己選出來的 他就是標準的商人經營模式在對待人民",
        "自己選出來的 他就是標準的商人經營模式在對待人民",
        "自己選出來的 他就是標準的商人經營模式在對待人民"
      ],
      "language": "Chinese",
      "pure_emoji": false
    },
    {
      "user": "Pohpoh",
      "comments": [
        "👍",
        "👍",
        "👍",
        "👍"
      ],
      "language": "Other",
      "pure_emoji": false
    },
    {
      "user": "RayLaserJoy",
      "comments": [
        "无济于事🤣🤣",
        "无济于事🤣🤣",
        "无济于事🤣🤣",
        "无济于事🤣🤣"
      ],
      "language": "Chinese",
      "pure_emoji": false
    },
    {
      "user": "Renbow Chen",
      "comments": [
        "真会造谣，误导人",
        "真会造谣，误导人",
        "真会造谣，误导人",
        "真会造谣，误导人"
      ],
      "language": "Chinese",
      "pure_emoji": false
    },
    {
      "user": "SUZUKI",
      "comments": [
        "快速壮大军队需要很多钱.所以要快速收取",
        "快速壮大军队需要很多钱.所以要快速收取",
        "快速壮大军队需要很多钱.所以要快速收取",
        "快速壮大军队需要很多钱.所以要快速收取",
        "快速壮大军队需要很多钱.所以要快速收取",
        "快速壮大军队需要很多钱.所以要快速收取"
      ],
      "language": "Chinese",
      "pure_emoji": false
    },
    {
      "user": "Sam",
      "comments": [
        "后面谁得益赚最多的呢🤭",
        "不是失控那么简单，国家都会夸倒再这样下去的话😂",
        "不是失控那么简单，国家都会夸倒再这样下去的话😂",
        "后面谁得益赚最多的呢🤭",
        "不是失控那么简单，国家都会夸倒再这样下去的话😂",
        "不是失控那么简单，国家都会夸倒再这样下去的话😂"
      ],
      "language": "Chinese",
      "pure_emoji": false
    },
    {
      "user": "Sammie",
      "comments": [
        "10 万亿两天，只有建国有这个能力",
        "10 万亿两天，只有建国有这个能力",
        "10 万亿两天，只有建国有这个能力",
        "10 万亿两天，只有建国有这个能力"
      ],
      "language": "Chinese",
      "pure_emoji": false
    },
    {
      "user": "Soulo",
      "comments": [
        "🥰🥰🥰",
        "🥰🥰🥰",
        "🥰🥰🥰",
        "🥰🥰🥰"
      ],
      "language": "Other",
      "pure_emoji": false
    },
    {
      "user": "Spirit P.",
      "comments": [
        "Support China From Italy ❤️",
        "Support China From Italy ❤️",
        "Support China From Italy ❤️",
        "Support China From Italy ❤️",
        "Support China From Italy ❤️",
        "Support China From Italy ❤️"
      ],
      "language": "English",
      "pure_emoji": false
    },
    {
      "user": "Tiffany",
      "comments": [
        "自食惡果👏",
        "自食惡果👏",
        "自食惡果👏",
        "自食惡果👏"
      ],
      "language": "Chinese",
      "pure_emoji": false
    },
    {
      "user": "Titi Titi",
      "comments": [
        "👍👍👍",
        "👍👍👍",
        "👍👍👍",
        "👍👍👍"
      ],
      "language": "Other",
      "pure_emoji": false
    },
    {
      "user": "USA tranp",
      "comments": [
        "미국판. 점마 저러다 아베곁에가게. 생겻네ㅡㅡㅡ😂😂😂😂"
      ],
      "language": "Other",
      "pure_emoji": false
    },
    {
      "user": "Vincent",
      "comments": [
        "美國神搶手那麼多，居然…",
        "美國神搶手那麼多，居然…",
        "美國神搶手那麼多，居然…",
        "美國神搶手那麼多，居然…"
      ],
      "language": "Chinese",
      "pure_emoji": false
    },
    {
      "user": "Westlake",
      "comments": [
        "美国滥印滥发美元的恶果开始显现，第一步股市崩盘暴雷，第二步银行倒闭，第三步美元信用崩塌， 全世界掀起抛弃美元浪潮，第四步美国内战爆发，各州纷纷要求独立。结果就是美国分崩离析，不复存在。",
        "美国滥印滥发美元的恶果开始显现，第一步股市崩盘暴雷，第二步银行倒闭，第三步美元信用崩塌， 全世界掀起抛弃美元浪潮，第四步美国内战爆发，各州纷纷要求独立。结果就是美国分崩离析，不复存在。",
        "美国滥印滥发美元的恶果开始显现，第一步股市崩盘暴雷，第二步银行倒闭，第三步美元信用崩塌， 全世界掀起抛弃美元浪潮，第四步美国内战爆发，各州纷纷要求独立。结果就是美国分崩离析，不复存在。",
        "美国滥印滥发美元的恶果开始显现，第一步股市崩盘暴雷，第二步银行倒闭，第三步美元信用崩塌， 全世界掀起抛弃美元浪潮，第四步美国内战爆发，各州纷纷要求独立。结果就是美国分崩离析，不复存在。"
      ],
      "language": "Chinese",
      "pure_emoji": false
    },
    {
      "user": "White",
      "comments": [
        "Really？",
        "Really？",
        "Really？",
        "Really？",
        "Really？",
        "Really？"
      ],
      "language": "English",
      "pure_emoji": false
    },
    {
      "user": "Xinxing Ju",
      "comments": [
        "好，好，好，好 ．好，好，好 非常好，真好",
        "好，好，好，好 ．好，好，好 非常好，真好",
        "好，好，好，好 ．好，好，好 非常好，真好",
        "好，好，好，好 ．好，好，好 非常好，真好"
      ],
      "language": "Chinese",
      "pure_emoji": false
    },
    {
      "user": "YPJY",
      "comments": [
        "这是妥妥的收割美国民众",
        "这是妥妥的收割美国民众",
        "这是妥妥的收割美国民众",
        "这是妥妥的收割美国民众"
      ],
      "language": "Chinese",
      "pure_emoji": false
    },
    {
      "user": "Yd Joe",
      "comments": [
        "老特依然是焦点🤣🤣🤣太喜欢这个老头了",
        "老特依然是焦点🤣🤣🤣太喜欢这个老头了",
        "老特依然是焦点🤣🤣🤣太喜欢这个老头了",
        "老特依然是焦点🤣🤣🤣太喜欢这个老头了"
      ],
      "language": "Chinese",
      "pure_emoji": false
    },
    {
      "user": "Ying",
      "comments": [
        "叫大家挺住，我的天啊…"
      ],
      "language": "Chinese",
      "pure_emoji": false
    },
    {
      "user": "Zhiwei Xu738",
      "comments": [
        "這樣好啊！大約30年美債就能清空了😂😂😂",
        "這樣好啊！大約30年美債就能清空了😂😂😂",
        "這樣好啊！大約30年美債就能清空了😂😂😂",
        "這樣好啊！大約30年美債就能清空了😂😂😂"
      ],
      "language": "Chinese",
      "pure_emoji": false
    },
    {
      "user": "appleuser44299948",
      "comments": [
        "美國像即將沈末的鐵達尼",
        "美國像即將沈末的鐵達尼",
        "美國像即將沈末的鐵達尼",
        "美國像即將沈末的鐵達尼",
        "美國像即將沈末的鐵達尼",
        "美國像即將沈末的鐵達尼"
      ],
      "language": "Chinese",
      "pure_emoji": false
    },
    {
      "user": "bird",
      "comments": [
        "美國很快就會有零元購大爆發了吧？那時候到處都會有美麗的風景線欣賞了啊？這是美國總統帶給人民的一種樂趣吧！寧可我負天下人，不讓天下人負我，選了我當總統是人民的福氣啊？",
        "特朗普那群富豪們就有錢挺住，普通老百姓挺條毛啊？就連雞蛋也快要吃不起了啊？總統動動嘴巴就要老百姓挺住，拿什麼挺住啊？富豪永遠都不會體會到窮苦百姓的難處，就像沒飯吃，為什麼不吃肉粥啊？那是一樣的道理，選一個腦袋有問題，或是瘋子當總統會是個什麼樣的結果呢？現在的美國，無論選誰當總統都是一樣的結果，二選一，選誰都死啊！",
        "美國很快就會有零元購大爆發了吧？那時候到處都會有美麗的風景線欣賞了啊？這是美國總統帶給人民的一種樂趣吧！寧可我負天下人，不讓天下人負我，選了我當總統是人民的福氣啊？",
        "特朗普那群富豪們就有錢挺住，普通老百姓挺條毛啊？就連雞蛋也快要吃不起了啊？總統動動嘴巴就要老百姓挺住，拿什麼挺住啊？富豪永遠都不會體會到窮苦百姓的難處，就像沒飯吃，為什麼不吃肉粥啊？那是一樣的道理，選一個腦袋有問題，或是瘋子當總統會是個什麼樣的結果呢？現在的美國，無論選誰當總統都是一樣的結果，二選一，選誰都死啊！",
        "美國很快就會有零元購大爆發了吧？那時候到處都會有美麗的風景線欣賞了啊？這是美國總統帶給人民的一種樂趣吧！寧可我負天下人，不讓天下人負我，選了我當總統是人民的福氣啊？",
        "美國很快就會有零元購大爆發了吧？那時候到處都會有美麗的風景線欣賞了啊？這是美國總統帶給人民的一種樂趣吧！寧可我負天下人，不讓天下人負我，選了我當總統是人民的福氣啊？",
        "美國很快就會有零元購大爆發了吧？那時候到處都會有美麗的風景線欣賞了啊？這是美國總統帶給人民的一種樂趣吧！寧可我負天下人，不讓天下人負我，選了我當總統是人民的福氣啊？",
        "特朗普那群富豪們就有錢挺住，普通老百姓挺條毛啊？就連雞蛋也快要吃不起了啊？總統動動嘴巴就要老百姓挺住，拿什麼挺住啊？富豪永遠都不會體會到窮苦百姓的難處，就像沒飯吃，為什麼不吃肉粥啊？那是一樣的道理，選一個腦袋有問題，或是瘋子當總統會是個什麼樣的結果呢？現在的美國，無論選誰當總統都是一樣的結果，二選一，選誰都死啊！",
        "美國很快就會有零元購大爆發了吧？那時候到處都會有美麗的風景線欣賞了啊？這是美國總統帶給人民的一種樂趣吧！寧可我負天下人，不讓天下人負我，選了我當總統是人民的福氣啊？",
        "特朗普那群富豪們就有錢挺住，普通老百姓挺條毛啊？就連雞蛋也快要吃不起了啊？總統動動嘴巴就要老百姓挺住，拿什麼挺住啊？富豪永遠都不會體會到窮苦百姓的難處，就像沒飯吃，為什麼不吃肉粥啊？那是一樣的道理，選一個腦袋有問題，或是瘋子當總統會是個什麼樣的結果呢？現在的美國，無論選誰當總統都是一樣的結果，二選一，選誰都死啊！"
      ],
      "language": "Chinese",
      "pure_emoji": false
    },
    {
      "user": "blackpisces63",
      "comments": [
        "重點從誰的身上割，關稅是誰在擔"
      ],
      "language": "Chinese",
      "pure_emoji": false
    },
    {
      "user": "cossnoya",
      "comments": [
        "還是有美國人是醒的🙂",
        "還是有美國人是醒的🙂",
        "還是有美國人是醒的🙂",
        "還是有美國人是醒的🙂",
        "還是有美國人是醒的🙂",
        "還是有美國人是醒的🙂"
      ],
      "language": "Chinese",
      "pure_emoji": false
    },
    {
      "user": "dabuton",
      "comments": [
        "这是台大戏，真实好看刺激！",
        "这是台大戏，真实好看刺激！",
        "这是台大戏，真实好看刺激！",
        "这是台大戏，真实好看刺激！"
      ],
      "language": "Chinese",
      "pure_emoji": false
    },
    {
      "user": "dream85873",
      "comments": [
        "太丸快去救紅毛老爸呀🤣🤣😁😁🤣🤣🤣",
        "太丸快去救紅毛老爸呀🤣🤣😁😁🤣🤣🤣",
        "太丸快去救紅毛老爸呀🤣🤣😁😁🤣🤣🤣",
        "太丸快去救紅毛老爸呀🤣🤣😁😁🤣🤣🤣",
        "太丸快去救紅毛老爸呀🤣🤣😁😁🤣🤣🤣",
        "太丸快去救紅毛老爸呀🤣🤣😁😁🤣🤣🤣"
      ],
      "language": "Chinese",
      "pure_emoji": false
    },
    {
      "user": "dyea7igjijqw",
      "comments": [
        "無能就算了！還自以為是！",
        "無能就算了！還自以為是！",
        "無能就算了！還自以為是！",
        "無能就算了！還自以為是！"
      ],
      "language": "Chinese",
      "pure_emoji": false
    },
    {
      "user": "dylf8rpzs1d1",
      "comments": [
        "被中國制裁後...",
        "被中國制裁後...",
        "被中國制裁後...",
        "被中國制裁後..."
      ],
      "language": "Chinese",
      "pure_emoji": false
    },
    {
      "user": "fcyDW",
      "comments": [
        "救美国政府呢",
        "救美国政府呢",
        "救美国政府呢",
        "救美国政府呢"
      ],
      "language": "Chinese",
      "pure_emoji": false
    },
    {
      "user": "fee",
      "comments": [
        "恐怖分子又要从演",
        "恐怖分子又要从演",
        "恐怖分子又要从演"
      ],
      "language": "Chinese",
      "pure_emoji": false
    },
    {
      "user": "hanturaya",
      "comments": [
        "Yessss we lov trump🥰🥰",
        "Yessss we lov trump🥰🥰",
        "Yessss we lov trump🥰🥰",
        "Yessss we lov trump🥰🥰",
        "Yessss we lov trump🥰🥰",
        "Yessss we lov trump🥰🥰"
      ],
      "language": "English",
      "pure_emoji": false
    },
    {
      "user": "hawteck1688",
      "comments": [
        "无需战争全球人民活在地球受税",
        "无需战争全球人民活在地球受税",
        "无需战争全球人民活在地球受税",
        "无需战争全球人民活在地球受税"
      ],
      "language": "Chinese",
      "pure_emoji": false
    },
    {
      "user": "henryleng8",
      "comments": [
        "當今總統卖国揽财是天经地义啦！",
        "當今總統卖国揽财是天经地义啦！",
        "當今總統卖国揽财是天经地义啦！",
        "當今總統卖国揽财是天经地义啦！"
      ],
      "language": "Chinese",
      "pure_emoji": false
    },
    {
      "user": "hou weilong",
      "comments": [
        "太假了",
        "太假了",
        "太假了",
        "太假了"
      ],
      "language": "Chinese",
      "pure_emoji": false
    },
    {
      "user": "huan719",
      "comments": [
        "美國自己人都挺不住，民進黨和賴清德卻要台灣人挺住？民進黨政府還在睡？還要補助880億？還要跟美國再買武器？之前買的武器裝備不是發霉就是一直沒交付給我們。 民進黨一直掏空台灣，真是爛透了",
        "美國自己人都挺不住，民進黨和賴清德卻要台灣人挺住？民進黨政府還在睡？還要補助880億？還要跟美國再買武器？之前買的武器裝備不是發霉就是一直沒交付給我們。 民進黨一直掏空台灣，真是爛透了",
        "美國自己人都挺不住，民進黨和賴清德卻要台灣人挺住？民進黨政府還在睡？還要補助880億？還要跟美國再買武器？之前買的武器裝備不是發霉就是一直沒交付給我們。 民進黨一直掏空台灣，真是爛透了",
        "美國自己人都挺不住，民進黨和賴清德卻要台灣人挺住？民進黨政府還在睡？還要補助880億？還要跟美國再買武器？之前買的武器裝備不是發霉就是一直沒交付給我們。 民進黨一直掏空台灣，真是爛透了"
      ],
      "language": "Chinese",
      "pure_emoji": false
    },
    {
      "user": "jerry19770613",
      "comments": [
        "撐住呀～我想看結局",
        "撐住呀～我想看結局",
        "撐住呀～我想看結局",
        "撐住呀～我想看結局"
      ],
      "language": "Chinese",
      "pure_emoji": false
    },
    {
      "user": "junming 8926",
      "comments": [
        "這下完蛋了一個歷史上最快下台不用看五年了🤣",
        "這下完蛋了一個歷史上最快下台不用看五年了🤣",
        "這下完蛋了一個歷史上最快下台不用看五年了🤣",
        "這下完蛋了一個歷史上最快下台不用看五年了🤣"
      ],
      "language": "Chinese",
      "pure_emoji": false
    },
    {
      "user": "laobaixing",
      "comments": [
        "美國現在物資比黃金還重要",
        "美國現在物資比黃金還重要",
        "美國現在物資比黃金還重要",
        "美國現在物資比黃金還重要",
        "美國現在物資比黃金還重要",
        "美國現在物資比黃金還重要"
      ],
      "language": "Chinese",
      "pure_emoji": false
    },
    {
      "user": "lee Ivan",
      "comments": [
        "开始了吗？加油哦😁😁😁",
        "开始了吗？加油哦😁😁😁",
        "开始了吗？加油哦😁😁😁",
        "开始了吗？加油哦😁😁😁",
        "开始了吗？加油哦😁😁😁",
        "开始了吗？加油哦😁😁😁"
      ],
      "language": "Chinese",
      "pure_emoji": false
    },
    {
      "user": "leekenneth635",
      "comments": [
        "不接他们商品的订单,,他们国家就会乱",
        "不接他们商品的订单,,他们国家就会乱",
        "不接他们商品的订单,,他们国家就会乱",
        "不接他们商品的订单,,他们国家就会乱"
      ],
      "language": "Chinese",
      "pure_emoji": false
    },
    {
      "user": "leetankue",
      "comments": [
        "😩😩😩😩😩😩😩😩😩😩",
        "😩😩😩😩😩😩😩😩😩😩",
        "😩😩😩😩😩😩😩😩😩😩",
        "😩😩😩😩😩😩😩😩😩😩"
      ],
      "language": "Other",
      "pure_emoji": false
    },
    {
      "user": "lgtanhl",
      "comments": [
        "Now then you feel the hard life",
        "Now then you feel the hard life",
        "Now then you feel the hard life",
        "Now then you feel the hard life",
        "Now then you feel the hard life",
        "Now then you feel the hard life"
      ],
      "language": "English",
      "pure_emoji": false
    },
    {
      "user": "lovelove",
      "comments": [
        "😁",
        "😁",
        "😁",
        "😁"
      ],
      "language": "Other",
      "pure_emoji": false
    },
    {
      "user": "markdion",
      "comments": [
        "很快的，不是他下台，就是更改税率清单",
        "只是一个手段啦，不会持久的。他也不会要搞死自己的国家。难道明知行不通的，还强硬来吗？😂😂😂看看谁会中他的计。问题是他搞出来的，美国人自各会解决自己国家的问题，不必其他国家劳动",
        "很快的，不是他下台，就是更改税率清单",
        "很快的，不是他下台，就是更改税率清单",
        "很快的，不是他下台，就是更改税率清单"
      ],
      "language": "Chinese",
      "pure_emoji": false
    },
    {
      "user": "nicke9565",
      "comments": [
        "系厚!",
        "系厚!",
        "系厚!",
        "系厚!"
      ],
      "language": "Chinese",
      "pure_emoji": false
    },
    {
      "user": "pop",
      "comments": [
        "革命了",
        "革命了",
        "革命了",
        "革命了",
        "革命了",
        "革命了"
      ],
      "language": "Chinese",
      "pure_emoji": false
    },
    {
      "user": "punpon1234",
      "comments": [
        "😁😁😁",
        "😁😁😁",
        "😁😁😁",
        "😁😁😁"
      ],
      "language": "Other",
      "pure_emoji": false
    },
    {
      "user": "spchan70",
      "comments": [
        "美国可能会失控 ！",
        "美国可能会失控 ！",
        "美国可能会失控 ！",
        "美国可能会失控 ！",
        "美国可能会失控 ！",
        "美国可能会失控 ！"
      ],
      "language": "Chinese",
      "pure_emoji": false
    },
    {
      "user": "stanleychan3",
      "comments": [
        "this is what will happen if singapore is run by opposition party(ies). just wait to see. singapore and singaporean future gone down the drain>",
        "this is what will happen if singapore is run by opposition party(ies). just wait to see. singapore and singaporean future gone down the drain>",
        "this is what will happen if singapore is run by opposition party(ies). just wait to see. singapore and singaporean future gone down the drain>",
        "this is what will happen if singapore is run by opposition party(ies). just wait to see. singapore and singaporean future gone down the drain>",
        "this is what will happen if singapore is run by opposition party(ies). just wait to see. singapore and singaporean future gone down the drain>",
        "this is what will happen if singapore is run by opposition party(ies). just wait to see. singapore and singaporean future gone down the drain>"
      ],
      "language": "English",
      "pure_emoji": false
    },
    {
      "user": "stanshan",
      "comments": [
        "美国国债利息就接近一万亿美刀，怎么还，不割韭菜怎么办",
        "美国国债利息就接近一万亿美刀，怎么还，不割韭菜怎么办",
        "美国国债利息就接近一万亿美刀，怎么还，不割韭菜怎么办",
        "美国国债利息就接近一万亿美刀，怎么还，不割韭菜怎么办"
      ],
      "language": "Chinese",
      "pure_emoji": false
    },
    {
      "user": "still",
      "comments": [
        "一次讓米國永遠跌落神壇",
        "一次讓米國永遠跌落神壇",
        "一次讓米國永遠跌落神壇"
      ],
      "language": "Chinese",
      "pure_emoji": false
    },
    {
      "user": "stone異想世界",
      "comments": [
        "非美世界貿易組織……Non-American WTO，世界不再與美國共存",
        "非美世界貿易組織……Non-American WTO，世界不再與美國共存",
        "非美世界貿易組織……Non-American WTO，世界不再與美國共存",
        "非美世界貿易組織……Non-American WTO，世界不再與美國共存",
        "非美世界貿易組織……Non-American WTO，世界不再與美國共存",
        "非美世界貿易組織……Non-American WTO，世界不再與美國共存"
      ],
      "language": "Mixed",
      "pure_emoji": false
    },
    {
      "user": "sunkinggreen",
      "comments": [
        "賺錢的天才 👍👍👍👍👍",
        "賺錢的天才 👍👍👍👍👍",
        "賺錢的天才 👍👍👍👍👍",
        "賺錢的天才 👍👍👍👍👍",
        "賺錢的天才 👍👍👍👍👍",
        "賺錢的天才 👍👍👍👍👍"
      ],
      "language": "Chinese",
      "pure_emoji": false
    },
    {
      "user": "tonsing hii",
      "comments": [
        "😳😳玩但了 美国",
        "😳😳玩但了 美国",
        "😳😳玩但了 美国",
        "😳😳玩但了 美国"
      ],
      "language": "Chinese",
      "pure_emoji": false
    },
    {
      "user": "user1636826582020",
      "comments": [
        "美丽的风景线",
        "美丽的风景线",
        "美丽的风景线",
        "美丽的风景线",
        "美丽的风景线",
        "美丽的风景线"
      ],
      "language": "Chinese",
      "pure_emoji": false
    },
    {
      "user": "user2655149017255",
      "comments": [
        "他任為好玩也要玩死世界！",
        "他任為好玩也要玩死世界！",
        "他任為好玩也要玩死世界！",
        "他任為好玩也要玩死世界！",
        "他任為好玩也要玩死世界！",
        "他任為好玩也要玩死世界！"
      ],
      "language": "Chinese",
      "pure_emoji": false
    },
    {
      "user": "user36842768547131",
      "comments": [
        "Very good because US public like this president.. TRUMP..",
        "Very good because US public like this president.. TRUMP..",
        "Very good because US public like this president.. TRUMP..",
        "Very good because US public like this president.. TRUMP..",
        "Very good because US public like this president.. TRUMP..",
        "Very good because US public like this president.. TRUMP.."
      ],
      "language": "English",
      "pure_emoji": false
    },
    {
      "user": "user6549875885872",
      "comments": [
        "國之將亡必有妖孽",
        "國之將亡必有妖孽",
        "國之將亡必有妖孽",
        "國之將亡必有妖孽"
      ],
      "language": "Chinese",
      "pure_emoji": false
    },
    {
      "user": "user6872331262584",
      "comments": [
        "😅地球就一个玩家，其他都是Npc，是死是活无所谓，无知无畏，人才，收割全球愚弄地球人，还是站的高好，",
        "😅地球就一个玩家，其他都是Npc，是死是活无所谓，无知无畏，人才，收割全球愚弄地球人，还是站的高好，",
        "😅地球就一个玩家，其他都是Npc，是死是活无所谓，无知无畏，人才，收割全球愚弄地球人，还是站的高好，",
        "😅地球就一个玩家，其他都是Npc，是死是活无所谓，无知无畏，人才，收割全球愚弄地球人，还是站的高好，"
      ],
      "language": "Mixed",
      "pure_emoji": false
    },
    {
      "user": "user9358391070700",
      "comments": [
        "美国开始赖账了😇",
        "美国开始赖账了😇",
        "美国开始赖账了😇",
        "美国开始赖账了😇"
      ],
      "language": "Chinese",
      "pure_emoji": false
    },
    {
      "user": "user9761559891467",
      "comments": [
        "促进消费😁😁😁",
        "促进消费😁😁😁",
        "促进消费😁😁😁",
        "促进消费😁😁😁",
        "促进消费😁😁😁",
        "促进消费😁😁😁"
      ],
      "language": "Chinese",
      "pure_emoji": false
    },
    {
      "user": "userwo96u4o38j",
      "comments": [
        "川你挺得住，ㄧ般老百姓挺得住嗎？",
        "川你挺得住，ㄧ般老百姓挺得住嗎？",
        "川你挺得住，ㄧ般老百姓挺得住嗎？",
        "川你挺得住，ㄧ般老百姓挺得住嗎？"
      ],
      "language": "Chinese",
      "pure_emoji": false
    },
    {
      "user": "userzOrctoarm4",
      "comments": [
        "清德司機我美國人兒子孫子錢多多 驚三小",
        "清德司機我美國人兒子孫子錢多多 驚三小",
        "清德司機我美國人兒子孫子錢多多 驚三小",
        "清德司機我美國人兒子孫子錢多多 驚三小"
      ],
      "language": "Chinese",
      "pure_emoji": false
    },
    {
      "user": "windylovemin",
      "comments": [
        "经济会倒退10年",
        "经济会倒退10年",
        "经济会倒退10年",
        "经济会倒退10年"
      ],
      "language": "Chinese",
      "pure_emoji": false
    },
    {
      "user": "yaojincheng5",
      "comments": [
        "是不是你们特朗普在竞选时候的口号，没有人给你们分析会出现什么问题吧？现在要你们掏钱就上街了？",
        "是不是你们特朗普在竞选时候的口号，没有人给你们分析会出现什么问题吧？现在要你们掏钱就上街了？",
        "是不是你们特朗普在竞选时候的口号，没有人给你们分析会出现什么问题吧？现在要你们掏钱就上街了？",
        "是不是你们特朗普在竞选时候的口号，没有人给你们分析会出现什么问题吧？现在要你们掏钱就上街了？"
      ],
      "language": "Chinese",
      "pure_emoji": false
    },
    {
      "user": "এ᭄ 𝓼𝓸𝓷𝓰𝓭𝔂🇨🇳",
      "comments": [
        "👍👍😂😂😂川建国好同志",
        "👍👍😂😂😂川建国好同志",
        "👍👍😂😂😂川建国好同志",
        "👍👍😂😂😂川建国好同志"
      ],
      "language": "Chinese",
      "pure_emoji": false
    },
    {
      "user": "ျမန္မာ ျပည္တ့",
      "comments": [
        "😂😂😂😋😋",
        "😂😂😂😋😋",
        "😂😂😂😋😋",
        "😂😂😂😋😋"
      ],
      "language": "Other",
      "pure_emoji": false
    },
    {
      "user": "❤️ 반 씨 ❤️",
      "comments": [
        "既然知道美国会输 中国这么高兴 美国大总统应该在原有的基础上在加168％ 或者186％ 中国喜欢这种数字 😁😁😁",
        "😁😁😁😁😁😁",
        "既然知道美国会输 中国这么高兴 美国大总统应该在原有的基础上在加168％ 或者186％ 中国喜欢这种数字 😁😁😁",
        "😁😁😁😁😁😁",
        "既然知道美国会输 中国这么高兴 美国大总统应该在原有的基础上在加168％ 或者186％ 中国喜欢这种数字 😁😁😁"
      ],
      "language": "Chinese",
      "pure_emoji": false
    },
    {
      "user": "おさん（阅读）",
      "comments": [
        "你选的嘛，偶像",
        "你选的嘛，偶像",
        "你选的嘛，偶像",
        "你选的嘛，偶像"
      ],
      "language": "Chinese",
      "pure_emoji": false
    },
    {
      "user": "七天換一次",
      "comments": [
        "美國人好不容易只讓川普當4年總統，沒想到居然又讓他回來，這下子這自找的4年很難熬了。"
      ],
      "language": "Chinese",
      "pure_emoji": false
    },
    {
      "user": "三八姬",
      "comments": [
        "熱鬧了😂😂😂😂😂",
        "熱鬧了😂😂😂😂😂",
        "熱鬧了😂😂😂😂😂",
        "熱鬧了😂😂😂😂😂"
      ],
      "language": "Chinese",
      "pure_emoji": false
    },
    {
      "user": "不會後悔",
      "comments": [
        "下架川普 美國人加油",
        "下架川普 美國人加油",
        "下架川普 美國人加油",
        "下架川普 美國人加油"
      ],
      "language": "Chinese",
      "pure_emoji": false
    },
    {
      "user": "仰望未来",
      "comments": [
        "国之将兴，必有懂王！",
        "国之将兴，必有懂王！"
      ],
      "language": "Chinese",
      "pure_emoji": false
    },
    {
      "user": "任我行 笑看风云",
      "comments": [
        "犹太财团：老特干得好很听话，答应你的那份跑不掉",
        "犹太财团：老特干得好很听话，答应你的那份跑不掉",
        "犹太财团：老特干得好很听话，答应你的那份跑不掉"
      ],
      "language": "Chinese",
      "pure_emoji": false
    },
    {
      "user": "何必問",
      "comments": [
        "不知道美國會不會無政府一堆老百姓洗劫超市",
        "不知道美國會不會無政府一堆老百姓洗劫超市",
        "不知道美國會不會無政府一堆老百姓洗劫超市",
        "不知道美國會不會無政府一堆老百姓洗劫超市"
      ],
      "language": "Chinese",
      "pure_emoji": false
    },
    {
      "user": "你沒有我聰明😎",
      "comments": [
        "確實是為了美國好，問題是人民撐不住",
        "確實是為了美國好，問題是人民撐不住",
        "確實是為了美國好，問題是人民撐不住",
        "確實是為了美國好，問題是人民撐不住"
      ],
      "language": "Chinese",
      "pure_emoji": false
    },
    {
      "user": "保进",
      "comments": [
        "美国没牌了",
        "美国没牌了",
        "美国没牌了",
        "美国没牌了"
      ],
      "language": "Chinese",
      "pure_emoji": false
    },
    {
      "user": "先行者",
      "comments": [
        "2025罷綠委，救台灣！ 守護中華民國，反對台灣獨立！ 依據「總統副總統選舉罷免法」第70條及第76條的規定。罷掉14席不適任的民進黨區域立委，讓藍白立委擁有2/3的席次，他們就可以提案罷免不適格的總統交由人民投票決定。 這是我們避免戰爭唯一的機會。 自己的國家自己救！",
        "2025罷綠委，救台灣！ 守護中華民國，反對台灣獨立！ 依據「總統副總統選舉罷免法」第70條及第76條的規定。罷掉14席不適任的民進黨區域立委，讓藍白立委擁有2/3的席次，他們就可以提案罷免不適格的總統交由人民投票決定。 這是我們避免戰爭唯一的機會。 自己的國家自己救！",
        "2025罷綠委，救台灣！ 守護中華民國，反對台灣獨立！ 依據「總統副總統選舉罷免法」第70條及第76條的規定。罷掉14席不適任的民進黨區域立委，讓藍白立委擁有2/3的席次，他們就可以提案罷免不適格的總統交由人民投票決定。 這是我們避免戰爭唯一的機會。 自己的國家自己救！",
        "2025罷綠委，救台灣！ 守護中華民國，反對台灣獨立！ 依據「總統副總統選舉罷免法」第70條及第76條的規定。罷掉14席不適任的民進黨區域立委，讓藍白立委擁有2/3的席次，他們就可以提案罷免不適格的總統交由人民投票決定。 這是我們避免戰爭唯一的機會。 自己的國家自己救！"
      ],
      "language": "Chinese",
      "pure_emoji": false
    },
    {
      "user": "全网搜索搬砖人，安全稳定，新路子",
      "comments": [
        "一定要好好赚钱，人这一生能够用钱扞卫尊严的时刻，实在太多了！把握机会打个翻身仗吧！努力向前👍",
        "一定要好好赚钱，人这一生能够用钱扞卫尊严的时刻，实在太多了！把握机会打个翻身仗吧！努力向前👍",
        "一定要好好赚钱，人这一生能够用钱扞卫尊严的时刻，实在太多了！把握机会打个翻身仗吧！努力向前👍",
        "一定要好好赚钱，人这一生能够用钱扞卫尊严的时刻，实在太多了！把握机会打个翻身仗吧！努力向前👍"
      ],
      "language": "Chinese",
      "pure_emoji": false
    },
    {
      "user": "兼职搬U日赚万元QQ122220443✈️TG@ubz777",
      "comments": [
        "ns",
        "ns",
        "ns"
      ],
      "language": "English",
      "pure_emoji": false
    },
    {
      "user": "兼职搬U日钻万元QQ122220443✈️TG@ubz777",
      "comments": [
        "ns",
        "ns",
        "ns"
      ],
      "language": "English",
      "pure_emoji": false
    },
    {
      "user": "口坤咔",
      "comments": [
        "一個國家比一個慘",
        "一個國家比一個慘",
        "一個國家比一個慘",
        "一個國家比一個慘"
      ],
      "language": "Chinese",
      "pure_emoji": false
    },
    {
      "user": "吃的全归我啊 🐼🎋",
      "comments": [
        "特朗普的确是在救美国，一年割6600亿美元 可以还利息🤣",
        "特朗普的确是在救美国，一年割6600亿美元 可以还利息🤣",
        "特朗普的确是在救美国，一年割6600亿美元 可以还利息🤣",
        "特朗普的确是在救美国，一年割6600亿美元 可以还利息🤣",
        "特朗普的确是在救美国，一年割6600亿美元 可以还利息🤣",
        "特朗普的确是在救美国，一年割6600亿美元 可以还利息🤣"
      ],
      "language": "Chinese",
      "pure_emoji": false
    },
    {
      "user": "土豪阿森哥",
      "comments": [
        "快去找肯尼迪去了",
        "快去找肯尼迪去了",
        "快去找肯尼迪去了",
        "快去找肯尼迪去了"
      ],
      "language": "Chinese",
      "pure_emoji": false
    },
    {
      "user": "塔羅牌小金與手相阿澤",
      "comments": [
        "明日股票會迴光反照，會大漲 大漲",
        "明日股票會迴光反照，會大漲 大漲",
        "明日股票會迴光反照，會大漲 大漲",
        "明日股票會迴光反照，會大漲 大漲"
      ],
      "language": "Chinese",
      "pure_emoji": false
    },
    {
      "user": "塵埃",
      "comments": [
        "打哈欠🥱 整天創立數字人人頭帳戶洗腦掩蓋自卑，被佔領走20%領土不敢提，白紙運動不敢提，吃糞車不敢提看看韓福濤下場，8964坦克車不敢提，然後底下一堆數字人人頭帳戶附和，拼命洗腦基建，結果尼加瓜拉給人家2014爛尾到2025不敢提，幾億月薪三千人民幣的李克強都被架走的影片不敢提，以上就是洗腦掩蓋悲哀自卑的洗腦帳戶特性",
        "打哈欠🥱 整天創立數字人人頭帳戶洗腦掩蓋自卑，被佔領走20%領土不敢提，白紙運動不敢提，吃糞車不敢提看看韓福濤下場，8964坦克車不敢提，然後底下一堆數字人人頭帳戶附和，拼命洗腦基建，結果尼加瓜拉給人家2014爛尾到2025不敢提，幾億月薪三千人民幣的李克強都被架走的影片不敢提，以上就是洗腦掩蓋悲哀自卑的洗腦帳戶特性",
        "打哈欠🥱 整天創立數字人人頭帳戶洗腦掩蓋自卑，被佔領走20%領土不敢提，白紙運動不敢提，吃糞車不敢提看看韓福濤下場，8964坦克車不敢提，然後底下一堆數字人人頭帳戶附和，拼命洗腦基建，結果尼加瓜拉給人家2014爛尾到2025不敢提，幾億月薪三千人民幣的李克強都被架走的影片不敢提，以上就是洗腦掩蓋悲哀自卑的洗腦帳戶特性",
        "打哈欠🥱 整天創立數字人人頭帳戶洗腦掩蓋自卑，被佔領走20%領土不敢提，白紙運動不敢提，吃糞車不敢提看看韓福濤下場，8964坦克車不敢提，然後底下一堆數字人人頭帳戶附和，拼命洗腦基建，結果尼加瓜拉給人家2014爛尾到2025不敢提，幾億月薪三千人民幣的李克強都被架走的影片不敢提，以上就是洗腦掩蓋悲哀自卑的洗腦帳戶特性"
      ],
      "language": "Chinese",
      "pure_emoji": false
    },
    {
      "user": "大皮卡",
      "comments": [
        "月薪3000的我和我有叼毛关系😁",
        "月薪3000的我和我有叼毛关系😁",
        "月薪3000的我和我有叼毛关系😁",
        "月薪3000的我和我有叼毛关系😁"
      ],
      "language": "Chinese",
      "pure_emoji": false
    },
    {
      "user": "存",
      "comments": [
        "請川普再撐4天，很快就能為辛普森預言做出貢獻",
        "請川普再撐4天，很快就能為辛普森預言做出貢獻",
        "請川普再撐4天，很快就能為辛普森預言做出貢獻",
        "請川普再撐4天，很快就能為辛普森預言做出貢獻"
      ],
      "language": "Chinese",
      "pure_emoji": false
    },
    {
      "user": "宛樺",
      "comments": [
        "台積電我也是故意，台灣人民自己挺住啊！",
        "台積電我也是故意，台灣人民自己挺住啊！",
        "台積電我也是故意，台灣人民自己挺住啊！",
        "台積電我也是故意，台灣人民自己挺住啊！",
        "台積電我也是故意，台灣人民自己挺住啊！",
        "台積電我也是故意，台灣人民自己挺住啊！"
      ],
      "language": "Chinese",
      "pure_emoji": false
    },
    {
      "user": "小媽咪",
      "comments": [
        "當領袖講話要有誠信. 說話不要顛三倒四的. 領袖是要為人民造褔造利. 不是要造成人民的大恐荒！",
        "當領袖講話要有誠信. 說話不要顛三倒四的. 領袖是要為人民造褔造利. 不是要造成人民的大恐荒！",
        "當領袖講話要有誠信. 說話不要顛三倒四的. 領袖是要為人民造褔造利. 不是要造成人民的大恐荒！",
        "當領袖講話要有誠信. 說話不要顛三倒四的. 領袖是要為人民造褔造利. 不是要造成人民的大恐荒！"
      ],
      "language": "Chinese",
      "pure_emoji": false
    },
    {
      "user": "小葉",
      "comments": [
        "真羨慕😂😂😂",
        "真羨慕😂😂😂",
        "真羨慕😂😂😂",
        "真羨慕😂😂😂"
      ],
      "language": "Chinese",
      "pure_emoji": false
    },
    {
      "user": "尼克維",
      "comments": [
        "一群人 時時刻刻 帶著仇恨怨恨 ... 生活在台灣.. 和 一群人 時時刻刻 帶著安平祥和禮義廉恥.... 生活在台灣.. 這兩群人 在 對抗…對抗. ...!!",
        "一群人 時時刻刻 帶著仇恨怨恨 ... 生活在台灣.. 和 一群人 時時刻刻 帶著安平祥和禮義廉恥.... 生活在台灣.. 這兩群人 在 對抗…對抗. ...!!",
        "一群人 時時刻刻 帶著仇恨怨恨 ... 生活在台灣.. 和 一群人 時時刻刻 帶著安平祥和禮義廉恥.... 生活在台灣.. 這兩群人 在 對抗…對抗. ...!!",
        "一群人 時時刻刻 帶著仇恨怨恨 ... 生活在台灣.. 和 一群人 時時刻刻 帶著安平祥和禮義廉恥.... 生活在台灣.. 這兩群人 在 對抗…對抗. ...!!"
      ],
      "language": "Chinese",
      "pure_emoji": false
    },
    {
      "user": "峡谷小鲁班",
      "comments": [
        "两天就能五万亿美元😂😂😂确实快",
        "两天就能五万亿美元😂😂😂确实快",
        "两天就能五万亿美元😂😂😂确实快",
        "两天就能五万亿美元😂😂😂确实快",
        "两天就能五万亿美元😂😂😂确实快",
        "两天就能五万亿美元😂😂😂确实快"
      ],
      "language": "Chinese",
      "pure_emoji": false
    },
    {
      "user": "峰哥～🇨🇦",
      "comments": [
        "这话说的没毛病",
        "这话说的没毛病"
      ],
      "language": "Chinese",
      "pure_emoji": false
    },
    {
      "user": "张 张小.XiaoXiao",
      "comments": [
        "真的假的",
        "真的假的",
        "真的假的",
        "真的假的",
        "真的假的",
        "真的假的"
      ],
      "language": "Chinese",
      "pure_emoji": false
    },
    {
      "user": "張大銓",
      "comments": [
        "嗚……嗚……嗚、哇……哇……哇、哈……哈.哈大笑三聲，就叫美國猶太人這些既得利益集團出來接盤吧，她們擁有超過全球2／3貨幣，對美國現在的問題是小菜一碟……？",
        "嗚……嗚……嗚、哇……哇……哇、哈……哈.哈大笑三聲，就叫美國猶太人這些既得利益集團出來接盤吧，她們擁有超過全球2／3貨幣，對美國現在的問題是小菜一碟……？",
        "嗚……嗚……嗚、哇……哇……哇、哈……哈.哈大笑三聲，就叫美國猶太人這些既得利益集團出來接盤吧，她們擁有超過全球2／3貨幣，對美國現在的問題是小菜一碟……？",
        "嗚……嗚……嗚、哇……哇……哇、哈……哈.哈大笑三聲，就叫美國猶太人這些既得利益集團出來接盤吧，她們擁有超過全球2／3貨幣，對美國現在的問題是小菜一碟……？"
      ],
      "language": "Chinese",
      "pure_emoji": false
    },
    {
      "user": "心情决定命运",
      "comments": [
        "是的，美国老百姓不知道能不能坚持住，再这样下去估计要内战"
      ],
      "language": "Chinese",
      "pure_emoji": false
    },
    {
      "user": "感恩",
      "comments": [
        "美国特朗普和亿万富翁马斯克收割美国优质量股。。😂😂😂",
        "美国特朗普和亿万富翁马斯克收割美国优质量股。。😂😂😂",
        "美国特朗普和亿万富翁马斯克收割美国优质量股。。😂😂😂",
        "美国特朗普和亿万富翁马斯克收割美国优质量股。。😂😂😂"
      ],
      "language": "Chinese",
      "pure_emoji": false
    },
    {
      "user": "曹",
      "comments": [
        "把特狼普下架",
        "把特狼普下架",
        "把特狼普下架",
        "把特狼普下架"
      ],
      "language": "Chinese",
      "pure_emoji": false
    },
    {
      "user": "有夏152",
      "comments": [
        "商賈不仁不義，祇顧自己！於此可見！小民何姑！",
        "商賈不仁不義，祇顧自己！於此可見！小民何姑！",
        "商賈不仁不義，祇顧自己！於此可見！小民何姑！",
        "商賈不仁不義，祇顧自己！於此可見！小民何姑！"
      ],
      "language": "Chinese",
      "pure_emoji": false
    },
    {
      "user": "朱官宇",
      "comments": [
        "川普及其金主們（大多是猶太人），早在股市高檔出脫股票，且持續數月。看美股四大指數週線圖，就是作頭趨勢。巴菲特現金持有歷史新高，特斯拉股價急拉再崩跌，八大妖股量大下跌，正如川普說的；我故意的，大盤崩跌五成，拖累全球股市，我和我的金主們從容回補，一出ㄧ進之間，川普與金主們必然偉大。",
        "川普及其金主們（大多是猶太人），早在股市高檔出脫股票，且持續數月。看美股四大指數週線圖，就是作頭趨勢。巴菲特現金持有歷史新高，特斯拉股價急拉再崩跌，八大妖股量大下跌，正如川普說的；我故意的，大盤崩跌五成，拖累全球股市，我和我的金主們從容回補，一出ㄧ進之間，川普與金主們必然偉大。",
        "川普及其金主們（大多是猶太人），早在股市高檔出脫股票，且持續數月。看美股四大指數週線圖，就是作頭趨勢。巴菲特現金持有歷史新高，特斯拉股價急拉再崩跌，八大妖股量大下跌，正如川普說的；我故意的，大盤崩跌五成，拖累全球股市，我和我的金主們從容回補，一出ㄧ進之間，川普與金主們必然偉大。",
        "川普及其金主們（大多是猶太人），早在股市高檔出脫股票，且持續數月。看美股四大指數週線圖，就是作頭趨勢。巴菲特現金持有歷史新高，特斯拉股價急拉再崩跌，八大妖股量大下跌，正如川普說的；我故意的，大盤崩跌五成，拖累全球股市，我和我的金主們從容回補，一出ㄧ進之間，川普與金主們必然偉大。"
      ],
      "language": "Chinese",
      "pure_emoji": false
    },
    {
      "user": "李健佑",
      "comments": [
        "🤣🤣人民选的",
        "🤣🤣人民选的",
        "🤣🤣人民选的",
        "🤣🤣人民选的"
      ],
      "language": "Chinese",
      "pure_emoji": false
    },
    {
      "user": "李明叡",
      "comments": [
        "沒看新聞嗎？搜尋關鍵字「關稅戰」",
        "沒看新聞嗎？搜尋關鍵字「關稅戰」"
      ],
      "language": "Chinese",
      "pure_emoji": false
    },
    {
      "user": "李至祥613",
      "comments": [
        "領導者的惡真的無極限",
        "領導者的惡真的無極限",
        "領導者的惡真的無極限"
      ],
      "language": "Chinese",
      "pure_emoji": false
    },
    {
      "user": "氶",
      "comments": [
        "美國邪教教主川哥😳",
        "美國邪教教主川哥😳",
        "美國邪教教主川哥😳",
        "美國邪教教主川哥😳"
      ],
      "language": "Chinese",
      "pure_emoji": false
    },
    {
      "user": "江文明",
      "comments": [
        "又不是中國人。 會去搶購。",
        "又不是中國人。 會去搶購。",
        "又不是中國人。 會去搶購。",
        "又不是中國人。 會去搶購。"
      ],
      "language": "Chinese",
      "pure_emoji": false
    },
    {
      "user": "沈秀珍",
      "comments": [
        "大总统，面对示威，不要去打球，赶快解决哦",
        "大总统，面对示威，不要去打球，赶快解决哦",
        "大总统，面对示威，不要去打球，赶快解决哦",
        "大总统，面对示威，不要去打球，赶快解决哦"
      ],
      "language": "Chinese",
      "pure_emoji": false
    },
    {
      "user": "泊涛资本 白资收U 小白可带 ✈️@botaoxiaowu",
      "comments": [
        "来几个兄弟帮忙搬砖💰",
        "来几个兄弟帮忙搬砖💰"
      ],
      "language": "Chinese",
      "pure_emoji": false
    },
    {
      "user": "潘大爹",
      "comments": [
        "繼續的瘋狂下去吧！",
        "繼續的瘋狂下去吧！",
        "繼續的瘋狂下去吧！",
        "繼續的瘋狂下去吧！"
      ],
      "language": "Chinese",
      "pure_emoji": false
    },
    {
      "user": "無痕",
      "comments": [
        "特朗普收割全世界，後果是全美人民承擔，全世界公敵",
        "特朗普收割全世界，後果是全美人民承擔，全世界公敵"
      ],
      "language": "Chinese",
      "pure_emoji": false
    },
    {
      "user": "無雙",
      "comments": [
        "特朗普收割全世界，後果是全美人民承擔，全世界公敵",
        "特朗普收割全世界，後果是全美人民承擔，全世界公敵"
      ],
      "language": "Chinese",
      "pure_emoji": false
    },
    {
      "user": "獅子座男孩",
      "comments": [
        "川普跟賴清德差不多，沒責任的人",
        "美國很快就要吃土了，不用多久時間",
        "美國很快就要吃土了，不用多久時間",
        "川普跟賴清德差不多，沒責任的人",
        "美國很快就要吃土了，不用多久時間",
        "川普跟賴清德差不多，沒責任的人",
        "美國很快就要吃土了，不用多久時間"
      ],
      "language": "Chinese",
      "pure_emoji": false
    },
    {
      "user": "用户1698084124964",
      "comments": [
        "人民要覺醒，不然就等著被政客宰割",
        "人民要覺醒，不然就等著被政客宰割",
        "人民要覺醒，不然就等著被政客宰割",
        "人民要覺醒，不然就等著被政客宰割"
      ],
      "language": "Chinese",
      "pure_emoji": false
    },
    {
      "user": "用户1935988996371",
      "comments": [
        "🥰🥰",
        "🥰🥰",
        "🥰🥰",
        "🥰🥰"
      ],
      "language": "Other",
      "pure_emoji": false
    },
    {
      "user": "用户3346314356272",
      "comments": [
        "不久前投票，好像不是这样 🤔😳😳",
        "不久前投票，好像不是这样 🤔😳😳",
        "不久前投票，好像不是这样 🤔😳😳",
        "不久前投票，好像不是这样 🤔😳😳"
      ],
      "language": "Chinese",
      "pure_emoji": false
    },
    {
      "user": "用户4218836609806",
      "comments": [
        "變向中國化。對美國人民割韮菜根。",
        "變向中國化。對美國人民割韮菜根。",
        "變向中國化。對美國人民割韮菜根。",
        "變向中國化。對美國人民割韮菜根。",
        "美國本來就社會福利政策錯誤。才會政府赤字。"
      ],
      "language": "Chinese",
      "pure_emoji": false
    },
    {
      "user": "用户4224020348933",
      "comments": [
        "已破產的趋势🙏🙏🙏",
        "已破產的趋势🙏🙏🙏",
        "黑狗偷吃,白狗挡灾,这是不变的道理,你选錯腫桶,你自己要买单的.",
        "已破產的趋势🙏🙏🙏",
        "已破產的趋势🙏🙏🙏"
      ],
      "language": "Chinese",
      "pure_emoji": false
    },
    {
      "user": "白资换U搬砖QQ122220443✈️TG@ubz777",
      "comments": [
        "ns",
        "ns",
        "ns"
      ],
      "language": "English",
      "pure_emoji": false
    },
    {
      "user": "白资换U搬砖万元QQ122220443✈️TG@ubz777",
      "comments": [
        "ns",
        "ns",
        "ns"
      ],
      "language": "English",
      "pure_emoji": false
    },
    {
      "user": "皇上驾到",
      "comments": [
        "😂😂😂😂😂😂",
        "😂😂😂😂😂😂"
      ],
      "language": "Other",
      "pure_emoji": false
    },
    {
      "user": "秘密",
      "comments": [
        "台灣受夠民禁黨帶給全台灣2300萬人民的壓力了。該讓民禁黨試試2300萬人民給民禁黨壓力了。",
        "台灣受夠民禁黨帶給全台灣2300萬人民的壓力了。該讓民禁黨試試2300萬人民給民禁黨壓力了。",
        "台灣受夠民禁黨帶給全台灣2300萬人民的壓力了。該讓民禁黨試試2300萬人民給民禁黨壓力了。",
        "台灣受夠民禁黨帶給全台灣2300萬人民的壓力了。該讓民禁黨試試2300萬人民給民禁黨壓力了。"
      ],
      "language": "Chinese",
      "pure_emoji": false
    },
    {
      "user": "簡財守",
      "comments": [
        "美國的老百姓可以罷免美國總統川普啊加油",
        "美國的老百姓可以罷免美國總統川普啊加油",
        "美國的老百姓可以罷免美國總統川普啊加油",
        "美國的老百姓可以罷免美國總統川普啊加油"
      ],
      "language": "Chinese",
      "pure_emoji": false
    },
    {
      "user": "糖糖小路出境+护照激活盖章（先出境后付款）大蛇头",
      "comments": [
        "我故意的",
        "我故意的"
      ],
      "language": "Chinese",
      "pure_emoji": false
    },
    {
      "user": "終於找到你",
      "comments": [
        "他們自己選的總統就要付出代價",
        "他們自己選的總統就要付出代價",
        "他們自己選的總統就要付出代價",
        "他們自己選的總統就要付出代價"
      ],
      "language": "Chinese",
      "pure_emoji": false
    },
    {
      "user": "老吳",
      "comments": [
        "上次當選就是個大空頭這次還會變🤣🤣"
      ],
      "language": "Chinese",
      "pure_emoji": false
    },
    {
      "user": "肥肥พรประภา มัฆวาฬ",
      "comments": [
        "瘋😳",
        "瘋😳",
        "瘋😳",
        "瘋😳"
      ],
      "language": "Chinese",
      "pure_emoji": false
    },
    {
      "user": "蒹葭苍白",
      "comments": [
        "人民无罪，希望全世界人民，没有饥寒交迫。",
        "人民无罪，希望全世界人民，没有饥寒交迫。",
        "人民无罪，希望全世界人民，没有饥寒交迫。",
        "人民无罪，希望全世界人民，没有饥寒交迫。"
      ],
      "language": "Chinese",
      "pure_emoji": false
    },
    {
      "user": "蘇東坡",
      "comments": [
        "台北行天宮不拿香？讓你信薪資成奴僕讓你背叛親友喪失忠孝信義禮義廉恥😡道貌岸然國際公益團體皆為間諜，包含基督教團體 日本軍閥遊戲公司皆為豢養網軍製造輿論動盪之一，網路電視台媒體記者也被收買，為以色列財閥哄抬物價 房價造成人民恐慌，陷阱遊戲以比特幣 股票 基金讓其投資人喪失希望輕生，這群日籍民進黨立委官員黨羽沒有所謂榮譽感，請中國政府一一盤查😡揪出中國的間諜漢奸緝查金流動向及嚴懲😡",
        "會說共匪、會談造謠反串哄抬物就是遊戲公司網軍聽從日本老闆指令到處帶風向😡看看日籍民進黨怎麼出賣台灣環境，怎麼出賣台積電與台灣人民的血汗😡什麼年代還在國共、什麼時候會談到剿匪😡毫無良心的電視台記者 公益團體 基督教間諜 日本軍閥投資等遊戲公司，為了薪資利益財富出賣台灣讓以色列操控台灣人民思想，美國只是以色列的打手，一個負債巨額的空殼還說什麼霸權…吞食人民與各國的美猶財閥😡國際學校成長的漢奸",
        "台北行天宮不拿香？讓你信薪資成奴僕讓你背叛親友喪失忠孝信義禮義廉恥😡道貌岸然國際公益團體皆為間諜，包含基督教團體 日本軍閥遊戲公司皆為豢養網軍製造輿論動盪之一，網路電視台媒體記者也被收買，為以色列財閥哄抬物價 房價造成人民恐慌，陷阱遊戲以比特幣 股票 基金讓其投資人喪失希望輕生，這群日籍民進黨立委官員黨羽沒有所謂榮譽感，請中國政府一一盤查😡揪出中國的間諜漢奸緝查金流動向及嚴懲😡",
        "會說共匪、會談造謠反串哄抬物就是遊戲公司網軍聽從日本老闆指令到處帶風向😡看看日籍民進黨怎麼出賣台灣環境，怎麼出賣台積電與台灣人民的血汗😡什麼年代還在國共、什麼時候會談到剿匪😡毫無良心的電視台記者 公益團體 基督教間諜 日本軍閥投資等遊戲公司，為了薪資利益財富出賣台灣讓以色列操控台灣人民思想，美國只是以色列的打手，一個負債巨額的空殼還說什麼霸權…吞食人民與各國的美猶財閥😡國際學校成長的漢奸",
        "台北行天宮不拿香？讓你信薪資成奴僕讓你背叛親友喪失忠孝信義禮義廉恥😡道貌岸然國際公益團體皆為間諜，包含基督教團體 日本軍閥遊戲公司皆為豢養網軍製造輿論動盪之一，網路電視台媒體記者也被收買，為以色列財閥哄抬物價 房價造成人民恐慌，陷阱遊戲以比特幣 股票 基金讓其投資人喪失希望輕生，這群日籍民進黨立委官員黨羽沒有所謂榮譽感，請中國政府一一盤查😡揪出中國的間諜漢奸緝查金流動向及嚴懲😡",
        "會說共匪、會談造謠反串哄抬物就是遊戲公司網軍聽從日本老闆指令到處帶風向😡看看日籍民進黨怎麼出賣台灣環境，怎麼出賣台積電與台灣人民的血汗😡什麼年代還在國共、什麼時候會談到剿匪😡毫無良心的電視台記者 公益團體 基督教間諜 日本軍閥投資等遊戲公司，為了薪資利益財富出賣台灣讓以色列操控台灣人民思想，美國只是以色列的打手，一個負債巨額的空殼還說什麼霸權…吞食人民與各國的美猶財閥😡國際學校成長的漢奸",
        "台北行天宮不拿香？讓你信薪資成奴僕讓你背叛親友喪失忠孝信義禮義廉恥😡道貌岸然國際公益團體皆為間諜，包含基督教團體 日本軍閥遊戲公司皆為豢養網軍製造輿論動盪之一，網路電視台媒體記者也被收買，為以色列財閥哄抬物價 房價造成人民恐慌，陷阱遊戲以比特幣 股票 基金讓其投資人喪失希望輕生，這群日籍民進黨立委官員黨羽沒有所謂榮譽感，請中國政府一一盤查😡揪出中國的間諜漢奸緝查金流動向及嚴懲😡",
        "會說共匪、會談造謠反串哄抬物就是遊戲公司網軍聽從日本老闆指令到處帶風向😡看看日籍民進黨怎麼出賣台灣環境，怎麼出賣台積電與台灣人民的血汗😡什麼年代還在國共、什麼時候會談到剿匪😡毫無良心的電視台記者 公益團體 基督教間諜 日本軍閥投資等遊戲公司，為了薪資利益財富出賣台灣讓以色列操控台灣人民思想，美國只是以色列的打手，一個負債巨額的空殼還說什麼霸權…吞食人民與各國的美猶財閥😡國際學校成長的漢奸"
      ],
      "language": "Chinese",
      "pure_emoji": false
    },
    {
      "user": "蘇玄",
      "comments": [
        "他割全世界但是人民也是要苦哈哈 國家要亡 必有妖孽",
        "他割全世界但是人民也是要苦哈哈 國家要亡 必有妖孽",
        "他割全世界但是人民也是要苦哈哈 國家要亡 必有妖孽",
        "他割全世界但是人民也是要苦哈哈 國家要亡 必有妖孽"
      ],
      "language": "Chinese",
      "pure_emoji": false
    },
    {
      "user": "蜈蚣",
      "comments": [
        "很多國家趴下了、還不夠嗎？",
        "很多國家趴下了、還不夠嗎？",
        "很多國家趴下了、還不夠嗎？",
        "很多國家趴下了、還不夠嗎？"
      ],
      "language": "Chinese",
      "pure_emoji": false
    },
    {
      "user": "請不要關注我，不要加我粉絲",
      "comments": [
        "美國人怎麼可能挺得住？而且美國現在已經是分裂的兩極社會，一邊一半對戰，再加上關稅戰對川普的支持者創擊嚴重，美國將會面臨前所未有的困境，所有的問題在於這幾個美國總統搞不清楚自己國家有什麼問題，還更搞不理解對方的特性，唉",
        "有人醒也沒有用，因為社會已經被撕裂了，結構已經崩潰了，就算有人是醒的也沒有用，就像台灣也很多人是醒的但是也沒有用",
        "美國人怎麼可能挺得住？而且美國現在已經是分裂的兩極社會，一邊一半對戰，再加上關稅戰對川普的支持者創擊嚴重，美國將會面臨前所未有的困境，所有的問題在於這幾個美國總統搞不清楚自己國家有什麼問題，還更搞不理解對方的特性，唉",
        "美國人怎麼可能挺得住？而且美國現在已經是分裂的兩極社會，一邊一半對戰，再加上關稅戰對川普的支持者創擊嚴重，美國將會面臨前所未有的困境，所有的問題在於這幾個美國總統搞不清楚自己國家有什麼問題，還更搞不理解對方的特性，唉",
        "美國人怎麼可能挺得住？而且美國現在已經是分裂的兩極社會，一邊一半對戰，再加上關稅戰對川普的支持者創擊嚴重，美國將會面臨前所未有的困境，所有的問題在於這幾個美國總統搞不清楚自己國家有什麼問題，還更搞不理解對方的特性，唉"
      ],
      "language": "Chinese",
      "pure_emoji": false
    },
    {
      "user": "蹦丹",
      "comments": [
        "gta國",
        "gta國",
        "gta國",
        "gta國",
        "gta國",
        "gta國"
      ],
      "language": "Mixed",
      "pure_emoji": false
    },
    {
      "user": "近看潮起潮落",
      "comments": [
        "明天会如何？",
        "明天会如何？",
        "明天会如何？",
        "明天会如何？"
      ],
      "language": "Chinese",
      "pure_emoji": false
    },
    {
      "user": "鍾涵稘",
      "comments": [
        "不適任的總統，関稅打到自己了",
        "不適任的總統，関稅打到自己了",
        "不適任的總統，関稅打到自己了",
        "不適任的總統，関稅打到自己了"
      ],
      "language": "Chinese",
      "pure_emoji": false
    },
    {
      "user": "阿巴阿巴😦😦😦",
      "comments": [
        "建国同志辛苦了",
        "建国同志辛苦了",
        "建国同志辛苦了",
        "建国同志辛苦了"
      ],
      "language": "Chinese",
      "pure_emoji": false
    },
    {
      "user": "阿明大叔",
      "comments": [
        "川普只是嘴硬而已🙄這是美國的總統文化，就算再怎麼失敗都不能示弱😒",
        "川普只是嘴硬而已🙄這是美國的總統文化，就算再怎麼失敗都不能示弱😒",
        "川普只是嘴硬而已🙄這是美國的總統文化，就算再怎麼失敗都不能示弱😒",
        "川普只是嘴硬而已🙄這是美國的總統文化，就算再怎麼失敗都不能示弱😒"
      ],
      "language": "Chinese",
      "pure_emoji": false
    },
    {
      "user": "阿森",
      "comments": [
        "你如果是小老百姓就不會這樣講了，生活都過不了，還還國家利息？"
      ],
      "language": "Chinese",
      "pure_emoji": false
    },
    {
      "user": "阿銘",
      "comments": [
        "他的表現足以構成世界公敵了嗎？",
        "他的表現足以構成世界公敵了嗎？",
        "他的表現足以構成世界公敵了嗎？",
        "他的表現足以構成世界公敵了嗎？",
        "他的表現足以構成世界公敵了嗎？",
        "他的表現足以構成世界公敵了嗎？"
      ],
      "language": "Chinese",
      "pure_emoji": false
    },
    {
      "user": "陳致嘉",
      "comments": [
        "世界越亂，這些上位者撈更多，賺更多😂😂",
        "世界越亂，這些上位者撈更多，賺更多😂😂",
        "世界越亂，這些上位者撈更多，賺更多😂😂",
        "世界越亂，這些上位者撈更多，賺更多😂😂"
      ],
      "language": "Chinese",
      "pure_emoji": false
    },
    {
      "user": "陳雙財",
      "comments": [
        "美用惡毒手段，傷了全世界各國，也傷到自己🥰🥰🥰🥰🥰🥰加油繼續啊",
        "美用惡毒手段，傷了全世界各國，也傷到自己🥰🥰🥰🥰🥰🥰加油繼續啊",
        "美用惡毒手段，傷了全世界各國，也傷到自己🥰🥰🥰🥰🥰🥰加油繼續啊",
        "美用惡毒手段，傷了全世界各國，也傷到自己🥰🥰🥰🥰🥰🥰加油繼續啊"
      ],
      "language": "Chinese",
      "pure_emoji": false
    },
    {
      "user": "陶斯",
      "comments": [
        "0元購物準備開始",
        "0元購物準備開始",
        "0元購物準備開始",
        "0元購物準備開始"
      ],
      "language": "Chinese",
      "pure_emoji": false
    },
    {
      "user": "随缘( mr chua)",
      "comments": [
        "we love you Trump 🥰🥰🥰",
        "we love you Trump 🥰🥰🥰",
        "we love you Trump 🥰🥰🥰",
        "we love you Trump 🥰🥰🥰",
        "we love you Trump 🥰🥰🥰",
        "we love you Trump 🥰🥰🥰"
      ],
      "language": "English",
      "pure_emoji": false
    },
    {
      "user": "風中遊子",
      "comments": [
        "人家都說不是故意的你打故意，只會做假新聞",
        "人家都說不是故意的你打故意，只會做假新聞",
        "人家都說不是故意的你打故意，只會做假新聞",
        "人家都說不是故意的你打故意，只會做假新聞"
      ],
      "language": "Chinese",
      "pure_emoji": false
    },
    {
      "user": "飞 高",
      "comments": [
        "大陆股先崩了",
        "大陆股先崩了",
        "大陆股先崩了",
        "大陆股先崩了"
      ],
      "language": "Chinese",
      "pure_emoji": false
    },
    {
      "user": "高山轅",
      "comments": [
        "特郎普他無路可退 他确實输了 所以他才批評中國的反制措施🤣他還说中國慌了 只有自己慌了的人才會说人家慌了🤣期待他在對中國加码加税 他在加 中國還是一樣用反制措施 如果他不再對中國加码加稅的話 這证明他已經是輸到仆街了🤣"
      ],
      "language": "Chinese",
      "pure_emoji": false
    },
    {
      "user": "黃銘全",
      "comments": [
        "看來挺不住了，中低下收入更窮了",
        "看來挺不住了，中低下收入更窮了",
        "看來挺不住了，中低下收入更窮了",
        "看來挺不住了，中低下收入更窮了"
      ],
      "language": "Chinese",
      "pure_emoji": false
    },
    {
      "user": "龍哥",
      "comments": [
        "自己選出來的總統有什麼辦法",
        "自己選出來的總統有什麼辦法",
        "自己選出來的總統有什麼辦法",
        "自己選出來的總統有什麼辦法",
        "自己選出來的總統有什麼辦法",
        "自己選出來的總統有什麼辦法"
      ],
      "language": "Chinese",
      "pure_emoji": false
    },
    {
      "user": "해찬",
      "comments": [
        "😭😭😭",
        "😭😭😭",
        "😭😭😭",
        "😭😭😭"
      ],
      "language": "Other",
      "pure_emoji": false
    },
    {
      "user": "🎄Carol 🎄",
      "comments": [
        "全球大亂",
        "全球大亂",
        "全球大亂",
        "全球大亂",
        "全球大亂",
        "全球大亂"
      ],
      "language": "Chinese",
      "pure_emoji": false
    },
    {
      "user": "🎼啦啦…",
      "comments": [
        "現世報",
        "現世報",
        "現世報",
        "現世報"
      ],
      "language": "Chinese",
      "pure_emoji": false
    },
    {
      "user": "👍我以民進黨為恥👍",
      "comments": [
        "川普要不要先發布「不自殺聲明」，總覺得他時日無多了"
      ],
      "language": "Chinese",
      "pure_emoji": false
    },
    {
      "user": "💜☆Σ❀ฺ´紫寶貝芯❀ฺ)💋",
      "comments": [
        "台灣人就是不團結 看看人家多勇敢",
        "台灣人就是不團結 看看人家多勇敢",
        "台灣人就是不團結 看看人家多勇敢",
        "台灣人就是不團結 看看人家多勇敢"
      ],
      "language": "Chinese",
      "pure_emoji": false
    },
    {
      "user": "📜𝐅𝐔𝐓𝐔𝐑𝐄〰️🌻",
      "comments": [
        "川普你知道很多人想扌丁你嗎 顧人怨",
        "川普你知道很多人想扌丁你嗎 顧人怨",
        "川普你知道很多人想扌丁你嗎 顧人怨",
        "川普你知道很多人想扌丁你嗎 顧人怨"
      ],
      "language": "Chinese",
      "pure_emoji": false
    }
  ]
}