{
  "video_id": "7493827377517137160",
  "video_url": "https://www.tiktok.com/@humphrey.ren/video/7493827377517137160",
  "publish_date": null,
  "comment_groups": [
    {
      "user": "321",
      "comments": [
        "🥰🥰🥰",
        "🥰🥰🥰",
        "🥰🥰🥰",
        "🥰🥰🥰"
      ],
      "language": "Other",
      "pure_emoji": false
    },
    {
      "user": "369",
      "comments": [
        "看他写的书 就是喜欢玩这个游戏",
        "看他写的书 就是喜欢玩这个游戏",
        "看他写的书 就是喜欢玩这个游戏",
        "看他写的书 就是喜欢玩这个游戏"
      ],
      "language": "Chinese",
      "pure_emoji": false
    },
    {
      "user": "BT S",
      "comments": [
        "讲的太好了",
        "讲的太好了",
        "讲的太好了",
        "讲的太好了"
      ],
      "language": "Chinese",
      "pure_emoji": false
    },
    {
      "user": "Benedict Low",
      "comments": [
        "没想到你有明目！",
        "没想到你有明目！",
        "没想到你有明目！",
        "没想到你有明目！"
      ],
      "language": "Chinese",
      "pure_emoji": false
    },
    {
      "user": "Chan Seng",
      "comments": [
        "真是说得非常好👍👍👍👍👍👍👍👍👍😁😁😁😁😁😁😁😁😁🥰🥰🥰🥰🥰🥰🥰🥰🥰",
        "真是说得非常好👍👍👍👍👍👍👍👍👍😁😁😁😁😁😁😁😁😁🥰🥰🥰🥰🥰🥰🥰🥰🥰",
        "真是说得非常好👍👍👍👍👍👍👍👍👍😁😁😁😁😁😁😁😁😁🥰🥰🥰🥰🥰🥰🥰🥰🥰",
        "真是说得非常好👍👍👍👍👍👍👍👍👍😁😁😁😁😁😁😁😁😁🥰🥰🥰🥰🥰🥰🥰🥰🥰"
      ],
      "language": "Chinese",
      "pure_emoji": false
    },
    {
      "user": "DINGMN",
      "comments": [
        "川普为美国，是天大疯笑！",
        "川普为美国，是天大疯笑！",
        "川普为美国，是天大疯笑！",
        "川普为美国，是天大疯笑！"
      ],
      "language": "Chinese",
      "pure_emoji": false
    },
    {
      "user": "John lee 演算先生。",
      "comments": [
        "😂😂😂",
        "😂😂😂",
        "😂😂😂",
        "😂😂😂"
      ],
      "language": "Other",
      "pure_emoji": false
    },
    {
      "user": "LianPheng Tan",
      "comments": [
        "👍👍👍",
        "👍👍👍",
        "👍👍👍",
        "👍👍👍"
      ],
      "language": "Other",
      "pure_emoji": false
    },
    {
      "user": "Mich",
      "comments": [
        "就是如此。",
        "就是如此。",
        "就是如此。",
        "就是如此。"
      ],
      "language": "Chinese",
      "pure_emoji": false
    },
    {
      "user": "Taihua Vuong",
      "comments": [
        "🥰🥰🥰",
        "🥰🥰🥰",
        "🥰🥰🥰"
      ],
      "language": "Other",
      "pure_emoji": false
    },
    {
      "user": "Wisman",
      "comments": [
        "就是想用零关税，换中国的美债，真时的目的是不还了，好听的说法就是100年之后再还，这就是空手套白狼。",
        "就是想用零关税，换中国的美债，真时的目的是不还了，好听的说法就是100年之后再还，这就是空手套白狼。",
        "就是想用零关税，换中国的美债，真时的目的是不还了，好听的说法就是100年之后再还，这就是空手套白狼。",
        "就是想用零关税，换中国的美债，真时的目的是不还了，好听的说法就是100年之后再还，这就是空手套白狼。"
      ],
      "language": "Chinese",
      "pure_emoji": false
    },
    {
      "user": "Wong Khenmin66",
      "comments": [
        "🥰🥰🥰",
        "🥰🥰🥰",
        "🥰🥰🥰",
        "🥰🥰🥰"
      ],
      "language": "Other",
      "pure_emoji": false
    },
    {
      "user": "achien",
      "comments": [
        "👍🇳🇱📺🇨🇳🇹🇼"
      ],
      "language": "Other",
      "pure_emoji": true
    },
    {
      "user": "dybnkik92yaf",
      "comments": [
        "👏",
        "👏",
        "👏",
        "👏"
      ],
      "language": "Other",
      "pure_emoji": false
    },
    {
      "user": "hangkeqiang",
      "comments": [
        "胡言乱语",
        "胡言乱语",
        "胡言乱语",
        "胡言乱语"
      ],
      "language": "Chinese",
      "pure_emoji": false
    },
    {
      "user": "hock",
      "comments": [
        "想要中国解决美国债券 😳🙏",
        "想要中国解决美国债券 😳🙏",
        "想要中国解决美国债券 😳🙏",
        "想要中国解决美国债券 😳🙏"
      ],
      "language": "Chinese",
      "pure_emoji": false
    },
    {
      "user": "kevinzhang614",
      "comments": [
        "从上任前发行Trump币，就知道他的道德水平了，（哦哦，侮辱了道德俩字）。",
        "从上任前发行Trump币，就知道他的道德水平了，（哦哦，侮辱了道德俩字）。",
        "从上任前发行Trump币，就知道他的道德水平了，（哦哦，侮辱了道德俩字）。",
        "从上任前发行Trump币，就知道他的道德水平了，（哦哦，侮辱了道德俩字）。"
      ],
      "language": "Mixed",
      "pure_emoji": false
    },
    {
      "user": "knkn",
      "comments": [
        "☺️☺️"
      ],
      "language": "Other",
      "pure_emoji": true
    },
    {
      "user": "linrong",
      "comments": [
        "😁😁😁",
        "😁😁😁",
        "😁😁😁",
        "😁😁😁"
      ],
      "language": "Other",
      "pure_emoji": false
    },
    {
      "user": "liu",
      "comments": [
        "哎！人不为己，天殊地灭！不奇怪啦！",
        "哎！人不为己，天殊地灭！不奇怪啦！",
        "哎！人不为己，天殊地灭！不奇怪啦！",
        "哎！人不为己，天殊地灭！不奇怪啦！"
      ],
      "language": "Chinese",
      "pure_emoji": false
    },
    {
      "user": "liuhtgw9n",
      "comments": [
        "一切为了国家👍",
        "一切为了国家👍",
        "一切为了国家👍",
        "一切为了国家👍"
      ],
      "language": "Chinese",
      "pure_emoji": false
    },
    {
      "user": "minglo66",
      "comments": [
        "👍👍👍",
        "👍👍👍",
        "👍👍👍",
        "👍👍👍"
      ],
      "language": "Other",
      "pure_emoji": false
    },
    {
      "user": "roy",
      "comments": [
        "trump 刻意不提美债 说明心虚的很",
        "trump 刻意不提美债 说明心虚的很",
        "trump 刻意不提美债 说明心虚的很",
        "trump 刻意不提美债 说明心虚的很"
      ],
      "language": "Mixed",
      "pure_emoji": false
    },
    {
      "user": "user32926343486857",
      "comments": [
        "美国本来就是个不正常的国家，当无法再以透支方式剥削全世界各国时，他便会认为全世界占他便宜 ！",
        "美国本来就是个不正常的国家，当无法再以透支方式剥削全世界各国时，他便会认为全世界占他便宜 ！",
        "美国本来就是个不正常的国家，当无法再以透支方式剥削全世界各国时，他便会认为全世界占他便宜 ！",
        "美国本来就是个不正常的国家，当无法再以透支方式剥削全世界各国时，他便会认为全世界占他便宜 ！"
      ],
      "language": "Chinese",
      "pure_emoji": false
    },
    {
      "user": "user9828180180081",
      "comments": [
        "🥰🥰🥰🥰🥰🥰🥰🥰🥰🥰🥰🥰🥰🥰🥰🥰🥰",
        "🥰🥰🥰🥰🥰🥰🥰🥰🥰🥰🥰🥰🥰🥰🥰🥰🥰",
        "🥰🥰🥰🥰🥰🥰🥰🥰🥰🥰🥰🥰🥰🥰🥰🥰🥰",
        "🥰🥰🥰🥰🥰🥰🥰🥰🥰🥰🥰🥰🥰🥰🥰🥰🥰"
      ],
      "language": "Other",
      "pure_emoji": false
    },
    {
      "user": "㊗️回歸祖國🇨🇳❤️🥳",
      "comments": [
        "👍👍👍",
        "👍👍👍",
        "👍👍👍",
        "👍👍👍"
      ],
      "language": "Other",
      "pure_emoji": false
    },
    {
      "user": "冬日暖阳",
      "comments": [
        "😁😁😁"
      ],
      "language": "Other",
      "pure_emoji": true
    },
    {
      "user": "劉常城T",
      "comments": [
        "👍👍👍👍👍💯💯💯💯💯👏👏👏👏👏",
        "👍👍👍👍👍💯💯💯💯💯👏👏👏👏👏"
      ],
      "language": "Other",
      "pure_emoji": false
    },
    {
      "user": "洛杉矶郊区的我",
      "comments": [
        "真没想到特朗普的贸易政策让-中国伟大！",
        "真没想到特朗普的贸易政策让-中国伟大！",
        "真没想到特朗普的贸易政策让-中国伟大！",
        "真没想到特朗普的贸易政策让-中国伟大！"
      ],
      "language": "Chinese",
      "pure_emoji": false
    },
    {
      "user": "用户7374580231286",
      "comments": [
        "👍👍👍",
        "👍👍👍",
        "👍👍👍",
        "👍👍👍"
      ],
      "language": "Other",
      "pure_emoji": false
    },
    {
      "user": "祝强",
      "comments": [
        "又好像对，从他的角度去看。😇😇😇",
        "又好像对，从他的角度去看。😇😇😇",
        "又好像对，从他的角度去看。😇😇😇",
        "又好像对，从他的角度去看。😇😇😇"
      ],
      "language": "Chinese",
      "pure_emoji": false
    },
    {
      "user": "胡杨木",
      "comments": [
        "分析通透👏👏👏",
        "分析通透👏👏👏",
        "分析通透👏👏👏",
        "分析通透👏👏👏"
      ],
      "language": "Chinese",
      "pure_emoji": false
    },
    {
      "user": "🐴马到功成🐴",
      "comments": [
        "👍",
        "👍",
        "👍",
        "👍"
      ],
      "language": "Other",
      "pure_emoji": false
    }
  ]
}