{
  "video_id": "7496272910395526455",
  "video_url": "https://www.tiktok.com/@worldacademicpodcast/video/7496272910395526455",
  "publish_date": null,
  "comment_groups": [
    {
      "user": "1bapapi",
      "comments": [
        "I guess you know better than president trump"
      ],
      "language": "English",
      "pure_emoji": false
    },
    {
      "user": "5M",
      "comments": [
        "yeah.. in my dream.. 😏"
      ],
      "language": "English",
      "pure_emoji": false
    },
    {
      "user": "AI TECH",
      "comments": [
        "TRUE"
      ],
      "language": "English",
      "pure_emoji": false
    },
    {
      "user": "ATF",
      "comments": [
        "US now is governed by a bunch of paranoid lunatics…!!"
      ],
      "language": "English",
      "pure_emoji": false
    },
    {
      "user": "Abbas Khan Khan G",
      "comments": [
        "💯💯💯❤❤❤❤❤❤❤❤❤good🇨🇳🇨🇳🇨🇳 China🇨🇳🇨🇳🇨🇳🇨🇳"
      ],
      "language": "English",
      "pure_emoji": false
    },
    {
      "user": "Abdul Rahman Othman",
      "comments": [
        "👍👍👍"
      ],
      "language": "Other",
      "pure_emoji": true
    },
    {
      "user": "Abg Ajax",
      "comments": [
        "Congratulations to US Voters...😎😎😎"
      ],
      "language": "English",
      "pure_emoji": false
    },
    {
      "user": "Abu Kallon",
      "comments": [
        "very bard"
      ],
      "language": "English",
      "pure_emoji": false
    },
    {
      "user": "Acou369",
      "comments": [
        "🥰🥰🥰"
      ],
      "language": "Other",
      "pure_emoji": true
    },
    {
      "user": "Adhoc Freelancer",
      "comments": [
        "BS❗️it’s all Republicans weakness that US companies are located in China❗️🤦‍♂️❗️245% for China, 125% for US.. who has won the war⁉️Trump is e White Dragon who will rule e world for e next 4 yrs‼️😎"
      ],
      "language": "English",
      "pure_emoji": false
    },
    {
      "user": "Afghan The Eagle",
      "comments": [
        "Trump is loosing really"
      ],
      "language": "English",
      "pure_emoji": false
    },
    {
      "user": "Ahmed Mohamed",
      "comments": [
        "Absolutely true"
      ],
      "language": "English",
      "pure_emoji": false
    },
    {
      "user": "Aisayman",
      "comments": [
        "nvidea too"
      ],
      "language": "English",
      "pure_emoji": false
    },
    {
      "user": "Ait232",
      "comments": [
        "Trump is now on his knees begging China for reconciliation!"
      ],
      "language": "English",
      "pure_emoji": false
    },
    {
      "user": "Ajay Narayan385",
      "comments": [
        "Dopeys running the USA"
      ],
      "language": "English",
      "pure_emoji": false
    },
    {
      "user": "Akio Naung",
      "comments": [
        "😂😂😂😂😂"
      ],
      "language": "Other",
      "pure_emoji": true
    },
    {
      "user": "Alexander Suprianto",
      "comments": [
        "History and present reality leave no doubt — China has already taken the lead as the new global superpower. The rest of the world is scrambling to catch up, especially U.S."
      ],
      "language": "English",
      "pure_emoji": false
    },
    {
      "user": "Almusto",
      "comments": [
        "the most arrogant impelist country, it's USA. warmonger"
      ],
      "language": "English",
      "pure_emoji": false
    },
    {
      "user": "Amronman",
      "comments": [
        "US should focus on economy development.Not on war,wasting people money and friend"
      ],
      "language": "English",
      "pure_emoji": false
    },
    {
      "user": "Andries Timane",
      "comments": [
        "😳"
      ],
      "language": "Other",
      "pure_emoji": true
    },
    {
      "user": "Anicha",
      "comments": [
        "China will block all these corporations 😈 & let then sink to a point they can never recover, 💯 👏 they have destroyed humanity 😈"
      ],
      "language": "English",
      "pure_emoji": false
    },
    {
      "user": "AntCan",
      "comments": [
        "🇨🇦❤️🇨🇳"
      ],
      "language": "Other",
      "pure_emoji": true
    },
    {
      "user": "ArtistLow_SG",
      "comments": [
        "Americans who voted him still believe in his lies. He has made USA the world most hated country. Once most countries wants USA to pay up all debts owed, then the Americans will suffer more."
      ],
      "language": "English",
      "pure_emoji": false
    },
    {
      "user": "Babyboomer",
      "comments": [
        "He woke up the dragón"
      ],
      "language": "English",
      "pure_emoji": false
    },
    {
      "user": "Be positive",
      "comments": [
        "America will collapse soon"
      ],
      "language": "English",
      "pure_emoji": false
    },
    {
      "user": "Beautyofnature_1920",
      "comments": [
        "😂😂😂"
      ],
      "language": "Other",
      "pure_emoji": true
    },
    {
      "user": "Blue Sky Birds 🐦",
      "comments": [
        "🔥"
      ],
      "language": "Other",
      "pure_emoji": true
    },
    {
      "user": "BoloxWox",
      "comments": [
        "Great Mr president 👍"
      ],
      "language": "English",
      "pure_emoji": false
    },
    {
      "user": "Bong Parungao",
      "comments": [
        "China is very smart and intelligent. 🥰🥰🥰🤣🤣🤣"
      ],
      "language": "English",
      "pure_emoji": false
    },
    {
      "user": "Bruce Rangi",
      "comments": [
        "💯💯💯"
      ],
      "language": "Other",
      "pure_emoji": true
    },
    {
      "user": "Bulbul nana vhai 33",
      "comments": [
        "😁😁😁"
      ],
      "language": "Other",
      "pure_emoji": true
    },
    {
      "user": "Carlos Flores",
      "comments": [
        "😂😂😂😂",
        "👍👍👍👍👍"
      ],
      "language": "Other",
      "pure_emoji": false
    },
    {
      "user": "Chad",
      "comments": [
        "It's too late for the US. The US started this. What did you expect ??? Trump is only accelerating the decline of the USA. It will be brutal. You wanted the Orange man ? You got the AGENT ORANGE."
      ],
      "language": "English",
      "pure_emoji": false
    },
    {
      "user": "CharlyCool",
      "comments": [
        "The eagle has crushed instead of landing 😂😂😂😂"
      ],
      "language": "English",
      "pure_emoji": false
    },
    {
      "user": "Chief Remy Onyeoma",
      "comments": [
        "America is useless coz no war they have ever win see Russia , Iran, china, North Korea & co is powerful & America is afraid of them only in Africa"
      ],
      "language": "English",
      "pure_emoji": false
    },
    {
      "user": "Chosen One",
      "comments": [
        "I love you China you help my country Cook Island Well.done"
      ],
      "language": "English",
      "pure_emoji": false
    },
    {
      "user": "ChristopherJay",
      "comments": [
        "Second coming is near…..the Anti Christ stands behind Trump."
      ],
      "language": "English",
      "pure_emoji": false
    },
    {
      "user": "DS",
      "comments": [
        "Yes, China is too advanced … they left American technology in the dust"
      ],
      "language": "English",
      "pure_emoji": false
    },
    {
      "user": "Dal",
      "comments": [
        "china knows good chess"
      ],
      "language": "English",
      "pure_emoji": false
    },
    {
      "user": "Dani",
      "comments": [
        "Agree , it's so amazing with the i.q.107 China ."
      ],
      "language": "English",
      "pure_emoji": false
    },
    {
      "user": "Danny Chng",
      "comments": [
        "No to mention the medical industry are also struggling"
      ],
      "language": "English",
      "pure_emoji": false
    },
    {
      "user": "David Silvano",
      "comments": [
        "By Sun Tzu: \"An evil man will burn his own nation to the ground to rule over the ashes.\""
      ],
      "language": "English",
      "pure_emoji": false
    },
    {
      "user": "Debz 🇳🇿",
      "comments": [
        "And his followers think they can just pop down the road n pick up the USA made one for the same price 🤦‍♀️"
      ],
      "language": "English",
      "pure_emoji": false
    },
    {
      "user": "Demmy",
      "comments": [
        "Xi Jinping the Great is wisdom personified 🇨🇳👌👍💪🇨🇳"
      ],
      "language": "English",
      "pure_emoji": false
    },
    {
      "user": "Dendenporten Eugene",
      "comments": [
        "they will lose everything"
      ],
      "language": "English",
      "pure_emoji": false
    },
    {
      "user": "Desaspy",
      "comments": [
        "agree only thing left how the media will show."
      ],
      "language": "English",
      "pure_emoji": false
    },
    {
      "user": "Dody",
      "comments": [
        "Bye bye America"
      ],
      "language": "English",
      "pure_emoji": false
    },
    {
      "user": "Doug Hines",
      "comments": [
        "😳😳😳"
      ],
      "language": "Other",
      "pure_emoji": true
    },
    {
      "user": "Dtklyp",
      "comments": [
        "Americans empire is collapsing. New leader, China is emerging for peaceful, multipolar & fairness world 💪💪👍👍"
      ],
      "language": "English",
      "pure_emoji": false
    },
    {
      "user": "Ed Lee",
      "comments": [
        "The USA is worth US$30.5 Trillion. China is worth US$19.5 Trillion. However, The USA has a Debt of US$36 Trillion. Every Single Year The USA Debt is rising by US$3 Trillion Per Year"
      ],
      "language": "English",
      "pure_emoji": false
    },
    {
      "user": "Edith",
      "comments": [
        "BRICS CURRENCY RELOAD"
      ],
      "language": "English",
      "pure_emoji": false
    },
    {
      "user": "Elvis Lie",
      "comments": [
        "this tariff war shows us which one the most powerful country today...CHINA."
      ],
      "language": "English",
      "pure_emoji": false
    },
    {
      "user": "Eugene5775",
      "comments": [
        "They realise it, but can’t lose face🤔🤔🤔🤣🤣🤣🤣🤣"
      ],
      "language": "English",
      "pure_emoji": false
    },
    {
      "user": "Eugenia",
      "comments": [
        "Yes 👌"
      ],
      "language": "English",
      "pure_emoji": false
    },
    {
      "user": "Euntat Communication Bureau",
      "comments": [
        "✔️THE PROPHECY (REVELATION 18) HAS BEEN FULFILLED TO THE LETTER"
      ],
      "language": "English",
      "pure_emoji": false
    },
    {
      "user": "FckMAGA&FckUrFlag",
      "comments": [
        "USA defeated by Afghanistan, Yemen & Vietnam. Israel beating unarmed civilians 🤣🤣🤣🤣🇻🇳🇰🇼🇷🇺🇨🇳✊🏿",
        "USA defeated by Afghanistan, Yemen & Vietnam. Israel beating unarmed civilians 🤣🤣🤣🤣🇨🇳🇨🇳✊🏿✊🏿🇨🇳🇨🇳",
        "USA defeated by Afghanistan, Yemen & Vietnam. Israel beating unarmed civilians 🤣🤣🤣🤣🇨🇳🇨🇳🇨🇳",
        "USA defeated by Afghanistan, Yemen & Vietnam. Israel beating unarmed civilians 🤣🤣🤣🤣🥰🥰🥰",
        "USA defeated by Afghanistan, Yemen & Vietnam. Israel beating unarmed civilians 🤣🤣🤣🤣🇰🇼🇨🇳🇷🇺✊🏿"
      ],
      "language": "English",
      "pure_emoji": false
    },
    {
      "user": "Francis Ngugi",
      "comments": [
        "Biblical dragon is china",
        "which country was Napoleon Bonaparte that's a prophecy",
        "biblical dragon is china"
      ],
      "language": "English",
      "pure_emoji": false
    },
    {
      "user": "Funnyman",
      "comments": [
        "👍👍👍",
        "👏👏👏"
      ],
      "language": "Other",
      "pure_emoji": false
    },
    {
      "user": "Gani tiger",
      "comments": [
        "♥️♥️♥️♥️♥️♥️♥️♥️"
      ],
      "language": "Other",
      "pure_emoji": true
    },
    {
      "user": "Gerald Ningkan",
      "comments": [
        "👏👏👏👍👍👍"
      ],
      "language": "Other",
      "pure_emoji": true
    },
    {
      "user": "God is Great",
      "comments": [
        "THE EMPIRE IS FALLING....."
      ],
      "language": "English",
      "pure_emoji": false
    },
    {
      "user": "Godzilla",
      "comments": [
        "USA IS NOW IN 'FACE SAVING MODE'."
      ],
      "language": "English",
      "pure_emoji": false
    },
    {
      "user": "Gojka Haider",
      "comments": [
        "💪💪💪💪🥰🥰🥰"
      ],
      "language": "Other",
      "pure_emoji": true
    },
    {
      "user": "Goldenislandgirl",
      "comments": [
        "Silent defeat is right but it can also be market manipulation for the oligarchs 😳"
      ],
      "language": "English",
      "pure_emoji": false
    },
    {
      "user": "Gus 🍉",
      "comments": [
        "Free Palestine 🇵🇸"
      ],
      "language": "English",
      "pure_emoji": false
    },
    {
      "user": "Gyuder",
      "comments": [
        "Following"
      ],
      "language": "English",
      "pure_emoji": false
    },
    {
      "user": "H",
      "comments": [
        "哈哈哈哈哈哈哈哈哈哈哈哈哈哈哈哈哈哈哈哈哈哈哈哈哈哈哈哈哈哈哈哈哈哈哈哈哈哈哈哈哈哈哈哈哈哈哈哈哈哈哈哈哈哈哈哈哈哈哈！"
      ],
      "language": "Chinese",
      "pure_emoji": false
    },
    {
      "user": "HOÀNGTÂM🇺🇸🇦🇺PRIDE",
      "comments": [
        "👍👍👍"
      ],
      "language": "Other",
      "pure_emoji": true
    },
    {
      "user": "Haldane Stadfeld 🇨🇳🇲🇾",
      "comments": [
        "The dragon's wisdom will always eclipse the eagle's wits."
      ],
      "language": "English",
      "pure_emoji": false
    },
    {
      "user": "Haroon C",
      "comments": [
        "even if the USA drops it's tariffs china must not deal with the USA"
      ],
      "language": "English",
      "pure_emoji": false
    },
    {
      "user": "Harry",
      "comments": [
        "bola tinggal di tangan Kongres"
      ],
      "language": "English",
      "pure_emoji": false
    },
    {
      "user": "Hassan Ali",
      "comments": [
        "America needs China. Because China Has EU and Asia and Africa",
        "Soon China will have Latin America too now they started with Mexico"
      ],
      "language": "English",
      "pure_emoji": false
    },
    {
      "user": "Heartland",
      "comments": [
        "CHINA DOESN'T NEED AMERICA THATS WHY THERENOT CALLING CHINA HOLDS THE CARDS. 🤣🤣🤣🤣🤣🤣🤣🤣 AMERICA LOST🤣 🤣🤣🤣🤣🤣🤣"
      ],
      "language": "English",
      "pure_emoji": false
    },
    {
      "user": "Henry Ndawonde",
      "comments": [
        "no way"
      ],
      "language": "English",
      "pure_emoji": false
    },
    {
      "user": "Hero",
      "comments": [
        "American suffer for all he cares. Trump gain millions in stocks market."
      ],
      "language": "English",
      "pure_emoji": false
    },
    {
      "user": "Hilarious Hwende 🏋️💸💰",
      "comments": [
        "Chinese are smart"
      ],
      "language": "English",
      "pure_emoji": false
    },
    {
      "user": "Holty",
      "comments": [
        "The US is becoming more and more irrelevant each day. The rest of the world moving closer and closer to China every day. The US have alienated pretty much every country now."
      ],
      "language": "English",
      "pure_emoji": false
    },
    {
      "user": "Hon Balamba Elizabeth",
      "comments": [
        "china responds with action packed system. trade war"
      ],
      "language": "English",
      "pure_emoji": false
    },
    {
      "user": "Hrazth Benz",
      "comments": [
        "- China need US ❎ - US need China ✅"
      ],
      "language": "English",
      "pure_emoji": false
    },
    {
      "user": "IYA_su",
      "comments": [
        "China and Russia, the only super powers"
      ],
      "language": "English",
      "pure_emoji": false
    },
    {
      "user": "Ismail Hameed",
      "comments": [
        "look at their face, hopelessness"
      ],
      "language": "English",
      "pure_emoji": false
    },
    {
      "user": "Ismail Martin",
      "comments": [
        "Trump is nowhere Tobe found first he started the trade war and now he's dumbstruck bcoz they are quietly defeating him good job China"
      ],
      "language": "English",
      "pure_emoji": false
    },
    {
      "user": "JALIN  JALIL",
      "comments": [
        "Who won trade war?"
      ],
      "language": "English",
      "pure_emoji": false
    },
    {
      "user": "JEF",
      "comments": [
        "What is the future of a country that is led by the chosen one who has the mentality of a 7 year old megalomaniac dimwit? Must be really rosy. Or is it roasted? 🤔"
      ],
      "language": "English",
      "pure_emoji": false
    },
    {
      "user": "JEROME NISHAN Xavier",
      "comments": [
        "Hilarious"
      ],
      "language": "English",
      "pure_emoji": false
    },
    {
      "user": "Jacklieth25",
      "comments": [
        "The people were told lies about 🇨🇳 for decades until they know the truth of China now🤪"
      ],
      "language": "English",
      "pure_emoji": false
    },
    {
      "user": "James Thesecond",
      "comments": [
        "Damage his own country with lousy trades policy 🤗"
      ],
      "language": "English",
      "pure_emoji": false
    },
    {
      "user": "Jardani",
      "comments": [
        "Why nobody takes US side?"
      ],
      "language": "English",
      "pure_emoji": false
    },
    {
      "user": "Jarza60",
      "comments": [
        "👍👍👍👍"
      ],
      "language": "Other",
      "pure_emoji": true
    },
    {
      "user": "Jasmine Ong",
      "comments": [
        "🇨🇳💪⬆️👍👏 ---------------- 🇺🇲⬇️👎⚰️"
      ],
      "language": "Other",
      "pure_emoji": false
    },
    {
      "user": "Jerron Ng",
      "comments": [
        "tariff wont work!!!!! self inflict pain."
      ],
      "language": "English",
      "pure_emoji": false
    },
    {
      "user": "Jo749749",
      "comments": [
        "China does not need US."
      ],
      "language": "English",
      "pure_emoji": false
    },
    {
      "user": "Joe Koshi",
      "comments": [
        "Trump fail, Americans suffer. Think he cares?"
      ],
      "language": "English",
      "pure_emoji": false
    },
    {
      "user": "John Atak m.B",
      "comments": [
        "🙏🙏🙏"
      ],
      "language": "Other",
      "pure_emoji": true
    },
    {
      "user": "John Doe",
      "comments": [
        "America was never great!!!"
      ],
      "language": "English",
      "pure_emoji": false
    },
    {
      "user": "John lee 演算先生。",
      "comments": [
        "👍👍👍"
      ],
      "language": "Other",
      "pure_emoji": true
    },
    {
      "user": "Johnny Brady",
      "comments": [
        "Trump folded like a cheap suit."
      ],
      "language": "English",
      "pure_emoji": false
    },
    {
      "user": "JohnnyBloke88",
      "comments": [
        "Everyone is laughing at the once mighty, now pathetic loser, USA."
      ],
      "language": "English",
      "pure_emoji": false
    },
    {
      "user": "Joseken40",
      "comments": [
        "without USA China will cgo downward"
      ],
      "language": "English",
      "pure_emoji": false
    },
    {
      "user": "Josh",
      "comments": [
        "let's imagine if the CIA succeeded in Tiananmen, China would be today another India. Now China is THE Superpower 💪🇨🇳✌️"
      ],
      "language": "English",
      "pure_emoji": false
    },
    {
      "user": "Joshua99a",
      "comments": [
        "It does not work in 1930 for the US with 30% tariff and crashed the economy back then. Let see if DJT could make it work now. Short term pain for long term gain with 9 trillions US refinance coming."
      ],
      "language": "English",
      "pure_emoji": false
    },
    {
      "user": "Joviális",
      "comments": [
        "Trump's ego has dropped to his IQ. The American dream was shattered. America collapses, but Trump and his friends continue to live well. 😡😡😡"
      ],
      "language": "English",
      "pure_emoji": false
    },
    {
      "user": "Kayofficial_87",
      "comments": [
        "🤣🤣🤣🤣🤣🤣🤣🤣🤣"
      ],
      "language": "Other",
      "pure_emoji": true
    },
    {
      "user": "Khosikhosi",
      "comments": [
        "🇻🇳the dragon🥰🥰🥰"
      ],
      "language": "English",
      "pure_emoji": false
    },
    {
      "user": "Kiarie Chris🇰🇪",
      "comments": [
        "Wow. We are happy. Empires fall at some point"
      ],
      "language": "English",
      "pure_emoji": false
    },
    {
      "user": "Kijungu",
      "comments": [
        "It's good for American let them bag"
      ],
      "language": "English",
      "pure_emoji": false
    },
    {
      "user": "Kuimoi58",
      "comments": [
        "😳😳😳"
      ],
      "language": "Other",
      "pure_emoji": true
    },
    {
      "user": "LUGEX 016",
      "comments": [
        "goodbye dollar dominance"
      ],
      "language": "English",
      "pure_emoji": false
    },
    {
      "user": "Lava",
      "comments": [
        "Change 🥰🥰😳🥰🥰🥰"
      ],
      "language": "English",
      "pure_emoji": false
    },
    {
      "user": "Leisa",
      "comments": [
        "poor Eagle didn't ask to represent this ludicrous government 🤨"
      ],
      "language": "English",
      "pure_emoji": false
    },
    {
      "user": "Lim Jong729",
      "comments": [
        "Trump and his karma for Americans"
      ],
      "language": "English",
      "pure_emoji": false
    },
    {
      "user": "Luczer",
      "comments": [
        "🤣😂instead of making America great again,the Trump administration has made China so great."
      ],
      "language": "English",
      "pure_emoji": false
    },
    {
      "user": "M.S.Nilam",
      "comments": [
        "👍👍👍"
      ],
      "language": "Other",
      "pure_emoji": true
    },
    {
      "user": "MZILIKAZI 79",
      "comments": [
        "THEY CANT ADMIT BECAUSE OF ARROGANCE AND EGO 😂😂😂😂😂😂😂😂😂😂😂",
        "BRICS ALL THE WAY NOW 🥰🥰🥰🥰🥰🥰🥰🥰🥰🥰🥰",
        "THE EVIL EMPIRE IS GETTING DOOMED BY THEMSELVES WITHOUT KNOWING"
      ],
      "language": "English",
      "pure_emoji": false
    },
    {
      "user": "Michael 001",
      "comments": [
        "😁😁😁"
      ],
      "language": "Other",
      "pure_emoji": true
    },
    {
      "user": "Michael Chan Chan",
      "comments": [
        "💪💪💪💯💯💯"
      ],
      "language": "Other",
      "pure_emoji": true
    },
    {
      "user": "Michelle Ray",
      "comments": [
        "Clapping 👏 FAFO"
      ],
      "language": "English",
      "pure_emoji": false
    },
    {
      "user": "Mind Body Forum | MathLish",
      "comments": [
        "shame on America they has never win a war"
      ],
      "language": "English",
      "pure_emoji": false
    },
    {
      "user": "Ming Hu",
      "comments": [
        "USA and Trump made Americans feel great again and no matter what happened. 🤣🤣🤣"
      ],
      "language": "English",
      "pure_emoji": false
    },
    {
      "user": "Minhas Rajput",
      "comments": [
        "Keep the pressure China. Just wait USA days are over"
      ],
      "language": "English",
      "pure_emoji": false
    },
    {
      "user": "MrBrown",
      "comments": [
        "An empire toppled by its enemies can rise again. But one which crumbles from within? That's dead... forever."
      ],
      "language": "English",
      "pure_emoji": false
    },
    {
      "user": "Mukadha Joseph",
      "comments": [
        "USA was raising tarrifs with hope of getting earth minerals from Africa but in the end, things are not working as planned"
      ],
      "language": "English",
      "pure_emoji": false
    },
    {
      "user": "Mustaza Mustafa",
      "comments": [
        "😂😂"
      ],
      "language": "Other",
      "pure_emoji": true
    },
    {
      "user": "NPB__70",
      "comments": [
        "Trump backed down already! The art of the fold 😂. Do you hear how he’s sucking up to China now?? He’s such a P word."
      ],
      "language": "English",
      "pure_emoji": false
    },
    {
      "user": "Nabil",
      "comments": [
        "Viva 🇨🇳 the greates honest strongest country, WHEN rule the universe, the universe will be in PEACE AND HARMONY.CHINA CHINA 🇨🇳 CHINA 🇨🇳 WE LOVES ❤️😍 CHINA 🇨🇳"
      ],
      "language": "English",
      "pure_emoji": false
    },
    {
      "user": "Nadie",
      "comments": [
        "Before this trade war,China was already 30 years ahead of everyone, they have secured steady investment all over the globe ,"
      ],
      "language": "English",
      "pure_emoji": false
    },
    {
      "user": "Nalongo Rubi Yudaya",
      "comments": [
        "its sad but true,they know aslong as u tell people we are winning they believe it if it's loud enough"
      ],
      "language": "English",
      "pure_emoji": false
    },
    {
      "user": "Nana",
      "comments": [
        "1. How many countries have been destroyed by America&its allies after WW2? 2. How many people has America&its allies killed and bombed after WW2? 3. How much money did America&its allies spend on wars after WW2? 4. How much money has America&its allies sent to support anti government groups, separatist, extremist in this world? 5. How many another countries presidents and leaders have been shot and assasinated by America&its allies? 6. How much oil, gas, gold and mineral resources has America&its allies stolen from another countries?"
      ],
      "language": "English",
      "pure_emoji": false
    },
    {
      "user": "NaturalMan",
      "comments": [
        "Bible prophecy: America is in decline and will soon lose its superpower status. Starting with Donald Trump, evil will eventually receive God's blessing.💴💶💸💰🌊👿👹💣☢️🙏"
      ],
      "language": "English",
      "pure_emoji": false
    },
    {
      "user": "Nesh",
      "comments": [
        "This is what i have observed in this trade war : Leave the west and learn vital lessons from; China, Japan, Russia & S.Korea. India is confused"
      ],
      "language": "English",
      "pure_emoji": false
    },
    {
      "user": "Ng Ronnie",
      "comments": [
        "The us will lose badly"
      ],
      "language": "English",
      "pure_emoji": false
    },
    {
      "user": "Nickeisha Fagon",
      "comments": [
        "No mater what us going to go down"
      ],
      "language": "English",
      "pure_emoji": false
    },
    {
      "user": "No Name",
      "comments": [
        "USA lost to China like 15 years ago , wake up nobody cares about USA anymore , USA is laugh of the world"
      ],
      "language": "English",
      "pure_emoji": false
    },
    {
      "user": "NoulondoAle",
      "comments": [
        "US warmonger is now desparate they tried everything under the son to safe their hegemony but it's to late for tears. They caused their own downfall.",
        "The empire have lost support and allies in Africa because of its arrogance.",
        "US kick of a dying horse."
      ],
      "language": "English",
      "pure_emoji": false
    },
    {
      "user": "Oeikiamhong",
      "comments": [
        "🇨🇳🇨🇳🇨🇳🇨🇳🇨🇳💪💪💪💪👍👍👍👍👍"
      ],
      "language": "Other",
      "pure_emoji": true
    },
    {
      "user": "Olivers",
      "comments": [
        "...and has indeed lost reliability with Nations and governments around the world."
      ],
      "language": "English",
      "pure_emoji": false
    },
    {
      "user": "One_Capt@里德万",
      "comments": [
        "awesome America"
      ],
      "language": "English",
      "pure_emoji": false
    },
    {
      "user": "Ousainou Samasa",
      "comments": [
        "🤣"
      ],
      "language": "Other",
      "pure_emoji": true
    },
    {
      "user": "PattayaNewsFlash",
      "comments": [
        "Do not believe every nonsense reported on tiktok."
      ],
      "language": "English",
      "pure_emoji": false
    },
    {
      "user": "Paul wu",
      "comments": [
        "Trump make China great again."
      ],
      "language": "English",
      "pure_emoji": false
    },
    {
      "user": "PeaceFor🇵🇸🇮🇱",
      "comments": [
        "no yet.. not until DT raises tariff from 3200% to 10,000% .. the 🌎 will crumble .. . . . under where 🇺🇸 stands"
      ],
      "language": "English",
      "pure_emoji": false
    },
    {
      "user": "Peter Vatere",
      "comments": [
        "CHINA is a Giant he look after the garden of development."
      ],
      "language": "English",
      "pure_emoji": false
    },
    {
      "user": "Prince.",
      "comments": [
        "❤️❤️❤️"
      ],
      "language": "Other",
      "pure_emoji": true
    },
    {
      "user": "Pussyman",
      "comments": [
        "that is why we must choose a proper leader. he can make it or break it!! you choose.."
      ],
      "language": "English",
      "pure_emoji": false
    },
    {
      "user": "RELAX",
      "comments": [
        "Now US people also no now American Companies makes 👠👟 from China 2$ and bring US selling public 500$ shoes 👟 and taking Taxes from Public and Taxpayers money are using Israeli Ganoside against Inte"
      ],
      "language": "English",
      "pure_emoji": false
    },
    {
      "user": "Rads",
      "comments": [
        "The American dream is slowing but surely becoming a nightmare"
      ],
      "language": "English",
      "pure_emoji": false
    },
    {
      "user": "Randy Nicholls",
      "comments": [
        "Yep !!!"
      ],
      "language": "English",
      "pure_emoji": false
    },
    {
      "user": "Raptor",
      "comments": [
        "We used to know that America is heaven on earth but now it’s hell on earth, coz of those few people who claim to own the world 😭😭😭"
      ],
      "language": "English",
      "pure_emoji": false
    },
    {
      "user": "Rey Naldo Ridao",
      "comments": [
        "WHY ARE AMERICANS AFRAID OF CHINA, US PRODUCTS ARE MORE QUALITY GHAN CHINA AND WE AMERICAN PRODYCRS NOT CHINA"
      ],
      "language": "English",
      "pure_emoji": false
    },
    {
      "user": "Robert Pouliot",
      "comments": [
        "Yes, it’s gonna get worse before it gets better and you might not even recover"
      ],
      "language": "English",
      "pure_emoji": false
    },
    {
      "user": "RosylinAli",
      "comments": [
        "And the eagle shall be shot down from the sky.."
      ],
      "language": "English",
      "pure_emoji": false
    },
    {
      "user": "Ruben Valentino Fortin",
      "comments": [
        "TRUMP THE ART OF THE CHICKEN 🐔 DEAL 🤣🤣 CAVED TO CHINA 🇨🇳 Who also has a BIG LAWSUIT against FAKE NEWS LYING TRUMP for ABUSE OF POWER ON TRADE. The BULLY HUMILIATING CLOWN 🤡 IS NOTHING BUT FAKE.",
        "TRUMP THE ART OF THE CHICKEN 🐔 DEAL 🤣🤣 CAVED TO CHINA 🇨🇳 Who also has a BIG LAWSUIT against FAKE NEWS LYING TRUMP for ABUSE OF POWER ON TRADE. The BULLY HUMILIATING CLOWN 🤡 IS NOTHING BUT FAKE."
      ],
      "language": "English",
      "pure_emoji": false
    },
    {
      "user": "Rul 🇲🇽",
      "comments": [
        "#BoycottUSWorldCup2026 #BoycottUSWorldCup26 #BoycottUSOlympics2028 #BoycottUSOlympics28 UNITED STATES IS THE CANCER OF THE WORLD. 🚫🇺🇸🚫🇺🇸🚫🇺🇸🚫🇺🇸🚫🇺🇸🚫"
      ],
      "language": "English",
      "pure_emoji": false
    },
    {
      "user": "R one de melody",
      "comments": [
        "Big up chaina"
      ],
      "language": "English",
      "pure_emoji": false
    },
    {
      "user": "Sadia",
      "comments": [
        "they messed with China ☺️"
      ],
      "language": "English",
      "pure_emoji": false
    },
    {
      "user": "Sajang Tanugrah",
      "comments": [
        "America is too arrogant and haughty, feeling that the world belongs to America alone. All countries hate America but do not dare to fight. Only China dares to fight. Together with China the world is p"
      ],
      "language": "English",
      "pure_emoji": false
    },
    {
      "user": "SandalyaS",
      "comments": [
        "THE EMPIRE IS FALLING....."
      ],
      "language": "English",
      "pure_emoji": false
    },
    {
      "user": "Sazzad Hossan",
      "comments": [
        "😳😳😳"
      ],
      "language": "Other",
      "pure_emoji": true
    },
    {
      "user": "Schaak141",
      "comments": [
        "✅ even Greenland asked China for Protection of Aggressor broke and Desperate USA ‼️‼️✅"
      ],
      "language": "English",
      "pure_emoji": false
    },
    {
      "user": "Seraphim",
      "comments": [
        "The way I love America and wish the best for it."
      ],
      "language": "English",
      "pure_emoji": false
    },
    {
      "user": "Shahin Rahman 1357",
      "comments": [
        "right"
      ],
      "language": "English",
      "pure_emoji": false
    },
    {
      "user": "Shan badaz 💦😩",
      "comments": [
        "one world boss china badness say no to Trump extortion china power made china great again check mate"
      ],
      "language": "English",
      "pure_emoji": false
    },
    {
      "user": "Steven Hor",
      "comments": [
        "OMG china don't care 😱😱😱"
      ],
      "language": "English",
      "pure_emoji": false
    },
    {
      "user": "Surfsouth323",
      "comments": [
        "Trump blinked!!!"
      ],
      "language": "English",
      "pure_emoji": false
    },
    {
      "user": "SweedsWeeds",
      "comments": [
        "Lost it with Canada too."
      ],
      "language": "English",
      "pure_emoji": false
    },
    {
      "user": "TATT333",
      "comments": [
        "USA still number one GDP 😂"
      ],
      "language": "English",
      "pure_emoji": false
    },
    {
      "user": "TEK MAN KIRAT🤝✍️वायु.",
      "comments": [
        "china is king in the worlds"
      ],
      "language": "English",
      "pure_emoji": false
    },
    {
      "user": "THE BLOCKCHAIN TODAY 🕸️",
      "comments": [
        "The bull run is starting—and this is the moment you’ve been waiting for. The crypto market is heating up, and those who get in now will be in the best position to ride the wave....."
      ],
      "language": "English",
      "pure_emoji": false
    },
    {
      "user": "Tanger +the Netherlands ❤️",
      "comments": [
        "Chinese very nice people and the world loves china and it is a very peaceful country"
      ],
      "language": "English",
      "pure_emoji": false
    },
    {
      "user": "The Bund",
      "comments": [
        "Hahaha. Stupid but funny. Trump is a total trash."
      ],
      "language": "English",
      "pure_emoji": false
    },
    {
      "user": "The Hidden Chef",
      "comments": [
        "shame US trump"
      ],
      "language": "English",
      "pure_emoji": false
    },
    {
      "user": "The Striker is DOWN 😏",
      "comments": [
        "I told them that they can never win a TRADE WAR with China 🇨🇳. Probably TRUMP is trying to bring back PRODUCTION INDEPENDENT which will take them Decades to match Chinese Economy today."
      ],
      "language": "English",
      "pure_emoji": false
    },
    {
      "user": "The_Master",
      "comments": [
        "USA and Israel won Nobel prizes in economy and have the best military, we can defeat China"
      ],
      "language": "English",
      "pure_emoji": false
    },
    {
      "user": "Tiki Taki",
      "comments": [
        "All the world with China 💚💚💚💚💚💚"
      ],
      "language": "English",
      "pure_emoji": false
    },
    {
      "user": "Tommy James",
      "comments": [
        "China going to invest in Mexico so America can shop next door"
      ],
      "language": "English",
      "pure_emoji": false
    },
    {
      "user": "Trudeau",
      "comments": [
        "👏👏👏👏👏"
      ],
      "language": "Other",
      "pure_emoji": true
    },
    {
      "user": "Ty",
      "comments": [
        "USA is against bullying in schools but does it all over the world. Teach one thing and do the opposite."
      ],
      "language": "English",
      "pure_emoji": false
    },
    {
      "user": "Umeshshrestha24",
      "comments": [
        "we are very happy"
      ],
      "language": "English",
      "pure_emoji": false
    },
    {
      "user": "Underdog",
      "comments": [
        "Goodbye America, there's a new boss in town😂"
      ],
      "language": "English",
      "pure_emoji": false
    },
    {
      "user": "User156776434790",
      "comments": [
        "those so called American chip makers are immigrants that went to America to make money when u ban them from supplying to china they probably had to sell their business to china to make back their loss"
      ],
      "language": "English",
      "pure_emoji": false
    },
    {
      "user": "Vanessa Taylor",
      "comments": [
        "Americans know very little about us Chinese. We don’t even want you to lose—we hope for world peace, mutual respect, and an end to the strong bullying the weak.😁"
      ],
      "language": "English",
      "pure_emoji": false
    },
    {
      "user": "Velli CK",
      "comments": [
        "China does what it didn't say"
      ],
      "language": "English",
      "pure_emoji": false
    },
    {
      "user": "Victor Yong | C.A.(M), CFP",
      "comments": [
        "Elon Musk begs China for rare earths for the Tesla humanoid.🤪"
      ],
      "language": "English",
      "pure_emoji": false
    },
    {
      "user": "Vlad",
      "comments": [
        "CHINA IS MANUFACTURE SUPERPOWER. USA CAN NEVER FIGHT CHINA."
      ],
      "language": "English",
      "pure_emoji": false
    },
    {
      "user": "WajahSiapa",
      "comments": [
        "Chyna will help Palestine 💪"
      ],
      "language": "English",
      "pure_emoji": false
    },
    {
      "user": "Wajahat Ali",
      "comments": [
        "it is a great analysis"
      ],
      "language": "English",
      "pure_emoji": false
    },
    {
      "user": "Wee Shyun Tack",
      "comments": [
        "I still believe in trump"
      ],
      "language": "English",
      "pure_emoji": false
    },
    {
      "user": "With_mandy",
      "comments": [
        "Click on my profile to explore premium products that offer exceptional quality!"
      ],
      "language": "English",
      "pure_emoji": false
    },
    {
      "user": "Xmecynz",
      "comments": [
        "America will.not great again"
      ],
      "language": "English",
      "pure_emoji": false
    },
    {
      "user": "Xris24",
      "comments": [
        "Next high crime rate reloading , organized crime , hate all are go through the roof in USA. Dark times for USA"
      ],
      "language": "English",
      "pure_emoji": false
    },
    {
      "user": "Ya'cob Bin Mohd Shabudin",
      "comments": [
        "#SayNoToAmericanHegemony #AmericanLivesMatter #UniteAmericanPeople #SaveAmericanPeople #SaveAmerica #LiberateAmerica #EliminateNATO #EliminateAIPAC #WOMD"
      ],
      "language": "English",
      "pure_emoji": false
    },
    {
      "user": "Yo baby",
      "comments": [
        "#leaveafricaalone #leaveafricaalone #leaveafricaalone #leaveafricaalone #leaveafricaalone #leaveafricaalone #leaveafricaalone #leaveafricaalone #leaveafricaalone"
      ],
      "language": "English",
      "pure_emoji": false
    },
    {
      "user": "Zai Saudagar Kereta",
      "comments": [
        "Fakta BUKAN Auta ..."
      ],
      "language": "English",
      "pure_emoji": false
    },
    {
      "user": "Zeidy Kayar",
      "comments": [
        "😳😳😳"
      ],
      "language": "Other",
      "pure_emoji": true
    },
    {
      "user": "abbas hussein mirah",
      "comments": [
        "Spectacular 👌🏽 China 🇨🇳 Planet"
      ],
      "language": "English",
      "pure_emoji": false
    },
    {
      "user": "abdulgani5169",
      "comments": [
        "well done China"
      ],
      "language": "English",
      "pure_emoji": false
    },
    {
      "user": "abnasir",
      "comments": [
        "🥰🥰🥰"
      ],
      "language": "Other",
      "pure_emoji": true
    },
    {
      "user": "alanchen926",
      "comments": [
        "🤣🤣🤣"
      ],
      "language": "Other",
      "pure_emoji": true
    },
    {
      "user": "amindranath108",
      "comments": [
        "Napoleon warned the West in 1894. \" Let the Dragon sleep, do not wake him up\"",
        "Where is that arrogant, smirking prick, Howard Lutnick? Hiding?"
      ],
      "language": "English",
      "pure_emoji": false
    },
    {
      "user": "amjad hussain✅",
      "comments": [
        "100% right👌"
      ],
      "language": "English",
      "pure_emoji": false
    },
    {
      "user": "amokodavid4",
      "comments": [
        "wau 🤣🤣🤣🤣🤣"
      ],
      "language": "English",
      "pure_emoji": false
    },
    {
      "user": "aramsa",
      "comments": [
        "China play Wei Qi. Trump play poker...😏😂🤣"
      ],
      "language": "English",
      "pure_emoji": false
    },
    {
      "user": "augustineconteh21",
      "comments": [
        "thanks"
      ],
      "language": "English",
      "pure_emoji": false
    },
    {
      "user": "bellako2.0the revengeofthetrol",
      "comments": [
        "well chaynaaa can invest to open manufacturing in the usa so they can do the more high tech stuff.🤣🤣🤣"
      ],
      "language": "English",
      "pure_emoji": false
    },
    {
      "user": "benjaminopoku926",
      "comments": [
        "how can China win a trade war against the USA The USA always takes China as cheap labor"
      ],
      "language": "English",
      "pure_emoji": false
    },
    {
      "user": "blade786",
      "comments": [
        "Is America great yet??"
      ],
      "language": "English",
      "pure_emoji": false
    },
    {
      "user": "candaceleng7",
      "comments": [
        "War against own citizens 😁😁"
      ],
      "language": "English",
      "pure_emoji": false
    },
    {
      "user": "candy",
      "comments": [
        "👍👍👍💪✌️👏👏👏✌️"
      ],
      "language": "Other",
      "pure_emoji": true
    },
    {
      "user": "carlomare2",
      "comments": [
        "whatever, it was time in any case that somebody faced the problem"
      ],
      "language": "English",
      "pure_emoji": false
    },
    {
      "user": "che",
      "comments": [
        "China lebih bijakk"
      ],
      "language": "English",
      "pure_emoji": false
    },
    {
      "user": "chris",
      "comments": [
        "Socialist systems are planned economies. China strategises and plans ahead for the future while Trump has no plans and his policy changes from day to day causing market uncertainties"
      ],
      "language": "English",
      "pure_emoji": false
    },
    {
      "user": "crazy crazy",
      "comments": [
        "the US don't want to buy lithium ...oligarcs want to stole it.. ."
      ],
      "language": "English",
      "pure_emoji": false
    },
    {
      "user": "dezhair 🇰🇳",
      "comments": [
        "if China close the door on us ...we are doomed"
      ],
      "language": "English",
      "pure_emoji": false
    },
    {
      "user": "digger0000",
      "comments": [
        "😁😁😁"
      ],
      "language": "Other",
      "pure_emoji": true
    },
    {
      "user": "dirkvandenberge6",
      "comments": [
        "Trump has gone bankrupt so many times in the past!! And now he would be successful with the money of the Americans? Only gullible people believe this!"
      ],
      "language": "English",
      "pure_emoji": false
    },
    {
      "user": "dishoorcus",
      "comments": [
        "They don't admit it."
      ],
      "language": "English",
      "pure_emoji": false
    },
    {
      "user": "don't do",
      "comments": [
        "very good news"
      ],
      "language": "English",
      "pure_emoji": false
    },
    {
      "user": "elisaching888",
      "comments": [
        "yap"
      ],
      "language": "English",
      "pure_emoji": false
    },
    {
      "user": "faridahariff3",
      "comments": [
        "China don't pick up the war of any kinds trader or any humaliting killing"
      ],
      "language": "English",
      "pure_emoji": false
    },
    {
      "user": "fredmartens267",
      "comments": [
        "👍👍👍"
      ],
      "language": "Other",
      "pure_emoji": true
    },
    {
      "user": "g",
      "comments": [
        "multipolar world is the best."
      ],
      "language": "English",
      "pure_emoji": false
    },
    {
      "user": "gar bar",
      "comments": [
        "👍👍👍"
      ],
      "language": "Other",
      "pure_emoji": true
    },
    {
      "user": "gary.888",
      "comments": [
        "谢谢合作 trump 🥵🥵🥵🥵🥵🥵🥵🥵🥵"
      ],
      "language": "Mixed",
      "pure_emoji": false
    },
    {
      "user": "godowest71",
      "comments": [
        "🤣🤣"
      ],
      "language": "Other",
      "pure_emoji": true
    },
    {
      "user": "hassankisome",
      "comments": [
        "Im Sure If America Will Start War Against IRAN They Will Loose It Also"
      ],
      "language": "English",
      "pure_emoji": false
    },
    {
      "user": "heat💗~",
      "comments": [
        "easy solution. stop living depending on exports. live depends on domestic economy. Funds from excports of those products mostly enjoy by rich individials and corps."
      ],
      "language": "English",
      "pure_emoji": false
    },
    {
      "user": "henryakix5q",
      "comments": [
        "👏👏👏👏👏"
      ],
      "language": "Other",
      "pure_emoji": true
    },
    {
      "user": "hermanbeckford",
      "comments": [
        "Trade war very unnecessary."
      ],
      "language": "English",
      "pure_emoji": false
    },
    {
      "user": "hussein",
      "comments": [
        "It is very difficult, if not impossible, for American cowboys to defeat Chinese dragon."
      ],
      "language": "English",
      "pure_emoji": false
    },
    {
      "user": "indrat177070",
      "comments": [
        "Trump messed with the wrong country Trump the America stupidest president ever . Even China can buy America land.😂😂"
      ],
      "language": "English",
      "pure_emoji": false
    },
    {
      "user": "j",
      "comments": [
        "👍👍👍"
      ],
      "language": "Other",
      "pure_emoji": true
    },
    {
      "user": "jaffarfarajbigala",
      "comments": [
        "Subhanallah"
      ],
      "language": "English",
      "pure_emoji": false
    },
    {
      "user": "jhun",
      "comments": [
        "Really is that based on facts where did you get your narrative from CCP China who bullies small country, how much they pay you dude or your A.I. animated hahaha."
      ],
      "language": "English",
      "pure_emoji": false
    },
    {
      "user": "jim",
      "comments": [
        "how great do they really need to be 🤣🤣🤣"
      ],
      "language": "English",
      "pure_emoji": false
    },
    {
      "user": "johnson",
      "comments": [
        "just imagine cutting ties with the world's manufacturing powerhouse which make at least seventy percent of the world's products,the arrogancy of deluded Trump would be his own downfall 😳",
        "if made in USA is such a viable choice,there would be a proliferation of made in USA long time ago😌"
      ],
      "language": "English",
      "pure_emoji": false
    },
    {
      "user": "johnsonsihombing7",
      "comments": [
        "Because China has control the world’s production of goods. Too late for US, the world has depends on China goods making life simple and affordable low cost."
      ],
      "language": "English",
      "pure_emoji": false
    },
    {
      "user": "johny",
      "comments": [
        "😊😊😊"
      ],
      "language": "Other",
      "pure_emoji": true
    },
    {
      "user": "jones",
      "comments": [
        "kimewaramba....."
      ],
      "language": "English",
      "pure_emoji": false
    },
    {
      "user": "joshualowwoonchan",
      "comments": [
        "How precise and to the point"
      ],
      "language": "English",
      "pure_emoji": false
    },
    {
      "user": "kaye12360",
      "comments": [
        "buy local"
      ],
      "language": "English",
      "pure_emoji": false
    },
    {
      "user": "keabetswe tabengwa",
      "comments": [
        "👍"
      ],
      "language": "Other",
      "pure_emoji": true
    },
    {
      "user": "kudasiam",
      "comments": [
        "🤭🤭🤭"
      ],
      "language": "Other",
      "pure_emoji": true
    },
    {
      "user": "laicheewai6",
      "comments": [
        "They realise, but, arrogance and ego. The ppl will be suffering."
      ],
      "language": "English",
      "pure_emoji": false
    },
    {
      "user": "leong",
      "comments": [
        "5000 years wisdoms tradition vs 259 yrs Arrogance. What to expect.?"
      ],
      "language": "English",
      "pure_emoji": false
    },
    {
      "user": "lylemarchand",
      "comments": [
        "Trump is destroying America 🇺🇸"
      ],
      "language": "English",
      "pure_emoji": false
    },
    {
      "user": "m1245743",
      "comments": [
        "America has the pie on its face 😄"
      ],
      "language": "English",
      "pure_emoji": false
    },
    {
      "user": "majidmuhsin246",
      "comments": [
        "like money"
      ],
      "language": "English",
      "pure_emoji": false
    },
    {
      "user": "man dulla",
      "comments": [
        "😂😂😂"
      ],
      "language": "Other",
      "pure_emoji": true
    },
    {
      "user": "mbc",
      "comments": [
        "USA is in wrong hand of political leader."
      ],
      "language": "English",
      "pure_emoji": false
    },
    {
      "user": "mike45",
      "comments": [
        "China is now leading the world whereas the USA is harming and destroying the world"
      ],
      "language": "English",
      "pure_emoji": false
    },
    {
      "user": "mikkymoonTarsh Wally",
      "comments": [
        "US is returning to the 100 years of Chinese isolation and is in decline"
      ],
      "language": "English",
      "pure_emoji": false
    },
    {
      "user": "mitcholdenburgh@gmail.com",
      "comments": [
        "Come on where's your facts"
      ],
      "language": "English",
      "pure_emoji": false
    },
    {
      "user": "mk1220",
      "comments": [
        "The outcome when someone who shatz their pants is running the country and ruining its own economy"
      ],
      "language": "English",
      "pure_emoji": false
    },
    {
      "user": "mmsmarts",
      "comments": [
        "but who voted trump?"
      ],
      "language": "English",
      "pure_emoji": false
    },
    {
      "user": "mrcreditor1",
      "comments": [
        "The end of America and Europe has come"
      ],
      "language": "English",
      "pure_emoji": false
    },
    {
      "user": "mud patra 🇵🇸🇧🇳",
      "comments": [
        "😂😂😂"
      ],
      "language": "Other",
      "pure_emoji": true
    },
    {
      "user": "munir",
      "comments": [
        "not yet see it after some time remember coooooorona"
      ],
      "language": "English",
      "pure_emoji": false
    },
    {
      "user": "musa",
      "comments": [
        "true info 👏"
      ],
      "language": "English",
      "pure_emoji": false
    },
    {
      "user": "musinguzichristo275",
      "comments": [
        "well analysed"
      ],
      "language": "English",
      "pure_emoji": false
    },
    {
      "user": "nanabaharum66",
      "comments": [
        "Trump need to stepdown!!"
      ],
      "language": "English",
      "pure_emoji": false
    },
    {
      "user": "naziemjohnson",
      "comments": [
        "America is the laughing stock of the world because of Donald Duck Trump"
      ],
      "language": "English",
      "pure_emoji": false
    },
    {
      "user": "nickolas",
      "comments": [
        "😅"
      ],
      "language": "Other",
      "pure_emoji": true
    },
    {
      "user": "old  cargo",
      "comments": [
        "down fall of America has come America will not becoming super again because they are supporting killing women and children in the world"
      ],
      "language": "English",
      "pure_emoji": false
    },
    {
      "user": "ongsengteck",
      "comments": [
        "Afrika will also comeup its bye bye to US."
      ],
      "language": "English",
      "pure_emoji": false
    },
    {
      "user": "orcs",
      "comments": [
        "😂😂😂"
      ],
      "language": "Other",
      "pure_emoji": true
    },
    {
      "user": "oretmonnaie",
      "comments": [
        "They vote for Trump, these peoples will pay for those rich such as Trump, he making money at the back ofUS peoples"
      ],
      "language": "English",
      "pure_emoji": false
    },
    {
      "user": "peterteng57",
      "comments": [
        "Great let's see how Trump reacts next.😂😂😂😂😂😂"
      ],
      "language": "English",
      "pure_emoji": false
    },
    {
      "user": "peterwongkw",
      "comments": [
        "👏👏👏 China! Make America Go Away"
      ],
      "language": "English",
      "pure_emoji": false
    },
    {
      "user": "pinto",
      "comments": [
        "😳😳😳"
      ],
      "language": "Other",
      "pure_emoji": true
    },
    {
      "user": "princess ham",
      "comments": [
        "has lost with iran too😅😅"
      ],
      "language": "English",
      "pure_emoji": false
    },
    {
      "user": "proamaricun",
      "comments": [
        "trump is sick, very sick! instead of seeking treatment and taking the prescribed drugs, he forces others to take his medicine."
      ],
      "language": "English",
      "pure_emoji": false
    },
    {
      "user": "punk",
      "comments": [
        "only rich can survive middle class people suffer in America"
      ],
      "language": "English",
      "pure_emoji": false
    },
    {
      "user": "raymondchan887",
      "comments": [
        "thanks for sharing your thoughts. true and honest assessment 👏"
      ],
      "language": "English",
      "pure_emoji": false
    },
    {
      "user": "remoblacklocks",
      "comments": [
        "Ok n what’s the bear doin?..smh what happened to the lion😏?"
      ],
      "language": "English",
      "pure_emoji": false
    },
    {
      "user": "rhyannelson173",
      "comments": [
        "🥰🥰🥰🥰🥰🥰🥰"
      ],
      "language": "Other",
      "pure_emoji": true
    },
    {
      "user": "richardsirait4",
      "comments": [
        "trump arogans effect."
      ],
      "language": "English",
      "pure_emoji": false
    },
    {
      "user": "romi",
      "comments": [
        "🤣🤣🤣"
      ],
      "language": "Other",
      "pure_emoji": true
    },
    {
      "user": "romyromana771",
      "comments": [
        "Great China 🇨🇳"
      ],
      "language": "English",
      "pure_emoji": false
    },
    {
      "user": "s kamal",
      "comments": [
        "👍"
      ],
      "language": "Other",
      "pure_emoji": true
    },
    {
      "user": "samhy532",
      "comments": [
        "This is a 100% true FACT💪💪💪."
      ],
      "language": "English",
      "pure_emoji": false
    },
    {
      "user": "seng chiah",
      "comments": [
        "study shows every 1 dollar china lost in trade, america lost 7 dollar."
      ],
      "language": "English",
      "pure_emoji": false
    },
    {
      "user": "shinobix",
      "comments": [
        "there is dragon and 12 crown woman and eagle in the end time war..which is china israel n us in revelation 12 n 13..read to know who wins..talkin idol that is Ai n mark of beast that is tech"
      ],
      "language": "English",
      "pure_emoji": false
    },
    {
      "user": "sidexfun",
      "comments": [
        "China is yhe greatest"
      ],
      "language": "English",
      "pure_emoji": false
    },
    {
      "user": "simonmk875",
      "comments": [
        "Great!!"
      ],
      "language": "English",
      "pure_emoji": false
    },
    {
      "user": "sintetlim",
      "comments": [
        "🤣🤣🤣🤩"
      ],
      "language": "Other",
      "pure_emoji": true
    },
    {
      "user": "stefhend🔥🔥🔥",
      "comments": [
        "AMERICAN GOV. & POLITICIANS HAD WRONGLY RUN THE COUNTRY🔥"
      ],
      "language": "English",
      "pure_emoji": false
    },
    {
      "user": "stephdon1",
      "comments": [
        "USA will never fully recover, thanks to Trump."
      ],
      "language": "English",
      "pure_emoji": false
    },
    {
      "user": "stevn...",
      "comments": [
        "well worded...👍"
      ],
      "language": "English",
      "pure_emoji": false
    },
    {
      "user": "sun God",
      "comments": [
        "china 🇨🇳 word power in silence"
      ],
      "language": "English",
      "pure_emoji": false
    },
    {
      "user": "suprato",
      "comments": [
        "👀👀👀😁😁😁👀👀👀🥰👍🥰👍👀👀👀"
      ],
      "language": "Other",
      "pure_emoji": true
    },
    {
      "user": "taoxin938",
      "comments": [
        "The U.S. lost the trade war with China and embarrassed itself. Trump made himself look foolish too. 😂😂😂"
      ],
      "language": "English",
      "pure_emoji": false
    },
    {
      "user": "the yong sen",
      "comments": [
        "🥰🥰🥰🥰🥰",
        "🥰🥰🥰"
      ],
      "language": "Other",
      "pure_emoji": false
    },
    {
      "user": "timkohs",
      "comments": [
        "karma"
      ],
      "language": "English",
      "pure_emoji": false
    },
    {
      "user": "user Chris DeBronya",
      "comments": [
        "Arrogance and pride will never allow them to open their eyes to look and see they are defeated."
      ],
      "language": "English",
      "pure_emoji": false
    },
    {
      "user": "user1879221003719",
      "comments": [
        "USA war crime karma soon"
      ],
      "language": "English",
      "pure_emoji": false
    },
    {
      "user": "user2061409622771",
      "comments": [
        "true American stand with America. no matter what."
      ],
      "language": "English",
      "pure_emoji": false
    },
    {
      "user": "user2657725580009",
      "comments": [
        "Western heads of state are evil"
      ],
      "language": "English",
      "pure_emoji": false
    },
    {
      "user": "user4878841433830",
      "comments": [
        "🇺🇸citizen must learn not to buy from the enemy they want to take over and destroy the land and the"
      ],
      "language": "English",
      "pure_emoji": false
    },
    {
      "user": "user5321780454113",
      "comments": [
        "America's poorest countries in the world 2025 bye bye 🤑🤑🤑"
      ],
      "language": "English",
      "pure_emoji": false
    },
    {
      "user": "user5900573498494",
      "comments": [
        "AWESOME CHINA"
      ],
      "language": "English",
      "pure_emoji": false
    },
    {
      "user": "user6277765677892",
      "comments": [
        "America voted the orange thing 😂😂😂",
        "😂😂😂"
      ],
      "language": "English",
      "pure_emoji": false
    },
    {
      "user": "user6606133700261",
      "comments": [
        "👏👏👏👏👏👏"
      ],
      "language": "Other",
      "pure_emoji": true
    },
    {
      "user": "user68555252754793",
      "comments": [
        "🥰🥰🥰"
      ],
      "language": "Other",
      "pure_emoji": true
    },
    {
      "user": "user8175051917766",
      "comments": [
        "👍👍👍🐓🐓🐓✅"
      ],
      "language": "Other",
      "pure_emoji": true
    },
    {
      "user": "user8375256123626",
      "comments": [
        "Soon America will break into state by state. They want independent and not under Trump administration. WELL DONE MR TRUMP YOU MAKE HISTORY"
      ],
      "language": "English",
      "pure_emoji": false
    },
    {
      "user": "user8435554752836",
      "comments": [
        "Soon Trump actions will result in chaos in e whole USA w shortages of foods, gasoline, clothes etc n breakdown of social orders.Those who can afford it, get out of US asap before all flights r banned.",
        "They should concentrate on the welfare of its people. But they take advantages of the situation n manipulate the stock markets n profit billions for themselves. Unb"
      ],
      "language": "English",
      "pure_emoji": false
    },
    {
      "user": "user9042819620511Raymomd",
      "comments": [
        "🥰🥰🥰🥰"
      ],
      "language": "Other",
      "pure_emoji": true
    },
    {
      "user": "volemator d realness",
      "comments": [
        "🥰🥰🥰🥰we love china"
      ],
      "language": "English",
      "pure_emoji": false
    },
    {
      "user": "voyager 2",
      "comments": [
        "🤣🤣🤣🤣usa"
      ],
      "language": "English",
      "pure_emoji": false
    },
    {
      "user": "wadyyassin",
      "comments": [
        "😂👏😂👏😂👏😂"
      ],
      "language": "Other",
      "pure_emoji": true
    },
    {
      "user": "wahanta",
      "comments": [
        "@wahanta:#istandwithibrahimtraore"
      ],
      "language": "English",
      "pure_emoji": false
    },
    {
      "user": "wangjunzhou",
      "comments": [
        "特朗普这三个月赚得盆满钵满，包括他的家族都是，这是美国的失败，是特朗普家族的胜利！"
      ],
      "language": "Chinese",
      "pure_emoji": false
    },
    {
      "user": "weng1yap760244",
      "comments": [
        "should not finish y can't get along do not understand?"
      ],
      "language": "English",
      "pure_emoji": false
    },
    {
      "user": "willylim000",
      "comments": [
        "slowly American will had nothing to buy, millions Americans people will pay the bills, could be recession coming"
      ],
      "language": "English",
      "pure_emoji": false
    },
    {
      "user": "zack",
      "comments": [
        "🥰🥰🥰🥰🥰🥰"
      ],
      "language": "Other",
      "pure_emoji": true
    },
    {
      "user": "zeds325",
      "comments": [
        "CHECKMATE 👌👌👌"
      ],
      "language": "English",
      "pure_emoji": false
    },
    {
      "user": "ziza curado",
      "comments": [
        "The dollar empire based in wars, crimes, corruption, sanctions, tariffs lead by oligarchs full of arrogance, greed, inhumanity is over! Let’s trade freely and to support the development of each nation"
      ],
      "language": "English",
      "pure_emoji": false
    },
    {
      "user": "zootshajvaj",
      "comments": [
        "Yes because china isn’t dum*"
      ],
      "language": "English",
      "pure_emoji": false
    },
    {
      "user": "zulkaya",
      "comments": [
        "this u get when select wrong no 1"
      ],
      "language": "English",
      "pure_emoji": false
    },
    {
      "user": "የgeta የቴርሳሱ 🇦🇺",
      "comments": [
        "voters be like 👇👇👇👇😂 [写真]"
      ],
      "language": "Mixed",
      "pure_emoji": false
    },
    {
      "user": "♾️⭐️J̣̌.ŁÓPƐẒ̌⭐♾️. 369. ♐️👑.",
      "comments": [
        "Definitely so truth 💯.."
      ],
      "language": "English",
      "pure_emoji": false
    },
    {
      "user": "⚘️AISYAH⚘️",
      "comments": [
        "u forget to add another lost in US is the Boeing Company China cancel all the aircraft order...😅😅😅😅"
      ],
      "language": "English",
      "pure_emoji": false
    },
    {
      "user": "❇️",
      "comments": [
        "why are the Americans not fighting ths administration. i hope my fellow americans best of luck. most impotntly pls ensure you hv enough supplies to eat in months n yrs to come"
      ],
      "language": "English",
      "pure_emoji": false
    },
    {
      "user": "狼の精神",
      "comments": [
        "美國沒有Great again ,反倒是China great 了😁"
      ],
      "language": "Mixed",
      "pure_emoji": false
    },
    {
      "user": "💸💸💸",
      "comments": [
        "This is a game changer for the Chinese and the rest of the world to take advantage. It will take decades or never for the opportunity to dominant the US. FACTS"
      ],
      "language": "English",
      "pure_emoji": false
    }
  ]
}