{
  "video_id": "7496295398164974894",
  "video_url": "https://www.tiktok.com/@pbsnews/video/7496295398164974894",
  "publish_date": null,
  "comment_groups": [
    {
      "user": "(Laa Naa)",
      "comments": [
        "It’s gonna hurt everyone. And I was already on the bare edge of making things work. Add in these student loan garnishments, the canceling across the country of $$$ for food banks",
        "It’s gonna hurt everyone. And I was already on the bare edge of making things work. Add in these student loan garnishments, the canceling across the country of $$$ for food banks"
      ],
      "language": "English",
      "pure_emoji": false
    },
    {
      "user": ".",
      "comments": [
        "I’m already greatly sad",
        "I’m already greatly sad"
      ],
      "language": "English",
      "pure_emoji": false
    },
    {
      "user": "Abg Haji PETRONAS",
      "comments": [
        "Trump begging wanna lick China a$$ 🤣"
      ],
      "language": "English",
      "pure_emoji": false
    },
    {
      "user": "Alicia Deer",
      "comments": [
        "He literally sounds like a child. “I’m being nice, he’s gonna be nice.” He’s just so weird",
        "He literally sounds like a child. “I’m being nice, he’s gonna be nice.” He’s just so weird"
      ],
      "language": "English",
      "pure_emoji": false
    },
    {
      "user": "Alicia Leyanis",
      "comments": [
        "Why did people think a man who filed bankruptcy 6 times wouldn’t land us exactly here 😭",
        "Why did people think a man who filed bankruptcy 6 times wouldn’t land us exactly here 😭"
      ],
      "language": "English",
      "pure_emoji": false
    },
    {
      "user": "B",
      "comments": [
        "No. Do not let republicans off the hook. They have the power to stop him but won't."
      ],
      "language": "English",
      "pure_emoji": false
    },
    {
      "user": "BigNope(Bisan’s Version)",
      "comments": [
        "The Gilded age… here we come!!!!😭"
      ],
      "language": "English",
      "pure_emoji": false
    },
    {
      "user": "Bo Jones",
      "comments": [
        "He has given China no way to come out looking stronger to work with him. So they’re going to give him the middle finger.",
        "He has given China no way to come out looking stronger to work with him. So they’re going to give him the middle finger."
      ],
      "language": "English",
      "pure_emoji": false
    },
    {
      "user": "Dakota Sky",
      "comments": [
        "They won",
        "They won"
      ],
      "language": "English",
      "pure_emoji": false
    },
    {
      "user": "DeepNeuro",
      "comments": [
        "China never agreed to anything, they haven't even tried to negotiate and Trump already folded"
      ],
      "language": "English",
      "pure_emoji": false
    },
    {
      "user": "Dr. GF",
      "comments": [
        "worst president in our nation's history."
      ],
      "language": "English",
      "pure_emoji": false
    },
    {
      "user": "End the trade war!",
      "comments": [
        "This economic crisis has been inflicted upon us by the President. It is truly appalling",
        "This economic crisis has been inflicted upon us by the President. It is truly appalling"
      ],
      "language": "English",
      "pure_emoji": false
    },
    {
      "user": "Ernesto",
      "comments": [
        "Are we great again?"
      ],
      "language": "English",
      "pure_emoji": false
    },
    {
      "user": "Eyecont956",
      "comments": [
        "1929.....",
        "1929....."
      ],
      "language": "Other",
      "pure_emoji": false
    },
    {
      "user": "Fortheloveofcountry",
      "comments": [
        "Impeach him now!!!",
        "Impeach him now!!!"
      ],
      "language": "English",
      "pure_emoji": false
    },
    {
      "user": "Grayson Parks",
      "comments": [
        "He’s forced into backpedaling again!",
        "He’s forced into backpedaling again!"
      ],
      "language": "English",
      "pure_emoji": false
    },
    {
      "user": "Grow Getter 🍉",
      "comments": [
        "The president entertaining firing the head of the Federal Reserve is WILD. The minute that happens, I’m out of here."
      ],
      "language": "English",
      "pure_emoji": false
    },
    {
      "user": "Hungry_inhouston",
      "comments": [
        "The economy would be in a better place if he did absolutely nothing"
      ],
      "language": "English",
      "pure_emoji": false
    },
    {
      "user": "Isla Madre",
      "comments": [
        "He is a one man pandemic!",
        "He is a one man pandemic!"
      ],
      "language": "English",
      "pure_emoji": false
    },
    {
      "user": "JC",
      "comments": [
        "Can we please just ignore everything he says....."
      ],
      "language": "English",
      "pure_emoji": false
    },
    {
      "user": "John Spainhour",
      "comments": [
        "Good we need to change everything......"
      ],
      "language": "English",
      "pure_emoji": false
    },
    {
      "user": "Katrina",
      "comments": [
        "So we get paid less, everything costs more and now we gotta pay our student loans back with that no money we have or else they will take our tax return or wages. Noice"
      ],
      "language": "English",
      "pure_emoji": false
    },
    {
      "user": "Kenfro67",
      "comments": [
        "😡😡😡",
        "😡😡😡"
      ],
      "language": "Other",
      "pure_emoji": false
    },
    {
      "user": "Lee Anne Jarrett",
      "comments": [
        "Yeah, Trump had a meeting with Japan and they dumped US bonds immediately after.. no deal was made.",
        "Yeah, Trump had a meeting with Japan and they dumped US bonds immediately after.. no deal was made."
      ],
      "language": "English",
      "pure_emoji": false
    },
    {
      "user": "LenaG",
      "comments": [
        "What happened to not interfering with the free market?",
        "What happened to not interfering with the free market?"
      ],
      "language": "English",
      "pure_emoji": false
    },
    {
      "user": "Michelle Lim",
      "comments": [
        "Wake up call Mr Trump",
        "Wake up call Mr Trump"
      ],
      "language": "English",
      "pure_emoji": false
    },
    {
      "user": "Mito",
      "comments": [
        "The global economy is not slowing down, USA is! Trump is giving it the execution shot!",
        "The global economy is not slowing down, USA is! Trump is giving it the execution shot!"
      ],
      "language": "English",
      "pure_emoji": false
    },
    {
      "user": "NR",
      "comments": [
        "💗",
        "💗"
      ],
      "language": "Other",
      "pure_emoji": false
    },
    {
      "user": "Nathan Styles",
      "comments": [
        "🥰🥰🥰"
      ],
      "language": "Other",
      "pure_emoji": true
    },
    {
      "user": "Nia🤷🏽‍♀️",
      "comments": [
        "I mean even if Mr. Orange pulls back the tariffs, it may not make a difference based on the way China has moved around their resource collection. They may just adapt to not needing the US at all."
      ],
      "language": "English",
      "pure_emoji": false
    },
    {
      "user": "Nothing to do",
      "comments": [
        "何必没苦硬吃，开开心心当完4年任期，怎么样都不会是最差的美国总统",
        "何必没苦硬吃，开开心心当完4年任期，怎么样都不会是最差的美国总统"
      ],
      "language": "Chinese",
      "pure_emoji": false
    },
    {
      "user": "OJ Spikes",
      "comments": [
        "I worry what happens when Powell’s term is up"
      ],
      "language": "English",
      "pure_emoji": false
    },
    {
      "user": "Pithy Woman",
      "comments": [
        "Good point"
      ],
      "language": "English",
      "pure_emoji": false
    },
    {
      "user": "Politics R Us",
      "comments": [
        "No more middle class",
        "No more middle class"
      ],
      "language": "English",
      "pure_emoji": false
    },
    {
      "user": "PoquitaPoquita🍉",
      "comments": [
        "❣️❣️❣️",
        "❣️❣️❣️"
      ],
      "language": "Other",
      "pure_emoji": false
    },
    {
      "user": "RC Fun Times",
      "comments": [
        "We shut the world down during the first tariffs because of Covid. Handed out checks yet still survived. The sky is falling is funny when it fell yeats ago to greed."
      ],
      "language": "English",
      "pure_emoji": false
    },
    {
      "user": "Rndyt96",
      "comments": [
        "It’s setting the stage for Trump to cave to China. What choice does he have? He’s an idiot. Shouldn’t have opened his big mouth in the first place.",
        "It’s setting the stage for Trump to cave to China. What choice does he have? He’s an idiot. Shouldn’t have opened his big mouth in the first place."
      ],
      "language": "English",
      "pure_emoji": false
    },
    {
      "user": "Romero Marvin24",
      "comments": [
        "💙💙💙"
      ],
      "language": "Other",
      "pure_emoji": true
    },
    {
      "user": "STRATOSPHERE",
      "comments": [
        "feels illegal to be this early, also welcome to the recession",
        "feels illegal to be this early, also welcome to the recession"
      ],
      "language": "English",
      "pure_emoji": false
    },
    {
      "user": "Salace🧘🏽‍♀️",
      "comments": [
        "Good…"
      ],
      "language": "English",
      "pure_emoji": false
    },
    {
      "user": "Stacey Cooper Bull",
      "comments": [
        "It will not slow down the economy!"
      ],
      "language": "English",
      "pure_emoji": false
    },
    {
      "user": "T Ferguson431",
      "comments": [
        "GDP in 2024 close to 3% under Biden was unacceptable to Reps, even though unemployment was low. But now, with a weakening economy, stock market and US dollar, Reps say next to nothing. Shameless."
      ],
      "language": "English",
      "pure_emoji": false
    },
    {
      "user": "TheAtheistworld",
      "comments": [
        "Trump the man. Trump is right as always. Give em the best, Donald. Competency and decency against the debt and corruption. Bravo Trump team !!🥰🥰🥰"
      ],
      "language": "English",
      "pure_emoji": false
    },
    {
      "user": "Voice of men",
      "comments": [
        "Xi humbled Trump like a ♀️🐕"
      ],
      "language": "English",
      "pure_emoji": false
    },
    {
      "user": "World of Bayu",
      "comments": [
        "Trump staged the whole negotiation in his head, shook hands with himself, and called it a win. Legendary delusion."
      ],
      "language": "English",
      "pure_emoji": false
    },
    {
      "user": "Yossarian",
      "comments": [
        "😭😭😭"
      ],
      "language": "Other",
      "pure_emoji": true
    },
    {
      "user": "bluedotredstatemo",
      "comments": [
        "Trump is an absolute idiot! 😡"
      ],
      "language": "English",
      "pure_emoji": false
    },
    {
      "user": "ihatehumans",
      "comments": [
        "How 😒"
      ],
      "language": "English",
      "pure_emoji": false
    },
    {
      "user": "jjmillion",
      "comments": [
        "Trump 💯💯💯💯💯"
      ],
      "language": "English",
      "pure_emoji": false
    },
    {
      "user": "leafuls",
      "comments": [
        "I'm already out on it by example, not working for the economy, get people to give not sell like black friday trump Friday, Microsoft iPhone Xbox Amazon give not sell, cheap, bad actors give"
      ],
      "language": "English",
      "pure_emoji": false
    },
    {
      "user": "marley maxwell 🖤",
      "comments": [
        "you should read more into this , stock jump from this is temporary… possibly losing china as one of our biggest importers will do more long term damage to us … hold on to that money while u got it",
        "Most useless trade war ever I hope trump supporters feel dumb knowing that his plan to make things “great again”absolutely bombed. Idiot trying to go for china"
      ],
      "language": "English",
      "pure_emoji": false
    },
    {
      "user": "monkeyfracasjr",
      "comments": [
        "How can people not see that Trump is a complete moron!? It's obvious. Are people blind!? He looks and sounds SO stupid. Jesus Christ!!!!!",
        "How can people not see that Trump is a complete moron!? It's obvious. Are people blind!? He looks and sounds SO stupid. Jesus Christ!!!!!"
      ],
      "language": "English",
      "pure_emoji": false
    },
    {
      "user": "pamelatwospirits",
      "comments": [
        "Trump is the best! At wrecking the world economy!"
      ],
      "language": "English",
      "pure_emoji": false
    },
    {
      "user": "sal",
      "comments": [
        "😳😳😳"
      ],
      "language": "Other",
      "pure_emoji": true
    },
    {
      "user": "tbone",
      "comments": [
        "dude I'm about to be rich lol",
        "dude I'm about to be rich lol"
      ],
      "language": "English",
      "pure_emoji": false
    },
    {
      "user": "theo",
      "comments": [
        "He's behaving now",
        "He's behaving now"
      ],
      "language": "English",
      "pure_emoji": false
    },
    {
      "user": "user1444583840469",
      "comments": [
        "It’s almost like he’s causing another 1929 event that he fears so much 😂",
        "It’s almost like he’s causing another 1929 event that he fears so much 😂"
      ],
      "language": "English",
      "pure_emoji": false
    },
    {
      "user": "user8150607924240",
      "comments": [
        "Market manipulation for Trumps billionaire friends. Trump is helping them make billions more at the cost of the middle class."
      ],
      "language": "English",
      "pure_emoji": false
    },
    {
      "user": "🇺🇸Chip-2028🇺🇸🌎☮️",
      "comments": [
        "The most infuriating part is that it was completely unnecessary and caused by literally one man.",
        "The most infuriating part is that it was completely unnecessary and caused by literally one man."
      ],
      "language": "English",
      "pure_emoji": false
    }
  ]
}