{
  "video_id": "7491736252752956718",
  "video_url": "https://www.tiktok.com/@didtheday/video/7491736252752956718",
  "publish_date": null,
  "comment_groups": [
    {
      "user": "Ni k Y o n g",
      "comments": [
        "👌👌👌",
        "👌👌👌"
      ],
      "language": "Other",
      "pure_emoji": false
    },
    {
      "user": "William",
      "comments": [
        "坐实操纵股市。",
        "坐实操纵股市。"
      ],
      "language": "Chinese",
      "pure_emoji": false
    },
    {
      "user": "frank",
      "comments": [
        "金毛的下场最终比肯尼迪更惨…",
        "金毛的下场最终比肯尼迪更惨…"
      ],
      "language": "Chinese",
      "pure_emoji": false
    },
    {
      "user": "henry",
      "comments": [
        "小心你会被判100 年不许进入美国",
        "小心你会被判100 年不许进入美国"
      ],
      "language": "Chinese",
      "pure_emoji": false
    },
    {
      "user": "华为仙尊",
      "comments": [
        "这巴菲特来了，也是一个新兵",
        "这巴菲特来了，也是一个新兵"
      ],
      "language": "Chinese",
      "pure_emoji": false
    },
    {
      "user": "川爱华",
      "comments": [
        "人不为已，天诛地灭，不奇怪😁",
        "人不为已，天诛地灭，不奇怪😁"
      ],
      "language": "Chinese",
      "pure_emoji": false
    },
    {
      "user": "种豆南山",
      "comments": [
        "你还在bb 吗",
        "你还在bb 吗"
      ],
      "language": "Mixed",
      "pure_emoji": false
    },
    {
      "user": "🎼あさひ🌞ASAHI🇯🇵🇹🇼🇬🇧🇫🇷",
      "comments": [
        "打完老婆了😅",
        "打完老婆了😅"
      ],
      "language": "Chinese",
      "pure_emoji": false
    }
  ]
}