{
  "video_id": "7492018073541594373",
  "video_url": "https://www.tiktok.com/@mamaspeaker/video/7492018073541594373",
  "publish_date": null,
  "comment_groups": [
    {
      "user": "Bruce",
      "comments": [
        "😂😂😂"
      ],
      "language": "Other",
      "pure_emoji": true
    },
    {
      "user": "Mama英文老師 · 创作者",
      "comments": [
        "第二集來囉‼️首頁看✨"
      ],
      "language": "Chinese",
      "pure_emoji": false
    },
    {
      "user": "Mkoiuyt",
      "comments": [
        "😃😃😃"
      ],
      "language": "Other",
      "pure_emoji": true
    },
    {
      "user": "jash",
      "comments": [
        "😁 好應景"
      ],
      "language": "Chinese",
      "pure_emoji": false
    },
    {
      "user": "user6616",
      "comments": [
        "good"
      ],
      "language": "English",
      "pure_emoji": false
    }
  ]
}