{
  "video_id": "7492723606934293777",
  "video_url": "https://www.tiktok.com/@tongvisual/video/7492723606934293777",
  "publish_date": null,
  "comment_groups": [
    {
      "user": "CHEEKONGLEW",
      "comments": [
        "💪💪💪"
      ],
      "language": "Other",
      "pure_emoji": true
    },
    {
      "user": "Choo Wing Kai",
      "comments": [
        "🇨🇳🇨🇳🇨🇳🇨🇳🇨🇳🇨🇳 ⭐⭐⭐⭐⭐⭐ 💪💪💪💪💪💪 👏👏👏👏👏👏"
      ],
      "language": "Other",
      "pure_emoji": false
    },
    {
      "user": "David Amway",
      "comments": [
        "美国也失去中国市场 后悔吗？"
      ],
      "language": "Chinese",
      "pure_emoji": false
    },
    {
      "user": "DengShang Pan",
      "comments": [
        "🥰🥰🥰🥰🥰🥰"
      ],
      "language": "Other",
      "pure_emoji": true
    },
    {
      "user": "Devon Amin",
      "comments": [
        "中国超棒中国加油中国强大"
      ],
      "language": "Chinese",
      "pure_emoji": false
    },
    {
      "user": "Edy",
      "comments": [
        "💪💪💪"
      ],
      "language": "Other",
      "pure_emoji": true
    },
    {
      "user": "Felix Immigration Services",
      "comments": [
        "👏👏👏"
      ],
      "language": "Other",
      "pure_emoji": true
    },
    {
      "user": "Fred Wong",
      "comments": [
        "all noises \"no trades and no business \"👌👌👌👌👌"
      ],
      "language": "English",
      "pure_emoji": false
    },
    {
      "user": "FreeDrummer",
      "comments": [
        "well said ! 🥰🥰🥰"
      ],
      "language": "English",
      "pure_emoji": false
    },
    {
      "user": "Gary",
      "comments": [
        "谦虚永远是中国人的传统美德"
      ],
      "language": "Chinese",
      "pure_emoji": false
    },
    {
      "user": "Go",
      "comments": [
        "是的现在的霸权政治，和以前皇帝制没有不同。"
      ],
      "language": "Chinese",
      "pure_emoji": false
    },
    {
      "user": "Honey Mango",
      "comments": [
        "不需要咆哮、温和的语气也能霸气十足！"
      ],
      "language": "Chinese",
      "pure_emoji": false
    },
    {
      "user": "James Yin",
      "comments": [
        "说得好"
      ],
      "language": "Chinese",
      "pure_emoji": false
    },
    {
      "user": "Jeff Heng",
      "comments": [
        "good job good sharing good luck"
      ],
      "language": "English",
      "pure_emoji": false
    },
    {
      "user": "Jessica Chen",
      "comments": [
        "我現在是米粉😏😏😏"
      ],
      "language": "Chinese",
      "pure_emoji": false
    },
    {
      "user": "KING",
      "comments": [
        "說的好，正確無誤🥰"
      ],
      "language": "Chinese",
      "pure_emoji": false
    },
    {
      "user": "Kevin Liau",
      "comments": [
        "中国可以沒有美国市场，但美国却萬萬離不開中国廉价市场；尤其是美国人民！"
      ],
      "language": "Chinese",
      "pure_emoji": false
    },
    {
      "user": "King of the world",
      "comments": [
        "没有美国，现在支拿的国语是日语",
        "支拿"
      ],
      "language": "Chinese",
      "pure_emoji": false
    },
    {
      "user": "Kong Kat Wong",
      "comments": [
        "一厢情愿"
      ],
      "language": "Chinese",
      "pure_emoji": false
    },
    {
      "user": "Lei",
      "comments": [
        "我们无条件相信国家呀，你去问每个中国人呀"
      ],
      "language": "Chinese",
      "pure_emoji": false
    },
    {
      "user": "Li Zhenhua, Thailand",
      "comments": [
        "她说我们是乡巴佬，那么请问印第安人的家去哪里了！"
      ],
      "language": "Chinese",
      "pure_emoji": false
    },
    {
      "user": "Max Phoon",
      "comments": [
        "👍👍👍"
      ],
      "language": "Other",
      "pure_emoji": true
    },
    {
      "user": "Michael",
      "comments": [
        "中美一旦开战，共产党立马抱头鼠窜，逃得连鬼影子都没有。美国要打败中国只需一天的时间。共产党统治下的中国是世界上最坏的国家，没有之一，只有唯一。毒水、毒空气、毒食品，这三毒只有中国才有😂。中国百姓穷的要死，人均月收入不足一千人民币，而美国人均月收入高达五万人民币。再看一看中国烂护照，在世界上排名如此滞后，就可知道是多么的蹩脚。若有风吹草动，全世界就一边倒站在美国一边。"
      ],
      "language": "Chinese",
      "pure_emoji": false
    },
    {
      "user": "Muhammed Abood",
      "comments": [
        "Beautiful answer from the great China"
      ],
      "language": "English",
      "pure_emoji": false
    },
    {
      "user": "Ndrs",
      "comments": [
        "人類誕生幾萬年 手機跟金錢只佔了極少數的時間 所以我根本不在乎 我現在活著不用金錢也不用手機 我直接自己打獵"
      ],
      "language": "Chinese",
      "pure_emoji": false
    },
    {
      "user": "Piolo 💪🏽",
      "comments": [
        "Yes that im talking about 👍🏽👍🏽👍🏽👍🏽🇨🇳🇨🇳"
      ],
      "language": "English",
      "pure_emoji": false
    },
    {
      "user": "Raymond Leong",
      "comments": [
        "China. Boss. Sanctions. U S, No u S. World. More. Peaceful🇨🇳💪🇨🇳💪🇨🇳💪🇨🇳💪🇨🇳💪🇺🇲👎🇺🇲👎🇺🇲👎🇺🇲🐷🇺🇲🐕🇺🇲🦊"
      ],
      "language": "English",
      "pure_emoji": false
    },
    {
      "user": "Richard Low",
      "comments": [
        "中方己经不是以前那个中国 加油加油"
      ],
      "language": "Chinese",
      "pure_emoji": false
    },
    {
      "user": "SONG WENZHE",
      "comments": [
        "世界没有美国 更好 中东太平"
      ],
      "language": "Chinese",
      "pure_emoji": false
    },
    {
      "user": "SkyNet",
      "comments": [
        "支持中国祖国💕💕💕💕"
      ],
      "language": "Chinese",
      "pure_emoji": false
    },
    {
      "user": "Sparrow🇦🇺",
      "comments": [
        "I love this guy"
      ],
      "language": "English",
      "pure_emoji": false
    },
    {
      "user": "Sunny",
      "comments": [
        "说的好，中国是伟大的"
      ],
      "language": "Chinese",
      "pure_emoji": false
    },
    {
      "user": "Suzzana",
      "comments": [
        "👍👍👍👍"
      ],
      "language": "Other",
      "pure_emoji": true
    },
    {
      "user": "TC lai",
      "comments": [
        "💪💪💪"
      ],
      "language": "Other",
      "pure_emoji": true
    },
    {
      "user": "UPer12345678910111213",
      "comments": [
        "❤❤❤❤❤❤❤❤❤❤❤❤❤❤❤❤❤❤❤❤❤❤❤❤❤❤❤❤❤",
        "南無阿彌陀佛 南無阿彌陀佛 南無阿彌陀佛 南無阿彌陀佛 南無阿彌陀佛 南無阿彌陀佛 南無阿彌陀佛 南無阿彌陀佛 南無阿彌陀佛 南無阿彌陀佛"
      ],
      "language": "Chinese",
      "pure_emoji": false
    },
    {
      "user": "VN Cao Hùng Thắng",
      "comments": [
        "china??? vs usa. war vietnam 1979 [写真]"
      ],
      "language": "Mixed",
      "pure_emoji": false
    },
    {
      "user": "Vương Bỉnh Kim 黄炳坤",
      "comments": [
        "👍👍👍👍👍"
      ],
      "language": "Other",
      "pure_emoji": true
    },
    {
      "user": "Waiting not wait",
      "comments": [
        "美國在自大也沒有用～世界就是一個循環，"
      ],
      "language": "Chinese",
      "pure_emoji": false
    },
    {
      "user": "WeNorth",
      "comments": [
        "Sis 3 's hubby--三姐夫。丫个达利特，底层中的底层，影子都不能碰到婆罗门身上,荣升至婆罗门至白宫，又怎样？还不是蹲着坐便拉屎！"
      ],
      "language": "Mixed",
      "pure_emoji": false
    },
    {
      "user": "adrianchen1595",
      "comments": [
        "美国跟中国是互相需要的，美国需要中国廉价的商品！就像2008年经济危机需要中国提供帮助提供商品叫美国老百姓可以低成本的生活，现在中国转型成功了拥有了世界先进的ai等高科技！拥有更多的发展空间"
      ],
      "language": "Mixed",
      "pure_emoji": false
    },
    {
      "user": "alex",
      "comments": [
        "管你黑貓還是白貓能夠國強民富就是好貓"
      ],
      "language": "Chinese",
      "pure_emoji": false
    },
    {
      "user": "alwayscumbag",
      "comments": [
        "這世界又不是只能跟美國做生意，支持中國廣泛跟全世界友善國家往來。"
      ],
      "language": "Chinese",
      "pure_emoji": false
    },
    {
      "user": "amchiche0",
      "comments": [
        "like you Mr 😁😁😁"
      ],
      "language": "English",
      "pure_emoji": false
    },
    {
      "user": "andycarter",
      "comments": [
        "万斯难道不知道光脚的不怕穿鞋的吗😂😂"
      ],
      "language": "Chinese",
      "pure_emoji": false
    },
    {
      "user": "benchen459",
      "comments": [
        "yes you are right guys thanks you for all"
      ],
      "language": "English",
      "pure_emoji": false
    },
    {
      "user": "cheesing490",
      "comments": [
        "说得好。中国万岁 👍👍👍👍💯💯💯❤❤❤"
      ],
      "language": "Chinese",
      "pure_emoji": false
    },
    {
      "user": "dongdong",
      "comments": [
        "问过老百姓没有..什么不在乎"
      ],
      "language": "Chinese",
      "pure_emoji": false
    },
    {
      "user": "dyi57rn4xauw李阿邦",
      "comments": [
        "萬惡之源黴國人"
      ],
      "language": "Chinese",
      "pure_emoji": false
    },
    {
      "user": "dylx6wrtfeop少林王",
      "comments": [
        "这是真正的学者👍👍👍👍👍👍"
      ],
      "language": "Chinese",
      "pure_emoji": false
    },
    {
      "user": "geokseenong",
      "comments": [
        "💪❤️🥰"
      ],
      "language": "Other",
      "pure_emoji": true
    },
    {
      "user": "ghj",
      "comments": [
        "近代很多科技都是西方发明发现的，然后在他们的基础上再创新的，你们啊，毛主席的话是一句没听进去，要实事求是。"
      ],
      "language": "Chinese",
      "pure_emoji": false
    },
    {
      "user": "hero",
      "comments": [
        "以前没有美元难道世界就不会交易了？"
      ],
      "language": "Chinese",
      "pure_emoji": false
    },
    {
      "user": "hli0112",
      "comments": [
        "不是我说你，台湾都快给老美薅没了，赖清德把屁股都贴上去了，川普连看都懒得看一眼。你们这些台独还在哪里瞎逼逼！"
      ],
      "language": "Chinese",
      "pure_emoji": false
    },
    {
      "user": "jack",
      "comments": [
        "👍👍👍🇨🇳🇨🇳🇨🇳🇨🇳"
      ],
      "language": "Other",
      "pure_emoji": true
    },
    {
      "user": "jeuweelim",
      "comments": [
        "🥰",
        "😁"
      ],
      "language": "Other",
      "pure_emoji": false
    },
    {
      "user": "leesoochin588",
      "comments": [
        "👍",
        "🇨🇳👍"
      ],
      "language": "Other",
      "pure_emoji": false
    },
    {
      "user": "lhk",
      "comments": [
        "说得真好，很有力的回应👍"
      ],
      "language": "Chinese",
      "pure_emoji": false
    },
    {
      "user": "lim077",
      "comments": [
        "Great response...👍"
      ],
      "language": "English",
      "pure_emoji": false
    },
    {
      "user": "lolololol",
      "comments": [
        "They don't care, because they enjoy themselves, and when disaster strikes, the people sacrifice for them."
      ],
      "language": "English",
      "pure_emoji": false
    },
    {
      "user": "mcnsmf",
      "comments": [
        "为什么不说美国将失去中国市场？"
      ],
      "language": "Chinese",
      "pure_emoji": false
    },
    {
      "user": "meimeimak07",
      "comments": [
        "😂😂😂"
      ],
      "language": "Other",
      "pure_emoji": true
    },
    {
      "user": "oi young",
      "comments": [
        "Say do not need the American market is false, take the attitude to fight a bottle is true, if everything is thinking of kneeling first, there will nev"
      ],
      "language": "English",
      "pure_emoji": false
    },
    {
      "user": "pattan asif",
      "comments": [
        "greeat"
      ],
      "language": "English",
      "pure_emoji": false
    },
    {
      "user": "peterj333🇨🇦",
      "comments": [
        "China should teach trump and Vance a lesson on respect and put a EXPORT tax on every electronic device going to the USA. Make them pay. See if his arrogant maga cult members like that lol",
        "Say goodbye to the USA as you now know it. Hope the maga cult members are happy All the countries are making deals with everyone except USA"
      ],
      "language": "English",
      "pure_emoji": false
    },
    {
      "user": "queenstfen",
      "comments": [
        "中国不可以没有美国"
      ],
      "language": "Chinese",
      "pure_emoji": false
    },
    {
      "user": "raylim79",
      "comments": [
        "哈哈。。同时美国也失去中国市场呀。。。谁能顶到最后"
      ],
      "language": "Chinese",
      "pure_emoji": false
    },
    {
      "user": "romka",
      "comments": [
        "Current China is product of Mao and Dan with help of Mr Kissinger… I’d say counts its age after WW 2, and Imperial China capitulated to UK… USA helped you, and now you don’t care"
      ],
      "language": "English",
      "pure_emoji": false
    },
    {
      "user": "roy",
      "comments": [
        "well said fully support",
        "高先生的每次回答都让人感到痛快舒畅"
      ],
      "language": "Mixed",
      "pure_emoji": false
    },
    {
      "user": "shawnshou",
      "comments": [
        "👍👍👍"
      ],
      "language": "Other",
      "pure_emoji": true
    },
    {
      "user": "shuziren888",
      "comments": [
        "没事他们自己也叫自己人为农民工"
      ],
      "language": "Chinese",
      "pure_emoji": false
    },
    {
      "user": "siew tuck seong",
      "comments": [
        "👍👍👍"
      ],
      "language": "Other",
      "pure_emoji": true
    },
    {
      "user": "sky",
      "comments": [
        "极其有力量的回答 👍🏻"
      ],
      "language": "Chinese",
      "pure_emoji": false
    },
    {
      "user": "spring autumn pavilion",
      "comments": [
        "👍👍👍"
      ],
      "language": "Other",
      "pure_emoji": true
    },
    {
      "user": "user3276556966503",
      "comments": [
        "👍👍👍👍👍💪💪💪💪"
      ],
      "language": "Other",
      "pure_emoji": true
    },
    {
      "user": "user4506856910700",
      "comments": [
        "美國，丟臉現眼。"
      ],
      "language": "Chinese",
      "pure_emoji": false
    },
    {
      "user": "user6315311972787",
      "comments": [
        "苦的美国人民选了一个自大佬"
      ],
      "language": "Chinese",
      "pure_emoji": false
    },
    {
      "user": "user8680310691530",
      "comments": [
        "😳😳三億市场比较十四億市场。谁大的市场？😏😏😏"
      ],
      "language": "Chinese",
      "pure_emoji": false
    },
    {
      "user": "user9148763787986",
      "comments": [
        "我听到的最硬气的话 海外华人👍"
      ],
      "language": "Chinese",
      "pure_emoji": false
    },
    {
      "user": "vincentng543",
      "comments": [
        "美国市场不重要啊！"
      ],
      "language": "Chinese",
      "pure_emoji": false
    },
    {
      "user": "w124",
      "comments": [
        "👍👍👍💪💪💪👍👍👍💪💪💪"
      ],
      "language": "Other",
      "pure_emoji": true
    },
    {
      "user": "wengseng yong",
      "comments": [
        "🥰🥰🥰"
      ],
      "language": "Other",
      "pure_emoji": true
    },
    {
      "user": "xiaoxi_33",
      "comments": [
        "Very powerful speech!👍"
      ],
      "language": "English",
      "pure_emoji": false
    },
    {
      "user": "zhangli",
      "comments": [
        "没有中国，美国寸步难移"
      ],
      "language": "Chinese",
      "pure_emoji": false
    },
    {
      "user": "中華民國 weichunhung7",
      "comments": [
        "中國加油"
      ],
      "language": "Chinese",
      "pure_emoji": false
    },
    {
      "user": "享受寂寞",
      "comments": [
        "美国失去中国市场啥也不是"
      ],
      "language": "Chinese",
      "pure_emoji": false
    },
    {
      "user": "何乐",
      "comments": [
        "哈哈哈，太牛了，太有底气了！"
      ],
      "language": "Chinese",
      "pure_emoji": false
    },
    {
      "user": "倪个球",
      "comments": [
        "🥰🥰🥰"
      ],
      "language": "Other",
      "pure_emoji": true
    },
    {
      "user": "共獨舔共沒有好下場",
      "comments": [
        "How can the mainland have 5,000 years? One nation perishes, then rises again, and perishes again. They don't even know which country they are from on the mainland. They just know that they live there."
      ],
      "language": "English",
      "pure_emoji": false
    },
    {
      "user": "兼职搬U日赚上万！QQ：82864507✈️TG:kwee3",
      "comments": [
        "848😁😳"
      ],
      "language": "Other",
      "pure_emoji": false
    },
    {
      "user": "劉長治",
      "comments": [
        "🥰🥰🥰🥰🥰🥰🥰🥰"
      ],
      "language": "Other",
      "pure_emoji": true
    },
    {
      "user": "北極熊",
      "comments": [
        "👍👍👍"
      ],
      "language": "Other",
      "pure_emoji": true
    },
    {
      "user": "半斤八兩",
      "comments": [
        "只有傻鳥還在抱大腿"
      ],
      "language": "Chinese",
      "pure_emoji": false
    },
    {
      "user": "只有軍盲小孬孬才被阿共嘴砲嚇到投降",
      "comments": [
        "we(ccp) don't care (how Chinese people will suffer in trade war)..."
      ],
      "language": "English",
      "pure_emoji": false
    },
    {
      "user": "吳六奇",
      "comments": [
        "中國的底氣🥰🥰🥰🥰🥰🥰"
      ],
      "language": "Chinese",
      "pure_emoji": false
    },
    {
      "user": "啟鈞 連",
      "comments": [
        "帥"
      ],
      "language": "Chinese",
      "pure_emoji": false
    },
    {
      "user": "嗯嗯咖啡",
      "comments": [
        "👍"
      ],
      "language": "Other",
      "pure_emoji": true
    },
    {
      "user": "大眼猫",
      "comments": [
        "我们不缺美元。我们完全有能力建立金砖货币。如果美国执意下去。我们必然不再承认美元"
      ],
      "language": "Chinese",
      "pure_emoji": false
    },
    {
      "user": "天涯若比邻，海内存知己。",
      "comments": [
        "😁😁😁😁👍👍👍👍"
      ],
      "language": "Other",
      "pure_emoji": true
    },
    {
      "user": "奥德彪运香蕉",
      "comments": [
        "求谷歌微软也出手吧，让我们国产系统快速崛起吧，安卓不出手，鸿蒙生态很难做起来，很慢"
      ],
      "language": "Chinese",
      "pure_emoji": false
    },
    {
      "user": "季君子",
      "comments": [
        "中國再艱難也挺過來了，你們還在自欺欺人😏"
      ],
      "language": "Chinese",
      "pure_emoji": false
    },
    {
      "user": "宗元",
      "comments": [
        "準備維穩😁😁"
      ],
      "language": "Chinese",
      "pure_emoji": false
    },
    {
      "user": "小龙龙",
      "comments": [
        "中国人站在欧美西方人的面前，就是古人的现身，使他们不寒而栗。"
      ],
      "language": "Chinese",
      "pure_emoji": false
    },
    {
      "user": "崎路人",
      "comments": [
        "😂😂😂"
      ],
      "language": "Other",
      "pure_emoji": true
    },
    {
      "user": "平埔族後代二",
      "comments": [
        "武漢肺炎少了上億人都不在乎了"
      ],
      "language": "Chinese",
      "pure_emoji": false
    },
    {
      "user": "我有一剑",
      "comments": [
        "没了美国世界更好"
      ],
      "language": "Chinese",
      "pure_emoji": false
    },
    {
      "user": "星辰",
      "comments": [
        "说得好，赞👍"
      ],
      "language": "Chinese",
      "pure_emoji": false
    },
    {
      "user": "曾玉春",
      "comments": [
        "👍👍"
      ],
      "language": "Other",
      "pure_emoji": true
    },
    {
      "user": "月亮貓調皮",
      "comments": [
        "美國早就不是20年前美國了。 中國加油"
      ],
      "language": "Chinese",
      "pure_emoji": false
    },
    {
      "user": "林仁傑322",
      "comments": [
        "反話...30年後沒中國貨 ..全球哀哀叫的很多"
      ],
      "language": "Chinese",
      "pure_emoji": false
    },
    {
      "user": "林建助",
      "comments": [
        "🥰🥰🥰🥰🥰🥰🥰"
      ],
      "language": "Other",
      "pure_emoji": true
    },
    {
      "user": "森",
      "comments": [
        "@Kevin Liau：中国可以沒有美国市场，但美国却萬萬離不開中国廉价市场；尤其是美国人民！",
        "台湾都快给老美薅没了，赖清德把屁股都贴上去了，川普连看都懒得看一眼。你们这些台独还在哪里瞎逼逼！"
      ],
      "language": "Mixed",
      "pure_emoji": false
    },
    {
      "user": "櫻京塚丈",
      "comments": [
        "埃及世界上最強 歷史最久"
      ],
      "language": "Chinese",
      "pure_emoji": false
    },
    {
      "user": "無聊人",
      "comments": [
        "反話，30年前沒中國貨，全球活的很好。😁😁"
      ],
      "language": "Chinese",
      "pure_emoji": false
    },
    {
      "user": "王建國",
      "comments": [
        "如今的中國有需要依賴美國嗎？這波操作只看到沒了中國美國什麼都不是",
        "😂😂😂"
      ],
      "language": "Chinese",
      "pure_emoji": false
    },
    {
      "user": "用户6277984044222",
      "comments": [
        "讚讚讚讚讚。不吃这套。"
      ],
      "language": "Chinese",
      "pure_emoji": false
    },
    {
      "user": "用户7363119082681",
      "comments": [
        "🥰🥰🥰"
      ],
      "language": "Other",
      "pure_emoji": true
    },
    {
      "user": "臺灣省是中華民族最後的跪族",
      "comments": [
        "問一下，這麼多年，你們這群殖人除了喊口號到底為中國人民做了什麼？？？"
      ],
      "language": "Chinese",
      "pure_emoji": false
    },
    {
      "user": "舔得小米生活不能自理",
      "comments": [
        "又开始扯5000年封建历史"
      ],
      "language": "Chinese",
      "pure_emoji": false
    },
    {
      "user": "茗淇",
      "comments": [
        "闭关锁国可以从明代到清朝，来试试吧"
      ],
      "language": "Chinese",
      "pure_emoji": false
    },
    {
      "user": "荒野一匹狼",
      "comments": [
        "這世界最神奇的就是台灣， 台灣有最高科技的芯片， 也有智商最低的人😂😂"
      ],
      "language": "Chinese",
      "pure_emoji": false
    },
    {
      "user": "萧文良",
      "comments": [
        "实际来说中国不需要美国但需要美元，美元是通用货币在世界站了50％所有美国有这种底气！"
      ],
      "language": "Chinese",
      "pure_emoji": false
    },
    {
      "user": "貴婦00",
      "comments": [
        "從前沒有智慧型手機沒有AI，日子照樣過😂😂"
      ],
      "language": "Mixed",
      "pure_emoji": false
    },
    {
      "user": "赖床的大猫",
      "comments": [
        "中国在农耕时代大部分的时间里都是领先世界 现在步入崭新的经济 科技时代 我相信只要给我们一点时间 我们一样能做到农耕时代的成果 跟中国的历史比 美国不过是一朵浪花是昙花一现罢了 相信我 5000年的历史中 世界出现过无数个类似美国的国家 通过霸权 掠夺周边 但是现在都消失了 而中国还在 我相信如果美国在试图通过这种方式来成为全球霸主 那以后美国只会出现在历史书中 曾经出现 现在已经消失的国家😁"
      ],
      "language": "Chinese",
      "pure_emoji": false
    },
    {
      "user": "越南风情",
      "comments": [
        "事实如此😁😁😁"
      ],
      "language": "Chinese",
      "pure_emoji": false
    },
    {
      "user": "軍師",
      "comments": [
        "30,40年前，聞名全球的是台灣製造，是品質差但便宜的代表，後來被中國取代"
      ],
      "language": "Chinese",
      "pure_emoji": false
    },
    {
      "user": "邱鹏",
      "comments": [
        "💪💪💪"
      ],
      "language": "Other",
      "pure_emoji": true
    },
    {
      "user": "郭大侠",
      "comments": [
        "👍👍👍"
      ],
      "language": "Other",
      "pure_emoji": true
    },
    {
      "user": "钢铁先生",
      "comments": [
        "我們中國人，華人，華裔，永遠都不會忘本😅"
      ],
      "language": "Chinese",
      "pure_emoji": false
    },
    {
      "user": "長江七号",
      "comments": [
        "5千年了 赵冢人什么时候怕过 不买你家的东西就是霸凌你 又字到一句新i词"
      ],
      "language": "Mixed",
      "pure_emoji": false
    },
    {
      "user": "阿彌陀佛",
      "comments": [
        "阿彌陀佛"
      ],
      "language": "Chinese",
      "pure_emoji": false
    },
    {
      "user": "阿特Art",
      "comments": [
        "應該說中文"
      ],
      "language": "Chinese",
      "pure_emoji": false
    },
    {
      "user": "靖龛zikkkkk",
      "comments": [
        "华人们可能在立场上有所不同，但文化认同上还是很一致的😁"
      ],
      "language": "Chinese",
      "pure_emoji": false
    },
    {
      "user": "風箭",
      "comments": [
        "👍👍👍"
      ],
      "language": "Other",
      "pure_emoji": true
    },
    {
      "user": "黑二",
      "comments": [
        "中國人的硬頸精神，與天爭利愚公移山捍衛家園的底氣，就是靠農夫祖先傳承的精神家底，我們是真正的神農氏炎黃子孫，黃泥土出身的農夫中國人我們很驕傲，中華兒女最偉大！"
      ],
      "language": "Chinese",
      "pure_emoji": false
    },
    {
      "user": "𝗥𝗮𝗷𝗲𝗲𝘃 𝗨𝗦𝗔",
      "comments": [
        "I love it very much, the way he replied"
      ],
      "language": "English",
      "pure_emoji": false
    }
  ]
}