{
  "video_id": "7495798327997631790",
  "video_url": "https://www.tiktok.com/@jay317_13/video/7495798327997631790",
  "publish_date": null,
  "comment_groups": [
    {
      "user": "8muhan",
      "comments": [
        "So those soybean farmers, who voted the 3rd time for Trump, couldn’t have known, that this would happened? Absolutely NOTHING indicating it? Not even the over 20 billion dollars 😏"
      ],
      "language": "English",
      "pure_emoji": false
    },
    {
      "user": "ANTI MAGA MORONS",
      "comments": [
        "Nope!! Sorry but once bitten, twice shy."
      ],
      "language": "English",
      "pure_emoji": false
    },
    {
      "user": "Adrian",
      "comments": [
        "They are all complete idiots. I’m not at all sorry for them. Biden tried to help them but they voted against it. Once again they are getting another foot in their butt. Feel the burn idiots."
      ],
      "language": "English",
      "pure_emoji": false
    },
    {
      "user": "Adventures With Crystals",
      "comments": [
        "💯👏👏👏👏👏👏👏👏👏"
      ],
      "language": "Other",
      "pure_emoji": true
    },
    {
      "user": "Andre Covington388",
      "comments": [
        "Bailout is welfare in a different word"
      ],
      "language": "English",
      "pure_emoji": false
    },
    {
      "user": "Andrea M. Gonzalez",
      "comments": [
        "😡😡😡 Nope!"
      ],
      "language": "English",
      "pure_emoji": false
    },
    {
      "user": "Andrew C",
      "comments": [
        "They get bail outs more then they would get selling, seems like a good deal for them."
      ],
      "language": "English",
      "pure_emoji": false
    },
    {
      "user": "Angela Haugh",
      "comments": [
        "💯"
      ],
      "language": "Other",
      "pure_emoji": true
    },
    {
      "user": "Apple User358724",
      "comments": [
        "No"
      ],
      "language": "English",
      "pure_emoji": false
    },
    {
      "user": "Asma💍👩‍❤️‍💋‍👨H 👶🏽M 💞",
      "comments": [
        "👏👏👏"
      ],
      "language": "Other",
      "pure_emoji": true
    },
    {
      "user": "BeatyRoomByMe",
      "comments": [
        "Don’t you worry they will vote for him for the fourth time 😂😂"
      ],
      "language": "English",
      "pure_emoji": false
    },
    {
      "user": "Bigsexynumber1",
      "comments": [
        "😁"
      ],
      "language": "Other",
      "pure_emoji": true
    },
    {
      "user": "Black_Fire47",
      "comments": [
        "Hell no, they need a bailout all the damn time, go get a 9 to 5"
      ],
      "language": "English",
      "pure_emoji": false
    },
    {
      "user": "Borzelect",
      "comments": [
        "Have you voted for con man Trump? You deserve what he dealt you. The information was available for the smart people."
      ],
      "language": "English",
      "pure_emoji": false
    },
    {
      "user": "Brandon G",
      "comments": [
        "💙💙💙💙"
      ],
      "language": "Other",
      "pure_emoji": true
    },
    {
      "user": "Bruce 🇨🇦",
      "comments": [
        "\"corn and shit\" 😂😂😂😂 I like that Jay. 😂😂😂😂😂"
      ],
      "language": "English",
      "pure_emoji": false
    },
    {
      "user": "BusyB🇬🇧",
      "comments": [
        "That’s ok JD has set up a platform for billionaires/corporations to buy up bankrupt farm land 😳"
      ],
      "language": "English",
      "pure_emoji": false
    },
    {
      "user": "Butterball 62",
      "comments": [
        "Socialism?? Yet children can’t get free lunch. Make it make sense please😏😏"
      ],
      "language": "English",
      "pure_emoji": false
    },
    {
      "user": "Carly",
      "comments": [
        "That’s money that didn’t need to be handed out"
      ],
      "language": "English",
      "pure_emoji": false
    },
    {
      "user": "Carol B",
      "comments": [
        "No… they voted for this."
      ],
      "language": "English",
      "pure_emoji": false
    },
    {
      "user": "Casper1021",
      "comments": [
        "Exactly 💯"
      ],
      "language": "English",
      "pure_emoji": false
    },
    {
      "user": "Charles",
      "comments": [
        "👍"
      ],
      "language": "Other",
      "pure_emoji": true
    },
    {
      "user": "Chuck García",
      "comments": [
        "More welfare for red states"
      ],
      "language": "English",
      "pure_emoji": false
    },
    {
      "user": "Clarence Dixon140",
      "comments": [
        "KARMA/ FAFO again. Some people still haven't learned brother"
      ],
      "language": "English",
      "pure_emoji": false
    },
    {
      "user": "Clizzydidit",
      "comments": [
        "Kick rocks🫢💯"
      ],
      "language": "English",
      "pure_emoji": false
    },
    {
      "user": "Coffee magic 💚🇺🇸🇨🇴",
      "comments": [
        "The hate overcomes any common sense. 😒"
      ],
      "language": "English",
      "pure_emoji": false
    },
    {
      "user": "Damaris Morales",
      "comments": [
        "I have no pity for them. They voted with hate in their heart. We no financial logic so they should stop whining. This is what they want. This is what you get."
      ],
      "language": "English",
      "pure_emoji": false
    },
    {
      "user": "Dan Baker",
      "comments": [
        "The corporate farms will be right there to swoop up all the failures just like selling stock and then buying it when it’s low, we all seen that"
      ],
      "language": "English",
      "pure_emoji": false
    },
    {
      "user": "Deepraise",
      "comments": [
        "Nope. Trump needs to reverse the tariffs"
      ],
      "language": "English",
      "pure_emoji": false
    },
    {
      "user": "DontFug2Me",
      "comments": [
        "NNNNOOOOOOOÒ"
      ],
      "language": "English",
      "pure_emoji": false
    },
    {
      "user": "Drew dog 67",
      "comments": [
        "i hope we dont bail them out..i hope they loose their farm and business..they deserve it"
      ],
      "language": "English",
      "pure_emoji": false
    },
    {
      "user": "Dwight C",
      "comments": [
        "Of course. They voted for this."
      ],
      "language": "English",
      "pure_emoji": false
    },
    {
      "user": "Evensito",
      "comments": [
        "As long as it doesn’t affect them they’d be ok with all the bullshit he’s going"
      ],
      "language": "English",
      "pure_emoji": false
    },
    {
      "user": "Fatal",
      "comments": [
        "Piss off, learn how to freaking vote for your own self interest😘"
      ],
      "language": "English",
      "pure_emoji": false
    },
    {
      "user": "Frenchy",
      "comments": [
        "We’re in a horrible mess. Because when that land goes to auction, it’s not going to be people we want buying taking it. It’s gonna get worse."
      ],
      "language": "English",
      "pure_emoji": false
    },
    {
      "user": "Frida",
      "comments": [
        "Fuck no"
      ],
      "language": "English",
      "pure_emoji": false
    },
    {
      "user": "GBH",
      "comments": [
        "The bailout made him their hero!"
      ],
      "language": "English",
      "pure_emoji": false
    },
    {
      "user": "GEN❌️ANGEL71 🆘️🇺🇸✌️",
      "comments": [
        "Preach brother, what did they miss after the first time?? 🤦‍♀️🇺🇸💪"
      ],
      "language": "English",
      "pure_emoji": false
    },
    {
      "user": "Gabriel Lopez4701",
      "comments": [
        "No bailouts!!!!! 😡😡😡"
      ],
      "language": "English",
      "pure_emoji": false
    },
    {
      "user": "Gail Hayes",
      "comments": [
        "True facts"
      ],
      "language": "English",
      "pure_emoji": false
    },
    {
      "user": "Gary Jay",
      "comments": [
        "FUCK EM!"
      ],
      "language": "English",
      "pure_emoji": false
    },
    {
      "user": "Gaylene 🇳🇿",
      "comments": [
        "totally"
      ],
      "language": "English",
      "pure_emoji": false
    },
    {
      "user": "Gerald Carey",
      "comments": [
        "Thank you for the truth. All those farmers who voted for Trump, should suffer. America you told not reelect this criminal and you did just that."
      ],
      "language": "English",
      "pure_emoji": false
    },
    {
      "user": "Giuseppe Grasso",
      "comments": [
        "💜❤️♥️🥰💕💕🥰"
      ],
      "language": "Other",
      "pure_emoji": true
    },
    {
      "user": "GracieTrotter2005",
      "comments": [
        "👍👍👍😡😡"
      ],
      "language": "Other",
      "pure_emoji": true
    },
    {
      "user": "Grandma Flo",
      "comments": [
        "They dont deserve a cent!!!!"
      ],
      "language": "English",
      "pure_emoji": false
    },
    {
      "user": "Gwendolyn Wimbush",
      "comments": [
        "F**K THAT"
      ],
      "language": "English",
      "pure_emoji": false
    },
    {
      "user": "HappyWoman",
      "comments": [
        "Go exempt on payroll Fed taxes, then take that money & donate to charities in your state. No money for Trump Admin."
      ],
      "language": "English",
      "pure_emoji": false
    },
    {
      "user": "Happygonow",
      "comments": [
        "FAFO again! Did this last time!"
      ],
      "language": "English",
      "pure_emoji": false
    },
    {
      "user": "Hotpink12345",
      "comments": [
        "Hellllllll noooooo"
      ],
      "language": "English",
      "pure_emoji": false
    },
    {
      "user": "JK",
      "comments": [
        "I’ve heard some farmers say they like the tariffs because they make more money with the bail outs than by selling their crop. Chicken farmers are singing “Money for nothing and your chicks for free”"
      ],
      "language": "English",
      "pure_emoji": false
    },
    {
      "user": "Jay bone",
      "comments": [
        "😂😂😂😂😂😂😂💯💯💯💯💯💯💯💯💯💯💯💯💯💯💯💯💯💯"
      ],
      "language": "Other",
      "pure_emoji": true
    },
    {
      "user": "Jenny",
      "comments": [
        "Oh helllllll no"
      ],
      "language": "English",
      "pure_emoji": false
    },
    {
      "user": "Jerry Lum ERA",
      "comments": [
        "Trump is FSB, Scum of the Universe. Criminal + Rapist + Bankrupt + Con + Fraud. Musk is a Nazi Bastard. Vance is a cock sucking + ass licking SOB. USA = Evil Empire. MAGA are people with Shit for Brain. The Whole World is Laughing at these Clowns. [写真]"
      ],
      "language": "Mixed",
      "pure_emoji": false
    },
    {
      "user": "Jessica Muehlheim",
      "comments": [
        "We had to bail out farmers in Trumps first term to the tune of 28 billion dollars due to his tariffs! They will never learn!"
      ],
      "language": "English",
      "pure_emoji": false
    },
    {
      "user": "JimmyJ",
      "comments": [
        "Exactly"
      ],
      "language": "English",
      "pure_emoji": false
    },
    {
      "user": "Jon Steinbauer",
      "comments": [
        "absolutely no fuck the farmers no bailouts"
      ],
      "language": "English",
      "pure_emoji": false
    },
    {
      "user": "Jovialtraveller🇨🇦🇵🇱",
      "comments": [
        "No bail out whatsoever, they did this last time they voted against their own interest. The society can’t be paying off people because of stupid choices."
      ],
      "language": "English",
      "pure_emoji": false
    },
    {
      "user": "Karvani76",
      "comments": [
        "👏🏽👏🏽👏🏽👏🏽👏🏽👏🏽👏🏽FAFO!!!!"
      ],
      "language": "English",
      "pure_emoji": false
    },
    {
      "user": "Kay Anderson",
      "comments": [
        "I expect they will get a bailout like last time! There should be bailouts for ALL of us who have lost their jobs and 401k !! 🥺💙"
      ],
      "language": "English",
      "pure_emoji": false
    },
    {
      "user": "Keith",
      "comments": [
        "Subsidies for the “risk” of farming is a reasonable explanation of govt so we all have a stable food supply. Subsidies for actions they chose is not mitigation of risk. It’s mitigation of stupidity.",
        "They face financial ruin because of their own actions. They will only learn if they face the consequences of their decision to saddle ALL of us with this buffoon. No bailout! No way."
      ],
      "language": "English",
      "pure_emoji": false
    },
    {
      "user": "Lailabyrd1",
      "comments": [
        "They really need to look into the farmers and how much they get. Like how many years do you get help? Are they millionaires yet… it’s like a PPP grant not loans"
      ],
      "language": "English",
      "pure_emoji": false
    },
    {
      "user": "Lekki Explorer",
      "comments": [
        "What happened to pulling yourself up by your bootstrap? I thought only one race are the welfare queens."
      ],
      "language": "English",
      "pure_emoji": false
    },
    {
      "user": "Lorraine",
      "comments": [
        "Not this time"
      ],
      "language": "English",
      "pure_emoji": false
    },
    {
      "user": "MS.STREET",
      "comments": [
        "NOPE🙄😂❣️"
      ],
      "language": "English",
      "pure_emoji": false
    },
    {
      "user": "MWM",
      "comments": [
        "There are jobs picking fruit and vegetables in Florida and California."
      ],
      "language": "English",
      "pure_emoji": false
    },
    {
      "user": "Mama Trekkie 💙😽",
      "comments": [
        "😳"
      ],
      "language": "Other",
      "pure_emoji": true
    },
    {
      "user": "Matthew Paul76",
      "comments": [
        "No way"
      ],
      "language": "English",
      "pure_emoji": false
    },
    {
      "user": "Maxter08💙💙💙",
      "comments": [
        "😂😂😂"
      ],
      "language": "Other",
      "pure_emoji": true
    },
    {
      "user": "MermaidMind🧜🏾‍♀️",
      "comments": [
        "💯👏👏👏"
      ],
      "language": "Other",
      "pure_emoji": true
    },
    {
      "user": "Mike-Ike",
      "comments": [
        "No Trump said china is already kissing his a-s just go to J. D. VANCES Acre Trader App. he will give you pennies for every dollar for you family farms 😂😂"
      ],
      "language": "English",
      "pure_emoji": false
    },
    {
      "user": "Monchel Brown",
      "comments": [
        "👏👏👏👏"
      ],
      "language": "Other",
      "pure_emoji": true
    },
    {
      "user": "Nancy Hobbs763",
      "comments": [
        "Not our tax money!💯"
      ],
      "language": "English",
      "pure_emoji": false
    },
    {
      "user": "Nathaniel Boomer",
      "comments": [
        "A white dictator is a dictator a lot of white people don’t want to believe that"
      ],
      "language": "English",
      "pure_emoji": false
    },
    {
      "user": "New",
      "comments": [
        "Pull yourself from your boot strap!!!!"
      ],
      "language": "English",
      "pure_emoji": false
    },
    {
      "user": "Nomad",
      "comments": [
        "Happy for them. Fascism is a risky business 🤣🤣🤣🤣🤣"
      ],
      "language": "English",
      "pure_emoji": false
    },
    {
      "user": "Parker Austin",
      "comments": [
        "They would voted for him even if he dead or can’t run. If they want their jobs then vote Blue."
      ],
      "language": "English",
      "pure_emoji": false
    },
    {
      "user": "Parteebird",
      "comments": [
        "hell nah💯"
      ],
      "language": "English",
      "pure_emoji": false
    },
    {
      "user": "Peter",
      "comments": [
        "🙄"
      ],
      "language": "Other",
      "pure_emoji": true
    },
    {
      "user": "Phillip  Botha",
      "comments": [
        "They are counting on the bailout!! It makes their lives much more easier."
      ],
      "language": "English",
      "pure_emoji": false
    },
    {
      "user": "Polo Narciso",
      "comments": [
        "Karma!!!"
      ],
      "language": "English",
      "pure_emoji": false
    },
    {
      "user": "Rich. Alexander",
      "comments": [
        "It's called nostalgia voting. For the days of segregation and Jim Crow. Ahh! The good ol days 🤔😏😉💙"
      ],
      "language": "English",
      "pure_emoji": false
    },
    {
      "user": "Rich💙",
      "comments": [
        "@Let the farmers fall. They asked for this. Let them have it. Can we say bankrupt them for voting for Traitor Trump the destroyer of everything"
      ],
      "language": "English",
      "pure_emoji": false
    },
    {
      "user": "Ricky Bobby",
      "comments": [
        "I think it might be time for ALL of us to stop paying taxes."
      ],
      "language": "English",
      "pure_emoji": false
    },
    {
      "user": "RubyRose",
      "comments": [
        "NO Bailout"
      ],
      "language": "English",
      "pure_emoji": false
    },
    {
      "user": "Scace",
      "comments": [
        "It’s to late now farmers cause you daddy Fuched it up we lost all other countries support they will no longer deal with America, so even if Cheeto bailed yall out you still will still be in the same"
      ],
      "language": "English",
      "pure_emoji": false
    },
    {
      "user": "Shannon Chase521",
      "comments": [
        "HELL NO!!"
      ],
      "language": "English",
      "pure_emoji": false
    },
    {
      "user": "Sharbearlovesrats",
      "comments": [
        "They just couldn’t vote for a black woman. Period. FAFO!"
      ],
      "language": "English",
      "pure_emoji": false
    },
    {
      "user": "Sir George",
      "comments": [
        "🤣🤣🤣"
      ],
      "language": "Other",
      "pure_emoji": true
    },
    {
      "user": "Sneak attack",
      "comments": [
        "no shit."
      ],
      "language": "English",
      "pure_emoji": false
    },
    {
      "user": "SoforiAppiah227",
      "comments": [
        "They voted for this this is ridiculous"
      ],
      "language": "English",
      "pure_emoji": false
    },
    {
      "user": "SpeakUPandSpeakOut2024",
      "comments": [
        "They don’t get it"
      ],
      "language": "English",
      "pure_emoji": false
    },
    {
      "user": "Speedy_Dk",
      "comments": [
        "😂😂😂"
      ],
      "language": "Other",
      "pure_emoji": true
    },
    {
      "user": "StayGoldenPB",
      "comments": [
        "the biggest welfare queens in America have always been major corporations and farmers."
      ],
      "language": "English",
      "pure_emoji": false
    },
    {
      "user": "Sur",
      "comments": [
        "😂😂😂"
      ],
      "language": "Other",
      "pure_emoji": true
    },
    {
      "user": "TNW",
      "comments": [
        "😂😂😂😂"
      ],
      "language": "Other",
      "pure_emoji": true
    },
    {
      "user": "Tammie 1981",
      "comments": [
        "Nooooo Wayyyy"
      ],
      "language": "English",
      "pure_emoji": false
    },
    {
      "user": "Tanya Mack-Flemon",
      "comments": [
        "No more bailouts for farmers. None"
      ],
      "language": "English",
      "pure_emoji": false
    },
    {
      "user": "Tiffany🙌💕",
      "comments": [
        "Tell em use the doge checks 🙄🤦🏾‍♀️"
      ],
      "language": "English",
      "pure_emoji": false
    },
    {
      "user": "Tim",
      "comments": [
        "would that be socialism???"
      ],
      "language": "English",
      "pure_emoji": false
    },
    {
      "user": "Tone.🇬🇧",
      "comments": [
        "Isn’t a handout socialism?"
      ],
      "language": "English",
      "pure_emoji": false
    },
    {
      "user": "Trent1968",
      "comments": [
        "Yes!! Ruin them"
      ],
      "language": "English",
      "pure_emoji": false
    },
    {
      "user": "User2144566",
      "comments": [
        "They won’t get a bail out"
      ],
      "language": "English",
      "pure_emoji": false
    },
    {
      "user": "Valerie Armstrong",
      "comments": [
        "Hell no. They voted for this."
      ],
      "language": "English",
      "pure_emoji": false
    },
    {
      "user": "Vernon PriEr",
      "comments": [
        "they voted for him"
      ],
      "language": "English",
      "pure_emoji": false
    },
    {
      "user": "Vive un dia a la vez…",
      "comments": [
        "FAFO👏👏👏"
      ],
      "language": "English",
      "pure_emoji": false
    },
    {
      "user": "Vy Vu592",
      "comments": [
        "MAGA eat more soja and corn"
      ],
      "language": "English",
      "pure_emoji": false
    },
    {
      "user": "Warren Ballard902",
      "comments": [
        "say nothing . their running right off of the cliff them selves lol"
      ],
      "language": "English",
      "pure_emoji": false
    },
    {
      "user": "WhiteKnight72",
      "comments": [
        "Let this crazy statistic sink in. The estimated total cost adjusted for inflation of World War 2 is just over $4T. In only 3 months, Trump has destroyed over $11T of wealth and not a shot fired."
      ],
      "language": "English",
      "pure_emoji": false
    },
    {
      "user": "Xxxx",
      "comments": [
        "😂😂👍"
      ],
      "language": "Other",
      "pure_emoji": true
    },
    {
      "user": "andyv868",
      "comments": [
        "No American farmers are resoonsyfor their own decline. Sadly our UK farmers and fishermen were just as stupid voting for Boris and Brexit where exactly the same thing happened and expected to happen."
      ],
      "language": "English",
      "pure_emoji": false
    },
    {
      "user": "appleuser43888865",
      "comments": [
        "No socialism for them😂😂😂😂"
      ],
      "language": "English",
      "pure_emoji": false
    },
    {
      "user": "appleuser787237",
      "comments": [
        "They all made their decisions based on emotional manipulation! Woops"
      ],
      "language": "English",
      "pure_emoji": false
    },
    {
      "user": "bluedots54",
      "comments": [
        "Where are the doge checks! 😂"
      ],
      "language": "English",
      "pure_emoji": false
    },
    {
      "user": "boldruler",
      "comments": [
        "Did the orange rapist mine to them?.😂😂😂😂😂😂😂😂😂😂😂😂😂😂"
      ],
      "language": "English",
      "pure_emoji": false
    },
    {
      "user": "bostonharborliving11",
      "comments": [
        "No bailouts - not 1 penny"
      ],
      "language": "English",
      "pure_emoji": false
    },
    {
      "user": "cassiegirl46",
      "comments": [
        "Pull themselves up by the bootstraps! 🤷‍♀️"
      ],
      "language": "English",
      "pure_emoji": false
    },
    {
      "user": "cathymkw6g9",
      "comments": [
        "Nope! No more bailouts. You get what you voted for!"
      ],
      "language": "English",
      "pure_emoji": false
    },
    {
      "user": "cbears45",
      "comments": [
        "And who will they vote for at midterms? Republicans 😡"
      ],
      "language": "English",
      "pure_emoji": false
    },
    {
      "user": "danstorey74",
      "comments": [
        "Socialism fixing broken capitalism again"
      ],
      "language": "English",
      "pure_emoji": false
    },
    {
      "user": "davidmcleanjr 🏴󠁧󠁢󠁷󠁬󠁳󠁿",
      "comments": [
        "Bailout? So suddenly they're fans of socialism?"
      ],
      "language": "English",
      "pure_emoji": false
    },
    {
      "user": "djgnks",
      "comments": [
        "I’m fresh out of tax dollars."
      ],
      "language": "English",
      "pure_emoji": false
    },
    {
      "user": "doedoe",
      "comments": [
        "😂😂😂. What?? They need to grow a brain.. That is too funny.."
      ],
      "language": "English",
      "pure_emoji": false
    },
    {
      "user": "donedwards385",
      "comments": [
        "most of the money will come from Democratic states because they have budgets that are the sizes of other countries"
      ],
      "language": "English",
      "pure_emoji": false
    },
    {
      "user": "ezekieloranga",
      "comments": [
        "Bailout cash is sweet. Its free cash. Maybe its why they voted for him again!🤣"
      ],
      "language": "English",
      "pure_emoji": false
    },
    {
      "user": "frankstik",
      "comments": [
        "Let them burn"
      ],
      "language": "English",
      "pure_emoji": false
    },
    {
      "user": "grannysocool23",
      "comments": [
        "They love his racism and like the welfare for them only!"
      ],
      "language": "English",
      "pure_emoji": false
    },
    {
      "user": "gymtastic365",
      "comments": [
        "what's sad, they'll vote for him again in 2028"
      ],
      "language": "English",
      "pure_emoji": false
    },
    {
      "user": "helloteddy06",
      "comments": [
        "They got what they voted for. No empathy."
      ],
      "language": "English",
      "pure_emoji": false
    },
    {
      "user": "jackiedenese1",
      "comments": [
        "Absolutely not"
      ],
      "language": "English",
      "pure_emoji": false
    },
    {
      "user": "jamessalter1505",
      "comments": [
        "That’s what we did for Tesla"
      ],
      "language": "English",
      "pure_emoji": false
    },
    {
      "user": "jay317_13 · 创作者",
      "comments": [
        "😩",
        "Yep",
        "And cares",
        "Sure does",
        "Ha!",
        "Some how 😂"
      ],
      "language": "English",
      "pure_emoji": false
    },
    {
      "user": "jorgemariomonzon2",
      "comments": [
        "🤣🤣🤣"
      ],
      "language": "Other",
      "pure_emoji": true
    },
    {
      "user": "juha",
      "comments": [
        "They will vote him the third time as well."
      ],
      "language": "English",
      "pure_emoji": false
    },
    {
      "user": "jusme🇯🇲",
      "comments": [
        "👏🏽👏🏽👏🏽👏🏽👏🏽NO"
      ],
      "language": "English",
      "pure_emoji": false
    },
    {
      "user": "karen giles",
      "comments": [
        "They think it’s ok to get tax money but no help for student loan forgiveness?"
      ],
      "language": "English",
      "pure_emoji": false
    },
    {
      "user": "keylime",
      "comments": [
        "Bailout ? Handouts ? socialism ? The hypocrisy"
      ],
      "language": "English",
      "pure_emoji": false
    },
    {
      "user": "kristi sainz",
      "comments": [
        "💯💯💯NO EFFING WAY, they need to pull themselves up by their bootstraps, NO HAND OUTS TO MORONS"
      ],
      "language": "English",
      "pure_emoji": false
    },
    {
      "user": "lilrob",
      "comments": [
        "They still don’t get it, trump doesn’t care about anyone, unless you are a billionaire. Those red hats are so tight on their head cutting off blood to their brains."
      ],
      "language": "English",
      "pure_emoji": false
    },
    {
      "user": "lorettamoore505",
      "comments": [
        "they got what they voted for so get over it 😂😂😂😂😂😂😂😂😂😂😂"
      ],
      "language": "English",
      "pure_emoji": false
    },
    {
      "user": "loveyourself",
      "comments": [
        "like a moth on a light bulb 💡 ouch! ouch!..ouch! 💡 💡 🪰"
      ],
      "language": "English",
      "pure_emoji": false
    },
    {
      "user": "margincall01",
      "comments": [
        "I think the farmers are having A major FAFO"
      ],
      "language": "English",
      "pure_emoji": false
    },
    {
      "user": "marlenefg25",
      "comments": [
        "Yes stop paying taxes"
      ],
      "language": "English",
      "pure_emoji": false
    },
    {
      "user": "micky",
      "comments": [
        "😂😂😂😂😂😂 karma"
      ],
      "language": "English",
      "pure_emoji": false
    },
    {
      "user": "muadib",
      "comments": [
        "I know what to say to those farmers. Ain’t racism grand???👍🙏😳😆😂👏"
      ],
      "language": "English",
      "pure_emoji": false
    },
    {
      "user": "orlys5",
      "comments": [
        "👏👏👏👏👏👏👏👏👏They were told so!"
      ],
      "language": "English",
      "pure_emoji": false
    },
    {
      "user": "ozstream.live 🦘",
      "comments": [
        "Monsanto gona buy up all those farms and employ them at $7/hr"
      ],
      "language": "English",
      "pure_emoji": false
    },
    {
      "user": "pa",
      "comments": [
        "No bail out for corporate farms"
      ],
      "language": "English",
      "pure_emoji": false
    },
    {
      "user": "peterwoods4511",
      "comments": [
        "👏👏👏👌👌👍😊"
      ],
      "language": "Other",
      "pure_emoji": true
    },
    {
      "user": "rosarowland8",
      "comments": [
        "Socialism what they vote against 🙄🙄🙄"
      ],
      "language": "English",
      "pure_emoji": false
    },
    {
      "user": "s202s",
      "comments": [
        "Good."
      ],
      "language": "English",
      "pure_emoji": false
    },
    {
      "user": "saltbox124",
      "comments": [
        "😁😁😁"
      ],
      "language": "Other",
      "pure_emoji": true
    },
    {
      "user": "shadow",
      "comments": [
        "Fuck no!"
      ],
      "language": "English",
      "pure_emoji": false
    },
    {
      "user": "shonni6",
      "comments": [
        "They are still supporting him after they are going to lose everything. hey they got their racism back"
      ],
      "language": "English",
      "pure_emoji": false
    },
    {
      "user": "sjena",
      "comments": [
        "Nope,that's socialism🤷"
      ],
      "language": "English",
      "pure_emoji": false
    },
    {
      "user": "t",
      "comments": [
        "The government gives billions a year to farmers as it is tax dollars pay for the farms to stand up always have"
      ],
      "language": "English",
      "pure_emoji": false
    },
    {
      "user": "techo2",
      "comments": [
        "You mean they want government assistance 😳I thought they voted for trump to stop black and brown people from getting government assistance.karma is a bitch😂😂"
      ],
      "language": "English",
      "pure_emoji": false
    },
    {
      "user": "the duke",
      "comments": [
        "💯💯Right 🙏"
      ],
      "language": "English",
      "pure_emoji": false
    },
    {
      "user": "tinabrown1256",
      "comments": [
        "I agree one thousand percent. You asked for it. You got it. Your problem"
      ],
      "language": "English",
      "pure_emoji": false
    },
    {
      "user": "tjcollinsart",
      "comments": [
        "Let them go bankrupt they deserve it. No more money."
      ],
      "language": "English",
      "pure_emoji": false
    },
    {
      "user": "user1567377851886",
      "comments": [
        "Nope…"
      ],
      "language": "English",
      "pure_emoji": false
    },
    {
      "user": "user3160198710246",
      "comments": [
        "No!!!"
      ],
      "language": "English",
      "pure_emoji": false
    },
    {
      "user": "user37107059508",
      "comments": [
        "Fuck them. They’re the BIGGEST hypocrites in USA. They live off subsidies for years and pretend they’re self-sufficient."
      ],
      "language": "English",
      "pure_emoji": false
    },
    {
      "user": "user6193011049118",
      "comments": [
        "I no longer believe in farm subsidies. They just need to buck up like we’re all having to. Welcome to MAGA style capitalism"
      ],
      "language": "English",
      "pure_emoji": false
    },
    {
      "user": "user6700009080600",
      "comments": [
        "Facts"
      ],
      "language": "English",
      "pure_emoji": false
    },
    {
      "user": "user7114194345046",
      "comments": [
        "NOPE...THEY SHOULD REMEMBER OF THEM SAYING NO BIG GOVERNMENT"
      ],
      "language": "English",
      "pure_emoji": false
    },
    {
      "user": "user7270009353093",
      "comments": [
        "Hell No"
      ],
      "language": "English",
      "pure_emoji": false
    },
    {
      "user": "user7724710901435",
      "comments": [
        "They have been using our tax money for a long time but if anyone else’s needs they opposed to it"
      ],
      "language": "English",
      "pure_emoji": false
    },
    {
      "user": "wifey3827",
      "comments": [
        "Hell to the No"
      ],
      "language": "English",
      "pure_emoji": false
    },
    {
      "user": "wonderlust688",
      "comments": [
        "Can they not pull themselves up by their bootstraps, take a 2nd job, work overtime, stop their Netflix. Why should they get my hard earned tax dollars, it’s SOCIALISM I tell ya’ 🤣"
      ],
      "language": "English",
      "pure_emoji": false
    },
    {
      "user": "xeroIL2CA",
      "comments": [
        "They got what they voted for"
      ],
      "language": "English",
      "pure_emoji": false
    },
    {
      "user": "♢★☆ ᖭི༏ᖫྀ ☆★♢",
      "comments": [
        "don’t forget about 50% of our famers *were* undocumented migrants. this food shortage is gonna go crazy"
      ],
      "language": "English",
      "pure_emoji": false
    },
    {
      "user": "✨BeTh✨",
      "comments": [
        "They should have thought it out first and realized what kind of a corrupt man he is. You brought it on themselves and now you know America is at its worst and you’re all part of the problem."
      ],
      "language": "English",
      "pure_emoji": false
    }
  ]
}