{
  "video_id": "7495413273144216862",
  "video_url": "https://www.tiktok.com/@aailf5/video/7495413273144216862",
  "publish_date": null,
  "comment_groups": [
    {
      "user": "YC",
      "comments": [
        "👍👍👍",
        "👍👍👍"
      ],
      "language": "Other",
      "pure_emoji": false
    },
    {
      "user": "aBC888",
      "comments": [
        "😂",
        "😂"
      ],
      "language": "Other",
      "pure_emoji": false
    },
    {
      "user": "bengerli2",
      "comments": [
        "恢復中美關稅談判的先決條件 要加入世界地緣政治經濟安全？ 含台海問題？一次解決！",
        "恢復中美關稅談判的先決條件 要加入世界地緣政治經濟安全？ 含台海問題？一次解決！"
      ],
      "language": "Chinese",
      "pure_emoji": false
    },
    {
      "user": "金牌打杂！",
      "comments": [
        "你懂什么？你明天有工作吗？有饭吃吗？",
        "你懂什么？你明天有工作吗？有饭吃吗？"
      ],
      "language": "Chinese",
      "pure_emoji": false
    },
    {
      "user": "魏正民",
      "comments": [
        "別心軟，為世界長久和平加油～偉大的中華民族！",
        "別心軟，為世界長久和平加油～偉大的中華民族！"
      ],
      "language": "Chinese",
      "pure_emoji": false
    },
    {
      "user": "김인복",
      "comments": [
        "🥰🥰🥰",
        "🥰🥰🥰"
      ],
      "language": "Other",
      "pure_emoji": false
    }
  ]
}