{
  "video_id": "7495895120189984046",
  "video_url": "https://www.tiktok.com/@cnn/video/7495895120189984046",
  "publish_date": null,
  "comment_groups": [
    {
      "user": "...",
      "comments": [
        "Mm loooove the blazer but it’s a no from me on those pants"
      ],
      "language": "English",
      "pure_emoji": false
    },
    {
      "user": "7sandyseas",
      "comments": [
        "Lock Trump up 😡🔒!"
      ],
      "language": "English",
      "pure_emoji": false
    },
    {
      "user": "808guac",
      "comments": [
        "lol he can't fire him stop stoking the flames"
      ],
      "language": "English",
      "pure_emoji": false
    },
    {
      "user": "AKWASI GHOST",
      "comments": [
        "This president is so dumb and he is destroying America,china is way ahead"
      ],
      "language": "English",
      "pure_emoji": false
    },
    {
      "user": "A_Garza_",
      "comments": [
        "Just b/c he has “fixed” his own books w/his businesses, Trump thinks lowering the U.S. interest rate will magically help the economy when it would do the exact opposite. Insanity."
      ],
      "language": "English",
      "pure_emoji": false
    },
    {
      "user": "Alexadrabrowning",
      "comments": [
        "Is the best"
      ],
      "language": "English",
      "pure_emoji": false
    },
    {
      "user": "Alexis María  🖤",
      "comments": [
        "Go on a dating app :/"
      ],
      "language": "English",
      "pure_emoji": false
    },
    {
      "user": "Amaranth",
      "comments": [
        "Trump is a Russian plant"
      ],
      "language": "English",
      "pure_emoji": false
    },
    {
      "user": "Angry Pixies",
      "comments": [
        "Why does Trump hate America?"
      ],
      "language": "English",
      "pure_emoji": false
    },
    {
      "user": "Anthony",
      "comments": [
        "Better then Kamala..."
      ],
      "language": "English",
      "pure_emoji": false
    },
    {
      "user": "Apple User878235865",
      "comments": [
        "Why are we letting this fool ruin our country"
      ],
      "language": "English",
      "pure_emoji": false
    },
    {
      "user": "BPP",
      "comments": [
        "Trump appointed Powell lol."
      ],
      "language": "English",
      "pure_emoji": false
    },
    {
      "user": "BSOML@55",
      "comments": [
        "But Powell didn’t bankrupt every business he ran… so who’s the L?"
      ],
      "language": "English",
      "pure_emoji": false
    },
    {
      "user": "Bagel the Beagle",
      "comments": [
        "He's beyond idiot. He's a bafoonish lover."
      ],
      "language": "English",
      "pure_emoji": false
    },
    {
      "user": "Bear",
      "comments": [
        "There are no deals"
      ],
      "language": "English",
      "pure_emoji": false
    },
    {
      "user": "Beee",
      "comments": [
        "🤔 T said for years the stock market would crash. He predicted this wow"
      ],
      "language": "English",
      "pure_emoji": false
    },
    {
      "user": "Beingframed&setupstorm",
      "comments": [
        "LOL. $WEETIE WE 🇺🇸 LAUGH at your (FAKE new$ network) DAILY. SLAVES paid by dnc CHILD trafficking drug rat$ $abotaging PEOPLE. LOL #TRUMP4EVER #MAGA🇺🇸 #4MYRS"
      ],
      "language": "English",
      "pure_emoji": false
    },
    {
      "user": "Belmont",
      "comments": [
        "Trump has to find someone to blame. 🙄"
      ],
      "language": "English",
      "pure_emoji": false
    },
    {
      "user": "Better Come Up",
      "comments": [
        "And the market still barely didn't go down. A major crash would need to happen in order for it to make a difference."
      ],
      "language": "English",
      "pure_emoji": false
    },
    {
      "user": "Brett von Borke",
      "comments": [
        "I think we all know who the loser is and it’s not Jerome Powell."
      ],
      "language": "English",
      "pure_emoji": false
    },
    {
      "user": "Californiafun3",
      "comments": [
        "Trump is either mentally insane or committing treason"
      ],
      "language": "English",
      "pure_emoji": false
    },
    {
      "user": "Carmcarm",
      "comments": [
        "Tomorrow he wil say buy and make a deal w China😳🫣"
      ],
      "language": "English",
      "pure_emoji": false
    },
    {
      "user": "Chatatheimmigrant",
      "comments": [
        "Trump needs to shut his mouth. Every time he says something the market takes a dive"
      ],
      "language": "English",
      "pure_emoji": false
    },
    {
      "user": "ClassicCatches",
      "comments": [
        "Trump is a convicted felon"
      ],
      "language": "English",
      "pure_emoji": false
    },
    {
      "user": "ClearVision",
      "comments": [
        "Document what he makes outside his salary while he’s in office! Somehow he’s making out like a bandit behind the scenes"
      ],
      "language": "English",
      "pure_emoji": false
    },
    {
      "user": "DESHENG LI",
      "comments": [
        "US Dollar Toilet Paper🤭"
      ],
      "language": "English",
      "pure_emoji": false
    },
    {
      "user": "DarrenMoore",
      "comments": [
        "😳😳😳",
        "Trump doesn’t know what he is doing. The FED shouldn’t lower rates yet. We are not in the same place as Europe. He’s the loser and we are losing as a result."
      ],
      "language": "English",
      "pure_emoji": false
    },
    {
      "user": "David Bosada Ramirez de Arella",
      "comments": [
        "covfefe"
      ],
      "language": "English",
      "pure_emoji": false
    },
    {
      "user": "DeepNeuro",
      "comments": [
        "people bleeding on the stock market for a whole month"
      ],
      "language": "English",
      "pure_emoji": false
    },
    {
      "user": "Derrick Zimmermann",
      "comments": [
        "The fact that these moves are allowed to just be done by one person and so quickly really is mind blowing"
      ],
      "language": "English",
      "pure_emoji": false
    },
    {
      "user": "DeskPop",
      "comments": [
        "Just a new person he can blame"
      ],
      "language": "English",
      "pure_emoji": false
    },
    {
      "user": "Dianna Lazan",
      "comments": [
        "Are we great yet?"
      ],
      "language": "English",
      "pure_emoji": false
    },
    {
      "user": "Donna",
      "comments": [
        "This is what Americans wanted.",
        "Yes it is.. People voted for the dummy"
      ],
      "language": "English",
      "pure_emoji": false
    },
    {
      "user": "Dude O Potamus",
      "comments": [
        "Trump slump"
      ],
      "language": "English",
      "pure_emoji": false
    },
    {
      "user": "Ed Sanchez",
      "comments": [
        "If his majesty Trump I can remove Powell, then the Fed is actually not independent."
      ],
      "language": "English",
      "pure_emoji": false
    },
    {
      "user": "EightDollar$$",
      "comments": [
        "the next fauci. magats gonna go wild"
      ],
      "language": "English",
      "pure_emoji": false
    },
    {
      "user": "El Scientifici",
      "comments": [
        "America 🇺🇸 is Doomed!💪🇲🇽🇺🇸🫡"
      ],
      "language": "English",
      "pure_emoji": false
    },
    {
      "user": "Engr. NESTORY Kinoko",
      "comments": [
        "🥰"
      ],
      "language": "Other",
      "pure_emoji": true
    },
    {
      "user": "Eric Anderson1",
      "comments": [
        "“Make America Great Depression Again”"
      ],
      "language": "English",
      "pure_emoji": false
    },
    {
      "user": "Eric? Yay!",
      "comments": [
        "No. She resigned. Google is free."
      ],
      "language": "English",
      "pure_emoji": false
    },
    {
      "user": "FJ-40",
      "comments": [
        "Are we not going to talk about her pant legs?"
      ],
      "language": "English",
      "pure_emoji": false
    },
    {
      "user": "FinTwins",
      "comments": [
        "The Chaos is perfect for day trading."
      ],
      "language": "English",
      "pure_emoji": false
    },
    {
      "user": "GRINER",
      "comments": [
        "As a news org, you should’ve explained that a president cannot fire the head of the Federal Reserve.."
      ],
      "language": "English",
      "pure_emoji": false
    },
    {
      "user": "GeekedOnACheck",
      "comments": [
        "Bidens stock market looked so good compared to now"
      ],
      "language": "English",
      "pure_emoji": false
    },
    {
      "user": "GnarGnarOne",
      "comments": [
        "Buy buy buy"
      ],
      "language": "English",
      "pure_emoji": false
    },
    {
      "user": "Hba0816241",
      "comments": [
        "Powell has an elitist, capitalist agenda. While crying inflation he fed billionaires with more billions and crushed small business and middle class jobs. He rewards billionares and kills the poor."
      ],
      "language": "English",
      "pure_emoji": false
    },
    {
      "user": "I am embarrassed 4u🙈",
      "comments": [
        "no it's not"
      ],
      "language": "English",
      "pure_emoji": false
    },
    {
      "user": "I.AM.TI.ME",
      "comments": [
        "😂😂😂"
      ],
      "language": "Other",
      "pure_emoji": true
    },
    {
      "user": "Imissloehmanns",
      "comments": [
        "🤣🤣 who is not expecting him to remove jerome? He is going to do it. No can stop him now."
      ],
      "language": "English",
      "pure_emoji": false
    },
    {
      "user": "Infamous 1",
      "comments": [
        "he's got to go"
      ],
      "language": "English",
      "pure_emoji": false
    },
    {
      "user": "Ivana",
      "comments": [
        "Why does Trump hate America?"
      ],
      "language": "English",
      "pure_emoji": false
    },
    {
      "user": "J.K. Ellowell",
      "comments": [
        "Wait, what? Explain."
      ],
      "language": "English",
      "pure_emoji": false
    },
    {
      "user": "JW",
      "comments": [
        "Reporting what trump did isn’t a narrative, Lucas."
      ],
      "language": "English",
      "pure_emoji": false
    },
    {
      "user": "Jason",
      "comments": [
        "President throws childish temper tantrum and markets crash. Can we just remove Trump and find an actual adult to run the country?"
      ],
      "language": "English",
      "pure_emoji": false
    },
    {
      "user": "Jessica Montross",
      "comments": [
        "Putin is loving this 😭"
      ],
      "language": "English",
      "pure_emoji": false
    },
    {
      "user": "Jimmyjimjimjimmyjim",
      "comments": [
        "Trump works for Russia. That’s the only logical explanation."
      ],
      "language": "English",
      "pure_emoji": false
    },
    {
      "user": "JoeyBananas",
      "comments": [
        "Trump is destroying the US Economy , Dollar, Bond Market, Insider Leak's , Tarrif Madness , Tourism, Inflation , Law Courts , Crisis after Crisis 'Putin Love affair, China War .. Trumpism"
      ],
      "language": "English",
      "pure_emoji": false
    },
    {
      "user": "Jonathan Davies",
      "comments": [
        "I think I miss my woke and DEI"
      ],
      "language": "English",
      "pure_emoji": false
    },
    {
      "user": "Just a Troll",
      "comments": [
        "It will take years to reverse this."
      ],
      "language": "English",
      "pure_emoji": false
    },
    {
      "user": "Just call me Abe",
      "comments": [
        "So much winning 🙄"
      ],
      "language": "English",
      "pure_emoji": false
    },
    {
      "user": "K.snook",
      "comments": [
        "CNN really be out here trying to to spread as much hatred and fear as possible. They gotta make their billionaire owners happy and nothing makes them happier than a divided country bringing in cash"
      ],
      "language": "English",
      "pure_emoji": false
    },
    {
      "user": "KM Wong497",
      "comments": [
        "Trump loves making unprecedented moves. Makes him unique."
      ],
      "language": "English",
      "pure_emoji": false
    },
    {
      "user": "Kaitlyn",
      "comments": [
        "Trump… 👏🏼🤣🤣🤣"
      ],
      "language": "English",
      "pure_emoji": false
    },
    {
      "user": "Kenna allen gauche",
      "comments": [
        "I don't need a lot of words to prove that you're real deal, because I've seen it all. All thanks to you may god bless you sir"
      ],
      "language": "English",
      "pure_emoji": false
    },
    {
      "user": "Kimberly Burt",
      "comments": [
        "Golden age"
      ],
      "language": "English",
      "pure_emoji": false
    },
    {
      "user": "Kurt",
      "comments": [
        "Are the Republicans moving towards a Dictatorship…"
      ],
      "language": "English",
      "pure_emoji": false
    },
    {
      "user": "Kyle",
      "comments": [
        "Trump is the loser. Economy was cruising right along under Biden. Then Trump steps in messes up everything. Self inflicted damage. He needs to go."
      ],
      "language": "English",
      "pure_emoji": false
    },
    {
      "user": "Lana 🆘",
      "comments": [
        "Vanessa Yurkevich provides a clear breakdown of the market situation. It s a tense time with all the uncertainty surrounding tariffs and Powell s position."
      ],
      "language": "English",
      "pure_emoji": false
    },
    {
      "user": "Larry Williams",
      "comments": [
        "how does this game end"
      ],
      "language": "English",
      "pure_emoji": false
    },
    {
      "user": "Lena",
      "comments": [
        "The non-partisan independence of the Federal Reserve is crucial to economic stability. The president should not influence them at all."
      ],
      "language": "English",
      "pure_emoji": false
    },
    {
      "user": "Lili Reinhardt",
      "comments": [
        "🥰🥰"
      ],
      "language": "Other",
      "pure_emoji": true
    },
    {
      "user": "Linda",
      "comments": [
        "Wow, the market crash is insane, Trump calling Powell a loser really shook things up. What do you think will happen next?"
      ],
      "language": "English",
      "pure_emoji": false
    },
    {
      "user": "Lisa",
      "comments": [
        "We winning????",
        "We could have had a better economy .... if he just golfed all day-everyday"
      ],
      "language": "English",
      "pure_emoji": false
    },
    {
      "user": "LoveLightPositivity",
      "comments": [
        "Hate never made a country great. Our president threw hate at half the country on Easter. We don’t need division and isolation. We need unity and uplifting the world not condemning it"
      ],
      "language": "English",
      "pure_emoji": false
    },
    {
      "user": "Luuk Spanjer",
      "comments": [
        "cnn certain narrative news"
      ],
      "language": "English",
      "pure_emoji": false
    },
    {
      "user": "Matt_S",
      "comments": [
        "God help us..."
      ],
      "language": "English",
      "pure_emoji": false
    },
    {
      "user": "Maureen Henry",
      "comments": [
        "POST"
      ],
      "language": "English",
      "pure_emoji": false
    },
    {
      "user": "Mich",
      "comments": [
        "The trade war is real"
      ],
      "language": "English",
      "pure_emoji": false
    },
    {
      "user": "Michael",
      "comments": [
        "The Fed chair just existing, Trump crashes the market, and the Fed chair is the loser? Wild times we’re living in."
      ],
      "language": "English",
      "pure_emoji": false
    },
    {
      "user": "Michaleen OShea",
      "comments": [
        "DJT making China greater!!"
      ],
      "language": "English",
      "pure_emoji": false
    },
    {
      "user": "Michelle Anamier",
      "comments": [
        "Trump has a giant chip on his shoulder over the entire world. Any person, country, ethnicity, employee, business partner etc. who he ever PERCEIVED as doing him “wrong”. All he wants is to hurt ppl."
      ],
      "language": "English",
      "pure_emoji": false
    },
    {
      "user": "Mike Mooney",
      "comments": [
        "trump has got to go before he Stormy Daniel's us all."
      ],
      "language": "English",
      "pure_emoji": false
    },
    {
      "user": "Mike Pichaske",
      "comments": [
        "Shift the blame. Trump tatic #1."
      ],
      "language": "English",
      "pure_emoji": false
    },
    {
      "user": "Momma",
      "comments": [
        "He’s crashing the economy purposely, Powell should refuse any such manipulation from this orange idiot"
      ],
      "language": "English",
      "pure_emoji": false
    },
    {
      "user": "Morena🇧🇷",
      "comments": [
        "interesting news"
      ],
      "language": "English",
      "pure_emoji": false
    },
    {
      "user": "Morkarphil",
      "comments": [
        "Trump wanted competence and common sense but I think that’s lacking."
      ],
      "language": "English",
      "pure_emoji": false
    },
    {
      "user": "None",
      "comments": [
        "Trump is doing this on purpose. Buy low - remember that."
      ],
      "language": "English",
      "pure_emoji": false
    },
    {
      "user": "Ocean boy",
      "comments": [
        "Trump has turned the world against the U.S. and it’ll take years to undo the damage he’s caused."
      ],
      "language": "English",
      "pure_emoji": false
    },
    {
      "user": "OnlyEyes",
      "comments": [
        "cheetoh troll"
      ],
      "language": "English",
      "pure_emoji": false
    },
    {
      "user": "PlainJoe 🇨🇦",
      "comments": [
        "Whoever appointed Powell should be prevented from endangering magastan anymore"
      ],
      "language": "English",
      "pure_emoji": false
    },
    {
      "user": "PspspsPaws",
      "comments": [
        "Trump is a Russian asset put in power to destroy America from within"
      ],
      "language": "English",
      "pure_emoji": false
    },
    {
      "user": "Puttyztt",
      "comments": [
        "He is incredibly ignorant."
      ],
      "language": "English",
      "pure_emoji": false
    },
    {
      "user": "Qwolth",
      "comments": [
        "Trump is terrified if the bond markets crash because that will result in a recession"
      ],
      "language": "English",
      "pure_emoji": false
    },
    {
      "user": "R9 Media",
      "comments": [
        "This is journalism in the 21st century. Regurgitating government talking points."
      ],
      "language": "English",
      "pure_emoji": false
    },
    {
      "user": "RabbyH",
      "comments": [
        "he is the only sane one in this madness if he goes the American economy goes",
        "Powell is the only voice of sanity as maga run around like headless chickens turning our economy into a car wreck. If Powell goes we will all be on rafts heading to stable economies like Venezuela"
      ],
      "language": "English",
      "pure_emoji": false
    },
    {
      "user": "Raqeeb.رقيب",
      "comments": [
        "I can't stop winning"
      ],
      "language": "English",
      "pure_emoji": false
    },
    {
      "user": "Rene Laurencot",
      "comments": [
        "Rump is destroying the US economy"
      ],
      "language": "English",
      "pure_emoji": false
    },
    {
      "user": "Ria",
      "comments": [
        "Congress needs to actually do something to rein Trump in! They allow Trump to cause the volatility in the markets!",
        "The Republican majority is complicit. We must hold them accountable- we must contact them, protest against their policies, call them out, vote them out."
      ],
      "language": "English",
      "pure_emoji": false
    },
    {
      "user": "Rnf1110",
      "comments": [
        "Once upon a time, there is a bussiness man with huge debt named donald. He thought playing poker can help paying his debt, so he came to the poker table. During the game, with all his bluffs and reputation, he went “all in”. He thought everyone would fold. But, xi opened his cards then asked donald to open his own. Donald refused but bluffing and threating even more. Everyone on the table start questioning donald’s reputation. Donald is losing but he won’t admit it. Everyone on the table is upset now, and they don’t want to play with donald anymore. The impact for the other countries would be short term, but not for donald’s country, the impact will be long term, could be permanent. Donald’s country is losing trust especially for leading the world. Donald has waken everyone, that buying donald’s overpriced with hundreds percent markup products makes you looks stupid. Now everyone avoiding buying donald’s product except several product like apple, google, meta, microsoft, etc. Thanks donald and maga voters🤣"
      ],
      "language": "English",
      "pure_emoji": false
    },
    {
      "user": "Ruben and Kahli",
      "comments": [
        "Trump hates the US"
      ],
      "language": "English",
      "pure_emoji": false
    },
    {
      "user": "Sadie",
      "comments": [
        "It is though. Dozens of economists warned voters that Trump would cause an inflation crisis and drive us to recession by mid-year. MAGA explicitly voted for economic ruin"
      ],
      "language": "English",
      "pure_emoji": false
    },
    {
      "user": "Sambal-Bilis+Petai",
      "comments": [
        "China needs freedom. USA please help them get freedom."
      ],
      "language": "English",
      "pure_emoji": false
    },
    {
      "user": "Selena",
      "comments": [
        "HE WILL BANKRUPT AMERICA. Mark my word...😩"
      ],
      "language": "English",
      "pure_emoji": false
    },
    {
      "user": "Sparty_on_Bev",
      "comments": [
        "We're gonna win so much you may even get tired of winning and you'll say please please it's too much winning we can't take it anymore."
      ],
      "language": "English",
      "pure_emoji": false
    },
    {
      "user": "Srtredeye3",
      "comments": [
        "Thanks, MAGA voters!😡"
      ],
      "language": "English",
      "pure_emoji": false
    },
    {
      "user": "Steven",
      "comments": [
        "😑"
      ],
      "language": "Other",
      "pure_emoji": true
    },
    {
      "user": "Sus",
      "comments": [
        "All those billionaires gave him a $1 million for for his re-election. And now their wining."
      ],
      "language": "English",
      "pure_emoji": false
    },
    {
      "user": "Tahirr",
      "comments": [
        "No President ever called the Fed Chair “a loser.” I guess it’s time invest in real gold with real gold angels just like in his office"
      ],
      "language": "English",
      "pure_emoji": false
    },
    {
      "user": "The Legend",
      "comments": [
        "I bet he fires the Federal Reserve before he fires Pete Hegseth"
      ],
      "language": "English",
      "pure_emoji": false
    },
    {
      "user": "TheAtheistworld",
      "comments": [
        "Trump the man. Trump is right as always. Give em the best, Donald. Competency and decency against the debt and corruption. Bravo Trump team !!🥰🥰🥰"
      ],
      "language": "English",
      "pure_emoji": false
    },
    {
      "user": "TheGreatBarnicle",
      "comments": [
        "Fed chair has enacted 2 years of terrible interest...he is a moron"
      ],
      "language": "English",
      "pure_emoji": false
    },
    {
      "user": "Thierry Vandenkerckhove",
      "comments": [
        "🤔🤔🤔"
      ],
      "language": "Other",
      "pure_emoji": true
    },
    {
      "user": "TikTalkTikTok",
      "comments": [
        "i was lucky to have unloaded all last week, what luck"
      ],
      "language": "English",
      "pure_emoji": false
    },
    {
      "user": "Tony Cottey",
      "comments": [
        "Could it be Trump is the loser? 🤔"
      ],
      "language": "English",
      "pure_emoji": false
    },
    {
      "user": "Trendy Lemonade",
      "comments": [
        "congress and house of reps. are also republican, and not just republican but MAGA republican",
        "he doesn't hate America he just doesn't care about it the only thing he cares about is money. when everything crashes he and his billionaire friends will buy all the foreclosed farms and homes."
      ],
      "language": "English",
      "pure_emoji": false
    },
    {
      "user": "Trump’s Sweaty Grundle",
      "comments": [
        "Meow"
      ],
      "language": "English",
      "pure_emoji": false
    },
    {
      "user": "TylerRWelling",
      "comments": [
        "Name calling. Constructive. We are going to turn into Russia"
      ],
      "language": "English",
      "pure_emoji": false
    },
    {
      "user": "UIUC.DEMOCRAT2.0",
      "comments": [
        "FDT"
      ],
      "language": "English",
      "pure_emoji": false
    },
    {
      "user": "Ulieqy",
      "comments": [
        "Trump supporters are cultists and they're evil they're in your work they're in your neighborhood beware of them they are evil people"
      ],
      "language": "English",
      "pure_emoji": false
    },
    {
      "user": "User161394917463",
      "comments": [
        "So do we think it’s going down tomorrow ?"
      ],
      "language": "English",
      "pure_emoji": false
    },
    {
      "user": "VPFl",
      "comments": [
        "Trump is a Russian agent"
      ],
      "language": "English",
      "pure_emoji": false
    },
    {
      "user": "Vic",
      "comments": [
        "Trump is ruining this country for russia"
      ],
      "language": "English",
      "pure_emoji": false
    },
    {
      "user": "Viktor Freedom",
      "comments": [
        "As far as I can tell, bankrupting 6 businesses will be considered been a loser. Get ready MAGA’s the US is next on trump’s list🤣"
      ],
      "language": "English",
      "pure_emoji": false
    },
    {
      "user": "Wearout",
      "comments": [
        "Pls start the impeachment process"
      ],
      "language": "English",
      "pure_emoji": false
    },
    {
      "user": "Wise_Man_86",
      "comments": [
        "But you can def count on CNN to do everything they can to tank the economy just like last time. Diamond hands. Good time to buy."
      ],
      "language": "English",
      "pure_emoji": false
    },
    {
      "user": "Worldly Matter",
      "comments": [
        "This Tariff idea is from Temu - doesn't work"
      ],
      "language": "English",
      "pure_emoji": false
    },
    {
      "user": "YAbook",
      "comments": [
        "In other news- Putin says one of his assets is doing a good job"
      ],
      "language": "English",
      "pure_emoji": false
    },
    {
      "user": "Ya Sayu",
      "comments": [
        "TRUMP TRAITOR ZIONIST U.S RECESSION ??? INFLATION ??? UNEMPLOYMENT ??? U.S LOST LEADERSHIP ??? AMERICA NEVER RECOVER"
      ],
      "language": "English",
      "pure_emoji": false
    },
    {
      "user": "Yourdad",
      "comments": [
        "😂😂😂"
      ],
      "language": "Other",
      "pure_emoji": true
    },
    {
      "user": "Zachary Garrard",
      "comments": [
        "Good time to buy"
      ],
      "language": "English",
      "pure_emoji": false
    },
    {
      "user": "_t0rr3sm0",
      "comments": [
        "Best Chinese president ever"
      ],
      "language": "English",
      "pure_emoji": false
    },
    {
      "user": "aasb",
      "comments": [
        "We could have had a better economy with Kamala."
      ],
      "language": "English",
      "pure_emoji": false
    },
    {
      "user": "andyoudontremember",
      "comments": [
        "Art of the deal 😍"
      ],
      "language": "English",
      "pure_emoji": false
    },
    {
      "user": "ashleycl",
      "comments": [
        "Trump is destroying our economy."
      ],
      "language": "English",
      "pure_emoji": false
    },
    {
      "user": "bb_bb",
      "comments": [
        "The republicans ale of congress doesn't seem like they want to help. Coming to any agreement seems impossible & a simple ruling takes forever."
      ],
      "language": "English",
      "pure_emoji": false
    },
    {
      "user": "beninnc2",
      "comments": [
        "Is she carrying an invisible football?"
      ],
      "language": "English",
      "pure_emoji": false
    },
    {
      "user": "benyam444♒️",
      "comments": [
        "👏👏"
      ],
      "language": "Other",
      "pure_emoji": true
    },
    {
      "user": "bradleymartin1482",
      "comments": [
        "Powell is the only reason the US economy isn’t in complete free fall."
      ],
      "language": "English",
      "pure_emoji": false
    },
    {
      "user": "brythgr",
      "comments": [
        "Mr. president, please I’m tired of winning. 😭"
      ],
      "language": "English",
      "pure_emoji": false
    },
    {
      "user": "bwells4957",
      "comments": [
        "What a school yard insult.😂😂"
      ],
      "language": "English",
      "pure_emoji": false
    },
    {
      "user": "carandcomicnerd",
      "comments": [
        "He’s got to go he’s bad for business"
      ],
      "language": "English",
      "pure_emoji": false
    },
    {
      "user": "charles_m8_",
      "comments": [
        "All trump had to do was sit there and do nothing. Imagine being infinitely worse than someone doing nothing 😂"
      ],
      "language": "English",
      "pure_emoji": false
    },
    {
      "user": "coot",
      "comments": [
        "😂😂😂"
      ],
      "language": "Other",
      "pure_emoji": true
    },
    {
      "user": "crypto Mariam",
      "comments": [
        "🌹🌹🌹🌹"
      ],
      "language": "Other",
      "pure_emoji": true
    },
    {
      "user": "dezikeys",
      "comments": [
        "Worst President ever"
      ],
      "language": "English",
      "pure_emoji": false
    },
    {
      "user": "did_i_say_that_",
      "comments": [
        "Trump cannot remove the head of the federal reserve. If he did, this would be another example of how he is not following process and failing to uphold the constitution. Trump should be impeached immediately."
      ],
      "language": "English",
      "pure_emoji": false
    },
    {
      "user": "dimitrios0502",
      "comments": [
        "The Trump administration will increase crime, fraud and violence in the USA. That will be its legacy."
      ],
      "language": "English",
      "pure_emoji": false
    },
    {
      "user": "endriassss",
      "comments": [
        "👍"
      ],
      "language": "Other",
      "pure_emoji": true
    },
    {
      "user": "event-horizon",
      "comments": [
        "There is something that is called trust ! Other nation lost trust n USA that is also why dollar is crashing"
      ],
      "language": "English",
      "pure_emoji": false
    },
    {
      "user": "funglo76",
      "comments": [
        "DR FAUCI 2.0"
      ],
      "language": "English",
      "pure_emoji": false
    },
    {
      "user": "gand",
      "comments": [
        "but your wardrobe is kind of messy"
      ],
      "language": "English",
      "pure_emoji": false
    },
    {
      "user": "glensonsitchon",
      "comments": [
        "Fire trump!!"
      ],
      "language": "English",
      "pure_emoji": false
    },
    {
      "user": "j badillo",
      "comments": [
        "If Chairman Powell is a loser I'm proud to be a loser"
      ],
      "language": "English",
      "pure_emoji": false
    },
    {
      "user": "jan.cleveringa.1",
      "comments": [
        "Google it . Dare You! . #dontpausetheclause #addtheclause #changecompanystructurechangetheworld 🌏🌱"
      ],
      "language": "English",
      "pure_emoji": false
    },
    {
      "user": "johnramsey46",
      "comments": [
        "They should lock him up in the federal reserve. And throw away the key."
      ],
      "language": "English",
      "pure_emoji": false
    },
    {
      "user": "juliegerlach01",
      "comments": [
        "CNN=LIES"
      ],
      "language": "English",
      "pure_emoji": false
    },
    {
      "user": "kendall binder",
      "comments": [
        "Thank you for making America great❤️"
      ],
      "language": "English",
      "pure_emoji": false
    },
    {
      "user": "kennythijs",
      "comments": [
        "CNN is against anything that is not corrupt"
      ],
      "language": "English",
      "pure_emoji": false
    },
    {
      "user": "krisbussin",
      "comments": [
        "Jerome Powell needs to go. At what point is the fed reserve considered a terrorist organization for what they’re doing?"
      ],
      "language": "English",
      "pure_emoji": false
    },
    {
      "user": "kwiptoef fniftlihb",
      "comments": [
        "some might blame the kid on the roof."
      ],
      "language": "English",
      "pure_emoji": false
    },
    {
      "user": "kyleashley",
      "comments": [
        "But yet gold keeps going up"
      ],
      "language": "English",
      "pure_emoji": false
    },
    {
      "user": "lee",
      "comments": [
        "Try making billionaires pay their taxes just like the middle class and America will be great again"
      ],
      "language": "English",
      "pure_emoji": false
    },
    {
      "user": "lelah saya",
      "comments": [
        "nobody care about market its just full manipulation🤣🤣"
      ],
      "language": "English",
      "pure_emoji": false
    },
    {
      "user": "likes_ideas2",
      "comments": [
        "Maga- all this damage is from Trump"
      ],
      "language": "English",
      "pure_emoji": false
    },
    {
      "user": "lindseyjean",
      "comments": [
        "And we could have had Kamala and been thriving"
      ],
      "language": "English",
      "pure_emoji": false
    },
    {
      "user": "mcsizzel",
      "comments": [
        "He destroying the economy.. right on que"
      ],
      "language": "English",
      "pure_emoji": false
    },
    {
      "user": "metacontrivance",
      "comments": [
        "Trump begging the fed for relief this early is like a teen in a gas station eating all the glizzies then getting upset their mom outside won't pay to bail them out."
      ],
      "language": "English",
      "pure_emoji": false
    },
    {
      "user": "michaelwarner706",
      "comments": [
        "Trump put all his cards on the table at once so now we’re screwed. Sad thing is he didn’t need to do any of this, we had the best economy in the world before."
      ],
      "language": "English",
      "pure_emoji": false
    },
    {
      "user": "mizzmizzmizz🇨🇦",
      "comments": [
        "Can you imagine your boss posting on social media and calling you a loser? But just doing the best you can. Extremely unacceptable."
      ],
      "language": "English",
      "pure_emoji": false
    },
    {
      "user": "mrpowertools",
      "comments": [
        "He would have done better to have left things alone."
      ],
      "language": "English",
      "pure_emoji": false
    },
    {
      "user": "numbersalldayeveryday",
      "comments": [
        "A"
      ],
      "language": "English",
      "pure_emoji": false
    },
    {
      "user": "old lady",
      "comments": [
        "Powell is the only sane person in Trump's administration. He kept the US out of a recession during the Biden administration."
      ],
      "language": "English",
      "pure_emoji": false
    },
    {
      "user": "oo7",
      "comments": [
        "Trump is genius and smart 🧠. The whole world is jealous of America and they wish to learn how to bankrupt a country in three months 😏"
      ],
      "language": "English",
      "pure_emoji": false
    },
    {
      "user": "peter",
      "comments": [
        "It would be a massive mistake for any other country to sign any deal that isolates China right now. Setting themselves up to be picked off. Instead delay any talks indefinitely"
      ],
      "language": "English",
      "pure_emoji": false
    },
    {
      "user": "ravifront",
      "comments": [
        "Trump fired Janet Yellen before her term was up, no? That’s how we got Powell."
      ],
      "language": "English",
      "pure_emoji": false
    },
    {
      "user": "seriouslyunserious",
      "comments": [
        "😂😂😂"
      ],
      "language": "Other",
      "pure_emoji": true
    },
    {
      "user": "shhh",
      "comments": [
        "Gold have been rising. Breaking all time high again and again. Ppl, countries all dumping the stocks for gold."
      ],
      "language": "English",
      "pure_emoji": false
    },
    {
      "user": "skeeter",
      "comments": [
        "Convicted Felon Trump is a threat to the National Security of America"
      ],
      "language": "English",
      "pure_emoji": false
    },
    {
      "user": "ski bum 395",
      "comments": [
        "I trust Trump and Bassett before anyone from cnn"
      ],
      "language": "English",
      "pure_emoji": false
    },
    {
      "user": "sophisticated.gentleman",
      "comments": [
        "ruined American economy for no reason 😭"
      ],
      "language": "English",
      "pure_emoji": false
    },
    {
      "user": "soxartxdeco",
      "comments": [
        "What lower prices is he talking about exactly?"
      ],
      "language": "English",
      "pure_emoji": false
    },
    {
      "user": "tomhall013",
      "comments": [
        "burn baby burn"
      ],
      "language": "English",
      "pure_emoji": false
    },
    {
      "user": "tool",
      "comments": [
        "somebody needs to impeach this guy inside a trading manipulation, market manipulation, no terrace on Russia"
      ],
      "language": "English",
      "pure_emoji": false
    },
    {
      "user": "user1234567890",
      "comments": [
        "President Donald J. Trump 🇺🇸🦅"
      ],
      "language": "English",
      "pure_emoji": false
    },
    {
      "user": "user1364709658713",
      "comments": [
        "“Loser”? Seriously?"
      ],
      "language": "English",
      "pure_emoji": false
    },
    {
      "user": "user1860908793660",
      "comments": [
        "Who voted for this man??? I bet maga is in hiding now."
      ],
      "language": "English",
      "pure_emoji": false
    },
    {
      "user": "user2707137508446",
      "comments": [
        "Why are we dependent one person this is a bunch of BS just because Jerome Powell is called a loser"
      ],
      "language": "English",
      "pure_emoji": false
    },
    {
      "user": "user415403705214",
      "comments": [
        "Trump doesn’t know what he is doing. What a loser."
      ],
      "language": "English",
      "pure_emoji": false
    },
    {
      "user": "user445528367205",
      "comments": [
        "JP is the only person capable of saving us from the consequences of trumps actions 😭"
      ],
      "language": "English",
      "pure_emoji": false
    },
    {
      "user": "user5367743257065",
      "comments": [
        "😂😂😂"
      ],
      "language": "Other",
      "pure_emoji": true
    },
    {
      "user": "user6100965476531",
      "comments": [
        "The unprofessionalism is breathtaking. What real leader calls anyone a loser let alone a great man like Powell."
      ],
      "language": "English",
      "pure_emoji": false
    },
    {
      "user": "user6936701268208",
      "comments": [
        "He’s a genius though. MAGA you agree? He’s a genius. Great businessman. Expert in bankruptcies"
      ],
      "language": "English",
      "pure_emoji": false
    },
    {
      "user": "user722488",
      "comments": [
        "🤣🤣🤣 cheeto pickle eater",
        "Every time that nincompoop opens his mouth, it costs me money."
      ],
      "language": "English",
      "pure_emoji": false
    },
    {
      "user": "user800213623333",
      "comments": [
        "Omg… keeps going lower and lower…ugh I’m sick about this😟😟😟"
      ],
      "language": "English",
      "pure_emoji": false
    },
    {
      "user": "user9516153793648",
      "comments": [
        "He needs to be stopped"
      ],
      "language": "English",
      "pure_emoji": false
    },
    {
      "user": "vgodd",
      "comments": [
        "The irony of Trump calling someone else a loser after he's solely created this dumpster fire. What a clown 🤡👎"
      ],
      "language": "English",
      "pure_emoji": false
    },
    {
      "user": "yc",
      "comments": [
        "Trump the dumb is cornered now. The real loser"
      ],
      "language": "English",
      "pure_emoji": false
    },
    {
      "user": "yippy",
      "comments": [
        "Trump is the loser, along with the rest of us."
      ],
      "language": "English",
      "pure_emoji": false
    },
    {
      "user": "yoyo9090900",
      "comments": [
        "fake news"
      ],
      "language": "English",
      "pure_emoji": false
    },
    {
      "user": "🇦🇫Fighter🇺🇸",
      "comments": [
        "I am still single 😑😑😑"
      ],
      "language": "English",
      "pure_emoji": false
    },
    {
      "user": "🇨🇦GeriDear🇨🇦",
      "comments": [
        "😳😳😳"
      ],
      "language": "Other",
      "pure_emoji": true
    },
    {
      "user": "🌸",
      "comments": [
        "🙏🙏🙏"
      ],
      "language": "Other",
      "pure_emoji": true
    }
  ]
}