{
  "video_id": "7493419677767552302",
  "video_url": "https://www.tiktok.com/@aksjddssa/video/7493419677767552302",
  "publish_date": null,
  "comment_groups": [
    {
      "user": "0101hey0101",
      "comments": [
        "US is a joke!"
      ],
      "language": "English",
      "pure_emoji": false
    },
    {
      "user": "3個哇操",
      "comments": [
        "😂🤣🤣🤣🤣🤣🤣"
      ],
      "language": "Other",
      "pure_emoji": true
    },
    {
      "user": "A Pang9",
      "comments": [
        "堵了门号现在堵自己家里了"
      ],
      "language": "Chinese",
      "pure_emoji": false
    },
    {
      "user": "Ava",
      "comments": [
        "感觉也没打中几次，打中的也就小面积起火怎么就修不了了呢😅"
      ],
      "language": "Chinese",
      "pure_emoji": false
    },
    {
      "user": "AvoidNull",
      "comments": [
        "👍👍👍"
      ],
      "language": "Other",
      "pure_emoji": true
    },
    {
      "user": "Cai118969",
      "comments": [
        "是你退役吧🤪"
      ],
      "language": "Chinese",
      "pure_emoji": false
    },
    {
      "user": "Charger",
      "comments": [
        "😇😇😇"
      ],
      "language": "Other",
      "pure_emoji": true
    },
    {
      "user": "Da Ca12",
      "comments": [
        "胡哥牛"
      ],
      "language": "Chinese",
      "pure_emoji": false
    },
    {
      "user": "DavidTham619",
      "comments": [
        "🥰🥰🥰🥰🤣🤣🤣"
      ],
      "language": "Other",
      "pure_emoji": true
    },
    {
      "user": "Demo Demo",
      "comments": [
        "😳😳😳"
      ],
      "language": "Other",
      "pure_emoji": true
    },
    {
      "user": "Dl Scott",
      "comments": [
        "乱造谣"
      ],
      "language": "Chinese",
      "pure_emoji": false
    },
    {
      "user": "Edward Lyn",
      "comments": [
        "要是和中國關係好，拉到中國，他們肯定有能力維修。"
      ],
      "language": "Chinese",
      "pure_emoji": false
    },
    {
      "user": "Frank",
      "comments": [
        "自從有了超音速導彈航母只能成為一個海上平臺而已，載一堆飛機去讓人轟，適合用于近海國土保護而已了！"
      ],
      "language": "Chinese",
      "pure_emoji": false
    },
    {
      "user": "GDawg1979",
      "comments": [
        "😳"
      ],
      "language": "Other",
      "pure_emoji": true
    },
    {
      "user": "James",
      "comments": [
        "居然被一个小小的胡塞打成这个样，我没笑。。。哈哈哈哈哈哈哈哈哈"
      ],
      "language": "Chinese",
      "pure_emoji": false
    },
    {
      "user": "Jeffking",
      "comments": [
        "近日網路上流傳著一條消息，即美杜魯門號航母在胡塞武裝攻勢下已受損嚴重，不得不提前退役。對此美國海軍也在第一時間做出了回應，發佈了杜魯門號相關圖片，證明其不僅完好無損，還在紅海執行任務⋯⋯😂😂😂"
      ],
      "language": "Chinese",
      "pure_emoji": false
    },
    {
      "user": "Jerry Chen💕",
      "comments": [
        "那尼米茲航母也快退休了吧"
      ],
      "language": "Chinese",
      "pure_emoji": false
    },
    {
      "user": "Joseph Ting",
      "comments": [
        "假消息"
      ],
      "language": "Chinese",
      "pure_emoji": false
    },
    {
      "user": "Keel Recher",
      "comments": [
        "美國的維修能力還能囂張多久"
      ],
      "language": "Chinese",
      "pure_emoji": false
    },
    {
      "user": "Kinlam W",
      "comments": [
        "很早人家就用衛星看到中彈了。只是沒想到穿拖鞋的這麼兇，把人家幹報廢了。不過聯想起美國會出動軍隊空襲一個游擊隊國家，顯然是生氣了。也就印證了，可能性極高。"
      ],
      "language": "Chinese",
      "pure_emoji": false
    },
    {
      "user": "LAC",
      "comments": [
        "岁月不饶人，从此望洋兴叹。"
      ],
      "language": "Chinese",
      "pure_emoji": false
    },
    {
      "user": "Lekchung",
      "comments": [
        "😅😅"
      ],
      "language": "Other",
      "pure_emoji": true
    },
    {
      "user": "Max Dean",
      "comments": [
        "🤣🤣🤣"
      ],
      "language": "Other",
      "pure_emoji": true
    },
    {
      "user": "Mei",
      "comments": [
        "😂😂😂😂😂😂😂胡塞这么厉害？所以战争中不要轻敌😆😆😆😂😂😂😂"
      ],
      "language": "Chinese",
      "pure_emoji": false
    },
    {
      "user": "Mengay Chong",
      "comments": [
        "😂😂😂😂👍"
      ],
      "language": "Other",
      "pure_emoji": true
    },
    {
      "user": "Mobile U",
      "comments": [
        "😂😂😂"
      ],
      "language": "Other",
      "pure_emoji": true
    },
    {
      "user": "Mr. Halo",
      "comments": [
        "哪里发布的到时间退役的消息了？？？",
        "好多视频发的都是美国防部的消息，我不喜欢这种瞎编的消息，爱国要堂堂正正，不然和1450一样造谣没意思"
      ],
      "language": "Chinese",
      "pure_emoji": false
    },
    {
      "user": "Nothing86 Pinkyhao",
      "comments": [
        "还是不死心，以为美国航母完全报废"
      ],
      "language": "Chinese",
      "pure_emoji": false
    },
    {
      "user": "Remi",
      "comments": [
        "什麼爛東西，打幾下就廢了....."
      ],
      "language": "Chinese",
      "pure_emoji": false
    },
    {
      "user": "Romen",
      "comments": [
        "一点假消息，用来自嗨，都可以用TK，不知道查查其他新闻网站吗"
      ],
      "language": "Mixed",
      "pure_emoji": false
    },
    {
      "user": "SK Lo",
      "comments": [
        "👍🏻👍🏻👍🏻"
      ],
      "language": "Other",
      "pure_emoji": true
    },
    {
      "user": "Sam Sam",
      "comments": [
        "哈哈哈哈哈😂"
      ],
      "language": "Chinese",
      "pure_emoji": false
    },
    {
      "user": "San Chang",
      "comments": [
        "爽"
      ],
      "language": "Chinese",
      "pure_emoji": false
    },
    {
      "user": "Sport Top",
      "comments": [
        "🤣🤣🤣🤣"
      ],
      "language": "Other",
      "pure_emoji": true
    },
    {
      "user": "Sunny_summer🇨🇳🇺🇸",
      "comments": [
        "AI回答正常运行"
      ],
      "language": "Mixed",
      "pure_emoji": false
    },
    {
      "user": "U搬砖 日赚上万！QQ：64884752✈️TG:zwaa2",
      "comments": [
        "lucky"
      ],
      "language": "English",
      "pure_emoji": false
    },
    {
      "user": "Wai Meng Lau",
      "comments": [
        "🥰🥰🥰🥰🥰🥰🥰🥰🥰🥰🥰🥰🥰🥰🥰🥰🥰🥰🥰🥰🥰🥰🥰🥰"
      ],
      "language": "Other",
      "pure_emoji": true
    },
    {
      "user": "Wayne",
      "comments": [
        "最憋屈的大国。"
      ],
      "language": "Chinese",
      "pure_emoji": false
    },
    {
      "user": "Wen Kai Chu",
      "comments": [
        "😂😂😂"
      ],
      "language": "Other",
      "pure_emoji": true
    },
    {
      "user": "Wu",
      "comments": [
        "粗蠟打一打高價賣給．．台灣 😳😳😳😁😆😂"
      ],
      "language": "Chinese",
      "pure_emoji": false
    },
    {
      "user": "Yean fook Chong",
      "comments": [
        "可以用新航母呀？"
      ],
      "language": "Chinese",
      "pure_emoji": false
    },
    {
      "user": "Zhuhua",
      "comments": [
        "只能說太棒了👏👏👏👏👏"
      ],
      "language": "Chinese",
      "pure_emoji": false
    },
    {
      "user": "Z⊙rr⊙Y",
      "comments": [
        "胡塞武装一定是经过上网自学如何攻击美国航母👍"
      ],
      "language": "Chinese",
      "pure_emoji": false
    },
    {
      "user": "aaa633768",
      "comments": [
        "用美麗國57 打美麗國行母！不這樣怎有錢造新船！"
      ],
      "language": "Chinese",
      "pure_emoji": false
    },
    {
      "user": "apon",
      "comments": [
        "鬼扯蛋！假信息！"
      ],
      "language": "Chinese",
      "pure_emoji": false
    },
    {
      "user": "appleuser799263982",
      "comments": [
        "一定是在做夢，一定是🤥🤥🤥🤣"
      ],
      "language": "Chinese",
      "pure_emoji": false
    },
    {
      "user": "benong742",
      "comments": [
        "大意了，沒閃...🤔！🤪"
      ],
      "language": "Chinese",
      "pure_emoji": false
    },
    {
      "user": "billyan5536_",
      "comments": [
        "哈哈哈哈哈哈哈哈哈哈哈哈哈哈哈哈哈哈哈哈哈哈哈哈哈哈哈哈哈哈哈哈哈啊哈哈哈哈哈哈哈哈哈哈哈哈哈哈哈哈哈哈哈哈哈🤡"
      ],
      "language": "Chinese",
      "pure_emoji": false
    },
    {
      "user": "bird",
      "comments": [
        "又要向國會拿錢了吧？如果送給中國的話，三個月就修好了吧。😁"
      ],
      "language": "Chinese",
      "pure_emoji": false
    },
    {
      "user": "boonliamchew",
      "comments": [
        "👍👍👍"
      ],
      "language": "Other",
      "pure_emoji": true
    },
    {
      "user": "buwangliunian",
      "comments": [
        "只要掌握媒体，那就永远打不中。至于提前20年退役，那是不会解释的。"
      ],
      "language": "Chinese",
      "pure_emoji": false
    },
    {
      "user": "canucme",
      "comments": [
        "没打中，没打中😂😂😂 只是火箭炮不小心在艦上 引發撞針，爆炸而已👍"
      ],
      "language": "Chinese",
      "pure_emoji": false
    },
    {
      "user": "cherry",
      "comments": [
        "👍👍👍"
      ],
      "language": "Other",
      "pure_emoji": true
    },
    {
      "user": "chiii",
      "comments": [
        "❤️❤️❤️"
      ],
      "language": "Other",
      "pure_emoji": true
    },
    {
      "user": "ckk778750",
      "comments": [
        "虧大了"
      ],
      "language": "Chinese",
      "pure_emoji": false
    },
    {
      "user": "davinci2022",
      "comments": [
        "太划算了！复合美式的高杠杆操作，小额投资100倍收益👍"
      ],
      "language": "Chinese",
      "pure_emoji": false
    },
    {
      "user": "dream85873",
      "comments": [
        "老古董了🤣🤣😁😁🤣"
      ],
      "language": "Chinese",
      "pure_emoji": false
    },
    {
      "user": "dysrwuxfzx2w",
      "comments": [
        "😁😁😁"
      ],
      "language": "Other",
      "pure_emoji": true
    },
    {
      "user": "ethanvong857",
      "comments": [
        "有梦尚水、希望相随！梦里头啥都会有。梦呗！"
      ],
      "language": "Chinese",
      "pure_emoji": false
    },
    {
      "user": "feiyu222",
      "comments": [
        "应该是假消息，因为世界上没有任何官方媒体报道，这么大的事，如果是真的，不可能没有报道的"
      ],
      "language": "Chinese",
      "pure_emoji": false
    },
    {
      "user": "henryleng8",
      "comments": [
        "根本不是中国的对手！"
      ],
      "language": "Chinese",
      "pure_emoji": false
    },
    {
      "user": "jason",
      "comments": [
        "殺破狼🤡"
      ],
      "language": "Chinese",
      "pure_emoji": false
    },
    {
      "user": "jerry19770613",
      "comments": [
        "所以美國要加胡塞多少關稅？"
      ],
      "language": "Chinese",
      "pure_emoji": false
    },
    {
      "user": "johnnyooiah",
      "comments": [
        "不堪一击😂狼狈收场"
      ],
      "language": "Chinese",
      "pure_emoji": false
    },
    {
      "user": "ken",
      "comments": [
        "😂😂😂"
      ],
      "language": "Other",
      "pure_emoji": true
    },
    {
      "user": "kevan0822",
      "comments": [
        "宇宙第一的军事列强、怎么可能。"
      ],
      "language": "Chinese",
      "pure_emoji": false
    },
    {
      "user": "kk",
      "comments": [
        "😳😳😳"
      ],
      "language": "Other",
      "pure_emoji": true
    },
    {
      "user": "leetankue",
      "comments": [
        "😂😂😂😂😂😂😂😂😂"
      ],
      "language": "Other",
      "pure_emoji": true
    },
    {
      "user": "leo bobo",
      "comments": [
        "美帝是纸老虎，太菜了吧🤣🤣🤣🤣"
      ],
      "language": "Chinese",
      "pure_emoji": false
    },
    {
      "user": "lonmeier",
      "comments": [
        "也门发布的新闻，你可以查查叶海亚的X，不过要退役的应该不是杜鲁门号，而是尼米兹号，这是美国海军官宣要退役的"
      ],
      "language": "Mixed",
      "pure_emoji": false
    },
    {
      "user": "menghuat tan469",
      "comments": [
        "没...没打中！是到时间退的役...。😂😂😂"
      ],
      "language": "Chinese",
      "pure_emoji": false
    },
    {
      "user": "micmichang",
      "comments": [
        "🤣🤣🤣🤣🤣🤣🤣🤣🤣🤣🤣🤣🤣🤣🤣🤣🤣🤣🤣🤣🤣🤣🤣🤣🤣🤣🤣🤣🤣🤣🤣🤣🤣🤣🤣🤣🤣🤣🤣🤣🤣🤣🤣🤣🤣🤣🤣🤣🤣🤣🤣🤣🤣🤣",
        "💪💪💪💪💪💪💪💪💪💪💪💪💪💪💪💪💪💪💪💪💪💪💪💪💪💪💪💪💪💪💪💪💪💪💪💪💪💪💪💪💪💪💪💪💪💪💪💪💪💪💪💪💪💪"
      ],
      "language": "Other",
      "pure_emoji": false
    },
    {
      "user": "philips Tan",
      "comments": [
        "证明美国航母舰队没落。连*也門拖鞋军*都能把老美航母干到报废。😂😂😂😂😂😂✨👍✨👍胡塞武装加油💪"
      ],
      "language": "Chinese",
      "pure_emoji": false
    },
    {
      "user": "phoebe_y",
      "comments": [
        "哈哈看来所谓的航母也不过如此，要是跟中国打，来一轮饱和式导弹轰炸那不得立马嗝屁呀🤣看来老美航母类电影镜头都是骗人，实际不堪一击，只有中国航母编队在试图接近美国电影那样真实，看来中国又赢麻了🤣"
      ],
      "language": "Chinese",
      "pure_emoji": false
    },
    {
      "user": "qieflyer",
      "comments": [
        "我的国那末多卫星是干什么吃的呢？"
      ],
      "language": "Chinese",
      "pure_emoji": false
    },
    {
      "user": "shingeng",
      "comments": [
        "👏👏👏😂😂😂🤣🤣🤣"
      ],
      "language": "Other",
      "pure_emoji": true
    },
    {
      "user": "skyfool slein",
      "comments": [
        "怎感覺是艦中出狀況?🤔"
      ],
      "language": "Chinese",
      "pure_emoji": false
    },
    {
      "user": "tanchenggeok",
      "comments": [
        "👍👍👍"
      ],
      "language": "Other",
      "pure_emoji": true
    },
    {
      "user": "tesheng",
      "comments": [
        "👍👍👍🤣🤣🤣"
      ],
      "language": "Other",
      "pure_emoji": true
    },
    {
      "user": "tong",
      "comments": [
        "台灣的制杖症腐那一次賭對了 上任賭川普結果拜登上任這次賭那個女的結果川普上任"
      ],
      "language": "Chinese",
      "pure_emoji": false
    },
    {
      "user": "tony",
      "comments": [
        "哈哈哈"
      ],
      "language": "Chinese",
      "pure_emoji": false
    },
    {
      "user": "usb2024",
      "comments": [
        "帥胡戰功赫赫👍👍👍"
      ],
      "language": "Chinese",
      "pure_emoji": false
    },
    {
      "user": "user3132239516200",
      "comments": [
        "good job 👍👍👍👏👏👏"
      ],
      "language": "English",
      "pure_emoji": false
    },
    {
      "user": "user3726179213370孫連芳",
      "comments": [
        "去的時侯好好的丶嘿嘿怎么就回不來.了你，.中看不定用的紙老虎。"
      ],
      "language": "Chinese",
      "pure_emoji": false
    },
    {
      "user": "user4946477048566",
      "comments": [
        "水啦，虎落平陽了吼"
      ],
      "language": "Chinese",
      "pure_emoji": false
    },
    {
      "user": "user5121579454805",
      "comments": [
        "👏👏👏👍👍👍"
      ],
      "language": "Other",
      "pure_emoji": true
    },
    {
      "user": "user5314575383991",
      "comments": [
        "不管是真是假，退休後回去，是當拆解零附件，做其它航母維修用的！"
      ],
      "language": "Chinese",
      "pure_emoji": false
    },
    {
      "user": "user5618043506993",
      "comments": [
        "👏👏👏"
      ],
      "language": "Other",
      "pure_emoji": true
    },
    {
      "user": "user6519612009287",
      "comments": [
        "🥵🥵🥵😂😂😂"
      ],
      "language": "Other",
      "pure_emoji": true
    },
    {
      "user": "user96818069639448",
      "comments": [
        "棒"
      ],
      "language": "Chinese",
      "pure_emoji": false
    },
    {
      "user": "userq4mjtvzx99",
      "comments": [
        "大漂亮說沒打中，就是沒打中，😂😂😂😂😂"
      ],
      "language": "Chinese",
      "pure_emoji": false
    },
    {
      "user": "vehemence38",
      "comments": [
        "这是病退吧？😂"
      ],
      "language": "Chinese",
      "pure_emoji": false
    },
    {
      "user": "waiwaileong5",
      "comments": [
        "😂还敢来台海吗？🤣"
      ],
      "language": "Chinese",
      "pure_emoji": false
    },
    {
      "user": "wenliang qiu",
      "comments": [
        "信这个是那类群体"
      ],
      "language": "Chinese",
      "pure_emoji": false
    },
    {
      "user": "yapthyefat",
      "comments": [
        "😂😅👍"
      ],
      "language": "Other",
      "pure_emoji": true
    },
    {
      "user": "yo man",
      "comments": [
        "去查一下就發現根本是假的 傳聞寫著被拖往日本維修? 日本? 明明就很多基地比日本更近 為什麼是日本? 瞎爆了"
      ],
      "language": "Chinese",
      "pure_emoji": false
    },
    {
      "user": "آبـو عـهـ",
      "comments": [
        "💪💪🇾🇪🇾🇪🚀🚀🚀✌"
      ],
      "language": "Other",
      "pure_emoji": false
    },
    {
      "user": "⚔️灰燼使者⚔️",
      "comments": [
        "明明是被貨輪撞擊右舷。被胡塞擊中航母的話，伊朗政權早被美國從地球抹掉了。造謠。"
      ],
      "language": "Chinese",
      "pure_emoji": false
    },
    {
      "user": "一夜鱼龙舞",
      "comments": [
        "嘿嘿嘿嘿😁"
      ],
      "language": "Chinese",
      "pure_emoji": false
    },
    {
      "user": "中华人民共和国",
      "comments": [
        "啊，對對對😂"
      ],
      "language": "Chinese",
      "pure_emoji": false
    },
    {
      "user": "伊璐向北",
      "comments": [
        "没办法维修？瓦良格号都那样了还成了辽宁舰，怎么没法？拖到中国来整！"
      ],
      "language": "Chinese",
      "pure_emoji": false
    },
    {
      "user": "你翁哥",
      "comments": [
        "卖给越南吧🤣毕竟太阳系第一强国，没有航母说不过去啊"
      ],
      "language": "Chinese",
      "pure_emoji": false
    },
    {
      "user": "倪个球",
      "comments": [
        "😳😳😳"
      ],
      "language": "Other",
      "pure_emoji": true
    },
    {
      "user": "元士",
      "comments": [
        "美國很多古董是時候拜拜了😏"
      ],
      "language": "Chinese",
      "pure_emoji": false
    },
    {
      "user": "刘刚",
      "comments": [
        "无法选中😆"
      ],
      "language": "Chinese",
      "pure_emoji": false
    },
    {
      "user": "前程万里",
      "comments": [
        "😳😳😳",
        "😂😂😂"
      ],
      "language": "Other",
      "pure_emoji": false
    },
    {
      "user": "劉倉鳴",
      "comments": [
        "這個關平民百姓什麼事？人家軍事情報都知道真假～～～我們在這吵半天他是會沉沒嗎？還是變新的？"
      ],
      "language": "Chinese",
      "pure_emoji": false
    },
    {
      "user": "劉士豪",
      "comments": [
        "照抖音的宣傳美國的航母都打沒了。"
      ],
      "language": "Chinese",
      "pure_emoji": false
    },
    {
      "user": "劉長治",
      "comments": [
        "🥰🥰🥰🥰🥰🥰🥰🥰"
      ],
      "language": "Other",
      "pure_emoji": true
    },
    {
      "user": "勇闯东南亚",
      "comments": [
        "假的，刚在豆包上搜了"
      ],
      "language": "Chinese",
      "pure_emoji": false
    },
    {
      "user": "南京精神病医院方主任",
      "comments": [
        "真假，确定退役了吗？"
      ],
      "language": "Chinese",
      "pure_emoji": false
    },
    {
      "user": "叫爸爸👨",
      "comments": [
        "可以卖给中国拆船公司 😂😂"
      ],
      "language": "Chinese",
      "pure_emoji": false
    },
    {
      "user": "呂清波",
      "comments": [
        "一級棒棒糖甜蜜滋味！！！💓👌"
      ],
      "language": "Chinese",
      "pure_emoji": false
    },
    {
      "user": "哇洗拎阿巴",
      "comments": [
        "👍👍👍"
      ],
      "language": "Other",
      "pure_emoji": true
    },
    {
      "user": "四爺的異想世界",
      "comments": [
        "整天玩假新聞玩給自己爽的"
      ],
      "language": "Chinese",
      "pure_emoji": false
    },
    {
      "user": "圓珩",
      "comments": [
        "如此不堪一擊！"
      ],
      "language": "Chinese",
      "pure_emoji": false
    },
    {
      "user": "奋斗波",
      "comments": [
        "漂亮"
      ],
      "language": "Chinese",
      "pure_emoji": false
    },
    {
      "user": "嬉戏人生",
      "comments": [
        "还是懂中文的比较好骗，还是爱毒裁政府的多"
      ],
      "language": "Chinese",
      "pure_emoji": false
    },
    {
      "user": "寻觅",
      "comments": [
        "航母哪能这么轻易被攻击？我是不信，理性爱国，不要自嗨"
      ],
      "language": "Chinese",
      "pure_emoji": false
    },
    {
      "user": "小六",
      "comments": [
        "🤣🤣🤣🤣🤣🤣"
      ],
      "language": "Other",
      "pure_emoji": true
    },
    {
      "user": "小綠龍",
      "comments": [
        "美軍（上週六）起對該武裝組織發動了一系列空襲。作為報復，胡塞武裝兩次試圖襲擊美國「杜魯門號」航母打擊群，但都未能成功。"
      ],
      "language": "Chinese",
      "pure_emoji": false
    },
    {
      "user": "小胖",
      "comments": [
        "乌克兰把俄罗斯的世界第二军事强国打下神坛，好歹俄罗斯有理由说，乌克兰后面有欧美。胡塞武装，没错，一个中东小国的军阀，把世界第一强国干成这样，那个美国要怎么找理由呢？我很好奇",
        "哈哈。。你真的是搞笑，五代机只有3个国家能研制，请问全世界只有3个国家列装五代机而已吗？",
        "对对对，你说的都对，请你有空看一下地理，还有有空也了解一下矛盾之争。在好的盾也经不起矛的锐刺，一个矛刺断了，下一个矛继续刺，滴水都可穿石，懂吗？美国无法拦截超音速导弹，或者说全世界都没法拦截超音速导弹，懂吗？中国航母去了那种地形，一直被揍，也是一样的下场。算了，懒得和你这自以为是的人说，你觉得对就对"
      ],
      "language": "Chinese",
      "pure_emoji": false
    },
    {
      "user": "小雞",
      "comments": [
        "😁😁😁"
      ],
      "language": "Other",
      "pure_emoji": true
    },
    {
      "user": "山條鄉常",
      "comments": [
        "假新聞 去ChatGPT 問真實戰況就知道多少新聞造假了 胡塞根本完全打不到美國航母"
      ],
      "language": "Mixed",
      "pure_emoji": false
    },
    {
      "user": "崎路人",
      "comments": [
        "😂😂😂"
      ],
      "language": "Other",
      "pure_emoji": true
    },
    {
      "user": "巨蟹座",
      "comments": [
        "😂😂😂"
      ],
      "language": "Other",
      "pure_emoji": true
    },
    {
      "user": "心不能走",
      "comments": [
        "没打中，没打中😂😂😂"
      ],
      "language": "Chinese",
      "pure_emoji": false
    },
    {
      "user": "忍冬♨",
      "comments": [
        "🤣🤣🤣"
      ],
      "language": "Other",
      "pure_emoji": true
    },
    {
      "user": "愛好和平的家賢",
      "comments": [
        "也門是真爺們。打美就像打狗一樣清鬆簡單。那麼美如是對中國開戰那麼那些航母够中國打嗎？如也門的武器換上中國的那麼這航母就不是不能修而是變潜艦了連想修都找不到完全的。"
      ],
      "language": "Chinese",
      "pure_emoji": false
    },
    {
      "user": "我是真胖不是肌肉多",
      "comments": [
        "連艦島都被夷平了，但把圖拉大，曝露出的內部結構殘骸,看似都胡亂貼上的雜物。"
      ],
      "language": "Chinese",
      "pure_emoji": false
    },
    {
      "user": "日本國中國州",
      "comments": [
        "中國官方證實，將承認台灣主權獨立，換去美國關稅協議😏😏😏😏😏😏😏😏😏"
      ],
      "language": "Chinese",
      "pure_emoji": false
    },
    {
      "user": "明明",
      "comments": [
        "急了？你急了！🤣🤣🤣"
      ],
      "language": "Chinese",
      "pure_emoji": false
    },
    {
      "user": "春去秋来",
      "comments": [
        "😂😂😂"
      ],
      "language": "Other",
      "pure_emoji": true
    },
    {
      "user": "曾秀英",
      "comments": [
        "🤣🤣🤣🤣🤣"
      ],
      "language": "Other",
      "pure_emoji": true
    },
    {
      "user": "李宏 LEE",
      "comments": [
        "就个也门😂😂😂。。。"
      ],
      "language": "Chinese",
      "pure_emoji": false
    },
    {
      "user": "李郎",
      "comments": [
        "👍👍👍👍👍👍"
      ],
      "language": "Other",
      "pure_emoji": true
    },
    {
      "user": "林員外",
      "comments": [
        "福建艦電磁彈射爆炸怎麼不說？"
      ],
      "language": "Chinese",
      "pure_emoji": false
    },
    {
      "user": "林森",
      "comments": [
        "至帳😅😅😅"
      ],
      "language": "Chinese",
      "pure_emoji": false
    },
    {
      "user": "林龍來",
      "comments": [
        "台灣有民進黨，美國有特狼譜必敗要貪污錢什麼都可以不要"
      ],
      "language": "Chinese",
      "pure_emoji": false
    },
    {
      "user": "柚子",
      "comments": [
        "假的啦，抖音看看就好，一下子中國怎樣，一下子美國怎樣，怎麼還是一堆人相信"
      ],
      "language": "Chinese",
      "pure_emoji": false
    },
    {
      "user": "栩栩如煙",
      "comments": [
        "老美实在不行把以色列卖了算了，一个航母能被巡航导弹打退役，还有一个占着绝对的空中优势干不过哈马斯。两个纯nt"
      ],
      "language": "Mixed",
      "pure_emoji": false
    },
    {
      "user": "梁利高",
      "comments": [
        "前年就暴露了"
      ],
      "language": "Chinese",
      "pure_emoji": false
    },
    {
      "user": "梓桓",
      "comments": [
        "真假"
      ],
      "language": "Chinese",
      "pure_emoji": false
    },
    {
      "user": "楓櫻",
      "comments": [
        "之前是說航母很難擊沉，原來只要打到無法維修就可以了"
      ],
      "language": "Chinese",
      "pure_emoji": false
    },
    {
      "user": "母之飛躍",
      "comments": [
        "胡賽的武器很像有中國影子，超高音速可能是鷹擊"
      ],
      "language": "Chinese",
      "pure_emoji": false
    },
    {
      "user": "泊涛资本  白资收U 小白可带 ✈️@botaoxiaowu",
      "comments": [
        "😁9"
      ],
      "language": "Other",
      "pure_emoji": false
    },
    {
      "user": "泊涛资本 白资收U 小白可带 ✈️@botaoxiaowu",
      "comments": [
        "🤪"
      ],
      "language": "Other",
      "pure_emoji": true
    },
    {
      "user": "泊涛资本 白资收U 小白可带 ➕✈️@botaoxiaowu",
      "comments": [
        "😜"
      ],
      "language": "Other",
      "pure_emoji": true
    },
    {
      "user": "洪康秦",
      "comments": [
        "讚，多打幾架"
      ],
      "language": "Chinese",
      "pure_emoji": false
    },
    {
      "user": "流浪阿G蝨",
      "comments": [
        "阿六仔自嗨吧？🙄🙄"
      ],
      "language": "Chinese",
      "pure_emoji": false
    },
    {
      "user": "清晨做幾個俯臥撐中午跑出去打醬油晚上找朋友躲貓貓",
      "comments": [
        "原地退役😎"
      ],
      "language": "Chinese",
      "pure_emoji": false
    },
    {
      "user": "滄海一聲笑",
      "comments": [
        "再強大的航母也扛不了腦波攻擊。"
      ],
      "language": "Chinese",
      "pure_emoji": false
    },
    {
      "user": "爆炫樟脑丸",
      "comments": [
        "简中的故事可以不用看，想要了解真假的话，可以去看美国关于杜鲁门提早退役的新闻"
      ],
      "language": "Chinese",
      "pure_emoji": false
    },
    {
      "user": "猫猫俠",
      "comments": [
        "老美快垮了 賴皮還跪最前面🤣"
      ],
      "language": "Chinese",
      "pure_emoji": false
    },
    {
      "user": "用户3418558948539",
      "comments": [
        "胡言亂語 美軍所有的航母都除役了才對"
      ],
      "language": "Chinese",
      "pure_emoji": false
    },
    {
      "user": "用户5458182665240",
      "comments": [
        "千万别打沉 打沉了直接造新的 打瘫了就好 还得花钱拖回家 再找个大船坞爬个十几二十年再报废 多好呀 顺带赔一个大型船坞😏"
      ],
      "language": "Chinese",
      "pure_emoji": false
    },
    {
      "user": "用户5754735039665",
      "comments": [
        "😂🤣🤣"
      ],
      "language": "Other",
      "pure_emoji": true
    },
    {
      "user": "皇上驾到",
      "comments": [
        "😂😂😂😂😂😂😂😂😂"
      ],
      "language": "Other",
      "pure_emoji": true
    },
    {
      "user": "祝力海",
      "comments": [
        "抖音不關掉 世界永遠顛倒是非 一直造謠混亂全世界 來自黑道國家是源頭 😳😳😳😳😤😳😳"
      ],
      "language": "Chinese",
      "pure_emoji": false
    },
    {
      "user": "竹科地表最強大叔---小馬哥",
      "comments": [
        "胡塞加油繼續擊垮航母"
      ],
      "language": "Chinese",
      "pure_emoji": false
    },
    {
      "user": "維生素Z",
      "comments": [
        "聽過狼來了的故事嗎"
      ],
      "language": "Chinese",
      "pure_emoji": false
    },
    {
      "user": "老狼",
      "comments": [
        "三哥家修航母的技术不错"
      ],
      "language": "Chinese",
      "pure_emoji": false
    },
    {
      "user": "莊國源",
      "comments": [
        "😁😁😁"
      ],
      "language": "Other",
      "pure_emoji": true
    },
    {
      "user": "葉志宏191",
      "comments": [
        "又沈一艘，斗音裡面一星期打沈美航母4艘，看起來不出一個月美國一艘都沒有了🤣🤣🤣🤣🤣🤣🤣🤣🤣"
      ],
      "language": "Chinese",
      "pure_emoji": false
    },
    {
      "user": "費俊風Fei Junfeng🇹🇼",
      "comments": [
        "每個月都有簡中新聞說美國航母被擊中了😑😑😑"
      ],
      "language": "Chinese",
      "pure_emoji": false
    },
    {
      "user": "贩卖星球的暴徒",
      "comments": [
        "哈哈"
      ],
      "language": "Chinese",
      "pure_emoji": false
    },
    {
      "user": "赖清德",
      "comments": [
        "高價賣台灣"
      ],
      "language": "Chinese",
      "pure_emoji": false
    },
    {
      "user": "起风了",
      "comments": [
        "8900亿美元确实是动物管理费"
      ],
      "language": "Chinese",
      "pure_emoji": false
    },
    {
      "user": "邱乐乐🐨",
      "comments": [
        "打不到我……打不到我…"
      ],
      "language": "Chinese",
      "pure_emoji": false
    },
    {
      "user": "金先生",
      "comments": [
        "👍👍👍👍👍👍👍👍👍"
      ],
      "language": "Other",
      "pure_emoji": true
    },
    {
      "user": "鍾金順",
      "comments": [
        "👍👍👍"
      ],
      "language": "Other",
      "pure_emoji": true
    },
    {
      "user": "阿明大叔",
      "comments": [
        "美國還真有錢，這麼先進的航母才使用了30年就要退役了，如果賣給台灣，至少還能再用100年🤣 還好，我們台灣沒有這麼大的碼頭可以停靠，不然一定會傻傻的用原價的三倍購買🤣"
      ],
      "language": "Chinese",
      "pure_emoji": false
    },
    {
      "user": "陳清美",
      "comments": [
        "真慘😂"
      ],
      "language": "Chinese",
      "pure_emoji": false
    },
    {
      "user": "馬銘澤",
      "comments": [
        "👍🏻👍🏻👍🏻🤣🤣🤣🤣🤣🤣🤣🤣🤣🤣🤣🤣🤣🤣🤣🤣🤣🤣"
      ],
      "language": "Other",
      "pure_emoji": true
    },
    {
      "user": "高志賢",
      "comments": [
        "🥰🥰🥰"
      ],
      "language": "Other",
      "pure_emoji": true
    },
    {
      "user": "魯蛇魯蛇",
      "comments": [
        "👍😁"
      ],
      "language": "Other",
      "pure_emoji": true
    },
    {
      "user": "＾＾",
      "comments": [
        "你说退役就退役啊 你说了算？"
      ],
      "language": "Chinese",
      "pure_emoji": false
    },
    {
      "user": "🇨🇳💗᭄余生ᝰᩚ随心ꦿ໌🇻🇳",
      "comments": [
        "湾湾要呀"
      ],
      "language": "Chinese",
      "pure_emoji": false
    },
    {
      "user": "🐍🐸降妖伏魔🧟🧌",
      "comments": [
        "不但跪在前面，還主動去舔後面！ 特朗普：Kissmyass …"
      ],
      "language": "Mixed",
      "pure_emoji": false
    }
  ]
}