{
  "video_id": "7496104293095935240",
  "video_url": "https://www.tiktok.com/@mothershipsg/video/7496104293095935240",
  "publish_date": null,
  "comment_groups": [
    {
      "user": "3737",
      "comments": [
        "By sing you can not win you much cry still got chance la"
      ],
      "language": "English",
      "pure_emoji": false
    },
    {
      "user": "9169",
      "comments": [
        "if send him go parliament all SG sink"
      ],
      "language": "English",
      "pure_emoji": false
    },
    {
      "user": "AL",
      "comments": [
        "I see opposition like this. I tired."
      ],
      "language": "English",
      "pure_emoji": false
    },
    {
      "user": "Albert Hoover",
      "comments": [
        "his friend beside him trying not to laugh"
      ],
      "language": "English",
      "pure_emoji": false
    },
    {
      "user": "Aravin Pavithran Hayman",
      "comments": [
        "🤣🤣🤣"
      ],
      "language": "Other",
      "pure_emoji": true
    },
    {
      "user": "Atoi Giler",
      "comments": [
        "i’m convinced all these opps were hired by pap to act like this so they get the free vote 😭"
      ],
      "language": "English",
      "pure_emoji": false
    },
    {
      "user": "Baby bu",
      "comments": [
        "champion league final"
      ],
      "language": "English",
      "pure_emoji": false
    },
    {
      "user": "BananaMan07",
      "comments": [
        "Why everyone singing 😭🙏🏻"
      ],
      "language": "English",
      "pure_emoji": false
    },
    {
      "user": "Benny",
      "comments": [
        "Show us your ability not your singing talents, we don’t want empty vessel that make loud noise to messed up our current system that serve us well past 50 years"
      ],
      "language": "English",
      "pure_emoji": false
    },
    {
      "user": "Bordah&Jay",
      "comments": [
        "You probably might get my vote if you had sang in English or even more if you had sand in all four our official languages.Obviously your audience & interest is not the minority races in SG! Bad move"
      ],
      "language": "English",
      "pure_emoji": false
    },
    {
      "user": "Brandon",
      "comments": [
        "GE2025 becoming karaoke contest"
      ],
      "language": "English",
      "pure_emoji": false
    },
    {
      "user": "Bravo El",
      "comments": [
        "I look left look right"
      ],
      "language": "English",
      "pure_emoji": false
    },
    {
      "user": "Buzz busy bee",
      "comments": [
        "U think this is a talent show! Simply cannot make it"
      ],
      "language": "English",
      "pure_emoji": false
    },
    {
      "user": "Chalee Thng",
      "comments": [
        "cari makan 🤣"
      ],
      "language": "English",
      "pure_emoji": false
    },
    {
      "user": "Clement Lim Clementi",
      "comments": [
        NaN
      ],
      "language": "English",
      "pure_emoji": false
    },
    {
      "user": "Coco",
      "comments": [
        "🥰🥰🥰"
      ],
      "language": "Other",
      "pure_emoji": true
    },
    {
      "user": "Din",
      "comments": [
        "you are disgrace to be a leader to do a job for spore"
      ],
      "language": "English",
      "pure_emoji": false
    },
    {
      "user": "Edwin",
      "comments": [
        "🥰🥰🥰🥰🥰🥰🥰🥰🥰🥰"
      ],
      "language": "Other",
      "pure_emoji": true
    },
    {
      "user": "Edwin chua",
      "comments": [
        "孩子天零用钱10块! 🙂成人吃饭钱多少？ 一个家六庭生活贵？ 生计谋生靠什么呢？"
      ],
      "language": "Chinese",
      "pure_emoji": false
    },
    {
      "user": "Eizz🫰",
      "comments": [
        "why is every politician singing bro 💀"
      ],
      "language": "English",
      "pure_emoji": false
    },
    {
      "user": "Elijah",
      "comments": [
        "joker"
      ],
      "language": "English",
      "pure_emoji": false
    },
    {
      "user": "Elina",
      "comments": [
        "🥰🥰🥰🥰👍😂👍"
      ],
      "language": "Other",
      "pure_emoji": true
    },
    {
      "user": "Ertugrul Bey",
      "comments": [
        "why are the oppositions are all singing? how to take them seriously"
      ],
      "language": "English",
      "pure_emoji": false
    },
    {
      "user": "Eyes",
      "comments": [
        "Waaa spoil vote for what 🤣🤣🤣"
      ],
      "language": "English",
      "pure_emoji": false
    },
    {
      "user": "Fabians",
      "comments": [
        "What is going on there bro ?😭😭😭😭",
        "👏"
      ],
      "language": "English",
      "pure_emoji": false
    },
    {
      "user": "Fluffy",
      "comments": [
        "suddenly all these candidate become getai singer just to attract votes. lol"
      ],
      "language": "English",
      "pure_emoji": false
    },
    {
      "user": "Flyer_111",
      "comments": [
        "This month got story telling, got singing , got acting. Like carnival month"
      ],
      "language": "English",
      "pure_emoji": false
    },
    {
      "user": "Franco木魚",
      "comments": [
        "singing contestants"
      ],
      "language": "English",
      "pure_emoji": false
    },
    {
      "user": "Gerald Lim",
      "comments": [
        "I misheard it as LJ lang"
      ],
      "language": "English",
      "pure_emoji": false
    },
    {
      "user": "JLee7099",
      "comments": [
        "omg ..this kind of pattern ..",
        "what is their manifesto..build void feck karaoke?"
      ],
      "language": "English",
      "pure_emoji": false
    },
    {
      "user": "Jaez Goh",
      "comments": [
        "😂"
      ],
      "language": "Other",
      "pure_emoji": true
    },
    {
      "user": "Jennifer RK",
      "comments": [
        "😂😂😂😂",
        "hoping to win votes by singing? since when did political movements become the Opera? 😁😂🤔"
      ],
      "language": "English",
      "pure_emoji": false
    },
    {
      "user": "JerMic",
      "comments": [
        "aiyo....like that how to fight pap....show some professionalism in front of press la... I don't think you are serious in the race"
      ],
      "language": "English",
      "pure_emoji": false
    },
    {
      "user": "Jiejie🥰😊💯❤😛",
      "comments": [
        "cb this one election or Singapore idol💀"
      ],
      "language": "English",
      "pure_emoji": false
    },
    {
      "user": "Joer Mishra | Realtor",
      "comments": [
        "this better then shedding crocodile tears."
      ],
      "language": "English",
      "pure_emoji": false
    },
    {
      "user": "John Ong",
      "comments": [
        "👍👍👍👍👍"
      ],
      "language": "Other",
      "pure_emoji": true
    },
    {
      "user": "KayTee",
      "comments": [
        "Alamak! 3 May is election or final of Singapore Idol ah?"
      ],
      "language": "English",
      "pure_emoji": false
    },
    {
      "user": "LOLEveryday🤣笑呗😂",
      "comments": [
        "我也来上一个胸口碎大石 表演一下才艺 新加坡的政治水准靠唱歌觉得能立下人社，制造能共情的错觉感没比我更能体现出磨练过的”雄心壮志”来的强. 虽然大家都是忽悠，但我可是用实实在在的痛苦和眼泪来打动你们的……起码我是真疼啊！"
      ],
      "language": "Chinese",
      "pure_emoji": false
    },
    {
      "user": "Lawrence",
      "comments": [
        "Who is the better singer?Shanmugam or Philemon? 😄😄😄"
      ],
      "language": "English",
      "pure_emoji": false
    },
    {
      "user": "Legendary Comics",
      "comments": [
        "Simi party? Jialat liao...."
      ],
      "language": "English",
      "pure_emoji": false
    },
    {
      "user": "Luke O’Verdaire 𓆝 𓆟 𓆞 𓆟 𓆝",
      "comments": [
        "Why all the singing 😭😭😭😭😭😭😭😭😭"
      ],
      "language": "English",
      "pure_emoji": false
    },
    {
      "user": "Matt & Jas Real Estate",
      "comments": [
        "😂"
      ],
      "language": "Other",
      "pure_emoji": true
    },
    {
      "user": "Maurice",
      "comments": [
        "Vote for them they can only sing for you out of tune frequency 😁"
      ],
      "language": "English",
      "pure_emoji": false
    },
    {
      "user": "Mohd Fareed4050",
      "comments": [
        "What a joke prata man"
      ],
      "language": "English",
      "pure_emoji": false
    },
    {
      "user": "MrMorningWood",
      "comments": [
        "Wats with all the unnecessary clown act entertainment from opposition party member in their speech? Wats going on…and with all that clown act intro speech they expect to be taken seriously?.."
      ],
      "language": "English",
      "pure_emoji": false
    },
    {
      "user": "MsModexFormule",
      "comments": [
        "In this episode of Singapore GE got talent."
      ],
      "language": "English",
      "pure_emoji": false
    },
    {
      "user": "Munchkin",
      "comments": [
        "???"
      ],
      "language": "Other",
      "pure_emoji": false
    },
    {
      "user": "NasuTion",
      "comments": [
        "Apa lj sia this one"
      ],
      "language": "English",
      "pure_emoji": false
    },
    {
      "user": "Phoenix J",
      "comments": [
        "vote for him and he will sing for u everyday 🥺"
      ],
      "language": "English",
      "pure_emoji": false
    },
    {
      "user": "Potposari",
      "comments": [
        "please laj"
      ],
      "language": "English",
      "pure_emoji": false
    },
    {
      "user": "Revathijayan",
      "comments": [
        "oi"
      ],
      "language": "English",
      "pure_emoji": false
    },
    {
      "user": "Romulus",
      "comments": [
        "Red Dot let's unite🇸🇬 https://reddotunited.sg/latest/f/a-compass-for-a-fairer-future-why-sg-needs-a-new-social-compact https://m.youtube.com/@BensSocialClub https://m.facebook.com/reddotunitedsg/",
        "K shamugum hiding in his black and white house cannot see him singing"
      ],
      "language": "English",
      "pure_emoji": false
    },
    {
      "user": "SG GE2025! Go and Vote!",
      "comments": [
        "walao eh singapore idol or singapore election"
      ],
      "language": "English",
      "pure_emoji": false
    },
    {
      "user": "Sahbee",
      "comments": [
        "General Erection 🤣"
      ],
      "language": "English",
      "pure_emoji": false
    },
    {
      "user": "Sazz-yUbiave3075...",
      "comments": [
        "the ring master of the circus... 😏😏😏👏👏👏"
      ],
      "language": "English",
      "pure_emoji": false
    },
    {
      "user": "Siti McNally | Mom Lifestyle",
      "comments": [
        "I just wanna know like what’s the interview process for this role?"
      ],
      "language": "English",
      "pure_emoji": false
    },
    {
      "user": "Siti Nur",
      "comments": [
        "🫡 Respect for efforts & bravery 👏🏽"
      ],
      "language": "English",
      "pure_emoji": false
    },
    {
      "user": "Small boy",
      "comments": [
        "Sing Hokkien song better don’t go Sengkang or hougang because got people said is Teochew place."
      ],
      "language": "English",
      "pure_emoji": false
    },
    {
      "user": "StoryTime1999",
      "comments": [
        "At this point we are only concerned if they will lose deposit"
      ],
      "language": "English",
      "pure_emoji": false
    },
    {
      "user": "SustainX",
      "comments": [
        "why these people like to sing . it makes them look so unprofessional. please.... don't damage the opposition image ..."
      ],
      "language": "English",
      "pure_emoji": false
    },
    {
      "user": "Suyu@juju",
      "comments": [
        "🤦‍♀️🤦‍♀️🤦‍♀️"
      ],
      "language": "Other",
      "pure_emoji": false
    },
    {
      "user": "Syclipse",
      "comments": [
        "Rubbish ah all these people. Waste your deposits. We only recognize WP, SDP and PSP to fight for us."
      ],
      "language": "English",
      "pure_emoji": false
    },
    {
      "user": "Tan Ah Kow",
      "comments": [
        "🤡🤡🤡"
      ],
      "language": "Other",
      "pure_emoji": true
    },
    {
      "user": "Thambi Natta",
      "comments": [
        "If you can’t convince them then confuse them 😭"
      ],
      "language": "English",
      "pure_emoji": false
    },
    {
      "user": "Thicc Daddy",
      "comments": [
        "Walau elections also got play poem"
      ],
      "language": "English",
      "pure_emoji": false
    },
    {
      "user": "TortGreat",
      "comments": [
        "better talk more sensible stuff close to heart...like high COI..."
      ],
      "language": "English",
      "pure_emoji": false
    },
    {
      "user": "UKgaming",
      "comments": [
        "ikr all become nuts"
      ],
      "language": "English",
      "pure_emoji": false
    },
    {
      "user": "Xecstapxx",
      "comments": [
        "Apa ni 😂"
      ],
      "language": "English",
      "pure_emoji": false
    },
    {
      "user": "Xman",
      "comments": [
        "Pritam version better"
      ],
      "language": "English",
      "pure_emoji": false
    },
    {
      "user": "Yellow",
      "comments": [
        "Why Ray didn’t join ?"
      ],
      "language": "English",
      "pure_emoji": false
    },
    {
      "user": "ZACK RASHID 잭라싣",
      "comments": [
        "One do silat and another one singing, so what’s next? This round of elections mcm talent show already liao. Very interesting. 😹"
      ],
      "language": "English",
      "pure_emoji": false
    },
    {
      "user": "ahpuikialee",
      "comments": [
        "Hahahah now fashion all singing Liao"
      ],
      "language": "English",
      "pure_emoji": false
    },
    {
      "user": "badboy",
      "comments": [
        "confirm lose with this kind of press interviews"
      ],
      "language": "English",
      "pure_emoji": false
    },
    {
      "user": "bbn",
      "comments": [
        "Election ❌ singing competition ✅"
      ],
      "language": "English",
      "pure_emoji": false
    },
    {
      "user": "bhoi",
      "comments": [
        "Waste of time opposition. Come wrong place do wrong thing. Better go and do 8 to 5 jobs."
      ],
      "language": "English",
      "pure_emoji": false
    },
    {
      "user": "boilingtofu",
      "comments": [
        "why are they all singing"
      ],
      "language": "English",
      "pure_emoji": false
    },
    {
      "user": "chinese spy no2",
      "comments": [
        "Wah piang. How to win against pap like that.😭"
      ],
      "language": "English",
      "pure_emoji": false
    },
    {
      "user": "curry sauce",
      "comments": [
        "new alarm just dropped‼️"
      ],
      "language": "English",
      "pure_emoji": false
    },
    {
      "user": "drea ✮",
      "comments": [
        "BAHAHAHAHAHAHAAHAHAHAH"
      ],
      "language": "English",
      "pure_emoji": false
    },
    {
      "user": "dsf",
      "comments": [
        "can earn money or not like that..wan tan le laughing stock internationally"
      ],
      "language": "English",
      "pure_emoji": false
    },
    {
      "user": "fallenangel88",
      "comments": [
        "election people gain vote. do comdey in front of cam 😂"
      ],
      "language": "English",
      "pure_emoji": false
    },
    {
      "user": "ghargoo",
      "comments": [
        "Is the lady with dark coloured spectacles standing behind single?"
      ],
      "language": "English",
      "pure_emoji": false
    },
    {
      "user": "hafdafluf",
      "comments": [
        "i want to be a good person i want to be a good person i want to be a good person i want to be a good person🤭🤭🤭🤭🤭"
      ],
      "language": "English",
      "pure_emoji": false
    },
    {
      "user": "jillliet",
      "comments": [
        "Knn even this is in 0.5 speed"
      ],
      "language": "English",
      "pure_emoji": false
    },
    {
      "user": "john",
      "comments": [
        "hosay Liao"
      ],
      "language": "English",
      "pure_emoji": false
    },
    {
      "user": "jojo lim",
      "comments": [
        "why all the opposition singing?"
      ],
      "language": "English",
      "pure_emoji": false
    },
    {
      "user": "justin major",
      "comments": [
        "no need to talk about winning, whether lose deposit or not? 🤣"
      ],
      "language": "English",
      "pure_emoji": false
    },
    {
      "user": "kaylen",
      "comments": [
        "doing anything and everything but what do should do"
      ],
      "language": "English",
      "pure_emoji": false
    },
    {
      "user": "knight mare853",
      "comments": [
        "😭😭😭😅💀"
      ],
      "language": "Other",
      "pure_emoji": true
    },
    {
      "user": "lgtanhl",
      "comments": [
        "Very childish what talk no future with him island talk can but world talk can’t"
      ],
      "language": "English",
      "pure_emoji": false
    },
    {
      "user": "love the world",
      "comments": [
        "爱拼也不赢🤣"
      ],
      "language": "Chinese",
      "pure_emoji": false
    },
    {
      "user": "loxfox2234",
      "comments": [
        "no wonder all week raining"
      ],
      "language": "English",
      "pure_emoji": false
    },
    {
      "user": "mama",
      "comments": [
        "why all must sing 1st"
      ],
      "language": "English",
      "pure_emoji": false
    },
    {
      "user": "masbefit",
      "comments": [
        "Why is everyone singing 😭😭"
      ],
      "language": "English",
      "pure_emoji": false
    },
    {
      "user": "maylai113",
      "comments": [
        "Suddenly so many circuses here !! LOL 🎪"
      ],
      "language": "English",
      "pure_emoji": false
    },
    {
      "user": "mdizzathaziq",
      "comments": [
        "look at the horror faces behind 😅"
      ],
      "language": "English",
      "pure_emoji": false
    },
    {
      "user": "mosalah from wish",
      "comments": [
        NaN
      ],
      "language": "English",
      "pure_emoji": false
    },
    {
      "user": "nkboo691fitness",
      "comments": [
        "Go for it!"
      ],
      "language": "English",
      "pure_emoji": false
    },
    {
      "user": "peanut",
      "comments": [
        "knn another one"
      ],
      "language": "English",
      "pure_emoji": false
    },
    {
      "user": "racheltan109",
      "comments": [
        "🤣🤣🤣"
      ],
      "language": "Other",
      "pure_emoji": true
    },
    {
      "user": "rezeqi",
      "comments": [
        "❤️👍💕💞"
      ],
      "language": "Other",
      "pure_emoji": true
    },
    {
      "user": "tedie",
      "comments": [
        "😂😂😂😂😂😂"
      ],
      "language": "Other",
      "pure_emoji": true
    },
    {
      "user": "tehseaa",
      "comments": [
        "This one S-11 ah?"
      ],
      "language": "English",
      "pure_emoji": false
    },
    {
      "user": "umbrage dowager",
      "comments": [
        "bring Singapore idol back!!"
      ],
      "language": "English",
      "pure_emoji": false
    },
    {
      "user": "user101835682",
      "comments": [
        "Where is their supervisor??"
      ],
      "language": "English",
      "pure_emoji": false
    },
    {
      "user": "user3608473568631",
      "comments": [
        "this GE so many pattern from diff people, idk what we are voting for anymore"
      ],
      "language": "English",
      "pure_emoji": false
    },
    {
      "user": "uuuuuser45522276937",
      "comments": [
        NaN
      ],
      "language": "English",
      "pure_emoji": false
    },
    {
      "user": "van",
      "comments": [
        "Ask u to give speech n convince ppl. But instead u confuse ppl.Totally CMI, making a fool of yourself.U sing this song got what link to election?Aiyo like that how to battle PAP?😓"
      ],
      "language": "English",
      "pure_emoji": false
    },
    {
      "user": "yupp",
      "comments": [
        "lj lang"
      ],
      "language": "English",
      "pure_emoji": false
    },
    {
      "user": "~",
      "comments": [
        "siak apesal semua nyanyi ni 😭 singapore got talent eh 😭"
      ],
      "language": "English",
      "pure_emoji": false
    },
    {
      "user": "©️ 0️⃣ 🥶 L  ☆⚡️♏️ 🦂 ✨",
      "comments": [
        "lan la"
      ],
      "language": "English",
      "pure_emoji": false
    },
    {
      "user": "▄︻デɢɛօʀɢɛ ʀʊֆֆɛʟʟ══━一",
      "comments": [
        "i dunno these people running for elections or auditioning to be our country biggest clown. please ah, we have enough clowns running the country.."
      ],
      "language": "English",
      "pure_emoji": false
    },
    {
      "user": "台湾仔",
      "comments": [
        "好啊！"
      ],
      "language": "Chinese",
      "pure_emoji": false
    },
    {
      "user": "阿兹里",
      "comments": [
        "Singapore idol"
      ],
      "language": "English",
      "pure_emoji": false
    },
    {
      "user": "𝑠ℎ𝑒𝑟🧸ྀི",
      "comments": [
        "I just saw the other chinese guy singing walao singapore idol ah 🤣"
      ],
      "language": "English",
      "pure_emoji": false
    },
    {
      "user": "🍋‍🟩",
      "comments": [
        "chile.."
      ],
      "language": "English",
      "pure_emoji": false
    }
  ]
}