{
  "video_id": "7495048583016664327",
  "video_url": "https://www.tiktok.com/@namelist63/video/7495048583016664327",
  "publish_date": null,
  "comment_groups": [
    {
      "user": "steveleung933",
      "comments": [
        "欧盟才是最关键的态度，他选择战队中国才能安枕无忧， 到中欧合体以后，美国就会实实在在的跟中国谈判， 大家心里都明白，美国不能没有中国，中国也不能没有美国，三方平衡才能生存下去…没有一个国家做得到一方多大！"
      ],
      "language": "Chinese",
      "pure_emoji": false
    },
    {
      "user": "tony",
      "comments": [
        "不是说想谈判吗，还在搞小动作，东大应该放弃幻想，千万别学俄。"
      ],
      "language": "Chinese",
      "pure_emoji": false
    },
    {
      "user": "user387895",
      "comments": [
        "他们自己也说不会和中国脱钩，只会达成重大协议，原来先让盟友垫底下他们踩着上去😂"
      ],
      "language": "Chinese",
      "pure_emoji": false
    },
    {
      "user": "user6519612009287",
      "comments": [
        "👍👍👍🙏🙏🙏"
      ],
      "language": "Other",
      "pure_emoji": true
    },
    {
      "user": "青谷活兒",
      "comments": [
        "西方价值观，没有所谓的盟友友好关系只有利益最大化说翻脸就翻脸，文明古国中国人遵循相互尊重有情有义和谐相处的价值观观，和他们不是同一类人。"
      ],
      "language": "Chinese",
      "pure_emoji": false
    }
  ]
}