{
  "video_id": "7495795764635995422",
  "video_url": "https://www.tiktok.com/@lp452525aqd/video/7495795764635995422",
  "publish_date": null,
  "comment_groups": [
    {
      "user": "Alice Chou",
      "comments": [
        "沒那個實力還想強劫全世界！問過中國和俄羅斯嗎？"
      ],
      "language": "Chinese",
      "pure_emoji": false
    },
    {
      "user": "A qin",
      "comments": [
        "🥰🥰🥰"
      ],
      "language": "Other",
      "pure_emoji": true
    },
    {
      "user": "Fred Ling",
      "comments": [
        "這是生，死存亡之秋",
        "咬牙撐過"
      ],
      "language": "Chinese",
      "pure_emoji": false
    },
    {
      "user": "Jin Chen",
      "comments": [
        "🥰🥰🥰"
      ],
      "language": "Other",
      "pure_emoji": true
    },
    {
      "user": "Thanks giving",
      "comments": [
        "❤️❤️👍👍🥰"
      ],
      "language": "Other",
      "pure_emoji": true
    },
    {
      "user": "appleuser38935495",
      "comments": [
        "👍👍👍"
      ],
      "language": "Other",
      "pure_emoji": true
    },
    {
      "user": "jingyan",
      "comments": [
        "😁😁😁"
      ],
      "language": "Other",
      "pure_emoji": true
    },
    {
      "user": "lau",
      "comments": [
        "🥰🥰🥰"
      ],
      "language": "Other",
      "pure_emoji": true
    },
    {
      "user": "user7715286651323",
      "comments": [
        "講一套做一套,唯一信念就是自私自利"
      ],
      "language": "Chinese",
      "pure_emoji": false
    },
    {
      "user": "yong2025",
      "comments": [
        "😆😃☺️🤪😂🤣🥰"
      ],
      "language": "Other",
      "pure_emoji": true
    },
    {
      "user": "么四合",
      "comments": [
        "川益是沙"
      ],
      "language": "Chinese",
      "pure_emoji": false
    },
    {
      "user": "史函宇",
      "comments": [
        "是嗎？要確定餒 假訊息"
      ],
      "language": "Chinese",
      "pure_emoji": false
    },
    {
      "user": "鍾興輝",
      "comments": [
        "紙鈔遊戲美國玩太久，該是黃金人民幣逼美元霸權金本位制，讓美國出血🤣🤣🤣"
      ],
      "language": "Chinese",
      "pure_emoji": false
    },
    {
      "user": "铭",
      "comments": [
        "🌹🌹🌹"
      ],
      "language": "Other",
      "pure_emoji": true
    }
  ]
}