{
  "video_id": "7496074329751391506",
  "video_url": "https://www.tiktok.com/@hisd63950sm/video/7496074329751391506",
  "publish_date": null,
  "comment_groups": [
    {
      "user": "Andy Hau",
      "comments": [
        "👍👍👍"
      ],
      "language": "Other",
      "pure_emoji": true
    },
    {
      "user": "Ann Tan",
      "comments": [
        "🤟🤟🤟"
      ],
      "language": "Other",
      "pure_emoji": true
    },
    {
      "user": "BENG",
      "comments": [
        "😁😁😁"
      ],
      "language": "Other",
      "pure_emoji": true
    },
    {
      "user": "Hu shou ping",
      "comments": [
        "😂😂😂"
      ],
      "language": "Other",
      "pure_emoji": true
    },
    {
      "user": "KK WONG",
      "comments": [
        "🤣🤣🤣"
      ],
      "language": "Other",
      "pure_emoji": true
    },
    {
      "user": "Mya",
      "comments": [
        "👏la Cina ha una dignità l'Europa no"
      ],
      "language": "English",
      "pure_emoji": false
    },
    {
      "user": "Pangkat Beh",
      "comments": [
        "😁😁😁"
      ],
      "language": "Other",
      "pure_emoji": true
    },
    {
      "user": "UPer12345678910111213",
      "comments": [
        "😭😭😭😭😭😭😭😭😭😭😭😭😭😭😭😭😭😭😭😭😭😭😭",
        "南無阿彌陀佛 南無阿彌陀佛 南無阿彌陀佛 南無阿彌陀佛 南無阿彌陀佛 南無阿彌陀佛 南無阿彌陀佛 南無阿彌陀佛 南無阿彌陀佛 南無阿彌陀佛 南無阿彌陀佛 南無阿彌陀佛 南無阿彌陀佛"
      ],
      "language": "Chinese",
      "pure_emoji": false
    },
    {
      "user": "William",
      "comments": [
        "🥰🥰🥰"
      ],
      "language": "Other",
      "pure_emoji": true
    },
    {
      "user": "Wong Khenmin66",
      "comments": [
        "🥰🥰🥰"
      ],
      "language": "Other",
      "pure_emoji": true
    },
    {
      "user": "sam",
      "comments": [
        "别急慢慢来吧"
      ],
      "language": "Chinese",
      "pure_emoji": false
    },
    {
      "user": "吳志宏",
      "comments": [
        "中國不鳥美國政府的關稅戰，美國最後會自食惡果，我們拭目以待吧！",
        "中國人的崛起不是偶然的，而是卧薪嘗胆，刻苦耐勞，胼手砥足創造出來的，經過二十多年的努力，中國人的團結一致，才有這樣的成果，為我們祖國的強大按個讚啊。"
      ],
      "language": "Chinese",
      "pure_emoji": false
    },
    {
      "user": "竹",
      "comments": [
        "🥰🥰🥰"
      ],
      "language": "Other",
      "pure_emoji": true
    },
    {
      "user": "葉小白兔🐇",
      "comments": [
        "🤝🤝👏🌹💞🥰"
      ],
      "language": "Other",
      "pure_emoji": true
    },
    {
      "user": "陳芳枝",
      "comments": [
        "中國勝利讚加油"
      ],
      "language": "Chinese",
      "pure_emoji": false
    }
  ]
}