{
  "video_id": "7491893889704414472",
  "video_url": "https://www.tiktok.com/@yufeng698/video/7491893889704414472",
  "publish_date": null,
  "comment_groups": [
    {
      "user": ")噪音堂(",
      "comments": [
        "不懂😅但能干倒强盗国✌️都支持！"
      ],
      "language": "Chinese",
      "pure_emoji": false
    },
    {
      "user": "...",
      "comments": [
        "田洋建仲又自嗨了。"
      ],
      "language": "Chinese",
      "pure_emoji": false
    },
    {
      "user": "08957",
      "comments": [
        "貨幣政策，分別為貨、幣，目前還不是時候"
      ],
      "language": "Chinese",
      "pure_emoji": false
    },
    {
      "user": "6231159",
      "comments": [
        "🤔天才"
      ],
      "language": "Chinese",
      "pure_emoji": false
    },
    {
      "user": "@-@",
      "comments": [
        "👍"
      ],
      "language": "Other",
      "pure_emoji": true
    },
    {
      "user": "@CTCC",
      "comments": [
        "可以"
      ],
      "language": "Chinese",
      "pure_emoji": false
    },
    {
      "user": "Aaron新熙",
      "comments": [
        "做梦"
      ],
      "language": "Chinese",
      "pure_emoji": false
    },
    {
      "user": "Alibaba Alibaba Alib",
      "comments": [
        "💪💪💪"
      ],
      "language": "Other",
      "pure_emoji": true
    },
    {
      "user": "Allen Ting",
      "comments": [
        "急沒用！有誠意才重要❗️",
        "先從較好的國家開展聯盟會談試試看，只要同意双方有了成果自然會闊大，這是双贏的機會！"
      ],
      "language": "Chinese",
      "pure_emoji": false
    },
    {
      "user": "Andria CPA",
      "comments": [
        "人民币能做结算货币早就做了，你以为中国不想🤣"
      ],
      "language": "Chinese",
      "pure_emoji": false
    },
    {
      "user": "Ann",
      "comments": [
        "問題是包子有這個膽嗎⋯⋯"
      ],
      "language": "Chinese",
      "pure_emoji": false
    },
    {
      "user": "Anniehoneygua",
      "comments": [
        "👍"
      ],
      "language": "Other",
      "pure_emoji": true
    },
    {
      "user": "Asian Mission Impossible",
      "comments": [
        "China Please do it 👍🏻."
      ],
      "language": "English",
      "pure_emoji": false
    },
    {
      "user": "BNE-Linkt",
      "comments": [
        "但是不让自由兑换人民币，人家怎么用？"
      ],
      "language": "Chinese",
      "pure_emoji": false
    },
    {
      "user": "Boonkoi Gan",
      "comments": [
        "💪💪💪💪"
      ],
      "language": "Other",
      "pure_emoji": true
    },
    {
      "user": "CSK",
      "comments": [
        "這樣做太極端了，美國可能逼急了會跳牆，再說對全球經濟也會影響蠻大的。還是溫水煮青蛙來的好！！"
      ],
      "language": "Chinese",
      "pure_emoji": false
    },
    {
      "user": "Cat",
      "comments": [
        "🥰🥰🥰太厲害了，太棒了，期待"
      ],
      "language": "Chinese",
      "pure_emoji": false
    },
    {
      "user": "Chiang khoon Chia",
      "comments": [
        "😳😳😳"
      ],
      "language": "Other",
      "pure_emoji": true
    },
    {
      "user": "Chris700427",
      "comments": [
        "全心全力支持！！！"
      ],
      "language": "Chinese",
      "pure_emoji": false
    },
    {
      "user": "Chui Lan695",
      "comments": [
        "😃😃😃😃😃😃😃😃"
      ],
      "language": "Other",
      "pure_emoji": true
    },
    {
      "user": "David Zhang",
      "comments": [
        "军事上不能制衡美国，其他都是白扯，瞎扯。核弹至少3000枚。如果美国突然宣战，从第二岛链海上封锁你怎么办？"
      ],
      "language": "Chinese",
      "pure_emoji": false
    },
    {
      "user": "DavldLucky",
      "comments": [
        "如果考慮實施「貿易互惠關稅機制」？"
      ],
      "language": "Chinese",
      "pure_emoji": false
    },
    {
      "user": "Derek 心態",
      "comments": [
        "👍👍👍"
      ],
      "language": "Other",
      "pure_emoji": true
    },
    {
      "user": "Durian Queen 💃榴莲后",
      "comments": [
        "赞成✅中国🥰"
      ],
      "language": "Chinese",
      "pure_emoji": false
    },
    {
      "user": "Eddy",
      "comments": [
        "好主意，可以试着推广。"
      ],
      "language": "Chinese",
      "pure_emoji": false
    },
    {
      "user": "Edward Lyn",
      "comments": [
        "美元，全世界都收的，人民幣目前也祇有中國收。當前很難替換。而且美元与黃金掛鉤。穩定安全。人民幣就沒有這個屬性。"
      ],
      "language": "Chinese",
      "pure_emoji": false
    },
    {
      "user": "Edward Wong 黄耀民",
      "comments": [
        "很好的想法👍"
      ],
      "language": "Chinese",
      "pure_emoji": false
    },
    {
      "user": "Eric Lfb",
      "comments": [
        "丢美元的时间到了"
      ],
      "language": "Chinese",
      "pure_emoji": false
    },
    {
      "user": "Eric0221",
      "comments": [
        "哪裡苦，你有沒有沒讀過書也應該要有點常識吧！"
      ],
      "language": "Chinese",
      "pure_emoji": false
    },
    {
      "user": "Eric100952",
      "comments": [
        "好呀"
      ],
      "language": "Chinese",
      "pure_emoji": false
    },
    {
      "user": "Evelyn wong",
      "comments": [
        "👍"
      ],
      "language": "Other",
      "pure_emoji": true
    },
    {
      "user": "Gary Lin172",
      "comments": [
        "結果只有世界大亂 不可想像"
      ],
      "language": "Chinese",
      "pure_emoji": false
    },
    {
      "user": "Han Yei",
      "comments": [
        "那就是战争爆发！"
      ],
      "language": "Chinese",
      "pure_emoji": false
    },
    {
      "user": "Hi",
      "comments": [
        "😂",
        "👍"
      ],
      "language": "Other",
      "pure_emoji": false
    },
    {
      "user": "Huang Bin",
      "comments": [
        "你能接受呀",
        "怎麼說 你不覺得會有可能",
        "瞭解 我有私訊你樓"
      ],
      "language": "Chinese",
      "pure_emoji": false
    },
    {
      "user": "Hue Ly",
      "comments": [
        "❤❤❤❤"
      ],
      "language": "Other",
      "pure_emoji": false
    },
    {
      "user": "Hà Mạnh",
      "comments": [
        "Chưa nên chỉ dùng Đồng NDT ngay bây gió. Hãy cho Thêm Thồi gian nữa"
      ],
      "language": "English",
      "pure_emoji": false
    },
    {
      "user": "J53",
      "comments": [
        "👍"
      ],
      "language": "Other",
      "pure_emoji": true
    },
    {
      "user": "James",
      "comments": [
        "不妥！還得慢慢來！才不會落入美帝的陷井！"
      ],
      "language": "Chinese",
      "pure_emoji": false
    },
    {
      "user": "James包租公",
      "comments": [
        "要慢慢養小弟了,不然怎做老大😁😂"
      ],
      "language": "Chinese",
      "pure_emoji": false
    },
    {
      "user": "Jeff",
      "comments": [
        "如果美国宣布对全世界除中国都免税，中共该如何面对。"
      ],
      "language": "Chinese",
      "pure_emoji": false
    },
    {
      "user": "Jeremy Choong",
      "comments": [
        "天在觀看人心， 天也在考驗人心， 人在做， 天在看， 現眼報， 現世報， 天道好輪迴， 老天饒過誰， 不求有功， 但求無過， 舉頭三尺有神明， 老天是公平的！ 天作孽， 猶可違， 自作孽， 不可活！ 早知今日， 何必當初！"
      ],
      "language": "Chinese",
      "pure_emoji": false
    },
    {
      "user": "Jin",
      "comments": [
        "No, that will cause surge of need of RMB and pushing RMB go up, in turn it hurts export. This has to be done with measured paces."
      ],
      "language": "English",
      "pure_emoji": false
    },
    {
      "user": "Johnny",
      "comments": [
        "梦里啥都有……😂😂😂"
      ],
      "language": "Chinese",
      "pure_emoji": false
    },
    {
      "user": "Junyuan2022",
      "comments": [
        "yes"
      ],
      "language": "English",
      "pure_emoji": false
    },
    {
      "user": "KS Tan",
      "comments": [
        "Fully support 💯💯😏😏"
      ],
      "language": "English",
      "pure_emoji": false
    },
    {
      "user": "Kevin Liu",
      "comments": [
        "去读点书"
      ],
      "language": "Chinese",
      "pure_emoji": false
    },
    {
      "user": "Koay Andy",
      "comments": [
        "好主意，可行，丢美国，也丢美元…….💕👍"
      ],
      "language": "Chinese",
      "pure_emoji": false
    },
    {
      "user": "LeRn",
      "comments": [
        "前提是你的信用要過關"
      ],
      "language": "Chinese",
      "pure_emoji": false
    },
    {
      "user": "Lee Kamhua",
      "comments": [
        "支持！"
      ],
      "language": "Chinese",
      "pure_emoji": false
    },
    {
      "user": "Like music",
      "comments": [
        "很好的想法👍支持👍👍👍"
      ],
      "language": "Chinese",
      "pure_emoji": false
    },
    {
      "user": "Liqun Chen",
      "comments": [
        "此举可行，但要徐徐图之。"
      ],
      "language": "Chinese",
      "pure_emoji": false
    },
    {
      "user": "Lucas",
      "comments": [
        "先捨得開放市場再說吧"
      ],
      "language": "Chinese",
      "pure_emoji": false
    },
    {
      "user": "L石头",
      "comments": [
        "大善"
      ],
      "language": "Chinese",
      "pure_emoji": false
    },
    {
      "user": "Medy",
      "comments": [
        "中国就是聪明人多"
      ],
      "language": "Chinese",
      "pure_emoji": false
    },
    {
      "user": "Min",
      "comments": [
        "中国也是进口大国"
      ],
      "language": "Chinese",
      "pure_emoji": false
    },
    {
      "user": "Ming01",
      "comments": [
        "不妨试試看！"
      ],
      "language": "Chinese",
      "pure_emoji": false
    },
    {
      "user": "MrTang",
      "comments": [
        "不太可能，因为我们是工业出口国而且贸易顺差如果人民币变成交易货币那别的国家哪里来的人民币。"
      ],
      "language": "Chinese",
      "pure_emoji": false
    },
    {
      "user": "Musa",
      "comments": [
        "好啊。"
      ],
      "language": "Chinese",
      "pure_emoji": false
    },
    {
      "user": "M大侠",
      "comments": [
        "结果就是全世界买人民币，因为要用人民币来买货，然后人民币就升值，人民币升值就会导致制造业外流，这就是美国面临的情况，总结一句话就是要人民币国际化就不能要制造业，要制造业就不能要人民币国际化，这就是特里芬难题"
      ],
      "language": "Chinese",
      "pure_emoji": false
    },
    {
      "user": "N4123456陳",
      "comments": [
        "限制三年好了"
      ],
      "language": "Chinese",
      "pure_emoji": false
    },
    {
      "user": "Ng Tet shin",
      "comments": [
        "中国加油"
      ],
      "language": "Chinese",
      "pure_emoji": false
    },
    {
      "user": "Ning",
      "comments": [
        "那样很容易就跟美国一样了，离岸人民币不受控了。"
      ],
      "language": "Chinese",
      "pure_emoji": false
    },
    {
      "user": "Nobody",
      "comments": [
        "不會"
      ],
      "language": "Chinese",
      "pure_emoji": false
    },
    {
      "user": "P11",
      "comments": [
        "可以"
      ],
      "language": "Chinese",
      "pure_emoji": false
    },
    {
      "user": "PA SHEAN",
      "comments": [
        "想也知道不可能，中國又不是進口大國，是出口大國，過度廉價的商品會衝擊到其他國家的產業，所以根本不可能0關稅",
        "是啊"
      ],
      "language": "Chinese",
      "pure_emoji": false
    },
    {
      "user": "PKIM1680",
      "comments": [
        "立马实行。"
      ],
      "language": "Chinese",
      "pure_emoji": false
    },
    {
      "user": "Peter Chew",
      "comments": [
        "good idea"
      ],
      "language": "English",
      "pure_emoji": false
    },
    {
      "user": "Peter Tan",
      "comments": [
        "人家是世界警察,除非干掉他,不然大家只会承认美元"
      ],
      "language": "Chinese",
      "pure_emoji": false
    },
    {
      "user": "PeterToronto2022",
      "comments": [
        "可以也包括美国 更显我新大国格局比美国大，海纳百川，八方来朝。"
      ],
      "language": "Chinese",
      "pure_emoji": false
    },
    {
      "user": "Prince Silence",
      "comments": [
        "做這個影片的人是不是一點經濟學基礎都沒有就跳出來以為自己是專家了？"
      ],
      "language": "Chinese",
      "pure_emoji": false
    },
    {
      "user": "Qingqing",
      "comments": [
        "👍"
      ],
      "language": "Other",
      "pure_emoji": true
    },
    {
      "user": "RGHTHJUG",
      "comments": [
        "想太多"
      ],
      "language": "Chinese",
      "pure_emoji": false
    },
    {
      "user": "RRL",
      "comments": [
        "主要看消费能力"
      ],
      "language": "Chinese",
      "pure_emoji": false
    },
    {
      "user": "Roger5978",
      "comments": [
        "猶太人第一個贊成"
      ],
      "language": "Chinese",
      "pure_emoji": false
    },
    {
      "user": "S7even",
      "comments": [
        "不能自由对换😂😂怎么走向世界"
      ],
      "language": "Chinese",
      "pure_emoji": false
    },
    {
      "user": "Saitou Chan",
      "comments": [
        "絕对支持"
      ],
      "language": "Chinese",
      "pure_emoji": false
    },
    {
      "user": "Sara",
      "comments": [
        "你咋这么聪明呢👍👍👍"
      ],
      "language": "Chinese",
      "pure_emoji": false
    },
    {
      "user": "Shiyongwei",
      "comments": [
        "😁😁😁清场式遥遥领先。"
      ],
      "language": "Chinese",
      "pure_emoji": false
    },
    {
      "user": "Simon Khoo",
      "comments": [
        "好主意"
      ],
      "language": "Chinese",
      "pure_emoji": false
    },
    {
      "user": "Steven",
      "comments": [
        "很棒"
      ],
      "language": "Chinese",
      "pure_emoji": false
    },
    {
      "user": "Steven ea 8171",
      "comments": [
        "👍👍👍"
      ],
      "language": "Other",
      "pure_emoji": true
    },
    {
      "user": "Than Myo123",
      "comments": [
        "會 加油😎"
      ],
      "language": "Chinese",
      "pure_emoji": false
    },
    {
      "user": "The Great Move",
      "comments": [
        "美国会开战。"
      ],
      "language": "Chinese",
      "pure_emoji": false
    },
    {
      "user": "Tien Wang148",
      "comments": [
        "危机出奇招 有何不可",
        "沒有不可試的事"
      ],
      "language": "Chinese",
      "pure_emoji": false
    },
    {
      "user": "Toan Nguyen",
      "comments": [
        "Đúng chỉ khi cả thế giới không dùng USD nữa thì mới lật đổ được bá quyền Mỹ"
      ],
      "language": "English",
      "pure_emoji": false
    },
    {
      "user": "Vegan-LoveFree",
      "comments": [
        "其他國家不可能對中國採零關稅，若採，各國的工廠將倒閉"
      ],
      "language": "Chinese",
      "pure_emoji": false
    },
    {
      "user": "W  ai k m",
      "comments": [
        "会的"
      ],
      "language": "Chinese",
      "pure_emoji": false
    },
    {
      "user": "Wen Jiang818",
      "comments": [
        "不可能。中国是贸易顺差过。"
      ],
      "language": "Chinese",
      "pure_emoji": false
    },
    {
      "user": "Wilson Luo",
      "comments": [
        "可以！ 但必需是自由經濟體制， 才能讓世界相信！"
      ],
      "language": "Chinese",
      "pure_emoji": false
    },
    {
      "user": "Wong Fui",
      "comments": [
        "👍"
      ],
      "language": "Other",
      "pure_emoji": true
    },
    {
      "user": "Wong Toon Chu",
      "comments": [
        "👍👍👍"
      ],
      "language": "Other",
      "pure_emoji": true
    },
    {
      "user": "Wuxie",
      "comments": [
        "让你拿产品换，你会要通用不了的金元卷吗？"
      ],
      "language": "Chinese",
      "pure_emoji": false
    },
    {
      "user": "Yalai🇹🇼🇨🇳🇭🇰🇲🇴",
      "comments": [
        "哈哈，不可能"
      ],
      "language": "Chinese",
      "pure_emoji": false
    },
    {
      "user": "Yihua He",
      "comments": [
        "😂😂😂"
      ],
      "language": "Other",
      "pure_emoji": true
    },
    {
      "user": "Yuan Huang",
      "comments": [
        "此举国内的产业要崩。不怕加关税，怕就怕全部0关税。"
      ],
      "language": "Chinese",
      "pure_emoji": false
    },
    {
      "user": "Yungcheng",
      "comments": [
        "👏👏👏"
      ],
      "language": "Other",
      "pure_emoji": true
    },
    {
      "user": "aaa",
      "comments": [
        "那是除美債的另一個金融核蛋喔～～～～加關稅？美國貨貴？那買中國貨阿～歡迎全世界都來買👏👏👏👏👏👏👏👏👏👏"
      ],
      "language": "Chinese",
      "pure_emoji": false
    },
    {
      "user": "agu gu",
      "comments": [
        "你想多了",
        "坐井观天"
      ],
      "language": "Chinese",
      "pure_emoji": false
    },
    {
      "user": "b9922033",
      "comments": [
        "我就說這是中國百年ㄧ遇的機遇，戰機瞬息萬變要就得快，而且以戰略說經濟的勝利台灣問題對你們來說也等於解決了😂😂😂，但我不知道共共有有沒有那種魄力"
      ],
      "language": "Chinese",
      "pure_emoji": false
    },
    {
      "user": "ban leng aquatic",
      "comments": [
        "大陆要小心俄罗斯"
      ],
      "language": "Chinese",
      "pure_emoji": false
    },
    {
      "user": "beautyyourself888",
      "comments": [
        "不太可能，但可以加大開放力道"
      ],
      "language": "Chinese",
      "pure_emoji": false
    },
    {
      "user": "benny",
      "comments": [
        "👍👍👍"
      ],
      "language": "Other",
      "pure_emoji": true
    },
    {
      "user": "chen tom",
      "comments": [
        "世界不是只有美國而已，為什麼全世界都要被美國綁架呢！美國收割全世界很久了👍"
      ],
      "language": "Chinese",
      "pure_emoji": false
    },
    {
      "user": "chen_yimo",
      "comments": [
        "可行个锤子"
      ],
      "language": "Chinese",
      "pure_emoji": false
    },
    {
      "user": "cheny8978",
      "comments": [
        "中國大陸應把先期規劃做到圓滿無誤準備工作，讓人民幣決算成為事實，成為主導世界貿易大國，讓美帝邪惡勢力經濟垮台！"
      ],
      "language": "Chinese",
      "pure_emoji": false
    },
    {
      "user": "chfanjiang",
      "comments": [
        "不會，其他國家賺不到足夠的人民幣，除非像美國一樣做一個逆差國才能輸出貨幣"
      ],
      "language": "Chinese",
      "pure_emoji": false
    },
    {
      "user": "david chang",
      "comments": [
        "想的太美"
      ],
      "language": "Chinese",
      "pure_emoji": false
    },
    {
      "user": "dianjunli7",
      "comments": [
        "以物换物不就可以"
      ],
      "language": "Chinese",
      "pure_emoji": false
    },
    {
      "user": "doudou8",
      "comments": [
        "美国不会打你，但会打和你贸易的国家"
      ],
      "language": "Chinese",
      "pure_emoji": false
    },
    {
      "user": "dy5vqhkp365v",
      "comments": [
        "你想多了"
      ],
      "language": "Chinese",
      "pure_emoji": false
    },
    {
      "user": "gary chew 03",
      "comments": [
        "👍👍👍👍👍"
      ],
      "language": "Other",
      "pure_emoji": true
    },
    {
      "user": "god88999",
      "comments": [
        "讚哦！"
      ],
      "language": "Chinese",
      "pure_emoji": false
    },
    {
      "user": "goodeat",
      "comments": [
        "很好啊，試試啊"
      ],
      "language": "Chinese",
      "pure_emoji": false
    },
    {
      "user": "hocksengang8",
      "comments": [
        "👍👍👍"
      ],
      "language": "Other",
      "pure_emoji": true
    },
    {
      "user": "huibiaolin",
      "comments": [
        "想多了"
      ],
      "language": "Chinese",
      "pure_emoji": false
    },
    {
      "user": "jeffery",
      "comments": [
        "不會。最主要的原因是中國不像美國，是全球最大消費國。中國也是商品出口國，而不是主要消費國，這樣會讓其它國家賺不到想要的順差，而對與中國貿易的興趣提不起勁"
      ],
      "language": "Chinese",
      "pure_emoji": false
    },
    {
      "user": "jj",
      "comments": [
        "👍👍👍"
      ],
      "language": "Other",
      "pure_emoji": true
    },
    {
      "user": "kennylo821",
      "comments": [
        "😁😁😁👍👍 Good America only game over"
      ],
      "language": "English",
      "pure_emoji": false
    },
    {
      "user": "kidinthenet",
      "comments": [
        "很难。因为中国什么都有，什么都便宜，其他国家很少有中国需要的东西。中国是生产国，输出国。但美国是消费国，很多国家赚美国钱。"
      ],
      "language": "Chinese",
      "pure_emoji": false
    },
    {
      "user": "kyaukme ko",
      "comments": [
        "有這個可能，但是零關稅對中國本身也沒有利益，得不償失。要完全取代美金霸權還需要一些時間和戰略，是這個方向沒錯，這是遲早的問題。"
      ],
      "language": "Chinese",
      "pure_emoji": false
    },
    {
      "user": "liueang12345",
      "comments": [
        "讚"
      ],
      "language": "Chinese",
      "pure_emoji": false
    },
    {
      "user": "louislee9543",
      "comments": [
        "必须安排上"
      ],
      "language": "Chinese",
      "pure_emoji": false
    },
    {
      "user": "love",
      "comments": [
        "不会的，我们是生产大国"
      ],
      "language": "Chinese",
      "pure_emoji": false
    },
    {
      "user": "lutian626",
      "comments": [
        "三戰"
      ],
      "language": "Chinese",
      "pure_emoji": false
    },
    {
      "user": "maco650609",
      "comments": [
        "噗，你以為政府稅收怎麼來？你以為全中國目前是富得流油，還是財政緊縮？還沒睡醒嗎？"
      ],
      "language": "Chinese",
      "pure_emoji": false
    },
    {
      "user": "moneycat_china",
      "comments": [
        "台灣特產亻委女又夕夕"
      ],
      "language": "Chinese",
      "pure_emoji": false
    },
    {
      "user": "mustonly",
      "comments": [
        "想法不错，，，"
      ],
      "language": "Chinese",
      "pure_emoji": false
    },
    {
      "user": "ocean",
      "comments": [
        "🤣一旦宣布 那帮人会直接做空人民币 等着崩盘吧"
      ],
      "language": "Chinese",
      "pure_emoji": false
    },
    {
      "user": "peteryang759",
      "comments": [
        "可行"
      ],
      "language": "Chinese",
      "pure_emoji": false
    },
    {
      "user": "plotowen",
      "comments": [
        "👍👍👍"
      ],
      "language": "Other",
      "pure_emoji": true
    },
    {
      "user": "popubug",
      "comments": [
        "很好"
      ],
      "language": "Chinese",
      "pure_emoji": false
    },
    {
      "user": "quek",
      "comments": [
        "👍👍👍💪"
      ],
      "language": "Other",
      "pure_emoji": true
    },
    {
      "user": "rabinchen92",
      "comments": [
        "不可能。中國低端產業全部被東南亞取代。失業率上升"
      ],
      "language": "Chinese",
      "pure_emoji": false
    },
    {
      "user": "raymondchen2515",
      "comments": [
        "绝无可行性，因为这违背了中国的国情和经济规律。 任何的世界性货币都需要本身先成为一个贸易逆差国才行，像美国这样大量的采购全世界商品服务，而输出的商品服务要远远小于进口，只有这样才能把自己本国的货币输送到世界各地，随时间的推移，才能成为国际货币。中国的现实是它去年向世界各地售出了天量的商品，贸易顺差高达1.2万亿美元，这样下去过100年人民币也无法取代美元。"
      ],
      "language": "Chinese",
      "pure_emoji": false
    },
    {
      "user": "samaugustine449",
      "comments": [
        "好。。安排😁😁😁😁"
      ],
      "language": "Chinese",
      "pure_emoji": false
    },
    {
      "user": "sohsozgx13g",
      "comments": [
        "👍👍👍👍"
      ],
      "language": "Other",
      "pure_emoji": true
    },
    {
      "user": "soon",
      "comments": [
        "好棋！🥰🥰"
      ],
      "language": "Chinese",
      "pure_emoji": false
    },
    {
      "user": "steven tsai",
      "comments": [
        "很可能，由于中国外销產品多先历经殘酷激烈的内卷競争，即使人民币由于需求增加而升值迫使外销產品变贵也仍然具有强劲的国际競爭力，不致影响外销业绩。"
      ],
      "language": "Chinese",
      "pure_emoji": false
    },
    {
      "user": "stone異想世界",
      "comments": [
        "貿易是多餘的生意，不是主要生意"
      ],
      "language": "Chinese",
      "pure_emoji": false
    },
    {
      "user": "sun",
      "comments": [
        "烏拉"
      ],
      "language": "Chinese",
      "pure_emoji": false
    },
    {
      "user": "sung ling KUO",
      "comments": [
        "一定可以的"
      ],
      "language": "Chinese",
      "pure_emoji": false
    },
    {
      "user": "tan",
      "comments": [
        "👍🥰"
      ],
      "language": "Other",
      "pure_emoji": true
    },
    {
      "user": "tc leong",
      "comments": [
        "不行，因为美国会发动战争，只能逐步进行。"
      ],
      "language": "Chinese",
      "pure_emoji": false
    },
    {
      "user": "tito",
      "comments": [
        "4.12睡醒等消息"
      ],
      "language": "Chinese",
      "pure_emoji": false
    },
    {
      "user": "tony",
      "comments": [
        "东大不会往死里整老美的，你放心，谈，大门敞开，随时可以回头。"
      ],
      "language": "Chinese",
      "pure_emoji": false
    },
    {
      "user": "tsmc22099131",
      "comments": [
        "👍"
      ],
      "language": "Other",
      "pure_emoji": true
    },
    {
      "user": "user0mud6au1wf",
      "comments": [
        "應該是只要用人民幣結算一律0關稅"
      ],
      "language": "Chinese",
      "pure_emoji": false
    },
    {
      "user": "user109020520401",
      "comments": [
        "快醒醒吧"
      ],
      "language": "Chinese",
      "pure_emoji": false
    },
    {
      "user": "user2402495571112",
      "comments": [
        "宣布了么？很难，中国还没准备好应对人民币国际化。对等使用人民币，意味着需要多发很多人民币。货币会加速贬值，国内货物会通胀，同时外国货品会变便宜。类似美国现状，结果是国内就业会外移。"
      ],
      "language": "Chinese",
      "pure_emoji": false
    },
    {
      "user": "user2457640472701",
      "comments": [
        "请国际贸易金融法律等真的专家，从不同的视角去反复推演，看看可行及风险评估方案后…✊"
      ],
      "language": "Chinese",
      "pure_emoji": false
    },
    {
      "user": "user2504908119950",
      "comments": [
        "好主意喔！",
        "大膽嘗試吧！擺脫美元可行"
      ],
      "language": "Chinese",
      "pure_emoji": false
    },
    {
      "user": "user3025753367513",
      "comments": [
        "讚歐"
      ],
      "language": "Chinese",
      "pure_emoji": false
    },
    {
      "user": "user3140226217654",
      "comments": [
        "夢裡最美 整天做夢"
      ],
      "language": "Chinese",
      "pure_emoji": false
    },
    {
      "user": "user37405198817",
      "comments": [
        "👍👍"
      ],
      "language": "Other",
      "pure_emoji": true
    },
    {
      "user": "user4264067764324",
      "comments": [
        "🥰🥰🥰🥰🥰🥰😂😂😂😂😂"
      ],
      "language": "Other",
      "pure_emoji": true
    },
    {
      "user": "user4545033726361",
      "comments": [
        "此計高明……美霸太橫了"
      ],
      "language": "Chinese",
      "pure_emoji": false
    },
    {
      "user": "user5057343816761",
      "comments": [
        "慢慢想吧"
      ],
      "language": "Chinese",
      "pure_emoji": false
    },
    {
      "user": "user519467042839",
      "comments": [
        "This idea is good but must wait a little time to observe. expected there may have changes soon."
      ],
      "language": "English",
      "pure_emoji": false
    },
    {
      "user": "user5843884349590",
      "comments": [
        "說的好~讚👍😄"
      ],
      "language": "Chinese",
      "pure_emoji": false
    },
    {
      "user": "user6852478453086",
      "comments": [
        "（1）美元是國際通用貨幣，曾經與黃金掛勾，因此又叫（🔴美金），而美金後面又有美軍與科技為支撐。 （2）人民幣別名，是否又叫（草紙？？）,川普揮動關稅大棒，中國出口瞬間哀鴻遍野，人民開始研究（如何吃樹皮），也可以到海地、非洲考察：（如何吃土？）"
      ],
      "language": "Chinese",
      "pure_emoji": false
    },
    {
      "user": "user6dbo2uu816",
      "comments": [
        "美國就玩完了👍"
      ],
      "language": "Chinese",
      "pure_emoji": false
    },
    {
      "user": "user7469265220258",
      "comments": [
        "還是犧牲一點中國大陸同胞換世界經濟和平好一點！但還是感謝大陸同胞幫我們扛傷害"
      ],
      "language": "Chinese",
      "pure_emoji": false
    },
    {
      "user": "user7586314513282",
      "comments": [
        "😁😁😁"
      ],
      "language": "Other",
      "pure_emoji": true
    },
    {
      "user": "user7816161112982",
      "comments": [
        "100 percent support"
      ],
      "language": "English",
      "pure_emoji": false
    },
    {
      "user": "user8766944502422",
      "comments": [
        "這個好喔😁😁😁"
      ],
      "language": "Chinese",
      "pure_emoji": false
    },
    {
      "user": "user9039226799367",
      "comments": [
        "高招"
      ],
      "language": "Chinese",
      "pure_emoji": false
    },
    {
      "user": "user91819611554444",
      "comments": [
        "是時侯了"
      ],
      "language": "Chinese",
      "pure_emoji": false
    },
    {
      "user": "wolf",
      "comments": [
        "Get ready for war before doing this."
      ],
      "language": "English",
      "pure_emoji": false
    },
    {
      "user": "wong888999889910",
      "comments": [
        "请你告诉我：人民币 在中国可以买什么 🤔 银行 、保险 、 通信 、电力 、石油 、烟草 、啥可以买 🤔 ……… 不要告诉我买房 😎"
      ],
      "language": "Chinese",
      "pure_emoji": false
    },
    {
      "user": "wow",
      "comments": [
        "China should have FTA will everyone in the world except USA!"
      ],
      "language": "English",
      "pure_emoji": false
    },
    {
      "user": "yc20012020m",
      "comments": [
        "本来就应该是这样的，买中国的东西应该用人民币，但是人民币国际化有那么高么？人民币不能自由兑换是关键的金融保障，要不然难免遭遇港币和韩元那样的危机"
      ],
      "language": "Chinese",
      "pure_emoji": false
    },
    {
      "user": "you",
      "comments": [
        "這個好"
      ],
      "language": "Chinese",
      "pure_emoji": false
    },
    {
      "user": "yulin099",
      "comments": [
        "做夢"
      ],
      "language": "Chinese",
      "pure_emoji": false
    },
    {
      "user": "zhenwu50",
      "comments": [
        "那就試試"
      ],
      "language": "Chinese",
      "pure_emoji": false
    },
    {
      "user": "zkq33",
      "comments": [
        "这个变动太大了, 不能这么玩. 稍微不慎那就是国家崩溃. 弊大于利. 所有进口零关税的话国内经济要崩坏的. 川普估计要笑出花"
      ],
      "language": "Chinese",
      "pure_emoji": false
    },
    {
      "user": "เจี้ยน",
      "comments": [
        "梦里应有尽有"
      ],
      "language": "Chinese",
      "pure_emoji": false
    },
    {
      "user": "អាកាឡា",
      "comments": [
        "现在还不是最好的时候"
      ],
      "language": "Chinese",
      "pure_emoji": false
    },
    {
      "user": "⚔️灰燼使者⚔️",
      "comments": [
        "中國是貿易順差國啦！😂"
      ],
      "language": "Chinese",
      "pure_emoji": false
    },
    {
      "user": "エイメイ",
      "comments": [
        "你说了算，反正我们只要有韭菜的觉悟就好了。该牺牲就牺牲"
      ],
      "language": "Chinese",
      "pure_emoji": false
    },
    {
      "user": "中強",
      "comments": [
        "偉大中華民族"
      ],
      "language": "Chinese",
      "pure_emoji": false
    },
    {
      "user": "中華民族",
      "comments": [
        "美國是台灣美國是沒國"
      ],
      "language": "Chinese",
      "pure_emoji": false
    },
    {
      "user": "今日年輕明日老（中國文化含臺灣）",
      "comments": [
        "先從亞洲各國式辦看看！！！"
      ],
      "language": "Chinese",
      "pure_emoji": false
    },
    {
      "user": "以德斧人🇨🇳",
      "comments": [
        "不行 这样的话人民币必定会大放水 汇率上涨 导致出口下降 然后产业空心化 从走老美的老路"
      ],
      "language": "Chinese",
      "pure_emoji": false
    },
    {
      "user": "伍玥梁夏",
      "comments": [
        "快宣布"
      ],
      "language": "Chinese",
      "pure_emoji": false
    },
    {
      "user": "何必问（小陈）",
      "comments": [
        "哈哈哈 纸国人就是喜欢发梦"
      ],
      "language": "Chinese",
      "pure_emoji": false
    },
    {
      "user": "你發財",
      "comments": [
        "對"
      ],
      "language": "Chinese",
      "pure_emoji": false
    },
    {
      "user": "倫",
      "comments": [
        "你们中国人民为什么不要求中国政府发动武统！"
      ],
      "language": "Chinese",
      "pure_emoji": false
    },
    {
      "user": "偉",
      "comments": [
        "用人民幣交易。沒有匯率。靠自身國力交換。沒有剝削。人類命運共同體。各國就只能注重自身發展。中國重訂世界規則。而國力要找個指標"
      ],
      "language": "Chinese",
      "pure_emoji": false
    },
    {
      "user": "傻到飛上天",
      "comments": [
        "你看的角度 不夠銳利 就別發言了"
      ],
      "language": "Chinese",
      "pure_emoji": false
    },
    {
      "user": "先行者",
      "comments": [
        "那大陸本地貨就立刻賣不出去了！"
      ],
      "language": "Chinese",
      "pure_emoji": false
    },
    {
      "user": "克里斯大人",
      "comments": [
        "中國購買力多少？😏😏😏"
      ],
      "language": "Chinese",
      "pure_emoji": false
    },
    {
      "user": "六六大顺",
      "comments": [
        "对，，，赶快马上，，值行（别等了）👍💪👏"
      ],
      "language": "Chinese",
      "pure_emoji": false
    },
    {
      "user": "养鸡专业户",
      "comments": [
        "货币输出国必然是经常项目赤字。"
      ],
      "language": "Chinese",
      "pure_emoji": false
    },
    {
      "user": "南山人",
      "comments": [
        "高，绝"
      ],
      "language": "Chinese",
      "pure_emoji": false
    },
    {
      "user": "友嘉",
      "comments": [
        "对美国也可以呀，凡以人民币和我们结算的部分都是零关税。大家随意。👍👍👍🌹🌹🌹"
      ],
      "language": "Chinese",
      "pure_emoji": false
    },
    {
      "user": "古昭德",
      "comments": [
        "支持"
      ],
      "language": "Chinese",
      "pure_emoji": false
    },
    {
      "user": "台南語卿",
      "comments": [
        "美国川普只用关税提高不只拉拢70几国跟他谈判还让中国中计跟美国硬杠，结果全球只有中国被提高125%关税，再跟谈判各国围堵中国洗产地提高对中国关税为条件，被孤立中国后国可想而知，别想台湾会跟中国混😆😆😆😆😆搞笑是中国本来想会有国家站队中国，连俄罗斯也对中国提高关税四面楚歌"
      ],
      "language": "Chinese",
      "pure_emoji": false
    },
    {
      "user": "周信良",
      "comments": [
        "要全世界聯合！"
      ],
      "language": "Chinese",
      "pure_emoji": false
    },
    {
      "user": "唐雨瞳",
      "comments": [
        "對的，擺脫美金不怕被制裁"
      ],
      "language": "Chinese",
      "pure_emoji": false
    },
    {
      "user": "在列強面前都是魚肉",
      "comments": [
        "👍👍👍❤️❤️❤️😍😍😍"
      ],
      "language": "Other",
      "pure_emoji": true
    },
    {
      "user": "大壯",
      "comments": [
        "💪💪💪💪"
      ],
      "language": "Other",
      "pure_emoji": true
    },
    {
      "user": "天之驕子",
      "comments": [
        "真讚，就是靠這一次衍生新的貿易制度"
      ],
      "language": "Chinese",
      "pure_emoji": false
    },
    {
      "user": "天淨沙",
      "comments": [
        "只要擊垮美國，任何都可嘗試👍"
      ],
      "language": "Chinese",
      "pure_emoji": false
    },
    {
      "user": "天龍八部喬峰",
      "comments": [
        "好了啦⋯⋯"
      ],
      "language": "Chinese",
      "pure_emoji": false
    },
    {
      "user": "奮發向上",
      "comments": [
        "讚～"
      ],
      "language": "Chinese",
      "pure_emoji": false
    },
    {
      "user": "好生活",
      "comments": [
        "Taking this step would mean the US declaring war on China."
      ],
      "language": "English",
      "pure_emoji": false
    },
    {
      "user": "安梯",
      "comments": [
        "支持马上开始"
      ],
      "language": "Chinese",
      "pure_emoji": false
    },
    {
      "user": "寶進",
      "comments": [
        "好"
      ],
      "language": "Chinese",
      "pure_emoji": false
    },
    {
      "user": "寻欢",
      "comments": [
        "不论怎样，中国只有一条路，那就是对抗，别无其他路可走"
      ],
      "language": "Chinese",
      "pure_emoji": false
    },
    {
      "user": "小林",
      "comments": [
        "大势所趋"
      ],
      "language": "Chinese",
      "pure_emoji": false
    },
    {
      "user": "小細節",
      "comments": [
        "中國一定要站得住腳，中國人已經被美國人欺壓了好幾十年了，"
      ],
      "language": "Chinese",
      "pure_emoji": false
    },
    {
      "user": "小雄",
      "comments": [
        "幹的好👍"
      ],
      "language": "Chinese",
      "pure_emoji": false
    },
    {
      "user": "巴勇",
      "comments": [
        "支持"
      ],
      "language": "Chinese",
      "pure_emoji": false
    },
    {
      "user": "幽達",
      "comments": [
        "東方龍牽頭弄一個全球聯合結算貨幣更好！可以反面告知全球我們沒有要走，美國貨幣收割全球的路。"
      ],
      "language": "Chinese",
      "pure_emoji": false
    },
    {
      "user": "开心每一天",
      "comments": [
        "输了"
      ],
      "language": "Chinese",
      "pure_emoji": false
    },
    {
      "user": "开泉",
      "comments": [
        "狗急跳墙，不划算"
      ],
      "language": "Chinese",
      "pure_emoji": false
    },
    {
      "user": "张三李四",
      "comments": [
        "梦里啥都有"
      ],
      "language": "Chinese",
      "pure_emoji": false
    },
    {
      "user": "張恒碩",
      "comments": [
        "妙"
      ],
      "language": "Chinese",
      "pure_emoji": false
    },
    {
      "user": "張正宗",
      "comments": [
        "別特意做這種多餘的動作，用越南來比喻好了，越南跟美國做生意(貿易)，賺取美國金錢(貿易順差)，特朗普意圖要各國從美國賺取的順差金額，用各種方式返還給美國，試想商人做生意，就是為了能賺錢，返還了 等於沒得賺錢，請問這生意還做得下去嗎?所以，根本不用擔心的。"
      ],
      "language": "Chinese",
      "pure_emoji": false
    },
    {
      "user": "心存善念，永不嫌晚",
      "comments": [
        "美國是紙老虎，中國共產黨大可以試試看啊？中國大陸共慘黨是半夜吹口哨壯膽，論戰鬥驚豔，中國有打過嗎？這一代人誰有打過戰役的，沒有半個人，反觀美國政府打實戰，武器裝備均得到了驗證，相較之下誰是紙老虎，不言而喻了吧？中國大陸人民要清醒點，共同推翻了共慘黨，迎接中華民國回歸，或是建立起新中國，走民主化的國家，跟台灣學一學醫療體系中的健保，教育體系的15年免費教育培養，出公費留學，而不是狂割人民韭菜，政府部"
      ],
      "language": "Chinese",
      "pure_emoji": false
    },
    {
      "user": "心浪",
      "comments": [
        "光说不练。。。"
      ],
      "language": "Chinese",
      "pure_emoji": false
    },
    {
      "user": "恩",
      "comments": [
        "可以必須的"
      ],
      "language": "Chinese",
      "pure_emoji": false
    },
    {
      "user": "我就賴皮",
      "comments": [
        "對美徵出口關稅才是王道"
      ],
      "language": "Chinese",
      "pure_emoji": false
    },
    {
      "user": "我的名子七個字",
      "comments": [
        "那就不是人民幣，那是中債"
      ],
      "language": "Chinese",
      "pure_emoji": false
    },
    {
      "user": "戴维斯💕🇺🇸🗽",
      "comments": [
        "😂"
      ],
      "language": "Other",
      "pure_emoji": true
    },
    {
      "user": "护照办理",
      "comments": [
        "放心不能实行的，因为中国不是正义的政府，这才是全世界针对中国的原因"
      ],
      "language": "Chinese",
      "pure_emoji": false
    },
    {
      "user": "撞牆頭會痛",
      "comments": [
        "應該不可能。美國會砍斷台灣出口中國。那中國還能賣什麼？茅台？大豆？少了台灣供應鏈，中國啥也不是。所以為什麼中國寧可圍台演猴戲也不會砍斷對台的購買力。華為號稱自製率80%以上、但扣除台灣供應鏈後、華為自製率不到20%。知道台灣對中國的重要性了吧！所以美國要打倒中國的王牌就是台灣"
      ],
      "language": "Chinese",
      "pure_emoji": false
    },
    {
      "user": "整体卫生间",
      "comments": [
        "不可能，因为你的零关税没有消费力，中国老百姓没钱买全球。"
      ],
      "language": "Chinese",
      "pure_emoji": false
    },
    {
      "user": "文辛",
      "comments": [
        "漸進式較好,分幾階段 可找幾個金磚國試試,在擴大不遲 當然也可試試看？看各國反應？人民幣很難突然全方位代替美元地位？發行數量,金融卡別,使用方便性.互換性...等等 因美元已與全球經濟.貿易.結算...等掛勾.捆綁自有其難處？"
      ],
      "language": "Chinese",
      "pure_emoji": false
    },
    {
      "user": "昨夜星辰",
      "comments": [
        "阿Q精神"
      ],
      "language": "Mixed",
      "pure_emoji": false
    },
    {
      "user": "時金林",
      "comments": [
        "想得美😒"
      ],
      "language": "Chinese",
      "pure_emoji": false
    },
    {
      "user": "曾彥龍",
      "comments": [
        "👍👍👍👍"
      ],
      "language": "Other",
      "pure_emoji": true
    },
    {
      "user": "未来中国：民主自由！",
      "comments": [
        "会干倒独裁垄断资本😂😂😂，他们不会砸自己的饭碗"
      ],
      "language": "Chinese",
      "pure_emoji": false
    },
    {
      "user": "朱俊豪",
      "comments": [
        "现在行不通....因为全世界都有美国的债券.、再说使用人民币、只会给美国有一个突破口、算起来不划算.、只要实行全世界使用人民币、美国所欠下的债务一笔勾销、特朗普也算是一个人才来的.、特朗普还有一张红牌还没出、就快了.."
      ],
      "language": "Chinese",
      "pure_emoji": false
    },
    {
      "user": "朱培彰",
      "comments": [
        "不會"
      ],
      "language": "Chinese",
      "pure_emoji": false
    },
    {
      "user": "東方不敗",
      "comments": [
        "人民币拿什么当锚定物呢，美元和石油捆绑，人民币呢？目前还没有那个实力"
      ],
      "language": "Chinese",
      "pure_emoji": false
    },
    {
      "user": "林北",
      "comments": [
        "沒人理你，中國與人民幣都沒有國際信用，隨時會變成壁紙"
      ],
      "language": "Chinese",
      "pure_emoji": false
    },
    {
      "user": "枫树林",
      "comments": [
        "零关税不可取"
      ],
      "language": "Chinese",
      "pure_emoji": false
    },
    {
      "user": "楊鎮吉",
      "comments": [
        "那100元人民幣就変成5毛美元。人民弊不直錢，用糧票比較好。"
      ],
      "language": "Chinese",
      "pure_emoji": false
    },
    {
      "user": "標",
      "comments": [
        "可以哦"
      ],
      "language": "Chinese",
      "pure_emoji": false
    },
    {
      "user": "永乐盛世",
      "comments": [
        "👍👍👍"
      ],
      "language": "Other",
      "pure_emoji": true
    },
    {
      "user": "海水",
      "comments": [
        "可行讓美元變廢紙"
      ],
      "language": "Chinese",
      "pure_emoji": false
    },
    {
      "user": "海海",
      "comments": [
        "不可能0關稅"
      ],
      "language": "Chinese",
      "pure_emoji": false
    },
    {
      "user": "無名",
      "comments": [
        "❤️❤️❤️❤️❤️❤️❤️❤️❤️❤️❤️❤️讚"
      ],
      "language": "Chinese",
      "pure_emoji": false
    },
    {
      "user": "無聊當有趣",
      "comments": [
        "不可能很多國家會被中國經貿給玩死，各國產業鏈會崩潰，廉價商品傾銷"
      ],
      "language": "Chinese",
      "pure_emoji": false
    },
    {
      "user": "熬夜的狂人",
      "comments": [
        "梦里什么都有"
      ],
      "language": "Chinese",
      "pure_emoji": false
    },
    {
      "user": "牛哥",
      "comments": [
        "中国人多没有消费能力！"
      ],
      "language": "Chinese",
      "pure_emoji": false
    },
    {
      "user": "獨行者",
      "comments": [
        "不......時機未到！科技及軍武要持續創新和制造核子武器多數量和俄羅斯美國差不多才可順勢而為拉牠們下馬.這才是後盾的重中之重！🤔🤔🤔 😏😏😏"
      ],
      "language": "Chinese",
      "pure_emoji": false
    },
    {
      "user": "王囯璽",
      "comments": [
        "🥰🥰🥰😂😂😂😂😂😂😂😂😂好棒好棒好棒好棒真的可行方案😅😅😅🥰🥰🥰"
      ],
      "language": "Chinese",
      "pure_emoji": false
    },
    {
      "user": "王天成",
      "comments": [
        "還是等金磚的貨幣出來會比較好，因為人民幣你們有控制根本不可能像美國一樣變成世界貨幣"
      ],
      "language": "Chinese",
      "pure_emoji": false
    },
    {
      "user": "王普政",
      "comments": [
        "有点难，中国是常年贸易顺差(盈余)的国家，其他国家的人民币从何而来？"
      ],
      "language": "Chinese",
      "pure_emoji": false
    },
    {
      "user": "王銘爕",
      "comments": [
        "祖國加油加油加油加油加油"
      ],
      "language": "Chinese",
      "pure_emoji": false
    },
    {
      "user": "理由",
      "comments": [
        "Do you have any idea what’s the true value of Chinese Yuan? Do you have, or anyone has any idea how much Chinese Yuan they printed?!"
      ],
      "language": "English",
      "pure_emoji": false
    },
    {
      "user": "用户3544165830472",
      "comments": [
        "如果把货物标价 —125。结算完 是不是就变成零关税了。此计如何 大家觉得呢？🤣"
      ],
      "language": "Chinese",
      "pure_emoji": false
    },
    {
      "user": "用户9274058920599",
      "comments": [
        "可能s3马上就开始！"
      ],
      "language": "Mixed",
      "pure_emoji": false
    },
    {
      "user": "疯狂的枭洋哥chef XL",
      "comments": [
        "太棒了，高明"
      ],
      "language": "Chinese",
      "pure_emoji": false
    },
    {
      "user": "百利赖",
      "comments": [
        "非常好主意。"
      ],
      "language": "Chinese",
      "pure_emoji": false
    },
    {
      "user": "盈盈",
      "comments": [
        "还不到时候，美元霸权一旦丧失，就会导致美元崩溃，世界经济混乱，后果不堪设想！"
      ],
      "language": "Chinese",
      "pure_emoji": false
    },
    {
      "user": "省委副书记",
      "comments": [
        "🤣🤣此计可行、核弹接的住吗？"
      ],
      "language": "Chinese",
      "pure_emoji": false
    },
    {
      "user": "石磊",
      "comments": [
        "你一个卖家把买家排出在外。 一个货币不能自由兑换喵定物是美元的货币想成为国际货币 自己国家的人都老是被封银行卡的国家 哪里来的勇气说这些话的"
      ],
      "language": "Chinese",
      "pure_emoji": false
    },
    {
      "user": "糖醋魚",
      "comments": [
        "中國復興！再次強大！中國人驕傲"
      ],
      "language": "Chinese",
      "pure_emoji": false
    },
    {
      "user": "綪",
      "comments": [
        "👏👏👏😁🥰"
      ],
      "language": "Other",
      "pure_emoji": true
    },
    {
      "user": "缅喽",
      "comments": [
        "等人民币自由兑汇才可成熟😁"
      ],
      "language": "Chinese",
      "pure_emoji": false
    },
    {
      "user": "羅群樺",
      "comments": [
        "重點中國人民不是很不喜歡日本貨嗎？還有印度還有英國還有聯合國會同意嗎？聰明反被聰明誤你這個專家只會打嘴炮。",
        "還有啊，大陸貨出了名的爛便宜沒好貨 誰要買中國貨？🤣🤣🤣🤣"
      ],
      "language": "Chinese",
      "pure_emoji": false
    },
    {
      "user": "羽",
      "comments": [
        "不如何。没到那个时候"
      ],
      "language": "Chinese",
      "pure_emoji": false
    },
    {
      "user": "翔",
      "comments": [
        "可以 馬上宣布 不要如果 現在立刻馬上"
      ],
      "language": "Chinese",
      "pure_emoji": false
    },
    {
      "user": "老烟枪",
      "comments": [
        "不能自由兑换的货币 东方大梦"
      ],
      "language": "Chinese",
      "pure_emoji": false
    },
    {
      "user": "聚樂園 個案",
      "comments": [
        "聽起來不錯可是人民會很苦"
      ],
      "language": "Chinese",
      "pure_emoji": false
    },
    {
      "user": "肉花花",
      "comments": [
        "好主意👍👍👍"
      ],
      "language": "Chinese",
      "pure_emoji": false
    },
    {
      "user": "華人",
      "comments": [
        "支持"
      ],
      "language": "Chinese",
      "pure_emoji": false
    },
    {
      "user": "蔡崇",
      "comments": [
        "聰明🥰"
      ],
      "language": "Chinese",
      "pure_emoji": false
    },
    {
      "user": "蔡文雄",
      "comments": [
        "🇨🇳中国人民币万岁🙋"
      ],
      "language": "Chinese",
      "pure_emoji": false
    },
    {
      "user": "蘇文富",
      "comments": [
        "讚讚讚讚讚讚"
      ],
      "language": "Chinese",
      "pure_emoji": false
    },
    {
      "user": "豪哥",
      "comments": [
        "元芳：此计甚好！"
      ],
      "language": "Chinese",
      "pure_emoji": false
    },
    {
      "user": "貓貓在野黨",
      "comments": [
        "哎唷 不錯喔😁 零關稅+不「美」了…顛覆以往 加油"
      ],
      "language": "Chinese",
      "pure_emoji": false
    },
    {
      "user": "轻松搬U详情:3355K.cc",
      "comments": [
        "Generous 😅",
        "Extravagant 😅",
        "Fantastic 😅"
      ],
      "language": "English",
      "pure_emoji": false
    },
    {
      "user": "连长Au Au",
      "comments": [
        "👍👍👍"
      ],
      "language": "Other",
      "pure_emoji": true
    },
    {
      "user": "過客",
      "comments": [
        "🤣🤣🤣🤣"
      ],
      "language": "Other",
      "pure_emoji": true
    },
    {
      "user": "邱鹏",
      "comments": [
        "💪💪💪"
      ],
      "language": "Other",
      "pure_emoji": true
    },
    {
      "user": "鄭宏榮",
      "comments": [
        "讚👍恭喜你 洗髓成仙"
      ],
      "language": "Chinese",
      "pure_emoji": false
    },
    {
      "user": "鍾興輝",
      "comments": [
        "美元外匯會被換光，只有黃金人民幣🤣🤣🤣"
      ],
      "language": "Chinese",
      "pure_emoji": false
    },
    {
      "user": "閒",
      "comments": [
        "先問問中央領導•••願意接受人民幣大幅升值嗎？讓中國資產大幅升值？"
      ],
      "language": "Chinese",
      "pure_emoji": false
    },
    {
      "user": "阿宇",
      "comments": [
        "异想天开😂"
      ],
      "language": "Chinese",
      "pure_emoji": false
    },
    {
      "user": "阿文仔",
      "comments": [
        "帥~ 美金vs人民幣"
      ],
      "language": "Mixed",
      "pure_emoji": false
    },
    {
      "user": "阿榕",
      "comments": [
        "太棒了"
      ],
      "language": "Chinese",
      "pure_emoji": false
    },
    {
      "user": "陳介立",
      "comments": [
        "先賣光美元資產，再收復台灣，然後可行"
      ],
      "language": "Chinese",
      "pure_emoji": false
    },
    {
      "user": "陳文明",
      "comments": [
        "民主獨裁不相容，沒有那麼簡單😂😂😂"
      ],
      "language": "Chinese",
      "pure_emoji": false
    },
    {
      "user": "陽光燦爛",
      "comments": [
        "除非不得已、不然全世界沒有人要跟共產黨做生意"
      ],
      "language": "Chinese",
      "pure_emoji": false
    },
    {
      "user": "餐企管理魔法师🧙‍♀️Jack",
      "comments": [
        "我们已经过剩 没有内需"
      ],
      "language": "Chinese",
      "pure_emoji": false
    },
    {
      "user": "馬拉松",
      "comments": [
        "台灣太想走出的那一天😅😅"
      ],
      "language": "Chinese",
      "pure_emoji": false
    },
    {
      "user": "駱丹青",
      "comments": [
        "成本是什麼？ 是讓美國維持成本增加"
      ],
      "language": "Chinese",
      "pure_emoji": false
    },
    {
      "user": "麒麟兒",
      "comments": [
        "讚"
      ],
      "language": "Chinese",
      "pure_emoji": false
    },
    {
      "user": "성실성이 모든 것이다",
      "comments": [
        "💜💜💜"
      ],
      "language": "Other",
      "pure_emoji": true
    },
    {
      "user": "😀",
      "comments": [
        "不急，慢慢玩"
      ],
      "language": "Chinese",
      "pure_emoji": false
    }
  ]
}