{
  "video_id": "7489685106227989766",
  "video_url": "https://www.tiktok.com/@muzili052396/video/7489685106227989766",
  "publish_date": null,
  "comment_groups": [
    {
      "user": "777",
      "comments": [
        "这样像不像在威胁了？😂😂🤣🤣",
        "这样像不像在威胁了？😂😂🤣🤣"
      ],
      "language": "Chinese",
      "pure_emoji": false
    },
    {
      "user": "990099ll",
      "comments": [
        "China will never walk into your trap.",
        "China will never walk into your trap."
      ],
      "language": "English",
      "pure_emoji": false
    },
    {
      "user": "@Eddie sim63",
      "comments": [
        "😂😂😂"
      ],
      "language": "Other",
      "pure_emoji": true
    },
    {
      "user": "@游小珍",
      "comments": [
        "誰要把值錢的抖音賣你 😡",
        "誰要把值錢的抖音賣你 😡"
      ],
      "language": "Chinese",
      "pure_emoji": false
    },
    {
      "user": "ARC20366",
      "comments": [
        "大陸只用一招、禁止產品運送到美國！！他們民眾開始恐慌搶購東西了😳😳😳😳美國怎麼玩",
        "大陸只用一招、禁止產品運送到美國！！他們民眾開始恐慌搶購東西了😳😳😳😳美國怎麼玩"
      ],
      "language": "Chinese",
      "pure_emoji": false
    },
    {
      "user": "Anda",
      "comments": [
        "中国不谈了，马上报复，要关就关，没用的话就不要说了",
        "中国不谈了，马上报复，要关就关，没用的话就不要说了"
      ],
      "language": "Chinese",
      "pure_emoji": false
    },
    {
      "user": "Andress",
      "comments": [
        "牠這症狀多久了誒？",
        "牠這症狀多久了誒？"
      ],
      "language": "Chinese",
      "pure_emoji": false
    },
    {
      "user": "A小王子",
      "comments": [
        "直接抢吧",
        "直接抢吧"
      ],
      "language": "Chinese",
      "pure_emoji": false
    },
    {
      "user": "Baliiiiiiiii",
      "comments": [
        "tik tok不是中国的呀",
        "我以为是新加坡的。我没有恶意啊。我记得他那个ceo是新加坡的还是撒的",
        "tik tok不是中国的呀",
        "我以为是新加坡的。我没有恶意啊。我记得他那个ceo是新加坡的还是撒的"
      ],
      "language": "Mixed",
      "pure_emoji": false
    },
    {
      "user": "Chun Min Tan",
      "comments": [
        "一億兆"
      ],
      "language": "Chinese",
      "pure_emoji": false
    },
    {
      "user": "DIY卡丁车",
      "comments": [
        "说白了特朗普没牌可打了",
        "说白了特朗普没牌可打了"
      ],
      "language": "Chinese",
      "pure_emoji": false
    },
    {
      "user": "Darkknights",
      "comments": [
        "自己说，自己爽😂😂",
        "自己说，自己爽😂😂"
      ],
      "language": "Chinese",
      "pure_emoji": false
    },
    {
      "user": "Edy",
      "comments": [
        "还以为很厉害😂😂😂",
        "还以为很厉害😂😂😂"
      ],
      "language": "Chinese",
      "pure_emoji": false
    },
    {
      "user": "Explorateur",
      "comments": [
        "美国总统小特在做梦呢😂😂😂",
        "美国总统小特在做梦呢😂😂😂"
      ],
      "language": "Chinese",
      "pure_emoji": false
    },
    {
      "user": "Health & Wellness with me",
      "comments": [
        "😂😂😂",
        "😂😂😂"
      ],
      "language": "Other",
      "pure_emoji": false
    },
    {
      "user": "Hwai",
      "comments": [
        "tiktok 太直钱🤣🤣🤣",
        "tiktok 太直钱🤣🤣🤣"
      ],
      "language": "Mixed",
      "pure_emoji": false
    },
    {
      "user": "JW499",
      "comments": [
        "想和中国一个一个谈条件。",
        "想和中国一个一个谈条件。"
      ],
      "language": "Chinese",
      "pure_emoji": false
    },
    {
      "user": "Jackie Cheng",
      "comments": [
        "Not for sale.",
        "Not for sale."
      ],
      "language": "English",
      "pure_emoji": false
    },
    {
      "user": "Jans$$$",
      "comments": [
        "恐怖思想",
        "恐怖思想"
      ],
      "language": "Chinese",
      "pure_emoji": false
    },
    {
      "user": "JoneInJapan",
      "comments": [
        "幕后控制媒体的犹太就差TikTok这一环了",
        "幕后控制媒体的犹太就差TikTok这一环了"
      ],
      "language": "Mixed",
      "pure_emoji": false
    },
    {
      "user": "KL Tong",
      "comments": [
        "It is absolutely impossible for the USA to stop the sun from rising in the East! Unless blocks part of the sun, then USA will be darkness like a hell....",
        "It is absolutely impossible for the USA to stop the sun from rising in the East! Unless blocks part of the sun, then USA will be darkness like a hell...."
      ],
      "language": "English",
      "pure_emoji": false
    },
    {
      "user": "Kumiko Miyamoto",
      "comments": [
        "TikTokがアメリカ企業に売却されたら､グループから退会して元のアカウントも削除するつもり｡",
        "TikTokがアメリカ企業に売却されたら､グループから退会して元のアカウントも削除するつもり｡"
      ],
      "language": "Mixed",
      "pure_emoji": false
    },
    {
      "user": "Ling",
      "comments": [
        "中國大陸比你聰明多了",
        "中國大陸比你聰明多了"
      ],
      "language": "Chinese",
      "pure_emoji": false
    },
    {
      "user": "Lombongstaff🇲🇾",
      "comments": [
        "坚决不卖",
        "坚决不卖"
      ],
      "language": "Chinese",
      "pure_emoji": false
    },
    {
      "user": "Lucky❤️me",
      "comments": [
        "他想要我们 TikTok，我们就是不卖",
        "他想要我们 TikTok，我们就是不卖"
      ],
      "language": "Mixed",
      "pure_emoji": false
    },
    {
      "user": "MSTu",
      "comments": [
        "應該是沒聽到所以隔天人家直接拉到34％😏",
        "應該是沒聽到所以隔天人家直接拉到34％😏"
      ],
      "language": "Chinese",
      "pure_emoji": false
    },
    {
      "user": "Matcha ZYgy 🇵🇭🇭🇰",
      "comments": [
        "🤣🤣🤣",
        "🤣🤣🤣"
      ],
      "language": "Other",
      "pure_emoji": false
    },
    {
      "user": "Max HP",
      "comments": [
        "强盗🤣",
        "强盗🤣"
      ],
      "language": "Chinese",
      "pure_emoji": false
    },
    {
      "user": "Midou",
      "comments": [
        "他整天心思什么呢😅",
        "他整天心思什么呢😅"
      ],
      "language": "Chinese",
      "pure_emoji": false
    },
    {
      "user": "Mini Ooh92",
      "comments": [
        "😂",
        "😂"
      ],
      "language": "Other",
      "pure_emoji": false
    },
    {
      "user": "Natural",
      "comments": [
        "😌看看到最后谁服软",
        "😌看看到最后谁服软"
      ],
      "language": "Chinese",
      "pure_emoji": false
    },
    {
      "user": "OceanWeng",
      "comments": [
        "😂明明可以直接抢",
        "😂明明可以直接抢"
      ],
      "language": "Chinese",
      "pure_emoji": false
    },
    {
      "user": "Power of Silence",
      "comments": [
        "川普是个得寸进尺的人，别向他低头。",
        "川普是个得寸进尺的人，别向他低头。"
      ],
      "language": "Chinese",
      "pure_emoji": false
    },
    {
      "user": "Spirit P.",
      "comments": [
        "Support China From Italy",
        "Support China From Italy"
      ],
      "language": "English",
      "pure_emoji": false
    },
    {
      "user": "Tina Tseng",
      "comments": [
        "早點睡",
        "早點睡"
      ],
      "language": "Chinese",
      "pure_emoji": false
    },
    {
      "user": "Who says？",
      "comments": [
        "😑不卖",
        "😑不卖"
      ],
      "language": "Chinese",
      "pure_emoji": false
    },
    {
      "user": "Wu",
      "comments": [
        "反觀台灣跪著雙手奉上台積電、還得到32 ％關稅．．😳😳😳🤭😁😆😂👍",
        "反觀台灣跪著雙手奉上台積電、還得到32 ％關稅．．😳😳😳🤭😁😆😂👍"
      ],
      "language": "Chinese",
      "pure_emoji": false
    },
    {
      "user": "adjustable bed",
      "comments": [
        "这是活在梦里吗？一切都没有实际😂",
        "这是活在梦里吗？一切都没有实际😂"
      ],
      "language": "Chinese",
      "pure_emoji": false
    },
    {
      "user": "bkkt",
      "comments": [
        "Thai is how gangster dealing",
        "Thai is how gangster dealing"
      ],
      "language": "English",
      "pure_emoji": false
    },
    {
      "user": "bob johns",
      "comments": [
        "是中国的鱼饵😂",
        "是中国的鱼饵😂"
      ],
      "language": "Chinese",
      "pure_emoji": false
    },
    {
      "user": "candaceleng7",
      "comments": [
        "In your dreams 😁😁",
        "In your dreams 😁😁"
      ],
      "language": "English",
      "pure_emoji": false
    },
    {
      "user": "cheehoongpoh",
      "comments": [
        "😂😂😂不做你生意",
        "😂😂😂不做你生意"
      ],
      "language": "Chinese",
      "pure_emoji": false
    },
    {
      "user": "chenyukai168",
      "comments": [
        "哈哈哈哈，自己反而急了，把解決方案自己講出來了 😂😂😂",
        "哈哈哈哈，自己反而急了，把解決方案自己講出來了 😂😂😂"
      ],
      "language": "Chinese",
      "pure_emoji": false
    },
    {
      "user": "chinlienchang",
      "comments": [
        "有夢最美",
        "有夢最美"
      ],
      "language": "Chinese",
      "pure_emoji": false
    },
    {
      "user": "dabuton",
      "comments": [
        "还在做美梦啊！",
        "还在做美梦啊！"
      ],
      "language": "Chinese",
      "pure_emoji": false
    },
    {
      "user": "dongfang",
      "comments": [
        "笑死",
        "笑死"
      ],
      "language": "Chinese",
      "pure_emoji": false
    },
    {
      "user": "dy7d7o54jyck",
      "comments": [
        "🤣🤣🤣做梦",
        "🤣🤣🤣做梦"
      ],
      "language": "Chinese",
      "pure_emoji": false
    },
    {
      "user": "elephant W",
      "comments": [
        "绝对不会卖的，有一就会有二"
      ],
      "language": "Chinese",
      "pure_emoji": false
    },
    {
      "user": "fanx054",
      "comments": [
        "这关税越久越好 看看谁撑不住",
        "这关税越久越好 看看谁撑不住"
      ],
      "language": "Chinese",
      "pure_emoji": false
    },
    {
      "user": "farmer",
      "comments": [
        "川普另类治国手段……",
        "川普另类治国手段……"
      ],
      "language": "Chinese",
      "pure_emoji": false
    },
    {
      "user": "guan",
      "comments": [
        "天天，中国 中国 中国😁",
        "天天，中国 中国 中国😁"
      ],
      "language": "Chinese",
      "pure_emoji": false
    },
    {
      "user": "han90906712_SG",
      "comments": [
        "白日做梦！梦里什么都有",
        "白日做梦！梦里什么都有"
      ],
      "language": "Chinese",
      "pure_emoji": false
    },
    {
      "user": "hhh",
      "comments": [
        "老特自己找台阶下，不过老共估计台阶都不会给他😅",
        "老特自己找台阶下，不过老共估计台阶都不会给他😅"
      ],
      "language": "Chinese",
      "pure_emoji": false
    },
    {
      "user": "jasonxien",
      "comments": [
        "34%",
        "34%"
      ],
      "language": "Other",
      "pure_emoji": false
    },
    {
      "user": "jingu",
      "comments": [
        "太不要脸了😅😅😅全世界最差劲的就是美国😨到处打仗，到处掠夺🏴‍☠️……",
        "太不要脸了😅😅😅全世界最差劲的就是美国😨到处打仗，到处掠夺🏴‍☠️……"
      ],
      "language": "Chinese",
      "pure_emoji": false
    },
    {
      "user": "kingsjin93",
      "comments": [
        "不是你说的话还有人信吗😁",
        "不是你说的话还有人信吗😁"
      ],
      "language": "Chinese",
      "pure_emoji": false
    },
    {
      "user": "miracle3dcamera",
      "comments": [
        "🥰",
        "🥰"
      ],
      "language": "Other",
      "pure_emoji": false
    },
    {
      "user": "mrl23712",
      "comments": [
        "明天說中國把福建艦送霉國，霉國可以考慮減稅🤣",
        "明天說中國把福建艦送霉國，霉國可以考慮減稅🤣"
      ],
      "language": "Chinese",
      "pure_emoji": false
    },
    {
      "user": "ngiau369",
      "comments": [
        "叫中国不卖东西给他们，看他怎么办",
        "叫中国不卖东西给他们，看他怎么办"
      ],
      "language": "Chinese",
      "pure_emoji": false
    },
    {
      "user": "peng_3210",
      "comments": [
        "要么关必须不能卖",
        "要么关必须不能卖"
      ],
      "language": "Chinese",
      "pure_emoji": false
    },
    {
      "user": "peter yang406",
      "comments": [
        "放屁",
        "放屁"
      ],
      "language": "Chinese",
      "pure_emoji": false
    },
    {
      "user": "seahalvin813",
      "comments": [
        "Wait long long, china is not thirty, forty years ago",
        "Wait long long, china is not thirty, forty years ago"
      ],
      "language": "English",
      "pure_emoji": false
    },
    {
      "user": "sowhynot",
      "comments": [
        "不愧是建国🥰",
        "不愧是建国🥰"
      ],
      "language": "Chinese",
      "pure_emoji": false
    },
    {
      "user": "user1683761885691",
      "comments": [
        "抖音不比TIKTOK好用",
        "抖音不比TIKTOK好用"
      ],
      "language": "Mixed",
      "pure_emoji": false
    },
    {
      "user": "user6562261601915",
      "comments": [
        "🤣🤣🤣🤣",
        "🤣🤣🤣🤣"
      ],
      "language": "Other",
      "pure_emoji": false
    },
    {
      "user": "user6879763559929",
      "comments": [
        "人類只會辦家家酒",
        "撤回台積電🖤",
        "人類只會辦家家酒",
        "撤回台積電🖤"
      ],
      "language": "Chinese",
      "pure_emoji": false
    },
    {
      "user": "uu收usdt",
      "comments": [
        "懂的来",
        "懂的来"
      ],
      "language": "Chinese",
      "pure_emoji": false
    },
    {
      "user": "wade",
      "comments": [
        "提高關稅，然後讓美國買斗音，然後在降關稅，改天在提高關稅，然後要什麼東西，東西如果拿到了，就又降關稅，買空賣空，無本生意😂😂😂😂😂😂，你覺得中國會接受嗎😂😂😂😂，我看全世界只有台灣接受，台積電送美國，換32%關稅🤣🤣🤣🤣🤣🤣",
        "提高關稅，然後讓美國買斗音，然後在降關稅，改天在提高關稅，然後要什麼東西，東西如果拿到了，就又降關稅，買空賣空，無本生意😂😂😂😂😂😂，你覺得中國會接受嗎😂😂😂😂，我看全世界只有台灣接受，台積電送美國，換32%關稅🤣🤣🤣🤣🤣🤣"
      ],
      "language": "Chinese",
      "pure_emoji": false
    },
    {
      "user": "wenfei",
      "comments": [
        "😍😍😍",
        "😍😍😍"
      ],
      "language": "Other",
      "pure_emoji": false
    },
    {
      "user": "wong",
      "comments": [
        "想关就关吧，不卖！",
        "想关就关吧，不卖！"
      ],
      "language": "Chinese",
      "pure_emoji": false
    },
    {
      "user": "xiaguo",
      "comments": [
        "肯定不会卖啊，吗的能相信美国人的嘴，卖的时候给你减关税了，等交易成功后又开始加关税了，大家都不是傻子。它大嘴巴子也就过过嘴瘾知道不会卖给它",
        "😂😂不是中国的难道是你家的？你说说看不是中国那是谁的？不会以为是新加坡的吧😂",
        "😂😂老特没睡醒吧，卖了减关税，真卖了又加关税，没谁鸟你的😂",
        "😂😂不是中国的难道是你家的？你说说看不是中国那是谁的？不会以为是新加坡的吧😂",
        "😂😂老特没睡醒吧，卖了减关税，真卖了又加关税，没谁鸟你的😂"
      ],
      "language": "Chinese",
      "pure_emoji": false
    },
    {
      "user": "❄눈이 내리는 밤에❄",
      "comments": [
        "卖了 就是 他们的了 不能卖",
        "卖了 就是 他们的了 不能卖"
      ],
      "language": "Chinese",
      "pure_emoji": false
    },
    {
      "user": "一个人的青春",
      "comments": [
        "不卖",
        "不卖"
      ],
      "language": "Chinese",
      "pure_emoji": false
    },
    {
      "user": "一隻說真話的烏鴉",
      "comments": [
        "Day dreamer, lack of knowledge about China.",
        "Day dreamer, lack of knowledge about China."
      ],
      "language": "English",
      "pure_emoji": false
    },
    {
      "user": "七天換一次",
      "comments": [
        "自詡自由經濟居然搞強買強賣的勾當",
        "自詡自由經濟居然搞強買強賣的勾當"
      ],
      "language": "Chinese",
      "pure_emoji": false
    },
    {
      "user": "中国青年报 · 创作者",
      "comments": [
        "多少不会卖的，已经不是钱的问题"
      ],
      "language": "Chinese",
      "pure_emoji": false
    },
    {
      "user": "从小就上进",
      "comments": [
        "美国为什么在意tiktok，因为对他们舆论话语权造成潜在威胁。如果中美国际媒体舆论颠覆政权的能力调换过来，可窥建防火墙的将是美国。",
        "美国为什么在意tiktok，因为对他们舆论话语权造成潜在威胁。如果中美国际媒体舆论颠覆政权的能力调换过来，可窥建防火墙的将是美国。"
      ],
      "language": "Mixed",
      "pure_emoji": false
    },
    {
      "user": "侯",
      "comments": [
        "他为什么总说 中国可能会说😂",
        "他为什么总说 中国可能会说😂"
      ],
      "language": "Chinese",
      "pure_emoji": false
    },
    {
      "user": "全网搜索搬砖人，安全稳定，新路子",
      "comments": [
        "一定要好好赚钱，人这一生能够用钱扞卫尊严的时刻，实在太多了！把握机会打个翻身仗吧！努力向前👍💪",
        "一定要好好赚钱，人这一生能够用钱扞卫尊严的时刻，实在太多了！把握机会打个翻身仗吧！努力向前👍💪"
      ],
      "language": "Chinese",
      "pure_emoji": false
    },
    {
      "user": "台灣諸葛日月",
      "comments": [
        "絕對不要賣😏😏😏這種土匪強盜😏😏😏",
        "絕對不要賣😏😏😏這種土匪強盜😏😏😏"
      ],
      "language": "Chinese",
      "pure_emoji": false
    },
    {
      "user": "吳量",
      "comments": [
        "如果是川建国",
        "如果是川建国"
      ],
      "language": "Chinese",
      "pure_emoji": false
    },
    {
      "user": "呆蛙真可爱",
      "comments": [
        "他那个就是打工的，真老板是张一鸣，属于字节跳动公司",
        "对美国来说，媒体霸权不下于美元霸权，媒体霸权是它们控制别国，颜色革命别国的基石，外国为什么这么多国家明明跟中国没仇却讨厌中国，就是因为没有tk之前，世界的媒体霸权在美国手里，别的国家民众了解世界都是在美国的媒体平台里了解，这是最大的墙，而且是你翻不出去的墙，中国的墙轻易就能翻出去，美国的墙你翻不出去",
        "他那个就是打工的，真老板是张一鸣，属于字节跳动公司",
        "对美国来说，媒体霸权不下于美元霸权，媒体霸权是它们控制别国，颜色革命别国的基石，外国为什么这么多国家明明跟中国没仇却讨厌中国，就是因为没有tk之前，世界的媒体霸权在美国手里，别的国家民众了解世界都是在美国的媒体平台里了解，这是最大的墙，而且是你翻不出去的墙，中国的墙轻易就能翻出去，美国的墙你翻不出去"
      ],
      "language": "Mixed",
      "pure_emoji": false
    },
    {
      "user": "大陆南方网友",
      "comments": [
        "是时候推出快手国际服了，复刻一次农村包围城市，和抖音国际版平分天下😂",
        "是时候推出快手国际服了，复刻一次农村包围城市，和抖音国际版平分天下😂"
      ],
      "language": "Chinese",
      "pure_emoji": false
    },
    {
      "user": "天之驕子",
      "comments": [
        "臺灣給了臺積電，結果呢？",
        "臺灣給了臺積電，結果呢？"
      ],
      "language": "Chinese",
      "pure_emoji": false
    },
    {
      "user": "学子不才",
      "comments": [
        "Dreamers can dream big, and that's all he is, a dreamer. 😂",
        "Dreamers can dream big, and that's all he is, a dreamer. 😂"
      ],
      "language": "English",
      "pure_emoji": false
    },
    {
      "user": "小六",
      "comments": [
        "誰理你🤣🤣🤣🤣🤣"
      ],
      "language": "Chinese",
      "pure_emoji": false
    },
    {
      "user": "尼克維",
      "comments": [
        "一群人 時時刻刻 帶著仇恨怨恨 ... 生活在台灣.. 和 一群人 時時刻刻 帶著安平祥和禮義廉恥.... 生活在台灣.. 這兩群人 在 對抗…對抗. ...!! 在這反對聲音都被刪除… 這裡就是個 詐騙集團 (執政反民主真獨裁專制)!!",
        "一群人 時時刻刻 帶著仇恨怨恨 ... 生活在台灣.. 和 一群人 時時刻刻 帶著安平祥和禮義廉恥.... 生活在台灣.. 這兩群人 在 對抗…對抗. ...!! 在這反對聲音都被刪除… 這裡就是個 詐騙集團 (執政反民主真獨裁專制)!!"
      ],
      "language": "Chinese",
      "pure_emoji": false
    },
    {
      "user": "当你的眼睛眯着笑🍭🍭🍭",
      "comments": [
        "贵贱不卖😘",
        "贵贱不卖😘"
      ],
      "language": "Chinese",
      "pure_emoji": false
    },
    {
      "user": "春秋",
      "comments": [
        "川建國，你還是把中國人想得太簡單了，😌😌",
        "川建國，你還是把中國人想得太簡單了，😌😌"
      ],
      "language": "Chinese",
      "pure_emoji": false
    },
    {
      "user": "林建助",
      "comments": [
        "🤣🤣🤣🤣🤣🤣 不賣",
        "🤣🤣🤣🤣🤣🤣 不賣"
      ],
      "language": "Chinese",
      "pure_emoji": false
    },
    {
      "user": "泊涛资本 白资收U 小白可带 ✈️@botaoxiaowu",
      "comments": [
        "来几个听话的兄弟",
        "来几个听话的兄弟"
      ],
      "language": "Chinese",
      "pure_emoji": false
    },
    {
      "user": "海外存知己，天涯若比邻",
      "comments": [
        "你關了有小紅書😁😁",
        "你關了有小紅書😁😁"
      ],
      "language": "Chinese",
      "pure_emoji": false
    },
    {
      "user": "游啊游",
      "comments": [
        "白日做梦",
        "白日做梦"
      ],
      "language": "Chinese",
      "pure_emoji": false
    },
    {
      "user": "源",
      "comments": [
        "笑死，原來川普是想要抖音阿",
        "笑死，原來川普是想要抖音阿"
      ],
      "language": "Chinese",
      "pure_emoji": false
    },
    {
      "user": "用户4773685305355",
      "comments": [
        "强抢？",
        "强抢？"
      ],
      "language": "Chinese",
      "pure_emoji": false
    },
    {
      "user": "白月光",
      "comments": [
        "一個流氓說：如果你把這家公司賣給我，我就以不搶劫你作為回報！世界已經瘋成那樣了！",
        "一個流氓說：如果你把這家公司賣給我，我就以不搶劫你作為回報！世界已經瘋成那樣了！"
      ],
      "language": "Chinese",
      "pure_emoji": false
    },
    {
      "user": "簡單",
      "comments": [
        "不要相信他说的话",
        "不要相信他说的话"
      ],
      "language": "Chinese",
      "pure_emoji": false
    },
    {
      "user": "细看此情此景",
      "comments": [
        "醒了吗",
        "醒了吗"
      ],
      "language": "Chinese",
      "pure_emoji": false
    },
    {
      "user": "老实人",
      "comments": [
        "台积电",
        "台积电"
      ],
      "language": "Chinese",
      "pure_emoji": false
    },
    {
      "user": "踮踮",
      "comments": [
        "賴清德=台灣悲哀😡😡😡"
      ],
      "language": "Chinese",
      "pure_emoji": false
    },
    {
      "user": "辉平  PING",
      "comments": [
        "卖了就可以控制，可以磨黑掩饰现实👍"
      ],
      "language": "Chinese",
      "pure_emoji": false
    },
    {
      "user": "陳陳",
      "comments": [
        "只是可能喔！又再玩話術了",
        "只是可能喔！又再玩話術了"
      ],
      "language": "Chinese",
      "pure_emoji": false
    },
    {
      "user": "青谷活兒",
      "comments": [
        "哈哈，梦里都有",
        "哈哈，梦里都有"
      ],
      "language": "Chinese",
      "pure_emoji": false
    },
    {
      "user": "風清雲淡",
      "comments": [
        "對一個有內需力的製造國用高關稅有用嗎？",
        "對一個有內需力的製造國用高關稅有用嗎？"
      ],
      "language": "Chinese",
      "pure_emoji": false
    },
    {
      "user": "운이",
      "comments": [
        "트럼프 틱톡을 욕심냈네..",
        "트럼프 틱톡을 욕심냈네.."
      ],
      "language": "Other",
      "pure_emoji": false
    },
    {
      "user": "조용한마음",
      "comments": [
        "不卖那为啥不给中国人用😅😅",
        "这是好用的问题吗，😅",
        "不卖那为啥不给中国人用😅😅",
        "这是好用的问题吗，😅"
      ],
      "language": "Chinese",
      "pure_emoji": false
    },
    {
      "user": "🍉水果甜妹",
      "comments": [
        "做梦",
        "做梦"
      ],
      "language": "Chinese",
      "pure_emoji": false
    }
  ]
}