{
  "video_id": "7496151371821878583",
  "video_url": "https://www.tiktok.com/@ttbx303/video/7496151371821878583",
  "publish_date": null,
  "comment_groups": [
    {
      "user": "Apple User697325",
      "comments": [
        "1"
      ],
      "language": "Other",
      "pure_emoji": false
    },
    {
      "user": "Cindy",
      "comments": [
        "😂😂😂"
      ],
      "language": "Other",
      "pure_emoji": true
    },
    {
      "user": "HADYL",
      "comments": [
        "1"
      ],
      "language": "Other",
      "pure_emoji": false
    },
    {
      "user": "Joni Picasso",
      "comments": [
        "😡😡😡😡😡😡😡"
      ],
      "language": "Other",
      "pure_emoji": true
    },
    {
      "user": "Kamal Dauletkeldi",
      "comments": [
        "1"
      ],
      "language": "Other",
      "pure_emoji": false
    },
    {
      "user": "SAMGAR⓿❸🇰🇿",
      "comments": [
        "美国👍👍"
      ],
      "language": "Chinese",
      "pure_emoji": false
    },
    {
      "user": "Simon Yap",
      "comments": [
        "1"
      ],
      "language": "Other",
      "pure_emoji": false
    },
    {
      "user": "jekaisishwh",
      "comments": [
        "1"
      ],
      "language": "Other",
      "pure_emoji": false
    },
    {
      "user": "kazak",
      "comments": [
        "1"
      ],
      "language": "Other",
      "pure_emoji": false
    },
    {
      "user": "user1087767994322",
      "comments": [
        "👍👍👍"
      ],
      "language": "Other",
      "pure_emoji": true
    },
    {
      "user": "yong hong wang",
      "comments": [
        "1"
      ],
      "language": "Other",
      "pure_emoji": false
    },
    {
      "user": "Самғар",
      "comments": [
        "1"
      ],
      "language": "Other",
      "pure_emoji": false
    },
    {
      "user": "максим",
      "comments": [
        "赢了"
      ],
      "language": "Chinese",
      "pure_emoji": false
    },
    {
      "user": "徒手治疗Along",
      "comments": [
        "🥰🥰🥰"
      ],
      "language": "Other",
      "pure_emoji": true
    }
  ]
}