{
  "video_id": "7488308233069759786",
  "video_url": "https://www.tiktok.com/@amycs522/video/7488308233069759786",
  "publish_date": null,
  "comment_groups": [
    {
      "user": "Captain awesum",
      "comments": [
        "She will be the 1st woman president I will vote for 🥰"
      ],
      "language": "English",
      "pure_emoji": false
    },
    {
      "user": "Edwin",
      "comments": [
        "Those tariffs only go into place when the trade exceeds its limits. She is lying and not telling the whole truth.",
        "Time for reciprocity and no more global welfare on our children’s backs!",
        "🤣🤣🤣🤣"
      ],
      "language": "English",
      "pure_emoji": false
    },
    {
      "user": "Jason j0415",
      "comments": [
        "👍👍👍💯💯💯👌👌👌😎"
      ],
      "language": "Other",
      "pure_emoji": true
    },
    {
      "user": "Pang Choo",
      "comments": [
        "Lady, don't simply say anything without facts!"
      ],
      "language": "English",
      "pure_emoji": false
    },
    {
      "user": "Tank",
      "comments": [
        "China not on the list?"
      ],
      "language": "English",
      "pure_emoji": false
    },
    {
      "user": "YUEI398",
      "comments": [
        "So why again china"
      ],
      "language": "English",
      "pure_emoji": false
    },
    {
      "user": "cjf12",
      "comments": [
        "👍👍👍 Go Trump"
      ],
      "language": "English",
      "pure_emoji": false
    },
    {
      "user": "good_products_factory",
      "comments": [
        "That’s why he said let other countries to kiss his ass?"
      ],
      "language": "English",
      "pure_emoji": false
    },
    {
      "user": "jameg23322",
      "comments": [
        "At the end of the day, who’s really paying for those tariffs?"
      ],
      "language": "English",
      "pure_emoji": false
    },
    {
      "user": "mirassou4u4.0",
      "comments": [
        "Trump is just trying to get a level playing field!!"
      ],
      "language": "English",
      "pure_emoji": false
    },
    {
      "user": "pyramid worker",
      "comments": [
        "I am not familiar with international trades, but what are the average tariffs for these countries? Are they 1 or 2 items out of 100s merchandise with high tariffs?"
      ],
      "language": "English",
      "pure_emoji": false
    },
    {
      "user": "unknown",
      "comments": [
        "bonds?"
      ],
      "language": "English",
      "pure_emoji": false
    },
    {
      "user": "user2323011942380",
      "comments": [
        "She don’t know nothing..wonder why only Americans struggle under tariff"
      ],
      "language": "English",
      "pure_emoji": false
    },
    {
      "user": "峡谷小鲁班",
      "comments": [
        "有些人不想让你知道真相，就会故意制造焦点，歪曲事实，让后让你的愤怒冲昏头脑，你就没有时间去思考他们的愚蠢决定。这个人绝对是导致美国衰落的重要人士，现在拿了钱在这胡说八道，以后她会哭诉这是被逼说的，她只是一个柔弱女性，你们以后会原谅她吗？万恶之源就是这种人"
      ],
      "language": "Chinese",
      "pure_emoji": false
    },
    {
      "user": "義のFly.",
      "comments": [
        "It is suggested that all trade should be free of tariffs, which is fair."
      ],
      "language": "English",
      "pure_emoji": false
    },
    {
      "user": "邓清华",
      "comments": [
        "美国都在卖美元，别人卖产品能比过你们印美元吗"
      ],
      "language": "Chinese",
      "pure_emoji": false
    }
  ]
}