{
  "video_id": "7468195462739250478",
  "video_url": "https://www.tiktok.com/@.song.zhongping/video/7468195462739250478",
  "publish_date": null,
  "comment_groups": [
    {
      "user": "yongbin xie",
      "comments": [
        "喝中国人的血补贴美国人"
      ],
      "language": "Chinese",
      "pure_emoji": false
    },
    {
      "user": "用户6977908328612",
      "comments": [
        "加10%解决不了问题再加"
      ],
      "language": "Chinese",
      "pure_emoji": false
    }
  ]
}