{
  "video_id": "7489238122362850567",
  "video_url": "https://www.tiktok.com/@gonghonglei/video/7489238122362850567",
  "publish_date": null,
  "comment_groups": [
    {
      "user": "Albert",
      "comments": [
        "草台班子"
      ],
      "language": "Chinese",
      "pure_emoji": false
    },
    {
      "user": "Anthony Lu",
      "comments": [
        "不是打折是談判技巧，如果對方報復他會繼續增加，直到百分之百"
      ],
      "language": "Chinese",
      "pure_emoji": false
    },
    {
      "user": "East Wolf Kent",
      "comments": [
        "老川具备大独裁者的气势，身边自然多是唯唯诺诺者，不然难以安身。"
      ],
      "language": "Chinese",
      "pure_emoji": false
    },
    {
      "user": "Eat rice",
      "comments": [
        "但各國有膽量對抗嗎？"
      ],
      "language": "Chinese",
      "pure_emoji": false
    },
    {
      "user": "Hairen",
      "comments": [
        "对美国人的文化程度来说已经很不错了👍"
      ],
      "language": "Chinese",
      "pure_emoji": false
    },
    {
      "user": "Lương",
      "comments": [
        "有没有可能他的目的就是美金的回流…让这些手上持有太多美金的人只能去美国投资呢😳"
      ],
      "language": "Chinese",
      "pure_emoji": false
    },
    {
      "user": "Misty Nails",
      "comments": [
        "川真是典型的自大狂自我感觉良好的那种人，还觉得自己不会错。"
      ],
      "language": "Chinese",
      "pure_emoji": false
    },
    {
      "user": "Nomad Nomad",
      "comments": [
        "老特的脑袋更大了，拍脑袋拍成的 😂"
      ],
      "language": "Chinese",
      "pure_emoji": false
    },
    {
      "user": "Qing",
      "comments": [
        "那么，各国也可以算算过去5年，各国增发货币和美国增发美元的比例，按折算美元贬值率算出出口应收实际美元价值来收款"
      ],
      "language": "Chinese",
      "pure_emoji": false
    },
    {
      "user": "Westlake",
      "comments": [
        "这样普遍加关税等于没加，等于美国商品全部涨价，关税加在了美国消费者身上。 1. 大家进入美国市场的条件还是和以前一样。谁也没有更大的优势。美国的进口商也没有与供货商讨价还价的优势，因为大家都一样。 2. 美国消费将萎缩，继而引发全世界的制造业萎缩。 3. 大家会积极开发新市场来代替美国市场，这样金砖组织和一带一路都得到前所未有的提升机会。 4. 美元的流通性将降低，随之美元的重要性将进一步降低。"
      ],
      "language": "Chinese",
      "pure_emoji": false
    },
    {
      "user": "big bad wolf",
      "comments": [
        "就剩中国啦😂"
      ],
      "language": "Chinese",
      "pure_emoji": false
    },
    {
      "user": "gootanpoco",
      "comments": [
        "这个算法不错啊"
      ],
      "language": "Chinese",
      "pure_emoji": false
    },
    {
      "user": "king08874",
      "comments": [
        "加拿大都加了哥们"
      ],
      "language": "Chinese",
      "pure_emoji": false
    },
    {
      "user": "uncle sizz",
      "comments": [
        "没了自由贸易和美元霸权，美国就是一个垃圾🤣🤣🤣🤣"
      ],
      "language": "Chinese",
      "pure_emoji": false
    },
    {
      "user": "user6192321309537",
      "comments": [
        "傳統製造業再兩年會通通被機器人取代，美加澳已經開始訂購大量機器人，東南亞的勞動力優勢即將完全消失😎"
      ],
      "language": "Chinese",
      "pure_emoji": false
    },
    {
      "user": "w19970701",
      "comments": [
        "台湾人有脊梁骨？什么时候的事情？"
      ],
      "language": "Chinese",
      "pure_emoji": false
    },
    {
      "user": "余安",
      "comments": [
        "这世间就是个巨大的草台班子"
      ],
      "language": "Chinese",
      "pure_emoji": false
    },
    {
      "user": "修哥",
      "comments": [
        "👍👍👍"
      ],
      "language": "Other",
      "pure_emoji": true
    },
    {
      "user": "哈哈",
      "comments": [
        "美国没救了"
      ],
      "language": "Chinese",
      "pure_emoji": false
    },
    {
      "user": "用户2587035875215",
      "comments": [
        "世界不服就加关税，太伟大了，"
      ],
      "language": "Chinese",
      "pure_emoji": false
    },
    {
      "user": "皮王村老支书",
      "comments": [
        "世界上有两个太阳，一个在朝鲜，一个在美国"
      ],
      "language": "Chinese",
      "pure_emoji": false
    },
    {
      "user": "糊涂老牛",
      "comments": [
        "精算后，企鹅没做贸易仍要给关税😅😅😅😅😅😅😅😅😅"
      ],
      "language": "Chinese",
      "pure_emoji": false
    },
    {
      "user": "自是人生长恨水长东",
      "comments": [
        "真是天才"
      ],
      "language": "Chinese",
      "pure_emoji": false
    },
    {
      "user": "要到飯了兄弟們",
      "comments": [
        "但是歷史上有愚蠢的美國總統嗎？每一次有人覺得總統愚蠢的時候都會來一波翻盤"
      ],
      "language": "Chinese",
      "pure_emoji": false
    }
  ]
}