{
  "video_id": "7495634508511743239",
  "video_url": "https://www.tiktok.com/@orientaldailymalaysia/video/7495634508511743239",
  "publish_date": null,
  "comment_groups": [
    {
      "user": "...",
      "comments": [
        "田洋建仲又自嗨了",
        "田洋建仲又自嗨了。"
      ],
      "language": "Chinese",
      "pure_emoji": false
    },
    {
      "user": "0风险！搬砖 小白可带 了解入口：3399k.cc",
      "comments": [
        "sophisticated",
        "haired",
        "graceful",
        "refined"
      ],
      "language": "English",
      "pure_emoji": false
    },
    {
      "user": "Fuck chinanessupsidedown",
      "comments": [
        "🤣🤣🤣🤣"
      ],
      "language": "Other",
      "pure_emoji": true
    },
    {
      "user": "Hujian",
      "comments": [
        "麦克风有点卡，收音不正常"
      ],
      "language": "Chinese",
      "pure_emoji": false
    },
    {
      "user": "Jinsuo Xiao",
      "comments": [
        "我们有叫那个国家站队！？😅",
        "为什么你们要代表我们😅",
        "你们喜欢乱乱讲😅",
        "不要代表我们😅",
        "我们从来不叫外国站队🤣",
        "东方头条是东南亚传媒！？🤣",
        "东方头条是台湾村传媒！？"
      ],
      "language": "Chinese",
      "pure_emoji": false
    },
    {
      "user": "Li Yao",
      "comments": [
        "在唧唧歪歪就送个东方快递给你们😳"
      ],
      "language": "Chinese",
      "pure_emoji": false
    },
    {
      "user": "Max Brg Kwok",
      "comments": [
        "🤡"
      ],
      "language": "Other",
      "pure_emoji": true
    },
    {
      "user": "Niku",
      "comments": [
        "主播这段话是在厕所里录制的吗？"
      ],
      "language": "Chinese",
      "pure_emoji": false
    },
    {
      "user": "Roy1588",
      "comments": [
        "你配合美国针对我中国，就先干涉我国了，我反击捏死你很正当！"
      ],
      "language": "Chinese",
      "pure_emoji": false
    },
    {
      "user": "Sin Fook Lee",
      "comments": [
        "😁😁😁"
      ],
      "language": "Other",
      "pure_emoji": true
    },
    {
      "user": "YongChen",
      "comments": [
        "音响有些问题"
      ],
      "language": "Chinese",
      "pure_emoji": false
    },
    {
      "user": "dream85873",
      "comments": [
        "👍👍👍🇨🇳🇨🇳🇨🇳"
      ],
      "language": "Other",
      "pure_emoji": true
    },
    {
      "user": "garyang",
      "comments": [
        "中国只要管好自己就好，他国的事关你中国屁事，"
      ],
      "language": "Chinese",
      "pure_emoji": false
    },
    {
      "user": "goh13",
      "comments": [
        "😳😳😳"
      ],
      "language": "Other",
      "pure_emoji": true
    },
    {
      "user": "huat_durian3128",
      "comments": [
        "👍👍👍👍👍"
      ],
      "language": "Other",
      "pure_emoji": true
    },
    {
      "user": "intotherain",
      "comments": [
        "告诉全世界。任何国家不可再有“越南” 行为。 如果你越南中国，中国就全力对付你。 甚至给你加高关税。 你必须选一个，不能再越南我们。😂"
      ],
      "language": "Chinese",
      "pure_emoji": false
    },
    {
      "user": "kenny",
      "comments": [
        "加油中国🥰🥰🥰"
      ],
      "language": "Chinese",
      "pure_emoji": false
    },
    {
      "user": "pan",
      "comments": [
        "世界各国：请中方不要干涉我国内政"
      ],
      "language": "Chinese",
      "pure_emoji": false
    },
    {
      "user": "sjl",
      "comments": [
        "😏😏😏"
      ],
      "language": "Other",
      "pure_emoji": true
    },
    {
      "user": "tiantaina",
      "comments": [
        "你配合美国制裁我还不允许我反制？填洋建种这点逻辑都没有？🤣🤣🤣"
      ],
      "language": "Chinese",
      "pure_emoji": false
    },
    {
      "user": "user6519612009287",
      "comments": [
        "🙏🙏🙏🙏🙏🙏👍👍👍"
      ],
      "language": "Other",
      "pure_emoji": true
    },
    {
      "user": "user8298810970408",
      "comments": [
        "👍👍👍"
      ],
      "language": "Other",
      "pure_emoji": true
    },
    {
      "user": "xuji",
      "comments": [
        "墙倒众人推，树倒猢狲散。"
      ],
      "language": "Chinese",
      "pure_emoji": false
    },
    {
      "user": "波爷",
      "comments": [
        "👍👍👍"
      ],
      "language": "Other",
      "pure_emoji": true
    },
    {
      "user": "用户7363119082681",
      "comments": [
        "中国。加油🥰🥰🥰"
      ],
      "language": "Chinese",
      "pure_emoji": false
    },
    {
      "user": "虚拟币搬砖日赚5k+ 了解➕✈️@QQQ88866",
      "comments": [
        "当你快扛不住的时候，困难也快扛不住了，合作👀主页🥰"
      ],
      "language": "Chinese",
      "pure_emoji": false
    },
    {
      "user": "詹友强",
      "comments": [
        "警告中共！不要干涉各個內政！"
      ],
      "language": "Chinese",
      "pure_emoji": false
    },
    {
      "user": "贺家祥",
      "comments": [
        "好猛啊。。。你這是干預其他國家的政策喔"
      ],
      "language": "Chinese",
      "pure_emoji": false
    },
    {
      "user": "邱鹏",
      "comments": [
        "💪💪💪👍👍👍💯💯💯"
      ],
      "language": "Other",
      "pure_emoji": true
    },
    {
      "user": "雪梨🍐翻身記",
      "comments": [
        "好硬氣的說🔥🔥"
      ],
      "language": "Chinese",
      "pure_emoji": false
    },
    {
      "user": "非凡哥",
      "comments": [
        "[写真]"
      ],
      "language": "Chinese",
      "pure_emoji": false
    },
    {
      "user": "黄精聪",
      "comments": [
        "👍👍👍 最好制裁馬來西亞要去甜吻美國接手中國波音飛機的制裁 🤣🤣🤣"
      ],
      "language": "Chinese",
      "pure_emoji": false
    }
  ]
}