{
  "video_id": "7495602353714761006",
  "video_url": "https://www.tiktok.com/@aksjddssa/video/7495602353714761006",
  "publish_date": null,
  "comment_groups": [
    {
      "user": "Cathy Lee",
      "comments": [
        "不是跟卡塔尔签过的？"
      ],
      "language": "Chinese",
      "pure_emoji": false
    },
    {
      "user": "kinary007",
      "comments": [
        "合作共赢😃😃😃"
      ],
      "language": "Chinese",
      "pure_emoji": false
    },
    {
      "user": "tiantaina",
      "comments": [
        "一家是满足不了中国工业的需求量的，中国一年进口1亿2千万吨。阿联酋一年才生产几百万万吨😂😂😂"
      ],
      "language": "Chinese",
      "pure_emoji": false
    },
    {
      "user": "ymyvss8888",
      "comments": [
        "阿聯酋是親美的"
      ],
      "language": "Chinese",
      "pure_emoji": false
    },
    {
      "user": "青青",
      "comments": [
        "👍👍👍👍👍👍👍👍"
      ],
      "language": "Other",
      "pure_emoji": true
    }
  ]
}