{
  "video_id": "7494166571661675784",
  "video_url": "https://www.tiktok.com/@6o0m38022ht/video/7494166571661675784",
  "publish_date": null,
  "comment_groups": [
    {
      "user": "Richard",
      "comments": [
        "👍👍👍"
      ],
      "language": "Other",
      "pure_emoji": true
    },
    {
      "user": "cekjonny",
      "comments": [
        "🥰🥰🥰"
      ],
      "language": "Other",
      "pure_emoji": true
    },
    {
      "user": "dada1808",
      "comments": [
        "中国太强了。。"
      ],
      "language": "Chinese",
      "pure_emoji": false
    },
    {
      "user": "mediocre man",
      "comments": [
        "真是及時報應啊！"
      ],
      "language": "Chinese",
      "pure_emoji": false
    }
  ]
}