{
  "video_id": "7493167135489953032",
  "video_url": "https://www.tiktok.com/@holland.lan/video/7493167135489953032",
  "publish_date": null,
  "comment_groups": [
    {
      "user": "Kenny Wong",
      "comments": [
        "👍👍👍"
      ],
      "language": "Other",
      "pure_emoji": true
    },
    {
      "user": "Zte A720",
      "comments": [
        "😁😁😁"
      ],
      "language": "Other",
      "pure_emoji": true
    },
    {
      "user": "波爷",
      "comments": [
        "👍👍👍"
      ],
      "language": "Other",
      "pure_emoji": true
    }
  ]
}