{
  "video_id": "7495967133797469447",
  "video_url": "https://www.tiktok.com/@q2bvzvzs78t/video/7495967133797469447",
  "publish_date": null,
  "comment_groups": [
    {
      "user": "369",
      "comments": [
        "👍🌺对"
      ],
      "language": "Chinese",
      "pure_emoji": false
    },
    {
      "user": "Jack",
      "comments": [
        "知识产权是不用交税的。总有很多办法的。"
      ],
      "language": "Chinese",
      "pure_emoji": false
    },
    {
      "user": "user2825834949878",
      "comments": [
        "😳😳😳"
      ],
      "language": "Other",
      "pure_emoji": true
    },
    {
      "user": "zoey",
      "comments": [
        "👍👍👍"
      ],
      "language": "Other",
      "pure_emoji": true
    },
    {
      "user": "~風生水起~",
      "comments": [
        "他沒說清楚而已，久是因為川哥在用國際言論，配合財團進行多空打壓獲利，直到美債清楚的破戲碼。🙄"
      ],
      "language": "Chinese",
      "pure_emoji": false
    }
  ]
}