{
  "video_id": "7496028713855831351",
  "video_url": "https://www.tiktok.com/@aiqiuyaping520/video/7496028713855831351",
  "publish_date": null,
  "comment_groups": [
    {
      "user": "71106",
      "comments": [
        "叫台湾也这样😅"
      ],
      "language": "Chinese",
      "pure_emoji": false
    },
    {
      "user": "Mengay Chong",
      "comments": [
        "😂😂😂"
      ],
      "language": "Other",
      "pure_emoji": true
    },
    {
      "user": "Rock",
      "comments": [
        "🤣🤣🤣"
      ],
      "language": "Other",
      "pure_emoji": true
    },
    {
      "user": "kosai77590",
      "comments": [
        "🥰日本不差这些"
      ],
      "language": "Chinese",
      "pure_emoji": false
    },
    {
      "user": "網中人",
      "comments": [
        "🥰🥰🥰"
      ],
      "language": "Other",
      "pure_emoji": true
    }
  ]
}