{
  "video_id": "7496207411343084818",
  "video_url": "https://www.tiktok.com/@nonstoptiktoker/video/7496207411343084818",
  "publish_date": null,
  "comment_groups": [
    {
      "user": "$@$168",
      "comments": [
        "說什麼是妳的自由，你說習是什麼都可以，但是就讓事實來說明吧。"
      ],
      "language": "Chinese",
      "pure_emoji": false
    },
    {
      "user": "12",
      "comments": [
        "见不的人家领导的好，自己夫君是獨裁者连自各弟妹都不过，弟弟还流亡海外"
      ],
      "language": "Chinese",
      "pure_emoji": false
    },
    {
      "user": "140411",
      "comments": [
        "不要相信假新聞！"
      ],
      "language": "Chinese",
      "pure_emoji": false
    },
    {
      "user": "7 días",
      "comments": [
        "很多爆料你不知道呢",
        "很多事情你不知道呢"
      ],
      "language": "Chinese",
      "pure_emoji": false
    },
    {
      "user": "Alibaba",
      "comments": [
        "Fake news"
      ],
      "language": "English",
      "pure_emoji": false
    },
    {
      "user": "Alvin Sim",
      "comments": [
        "her view is not all sporean view. at least not mine."
      ],
      "language": "English",
      "pure_emoji": false
    },
    {
      "user": "Andrew Loh",
      "comments": [
        "身为前首相夫人转发这种文章言论实在是不妥！😡"
      ],
      "language": "Chinese",
      "pure_emoji": false
    },
    {
      "user": "Andy Sng Wee Lum",
      "comments": [
        "无聊，又带风向"
      ],
      "language": "Chinese",
      "pure_emoji": false
    },
    {
      "user": "Angeline Lou",
      "comments": [
        "Impossible she can say this kind words"
      ],
      "language": "English",
      "pure_emoji": false
    },
    {
      "user": "Ben Chong",
      "comments": [
        "她的總理丈夫都沒有的做出評論，全世界的政治家都沒有，評論家都沒有，她如何有如此的高見呢？？？"
      ],
      "language": "Chinese",
      "pure_emoji": false
    },
    {
      "user": "C0mB0G0D",
      "comments": [
        "别被老美分裂我们亚洲。。"
      ],
      "language": "Chinese",
      "pure_emoji": false
    },
    {
      "user": "CL Lim",
      "comments": [
        "都是事实。不是吗？"
      ],
      "language": "Chinese",
      "pure_emoji": false
    },
    {
      "user": "Cheongfoo Cho",
      "comments": [
        "意图何為 ？？？"
      ],
      "language": "Chinese",
      "pure_emoji": false
    },
    {
      "user": "China ygdmz",
      "comments": [
        "呸呸呸呸"
      ],
      "language": "Chinese",
      "pure_emoji": false
    },
    {
      "user": "Dah Jing Tan",
      "comments": [
        "胡扯，荒诞不经！"
      ],
      "language": "Chinese",
      "pure_emoji": false
    },
    {
      "user": "David Yu",
      "comments": [
        "假新聞"
      ],
      "language": "Chinese",
      "pure_emoji": false
    },
    {
      "user": "Dick",
      "comments": [
        "假新闻"
      ],
      "language": "Chinese",
      "pure_emoji": false
    },
    {
      "user": "Dr. Smartkey",
      "comments": [
        "只有黑帮老大才有能力对付西方流氓。"
      ],
      "language": "Chinese",
      "pure_emoji": false
    },
    {
      "user": "Dragon",
      "comments": [
        "假新闻，故意抹黑新加坡",
        "假新闻，不可信"
      ],
      "language": "Chinese",
      "pure_emoji": false
    },
    {
      "user": "Erika",
      "comments": [
        "新加坡的经济才是真正靠金融掠夺周边国家"
      ],
      "language": "Chinese",
      "pure_emoji": false
    },
    {
      "user": "Felix",
      "comments": [
        "I am a Singaporean. But Support Mr Xi 🐉🐲🐉🐲🐉"
      ],
      "language": "English",
      "pure_emoji": false
    },
    {
      "user": "Fishman",
      "comments": [
        "小粉紅…心崩潰了😂"
      ],
      "language": "Chinese",
      "pure_emoji": false
    },
    {
      "user": "ForeverWu",
      "comments": [
        "你还真天真"
      ],
      "language": "Chinese",
      "pure_emoji": false
    },
    {
      "user": "Francis Goh",
      "comments": [
        "请确认视频的真假。。"
      ],
      "language": "Chinese",
      "pure_emoji": false
    },
    {
      "user": "Fuck chinanessupsidedown",
      "comments": [
        "👏👏👏👏"
      ],
      "language": "Other",
      "pure_emoji": true
    },
    {
      "user": "Henry Ang",
      "comments": [
        "不可能绝对不可能"
      ],
      "language": "Chinese",
      "pure_emoji": false
    },
    {
      "user": "Hl K",
      "comments": [
        "应该是法轮功的新世纪吧!"
      ],
      "language": "Chinese",
      "pure_emoji": false
    },
    {
      "user": "Howchee Tan",
      "comments": [
        "指鹿为马的人"
      ],
      "language": "Chinese",
      "pure_emoji": false
    },
    {
      "user": "Iiong_huat Ling🍈‍💜",
      "comments": [
        "费话 新加坡夫人不可能将说的 难道特朗普是个好好先生🤣"
      ],
      "language": "Chinese",
      "pure_emoji": false
    },
    {
      "user": "JC",
      "comments": [
        "丢恁老木"
      ],
      "language": "Chinese",
      "pure_emoji": false
    },
    {
      "user": "JJ",
      "comments": [
        "Fake news. Don't believe.",
        "千真万确的假新闻，对吗？ 视频没有任何正剧显示说过此话。",
        "如果相信这视频，你的至伤就有问题。"
      ],
      "language": "Mixed",
      "pure_emoji": false
    },
    {
      "user": "Jeff K.H",
      "comments": [
        "我国是有钱但你好好看看我们以是完了！"
      ],
      "language": "Chinese",
      "pure_emoji": false
    },
    {
      "user": "Jess Lee",
      "comments": [
        "😂"
      ],
      "language": "Other",
      "pure_emoji": true
    },
    {
      "user": "Joe",
      "comments": [
        "支持习大大👍👍👍"
      ],
      "language": "Chinese",
      "pure_emoji": false
    },
    {
      "user": "Joe wong",
      "comments": [
        "😳😳😳"
      ],
      "language": "Other",
      "pure_emoji": true
    },
    {
      "user": "Johnson Koo",
      "comments": [
        "纯为假新闻，企图挑拨离间中国与新加坡的合作！"
      ],
      "language": "Chinese",
      "pure_emoji": false
    },
    {
      "user": "Juliana Choy",
      "comments": [
        "😂😂😂"
      ],
      "language": "Other",
      "pure_emoji": true
    },
    {
      "user": "KP Foo",
      "comments": [
        ",,,假的吧"
      ],
      "language": "Chinese",
      "pure_emoji": false
    },
    {
      "user": "Ke Aaron",
      "comments": [
        "Its true news，I have check"
      ],
      "language": "English",
      "pure_emoji": false
    },
    {
      "user": "KimKim",
      "comments": [
        "假中有对"
      ],
      "language": "Chinese",
      "pure_emoji": false
    },
    {
      "user": "Kl Pay",
      "comments": [
        "谁信？"
      ],
      "language": "Chinese",
      "pure_emoji": false
    },
    {
      "user": "Koay Eng Loh",
      "comments": [
        "14亿人口的温飽比美国式假民主更重要。"
      ],
      "language": "Chinese",
      "pure_emoji": false
    },
    {
      "user": "Koh Yong Chan",
      "comments": [
        "大选要到了！什么新闻都可造！挑撥离间，拿了1.6亿美元？何晶搞金融，从不问政治！中星都禁法輪，大纪元才是主因吧！"
      ],
      "language": "Chinese",
      "pure_emoji": false
    },
    {
      "user": "Kudos",
      "comments": [
        "新加坡政坛人物不可能这样说话！"
      ],
      "language": "Chinese",
      "pure_emoji": false
    },
    {
      "user": "KwongKH",
      "comments": [
        "Very strange this commentator failed to see n intentionally ignore the gangster style behaviour of US leaders n keep sucking their ass n claimed their ass r sweet"
      ],
      "language": "English",
      "pure_emoji": false
    },
    {
      "user": "Lewis Oh",
      "comments": [
        "强囯都是强盗"
      ],
      "language": "Chinese",
      "pure_emoji": false
    },
    {
      "user": "Lim Hongchee",
      "comments": [
        "何晶掌的主权基金亏了很多钱，若让她管理中国会如何？"
      ],
      "language": "Chinese",
      "pure_emoji": false
    },
    {
      "user": "Livialalala",
      "comments": [
        "我去翻了 并没有这篇转发"
      ],
      "language": "Chinese",
      "pure_emoji": false
    },
    {
      "user": "Lumos",
      "comments": [
        "跟这些人说的有什么意思 都是睁眼装瞎 不知道意义在哪"
      ],
      "language": "Chinese",
      "pure_emoji": false
    },
    {
      "user": "Nana",
      "comments": [
        "何晶身為前總理夫人此文不得體！新加坡不妙了，高峰已逝！"
      ],
      "language": "Chinese",
      "pure_emoji": false
    },
    {
      "user": "Narada",
      "comments": [
        "假新聞"
      ],
      "language": "Chinese",
      "pure_emoji": false
    },
    {
      "user": "PJR",
      "comments": [
        "small noth8ng country with the BIGGEST mouth..too rich"
      ],
      "language": "English",
      "pure_emoji": false
    },
    {
      "user": "PPTSkills",
      "comments": [
        "一方面说习独裁，一方面说为赢得权利进行宫廷斗争，矛不矛盾？"
      ],
      "language": "Chinese",
      "pure_emoji": false
    },
    {
      "user": "SGD$0.5",
      "comments": [
        "她是心疼丈夫太辛苦了，要他下个月退休"
      ],
      "language": "Chinese",
      "pure_emoji": false
    },
    {
      "user": "SSR",
      "comments": [
        "新加坡人自稱高上又有美國撐著，有什麼好怕的。"
      ],
      "language": "Chinese",
      "pure_emoji": false
    },
    {
      "user": "Sam H",
      "comments": [
        "1450 spinning the story"
      ],
      "language": "English",
      "pure_emoji": false
    },
    {
      "user": "Shan.lang5",
      "comments": [
        "弹丸小国 奴性难改"
      ],
      "language": "Chinese",
      "pure_emoji": false
    },
    {
      "user": "Simiosa_Dosajay",
      "comments": [
        "写这文章得收多少钱呢"
      ],
      "language": "Chinese",
      "pure_emoji": false
    },
    {
      "user": "Simon lin",
      "comments": [
        "好过中国",
        "好过中国人"
      ],
      "language": "Chinese",
      "pure_emoji": false
    },
    {
      "user": "SolarEng",
      "comments": [
        "小米分红心砸了"
      ],
      "language": "Chinese",
      "pure_emoji": false
    },
    {
      "user": "Soo pong Wong",
      "comments": [
        "为何这种视频能出现在抖音"
      ],
      "language": "Chinese",
      "pure_emoji": false
    },
    {
      "user": "TF king",
      "comments": [
        "何晶是对的。 她是新加坡之母伟大的夫人，只要她一声新加坡就听命。"
      ],
      "language": "Chinese",
      "pure_emoji": false
    },
    {
      "user": "Thomas Tan59",
      "comments": [
        "務時"
      ],
      "language": "Chinese",
      "pure_emoji": false
    },
    {
      "user": "Toko Grosir_S. Paduan",
      "comments": [
        "新加坡好像超越美国了，自己什么身份地位不清楚吗，"
      ],
      "language": "Chinese",
      "pure_emoji": false
    },
    {
      "user": "Tong Foon Teup",
      "comments": [
        "何晶在淡马锡当CEO 的时候，投资不清不楚，搞到新加坡老人的退休金都拿不出来了。"
      ],
      "language": "Mixed",
      "pure_emoji": false
    },
    {
      "user": "Tony7617",
      "comments": [
        "跳梁小丑"
      ],
      "language": "Chinese",
      "pure_emoji": false
    },
    {
      "user": "WHOAMO",
      "comments": [
        "何晶终于暴露出了自己反中恨中的真实面目，以前利用清华大学的身份，到处散播反共言语",
        "何晶骂习主席，却还在赚中国的钱，担任清华大学委员，这个女人太可怕了"
      ],
      "language": "Chinese",
      "pure_emoji": false
    },
    {
      "user": "William Chu541",
      "comments": [
        "抹黑！假新聞🤣"
      ],
      "language": "Chinese",
      "pure_emoji": false
    },
    {
      "user": "Williams Poh",
      "comments": [
        "有头脑的人不知道是假新闻😳"
      ],
      "language": "Chinese",
      "pure_emoji": false
    },
    {
      "user": "Winnie Ang",
      "comments": [
        "Xi do everything is good for his own country and this woman ho do everything is just for her own and not for the country."
      ],
      "language": "English",
      "pure_emoji": false
    },
    {
      "user": "Wisconkin",
      "comments": [
        "假新闻"
      ],
      "language": "Chinese",
      "pure_emoji": false
    },
    {
      "user": "WongShann1",
      "comments": [
        "需要確認 不然會印象到投票結果"
      ],
      "language": "Chinese",
      "pure_emoji": false
    },
    {
      "user": "Yan",
      "comments": [
        "Western Propaganda.. Look at Trump 😏"
      ],
      "language": "English",
      "pure_emoji": false
    },
    {
      "user": "ailidesi",
      "comments": [
        "搞了一堆亂咬戰狼，孵一堆翻牆小粉紅，籠國被這群人害死。"
      ],
      "language": "Chinese",
      "pure_emoji": false
    },
    {
      "user": "angas tayo",
      "comments": [
        "把中国整烂了？？美国都不敢惹中国"
      ],
      "language": "Chinese",
      "pure_emoji": false
    },
    {
      "user": "bailin86",
      "comments": [
        "西方的I话术"
      ],
      "language": "Mixed",
      "pure_emoji": false
    },
    {
      "user": "bing zhao",
      "comments": [
        "USAID 發的狗粮，香啊 ！"
      ],
      "language": "Mixed",
      "pure_emoji": false
    },
    {
      "user": "caonima156",
      "comments": [
        "是真的，你去Facebook看何晶的账号，还没有删除"
      ],
      "language": "Mixed",
      "pure_emoji": false
    },
    {
      "user": "ck",
      "comments": [
        "中国也要查清楚.现在网络也不可信.有人想陷害.我们Singapore呢.不可能决对不可能.希望平淡去不要去管.💪💪💪💪💪💪"
      ],
      "language": "Mixed",
      "pure_emoji": false
    },
    {
      "user": "daniel19950607",
      "comments": [
        "新加坡很讨厌中国人的"
      ],
      "language": "Chinese",
      "pure_emoji": false
    },
    {
      "user": "gary gary",
      "comments": [
        "假新闻，新加坡总理夫人不可能说这些無知的话，胡说八道，無知。"
      ],
      "language": "Chinese",
      "pure_emoji": false
    },
    {
      "user": "gh",
      "comments": [
        "she kissed trump's ass !"
      ],
      "language": "English",
      "pure_emoji": false
    },
    {
      "user": "gohboonchoon",
      "comments": [
        "吃不到葡萄，说葡萄是酸的．"
      ],
      "language": "Chinese",
      "pure_emoji": false
    },
    {
      "user": "hi",
      "comments": [
        "😂😂😂😂😂😂😂😂😂"
      ],
      "language": "Other",
      "pure_emoji": true
    },
    {
      "user": "ichingwu8",
      "comments": [
        "造口業啊⋯⋯阿彌陀佛🙏"
      ],
      "language": "Chinese",
      "pure_emoji": false
    },
    {
      "user": "im mit",
      "comments": [
        "有什么不妥，她不是政府官员也不能代表新加坡发言。"
      ],
      "language": "Chinese",
      "pure_emoji": false
    },
    {
      "user": "kentcth",
      "comments": [
        "那篇文章是用繁体字写的。新加坡是用简体中文。不是新加坡写的文章。"
      ],
      "language": "Chinese",
      "pure_emoji": false
    },
    {
      "user": "khootj1",
      "comments": [
        "Singapore relied on US fully as it has not much resources and their strength is free trade platform and financial system only 😂"
      ],
      "language": "English",
      "pure_emoji": false
    },
    {
      "user": "kim",
      "comments": [
        "😳😳"
      ],
      "language": "Other",
      "pure_emoji": true
    },
    {
      "user": "koon.loy",
      "comments": [
        "台湾制造的假新闻😂"
      ],
      "language": "Chinese",
      "pure_emoji": false
    },
    {
      "user": "loeis",
      "comments": [
        "希望是假新闻！李夫人【何晶】 该是不可能说的话题？？"
      ],
      "language": "Chinese",
      "pure_emoji": false
    },
    {
      "user": "menghuat tan469",
      "comments": [
        "呵呵！"
      ],
      "language": "Chinese",
      "pure_emoji": false
    },
    {
      "user": "mrl23712",
      "comments": [
        "這種標題一看就是民進黨的語氣🤣，何晶女士是有文化涵養的。1450小心別被共軍鎖定，下一個嚗光的就是你了🤣🤣🤣"
      ],
      "language": "Chinese",
      "pure_emoji": false
    },
    {
      "user": "mushine liu",
      "comments": [
        "李光耀不是用黑幫老大的霸氣統制新加坡麼習大大還比較温和評评川普吧它正霸凌全世界"
      ],
      "language": "Chinese",
      "pure_emoji": false
    },
    {
      "user": "nerddeightysix",
      "comments": [
        "不可能！新加坡政府不可能说出这样的话🤣🤣🤣🤣🤣🤣🤣"
      ],
      "language": "Chinese",
      "pure_emoji": false
    },
    {
      "user": "noudont",
      "comments": [
        "pls tell this invalid woman that her attention grabbing stances that put us at odds with china. foreign interference from sg king's wife"
      ],
      "language": "English",
      "pure_emoji": false
    },
    {
      "user": "pal",
      "comments": [
        "不是暗指，是直指。"
      ],
      "language": "Chinese",
      "pure_emoji": false
    },
    {
      "user": "peace",
      "comments": [
        "“何”許人也？"
      ],
      "language": "Chinese",
      "pure_emoji": false
    },
    {
      "user": "pockey pockey",
      "comments": [
        "假新闻"
      ],
      "language": "Chinese",
      "pure_emoji": false
    },
    {
      "user": "rosey the rose 🌹",
      "comments": [
        "is this true.?"
      ],
      "language": "English",
      "pure_emoji": false
    },
    {
      "user": "sa m fa r",
      "comments": [
        "台湾问题和9断线在1950年就一直都在声张，并非只在习时代发生的事，除此之外中国则是模糊战略一直没变，反观西方则一直战略清晰，容易洗脑世人。但最终还是要看结果，从80，90，00，10，一直到今年 每个年代的中国在西方都在被唱衰，今年并非是最严重的，哈哈哈😜"
      ],
      "language": "Chinese",
      "pure_emoji": false
    },
    {
      "user": "stevenw9628",
      "comments": [
        "鬼！"
      ],
      "language": "Chinese",
      "pure_emoji": false
    },
    {
      "user": "t.Mly",
      "comments": [
        "不意外，新加坡很多也看不起马来西亚华人。"
      ],
      "language": "Chinese",
      "pure_emoji": false
    },
    {
      "user": "tianng389",
      "comments": [
        "大选假新闻，"
      ],
      "language": "Chinese",
      "pure_emoji": false
    },
    {
      "user": "user1347349446583",
      "comments": [
        "川普和习，谁像黑帮老大？"
      ],
      "language": "Chinese",
      "pure_emoji": false
    },
    {
      "user": "user3222255248835",
      "comments": [
        "假新闻别信😎"
      ],
      "language": "Chinese",
      "pure_emoji": false
    },
    {
      "user": "user32926343486857",
      "comments": [
        "领导班子换人之前台湾己回归了"
      ],
      "language": "Chinese",
      "pure_emoji": false
    },
    {
      "user": "user3322926280708",
      "comments": [
        "胡說八道"
      ],
      "language": "Chinese",
      "pure_emoji": false
    },
    {
      "user": "user3365422149616",
      "comments": [
        "😅😅😅"
      ],
      "language": "Other",
      "pure_emoji": true
    },
    {
      "user": "user500813029401",
      "comments": [
        "是不是黑帮老大，不重要，让中国强大起来了是不是真的？"
      ],
      "language": "Chinese",
      "pure_emoji": false
    },
    {
      "user": "user5588076798195",
      "comments": [
        "自導自演"
      ],
      "language": "Chinese",
      "pure_emoji": false
    },
    {
      "user": "user5836847318320",
      "comments": [
        "新加坡的蛋糕🎂将收速。"
      ],
      "language": "Chinese",
      "pure_emoji": false
    },
    {
      "user": "user5879036570654",
      "comments": [
        "假的"
      ],
      "language": "Chinese",
      "pure_emoji": false
    },
    {
      "user": "user6431842496964",
      "comments": [
        "this is bull shit. she won't say that."
      ],
      "language": "English",
      "pure_emoji": false
    },
    {
      "user": "user7077811758732",
      "comments": [
        "習大加油"
      ],
      "language": "Chinese",
      "pure_emoji": false
    },
    {
      "user": "user9226813085435",
      "comments": [
        "Singapore's way of going on its knees to usa. pucker up Singapore!"
      ],
      "language": "English",
      "pure_emoji": false
    },
    {
      "user": "user96638542703995",
      "comments": [
        "Do not matter what trump did just elevate xi status 10x"
      ],
      "language": "English",
      "pure_emoji": false
    },
    {
      "user": "vn.badboy",
      "comments": [
        "🤣🤣🤣如果新加坡没有她GIC就不会亏这么多钱"
      ],
      "language": "Mixed",
      "pure_emoji": false
    },
    {
      "user": "weiqi88888888",
      "comments": [
        "假新闻😅😅😅"
      ],
      "language": "Chinese",
      "pure_emoji": false
    },
    {
      "user": "wilson lu",
      "comments": [
        "新加坡擔心本身在東盟領導地位被剝奪"
      ],
      "language": "Chinese",
      "pure_emoji": false
    },
    {
      "user": "wowhappyu",
      "comments": [
        "大选要到了。有人要找事。"
      ],
      "language": "Chinese",
      "pure_emoji": false
    },
    {
      "user": "yong",
      "comments": [
        "新加坡找死"
      ],
      "language": "Chinese",
      "pure_emoji": false
    },
    {
      "user": "youko",
      "comments": [
        "normal every one also say😂😂"
      ],
      "language": "English",
      "pure_emoji": false
    },
    {
      "user": "yuchieh48",
      "comments": [
        "假帳號別鬧"
      ],
      "language": "Chinese",
      "pure_emoji": false
    },
    {
      "user": "yudanda09",
      "comments": [
        "Cannot offend China. 😢😢"
      ],
      "language": "English",
      "pure_emoji": false
    },
    {
      "user": "zhuozhu2",
      "comments": [
        "九段线是45年时划的，美军完全同意且派军船送国军占领太平岛。"
      ],
      "language": "Chinese",
      "pure_emoji": false
    },
    {
      "user": "ทอง",
      "comments": [
        "习近平不敢下，他下来有多少人要弄他，他心里清楚的很"
      ],
      "language": "Chinese",
      "pure_emoji": false
    },
    {
      "user": "⚔️灰燼使者⚔️",
      "comments": [
        "新加坡攤牌選邊了！"
      ],
      "language": "Chinese",
      "pure_emoji": false
    },
    {
      "user": "上海小白鲢",
      "comments": [
        "假新聞"
      ],
      "language": "Chinese",
      "pure_emoji": false
    },
    {
      "user": "不痛不痒",
      "comments": [
        "新加坡挺可怜"
      ],
      "language": "Chinese",
      "pure_emoji": false
    },
    {
      "user": "人神愤共",
      "comments": [
        "troll washing the floor 😂😂😂"
      ],
      "language": "English",
      "pure_emoji": false
    },
    {
      "user": "全🌏华人支持🇨🇳解放🇹🇼省👍",
      "comments": [
        "新加坡是离马来西亚最近的邻国，中国官访马来西亚也不顺访新加坡，新加坡吃醋了，感到颜面无存而乘机报复中国"
      ],
      "language": "Chinese",
      "pure_emoji": false
    },
    {
      "user": "吴所谓",
      "comments": [
        "事实胜于雄辩👍👍👍"
      ],
      "language": "Chinese",
      "pure_emoji": false
    },
    {
      "user": "夜夜笙歌",
      "comments": [
        "一個總理太太發這種言論，是被川普逼的嗎？"
      ],
      "language": "Chinese",
      "pure_emoji": false
    },
    {
      "user": "大中华月球节度使",
      "comments": [
        "坡县有什么存在感？"
      ],
      "language": "Chinese",
      "pure_emoji": false
    },
    {
      "user": "天体交易所(CTC)",
      "comments": [
        "习大大干得漂亮"
      ],
      "language": "Chinese",
      "pure_emoji": false
    },
    {
      "user": "季君子",
      "comments": [
        "什麼人都要管中國，也是搞笑的"
      ],
      "language": "Chinese",
      "pure_emoji": false
    },
    {
      "user": "小林子",
      "comments": [
        "@天天胡说八道",
        "反贼什么谣言不能造！只要他想😂😂"
      ],
      "language": "Chinese",
      "pure_emoji": false
    },
    {
      "user": "崇洋媚外",
      "comments": [
        "姓林，你祖先知道有你吗😂😂😂"
      ],
      "language": "Chinese",
      "pure_emoji": false
    },
    {
      "user": "户長 captain",
      "comments": [
        "连口香糖都不让进口的国家😂"
      ],
      "language": "Chinese",
      "pure_emoji": false
    },
    {
      "user": "拜恩",
      "comments": [
        "🤣 下一个慈禧太后😆"
      ],
      "language": "Chinese",
      "pure_emoji": false
    },
    {
      "user": "斗數高人",
      "comments": [
        "垂簾聽政嗎"
      ],
      "language": "Chinese",
      "pure_emoji": false
    },
    {
      "user": "施先生sherman",
      "comments": [
        "所以川皇才是善心人士?!"
      ],
      "language": "Chinese",
      "pure_emoji": false
    },
    {
      "user": "暗夜詩人",
      "comments": [
        "放屁"
      ],
      "language": "Chinese",
      "pure_emoji": false
    },
    {
      "user": "机油批发",
      "comments": [
        "[写真]"
      ],
      "language": "Chinese",
      "pure_emoji": false
    },
    {
      "user": "沈恒吉",
      "comments": [
        "謠言視頻，別理會！"
      ],
      "language": "Chinese",
      "pure_emoji": false
    },
    {
      "user": "温文尔雅",
      "comments": [
        "这是说的梦话吗😃"
      ],
      "language": "Chinese",
      "pure_emoji": false
    },
    {
      "user": "無聊人",
      "comments": [
        "習是想當世界的皇帝。😂😂"
      ],
      "language": "Chinese",
      "pure_emoji": false
    },
    {
      "user": "王明仁",
      "comments": [
        "这我倒放心了，感谢习近平，感谢共产党没有遵守某些协议"
      ],
      "language": "Chinese",
      "pure_emoji": false
    },
    {
      "user": "用户8676925545554",
      "comments": [
        "誤會中共了，南海9段線，是2戰後中華民國劃定的，而且劃的不止9段，是11段線，並且實質控制該區域，當時全世界沒有任何異議跟質疑"
      ],
      "language": "Chinese",
      "pure_emoji": false
    },
    {
      "user": "盧曉曉",
      "comments": [
        "分析的非常透徹"
      ],
      "language": "Chinese",
      "pure_emoji": false
    },
    {
      "user": "秋水共长天一色",
      "comments": [
        "要不是习主席大力发展军武，我们现在只会谴责😂被拿捏死死的"
      ],
      "language": "Chinese",
      "pure_emoji": false
    },
    {
      "user": "等待天亮",
      "comments": [
        "千真万确",
        "她传发，但没加评论! 自己去她脸书看吧!"
      ],
      "language": "Chinese",
      "pure_emoji": false
    },
    {
      "user": "精神分裂病理科主任",
      "comments": [
        "真假新聞需要證明",
        "中國跟美國都有一樣的尿性，欺負自己人，越是靠近身旁的欺負的越兇。"
      ],
      "language": "Chinese",
      "pure_emoji": false
    },
    {
      "user": "罐子",
      "comments": [
        "原諒我不爭氣的笑了！因為我覺得你好像很想教你們國家主席做事！但你又無能為力😂",
        "我沒說我的認知很高有遠見啊！你有遠見？你來統一呀！你說的下不下台都一樣就表示你能控制啊還怕我說喔？",
        "說真的我一個臺灣人我是不相信新加坡前首相夫人會有這樣的言論！無法妄下結論"
      ],
      "language": "Chinese",
      "pure_emoji": false
    },
    {
      "user": "老夫子",
      "comments": [
        "Is such comments bring any benefit to the country? If not, better keep quiet.🤔"
      ],
      "language": "English",
      "pure_emoji": false
    },
    {
      "user": "背叛明代",
      "comments": [
        "我信你個鬼，挑撥離間的用意這麼明顯！"
      ],
      "language": "Chinese",
      "pure_emoji": false
    },
    {
      "user": "若水",
      "comments": [
        "Go n check her fb, her post is still there."
      ],
      "language": "English",
      "pure_emoji": false
    },
    {
      "user": "豬龍",
      "comments": [
        "一堆說假新聞 🤣🤣🤣 這影片很適珍藏起來 🤣🤣🤣"
      ],
      "language": "Chinese",
      "pure_emoji": false
    },
    {
      "user": "過客",
      "comments": [
        "本來 ；ㄧ直有錢、ㄧ直有錢！ 到處炫富 囂張無比 不可ㄧ世～！ 結果 ㄧ個政治BUG 、習近平 上台、 全 中國 鬧窮！ 打回 毛澤東 時代！ 呃 到現在 還有人 還再做夢 認為 經濟會復甦、 昨日 毫宅 今日 打工、 這 你很難想像得到"
      ],
      "language": "Mixed",
      "pure_emoji": false
    },
    {
      "user": "陳",
      "comments": [
        "人家根本就沒發"
      ],
      "language": "Chinese",
      "pure_emoji": false
    },
    {
      "user": "龙八条",
      "comments": [
        "都被日軍沙絕了台灣勾，又被打上島，唯一沒贏的就是把沒把你們2000多萬台灣沙絕😂😂😂😏😏"
      ],
      "language": "Chinese",
      "pure_emoji": false
    },
    {
      "user": "龙爷",
      "comments": [
        "不可能.何晶不傻"
      ],
      "language": "Chinese",
      "pure_emoji": false
    },
    {
      "user": "－身正氣",
      "comments": [
        "说得对就是個黑班班长因为共产党就是一班黑社会！"
      ],
      "language": "Chinese",
      "pure_emoji": false
    },
    {
      "user": "＿",
      "comments": [
        "习大人，稳如太山。"
      ],
      "language": "Chinese",
      "pure_emoji": false
    },
    {
      "user": "🎲",
      "comments": [
        "别再抹黑新加坡了 我们只是小岛国 😅 真的对你们强国的事 我们没兴趣。😂😂"
      ],
      "language": "Chinese",
      "pure_emoji": false
    },
    {
      "user": "👀👀👀👀👀👻",
      "comments": [
        "虽然发表的言论是假新闻、但是他确实不行、"
      ],
      "language": "Chinese",
      "pure_emoji": false
    },
    {
      "user": "💎ZYW",
      "comments": [
        "不论习近平下台不下台 统一台湾势在必行",
        "很明显 从你的言论中 能感受到其认知的局限性"
      ],
      "language": "Chinese",
      "pure_emoji": false
    }
  ]
}