{
  "video_id": "7491804185097145646",
  "video_url": "https://www.tiktok.com/@laoyoutalks/video/7491804185097145646",
  "publish_date": null,
  "comment_groups": [
    {
      "user": "99",
      "comments": [
        "谁是我们的朋友?谁是我们的敌人？这是伟人给我们留下的第一问。"
      ],
      "language": "Chinese",
      "pure_emoji": false
    },
    {
      "user": "DE",
      "comments": [
        "👍👍👍"
      ],
      "language": "Other",
      "pure_emoji": true
    },
    {
      "user": "Drwffd",
      "comments": [
        "他不是教音乐的么？"
      ],
      "language": "Chinese",
      "pure_emoji": false
    },
    {
      "user": "Fanny",
      "comments": [
        "这样高关税还会有贸易往来吗"
      ],
      "language": "Chinese",
      "pure_emoji": false
    },
    {
      "user": "Micheal…",
      "comments": [
        "🥰🥰🥰"
      ],
      "language": "Other",
      "pure_emoji": true
    },
    {
      "user": "Paul",
      "comments": [
        "一旦两败俱伤的结论，就等于什么也没说。你以为川普和他的团队没有权衡过利弊？"
      ],
      "language": "Chinese",
      "pure_emoji": false
    },
    {
      "user": "Peter Ngo",
      "comments": [
        "美國人民更受傷"
      ],
      "language": "Chinese",
      "pure_emoji": false
    },
    {
      "user": "Philip Cy",
      "comments": [
        "你是美国人是吗？"
      ],
      "language": "Chinese",
      "pure_emoji": false
    },
    {
      "user": "QIMING YUAN",
      "comments": [
        "越南的货大部分是中国的"
      ],
      "language": "Chinese",
      "pure_emoji": false
    },
    {
      "user": "Renbow Chen",
      "comments": [
        "其实美国不依赖中国商品，因为渠道太多啦"
      ],
      "language": "Chinese",
      "pure_emoji": false
    },
    {
      "user": "W . U，D",
      "comments": [
        "你懂个屁"
      ],
      "language": "Chinese",
      "pure_emoji": false
    },
    {
      "user": "Xinzhou Xu",
      "comments": [
        "关税是中国企业承担吗？是消费者承担吧？"
      ],
      "language": "Chinese",
      "pure_emoji": false
    },
    {
      "user": "Yap Mr",
      "comments": [
        "台湾省的赖清德肯定是听了这位专家意见！早早就跪下了！"
      ],
      "language": "Chinese",
      "pure_emoji": false
    },
    {
      "user": "chinchunng",
      "comments": [
        "两个都伤看谁伤比较重"
      ],
      "language": "Chinese",
      "pure_emoji": false
    },
    {
      "user": "doudou8",
      "comments": [
        "美国人没事，都印点钱买就可以了"
      ],
      "language": "Chinese",
      "pure_emoji": false
    },
    {
      "user": "gaolouren",
      "comments": [
        "祖国必胜，"
      ],
      "language": "Chinese",
      "pure_emoji": false
    },
    {
      "user": "haibinwu3",
      "comments": [
        "双方都奔着热战去的，关税只是开始，核战才是结束"
      ],
      "language": "Chinese",
      "pure_emoji": false
    },
    {
      "user": "ho",
      "comments": [
        "🥰🥰🥰"
      ],
      "language": "Other",
      "pure_emoji": true
    },
    {
      "user": "keqinyangmuseum of CEO",
      "comments": [
        "China president just called USA president Trump. Should have solution. China should follow up with America government policy."
      ],
      "language": "English",
      "pure_emoji": false
    },
    {
      "user": "lau",
      "comments": [
        "no way"
      ],
      "language": "English",
      "pure_emoji": false
    },
    {
      "user": "rebeccazeng1",
      "comments": [
        "分析的很中肯，"
      ],
      "language": "Chinese",
      "pure_emoji": false
    },
    {
      "user": "sj",
      "comments": [
        "反正美国这边早已表明态度了，五十多个地区城市同时上街示威游行反对不靠谱的关税战，而国内的老百姓似乎还没太大的影响（除与美有贸易的），美国反对政府的声音很强烈，就连马斯克都说他后悔帮特朗普选举出力和在效率部门所做出的努力了。"
      ],
      "language": "Chinese",
      "pure_emoji": false
    },
    {
      "user": "user381879923998",
      "comments": [
        "你要想到我们也是世界一二大进口过，2.5万亿，美国3.2万亿，好多国家需要跟我们做生意的，不会被孤立"
      ],
      "language": "Chinese",
      "pure_emoji": false
    },
    {
      "user": "user4215010887985",
      "comments": [
        "为国为民都要低调"
      ],
      "language": "Chinese",
      "pure_emoji": false
    },
    {
      "user": "user5683141948858",
      "comments": [
        "都有压力"
      ],
      "language": "Chinese",
      "pure_emoji": false
    },
    {
      "user": "yc20012020m",
      "comments": [
        "从中国的角度看，商品过度使得价格更便宜，所以民众是由俭入奢。从美国的角度看，商品不足使得价格上涨，需要自身更加努力的劳作，所以民众是由奢入俭，所以美国人会更不好过"
      ],
      "language": "Chinese",
      "pure_emoji": false
    },
    {
      "user": "zbyang2025",
      "comments": [
        "谁受伤这种分析取决于你站在哪一方的立场。"
      ],
      "language": "Chinese",
      "pure_emoji": false
    },
    {
      "user": "zhengqiu52",
      "comments": [
        "分析有道理"
      ],
      "language": "Chinese",
      "pure_emoji": false
    },
    {
      "user": "zhi",
      "comments": [
        "呵呵又是专家"
      ],
      "language": "Chinese",
      "pure_emoji": false
    },
    {
      "user": "⚾P.T⚾104268",
      "comments": [
        "@🤝"
      ],
      "language": "Other",
      "pure_emoji": false
    },
    {
      "user": "一个喜欢旅行的人",
      "comments": [
        "你说的是砖🧱家吗，咱们国内就盛产砖家对吧"
      ],
      "language": "Chinese",
      "pure_emoji": false
    },
    {
      "user": "丰禄 唐",
      "comments": [
        "😁😁😁"
      ],
      "language": "Other",
      "pure_emoji": true
    },
    {
      "user": "享受孤独",
      "comments": [
        "尤老师 你还认为川普真是为打贸易战吗？他和华尔街的老板又割了多少韭菜？他只是是个商人！不是为了什么美国 只是为了自己赚钱而已！还记得他的川普币吗？"
      ],
      "language": "Chinese",
      "pure_emoji": false
    },
    {
      "user": "六炫网络科技",
      "comments": [
        "人民币贬值。不是出口赚翻吗😂"
      ],
      "language": "Chinese",
      "pure_emoji": false
    },
    {
      "user": "常在新",
      "comments": [
        "小心言论，为恐天下不乱，制造恐慌， 秋后算账"
      ],
      "language": "Chinese",
      "pure_emoji": false
    },
    {
      "user": "星辰大海",
      "comments": [
        "没有美国市场没关系,中华民族决不能下跪,决不当汉奸😎😎中国加油💪💪💪"
      ],
      "language": "Chinese",
      "pure_emoji": false
    },
    {
      "user": "李小华",
      "comments": [
        "為什麼中國不跟美國，一樣再加關稅"
      ],
      "language": "Chinese",
      "pure_emoji": false
    },
    {
      "user": "独享节点专业",
      "comments": [
        "残酷哦！"
      ],
      "language": "Chinese",
      "pure_emoji": false
    },
    {
      "user": "돌고 도는 세상",
      "comments": [
        "😳😳😳"
      ],
      "language": "Other",
      "pure_emoji": true
    }
  ]
}