{
  "video_id": "7495073737872608542",
  "video_url": "https://www.tiktok.com/@mossymatriarch/video/7495073737872608542",
  "publish_date": null,
  "comment_groups": [
    {
      "user": ".・゜-: ✧ :- ARTEM",
      "comments": [
        "We've been that way majority of our life.",
        "We've been that way majority of our life."
      ],
      "language": "English",
      "pure_emoji": false
    },
    {
      "user": "19janemarple",
      "comments": [
        "DJT does not care about the citizens of USA 🤬"
      ],
      "language": "English",
      "pure_emoji": false
    },
    {
      "user": "2x4x26",
      "comments": [
        "He wants us to suffer",
        "He wants us to suffer"
      ],
      "language": "English",
      "pure_emoji": false
    },
    {
      "user": "6.5 grendel",
      "comments": [
        "Tell use you have no clue what eugenics is or what it was",
        "Love these comments. You people actually need do some research and find out who and which party sold this country to the lowest bidder"
      ],
      "language": "English",
      "pure_emoji": false
    },
    {
      "user": "Aaron🪐",
      "comments": [
        "What yall don’t understand is there isn’t going to be another. There is no coming back from this. We either stop it now & change, or we fail, and they have even more time to prepare and solidify."
      ],
      "language": "English",
      "pure_emoji": false
    },
    {
      "user": "AdmiralofSnacks",
      "comments": [
        "How is Hong Kong using the USPS to ship? It’s only in the US. Also, wouldn’t these things be coming by ship and then redistributed?"
      ],
      "language": "English",
      "pure_emoji": false
    },
    {
      "user": "Aftertimeoutfit🆘🇺🇸",
      "comments": [
        "Don’t ask ChatGPT things."
      ],
      "language": "English",
      "pure_emoji": false
    },
    {
      "user": "AgniBeck",
      "comments": [
        "If only MAGA had empathy. We can’t count on them to have humanity"
      ],
      "language": "English",
      "pure_emoji": false
    },
    {
      "user": "Aherb17",
      "comments": [
        "As a nurse this is terrifying. And no one is listening."
      ],
      "language": "English",
      "pure_emoji": false
    },
    {
      "user": "AlbaRoswell",
      "comments": [
        "Thanks for the sobering statement- yours truly- a type 1 diabetic."
      ],
      "language": "English",
      "pure_emoji": false
    },
    {
      "user": "Alexis",
      "comments": [
        "100k is generous 💔"
      ],
      "language": "English",
      "pure_emoji": false
    },
    {
      "user": "Amanda Engelking",
      "comments": [
        "that is going to be a problem for my family"
      ],
      "language": "English",
      "pure_emoji": false
    },
    {
      "user": "Amberly Thurman",
      "comments": [
        "It’s so sad. Trump has really destroyed America",
        "It’s so sad. Trump has really destroyed America"
      ],
      "language": "English",
      "pure_emoji": false
    },
    {
      "user": "American Pain & Disability FDN",
      "comments": [
        "That’s their plan"
      ],
      "language": "English",
      "pure_emoji": false
    },
    {
      "user": "Amy Marie 6",
      "comments": [
        "sink us"
      ],
      "language": "English",
      "pure_emoji": false
    },
    {
      "user": "Ann",
      "comments": [
        "😬😬😬"
      ],
      "language": "Other",
      "pure_emoji": true
    },
    {
      "user": "Antman_2U",
      "comments": [
        "Good do now please"
      ],
      "language": "English",
      "pure_emoji": false
    },
    {
      "user": "Appleseiter",
      "comments": [
        "And the worst part is many, many people will believe it was truly not trumps fault. That’s ultimately what makes him so dangerous"
      ],
      "language": "English",
      "pure_emoji": false
    },
    {
      "user": "Arc Armor",
      "comments": [
        "This is exactly why america needs to become self reliant... thanks for making perfect sense"
      ],
      "language": "English",
      "pure_emoji": false
    },
    {
      "user": "Ash@",
      "comments": [
        "💯💯"
      ],
      "language": "Other",
      "pure_emoji": true
    },
    {
      "user": "Atheist",
      "comments": [
        "They said it will be alittle uncomfortable for alittle while"
      ],
      "language": "English",
      "pure_emoji": false
    },
    {
      "user": "Azure Steel",
      "comments": [
        "You think hospital prices are high now?",
        "You think hospital prices are high now?"
      ],
      "language": "English",
      "pure_emoji": false
    },
    {
      "user": "Bang Brahim",
      "comments": [
        "Hahaha 🤣 funny"
      ],
      "language": "English",
      "pure_emoji": false
    },
    {
      "user": "Baroness 🌎🇺🇸🆘",
      "comments": [
        "This is…very scary"
      ],
      "language": "English",
      "pure_emoji": false
    },
    {
      "user": "Batwithglasses_",
      "comments": [
        "I take quite a few meds. And. I also work in a hospital. So. Thats great."
      ],
      "language": "English",
      "pure_emoji": false
    },
    {
      "user": "Be Better Do Better",
      "comments": [
        "FedEx, UPS and other delivery services have said they will pick up the slack. So there will be options, just different options.",
        "FedEx, UPS and other delivery services have said they will pick up the slack. So there will be options, just different options."
      ],
      "language": "English",
      "pure_emoji": false
    },
    {
      "user": "Bernice",
      "comments": [
        "That’s their plan to cull the poor😏"
      ],
      "language": "English",
      "pure_emoji": false
    },
    {
      "user": "Berrisweet101",
      "comments": [
        "So what y’all gonna do about it?"
      ],
      "language": "English",
      "pure_emoji": false
    },
    {
      "user": "Bigsexynumber1",
      "comments": [
        "🙏"
      ],
      "language": "Other",
      "pure_emoji": true
    },
    {
      "user": "Blake Nicholas",
      "comments": [
        "We can't let them control us like this if we really depend on them to save our lives. We have to make our own stuff",
        "We can't let them control us like this if we really depend on them to save our lives. We have to make our own stuff"
      ],
      "language": "English",
      "pure_emoji": false
    },
    {
      "user": "Blue Queen",
      "comments": [
        "As long it wipes out the votes that voted for this"
      ],
      "language": "English",
      "pure_emoji": false
    },
    {
      "user": "Bmoney262",
      "comments": [
        "Donald Trump won’t care. This is all about him and not about American citizens."
      ],
      "language": "English",
      "pure_emoji": false
    },
    {
      "user": "Bre Wagner",
      "comments": [
        "I’m diabetic and I’m scared"
      ],
      "language": "English",
      "pure_emoji": false
    },
    {
      "user": "Bren",
      "comments": [
        "😳"
      ],
      "language": "Other",
      "pure_emoji": true
    },
    {
      "user": "Brenda",
      "comments": [
        NaN
      ],
      "language": "English",
      "pure_emoji": false
    },
    {
      "user": "Bugzveli Inc (Bugzveli)",
      "comments": [
        "wow"
      ],
      "language": "English",
      "pure_emoji": false
    },
    {
      "user": "Bunnsma86",
      "comments": [
        "Yes it’s the culling of Americans, the weak, the poor, the disabled. Absolutely the plan and they’ll allow it."
      ],
      "language": "English",
      "pure_emoji": false
    },
    {
      "user": "CC",
      "comments": [
        "He’s already killing Americans. You don’t think the women that have died from lack of healthcare are Americans? He’s already killed a lot of people and yes, this will kill more."
      ],
      "language": "English",
      "pure_emoji": false
    },
    {
      "user": "CWNYC",
      "comments": [
        "This is scary"
      ],
      "language": "English",
      "pure_emoji": false
    },
    {
      "user": "Caroline The Empress",
      "comments": [
        "I believe this is an intentional purge.",
        "I believe this is an intentional purge."
      ],
      "language": "English",
      "pure_emoji": false
    },
    {
      "user": "Cats&Sense",
      "comments": [
        "They are eugenicists. This is in line with what they believe"
      ],
      "language": "English",
      "pure_emoji": false
    },
    {
      "user": "Celeste 🌺✨",
      "comments": [
        "Chat is underestimating that tbh. We’re talking millions."
      ],
      "language": "English",
      "pure_emoji": false
    },
    {
      "user": "Cephas Israel40",
      "comments": [
        "The current American regime welcomes this. They want less people around."
      ],
      "language": "English",
      "pure_emoji": false
    },
    {
      "user": "Chaos",
      "comments": [
        "This is an even better argument for the need to end offshoring of medical products.",
        "This is an even better argument for the need to end offshoring of medical products."
      ],
      "language": "English",
      "pure_emoji": false
    },
    {
      "user": "Chef Jai",
      "comments": [
        "It’s going to hurt the ones that need it the most. But I can say I had my package delivered by DoorDash👀👀👀🤷🏾‍♀️🤷🏾‍♀️🤷🏾‍♀️"
      ],
      "language": "English",
      "pure_emoji": false
    },
    {
      "user": "Christina",
      "comments": [
        "😡😡😡"
      ],
      "language": "Other",
      "pure_emoji": true
    },
    {
      "user": "Christina🌸🌸🌸",
      "comments": [
        "He does not care what happens to us."
      ],
      "language": "English",
      "pure_emoji": false
    },
    {
      "user": "Christine Saffioti",
      "comments": [
        "💔💔💔💔💔💔💔💔💔"
      ],
      "language": "Other",
      "pure_emoji": true
    },
    {
      "user": "Christy L Peraza",
      "comments": [
        "💙Stop waiting on someone to do something!! 💙You can do something NOW 💙Generalstrikeus.com"
      ],
      "language": "English",
      "pure_emoji": false
    },
    {
      "user": "Ci",
      "comments": [
        "💔💔💔💔💔"
      ],
      "language": "Other",
      "pure_emoji": true
    },
    {
      "user": "Cindy’s Finds",
      "comments": [
        "We need to get Lucky once per Kent State"
      ],
      "language": "English",
      "pure_emoji": false
    },
    {
      "user": "Clark Nieddu Art 💙 📸",
      "comments": [
        "If they're just boycotting USPS, can't they/we just use a different delivery service?"
      ],
      "language": "English",
      "pure_emoji": false
    },
    {
      "user": "Cornbread Fred +Trump",
      "comments": [
        "And this is why they’re trying to bring everything back to America. We need our own manufacturing companies for pharmaceuticals for clothing for necessities relax"
      ],
      "language": "English",
      "pure_emoji": false
    },
    {
      "user": "Cory 🥰💙",
      "comments": [
        "This is what they want. Let’s not pretend that this administration has no clue what they are doing. They know EXACTLY what they are doing.",
        "This is what they want. Let’s not pretend that this administration has no clue what they are doing. They know EXACTLY what they are doing."
      ],
      "language": "English",
      "pure_emoji": false
    },
    {
      "user": "Cris",
      "comments": [
        "I think the numbers will be higher"
      ],
      "language": "English",
      "pure_emoji": false
    },
    {
      "user": "DJ.NO",
      "comments": [
        "That’s what the republicans want they’re trying to remove the most vulnerable off Medicare"
      ],
      "language": "English",
      "pure_emoji": false
    },
    {
      "user": "DarthWeap87",
      "comments": [
        "Just hit my 20 years in the military, was going to start a small box truck business, not anymore. Thanks Trump"
      ],
      "language": "English",
      "pure_emoji": false
    },
    {
      "user": "David",
      "comments": [
        "And price.of insulin went way up"
      ],
      "language": "English",
      "pure_emoji": false
    },
    {
      "user": "Deb💙",
      "comments": [
        "That’s what they want !"
      ],
      "language": "English",
      "pure_emoji": false
    },
    {
      "user": "Delilah S",
      "comments": [
        "His ego won’t let him stop 😭"
      ],
      "language": "English",
      "pure_emoji": false
    },
    {
      "user": "Denise",
      "comments": [
        "I am T1D and I have asked my doctor to give me as much insulin as my insurance will authorize. My parents are going to buy medical supplies from another country and bring them back to me. I worry 🥲",
        "I am T1D and I have asked my doctor to give me as much insulin as my insurance will authorize. My parents are going to buy medical supplies from another country and bring them back to me. I worry 🥲"
      ],
      "language": "English",
      "pure_emoji": false
    },
    {
      "user": "Diana♥️🎶",
      "comments": [
        "Hong Kong’s postal service will stop handling packages coming from or going to the United States"
      ],
      "language": "English",
      "pure_emoji": false
    },
    {
      "user": "Do (she/they)",
      "comments": [
        "This is the point 😭",
        "This is the point 😭"
      ],
      "language": "English",
      "pure_emoji": false
    },
    {
      "user": "DrexlerFury",
      "comments": [
        "act of war"
      ],
      "language": "English",
      "pure_emoji": false
    },
    {
      "user": "Duty21",
      "comments": [
        "I wouldn’t waste your time. People won’t pay attention. The whole point of him in that position is to kill Americans and crash the economy."
      ],
      "language": "English",
      "pure_emoji": false
    },
    {
      "user": "EB",
      "comments": [
        "We already got a small taste with the healthcare supply chain shortages during COVID"
      ],
      "language": "English",
      "pure_emoji": false
    },
    {
      "user": "Elizabetta Violette",
      "comments": [
        "america is a SLUM. China is the Jetsons, USA is FLINTstones",
        "america is a SLUM. China is the Jetsons, USA is FLINTstones"
      ],
      "language": "English",
      "pure_emoji": false
    },
    {
      "user": "Em",
      "comments": [
        "That is the plan. You don't need gas chambers to take out the old , young, undesirables, or the people who take up to much resources of this country."
      ],
      "language": "English",
      "pure_emoji": false
    },
    {
      "user": "Emmaleeee 💙",
      "comments": [
        "Eugenics is the point. Cruelty is the point. 😫"
      ],
      "language": "English",
      "pure_emoji": false
    },
    {
      "user": "Eva",
      "comments": [
        "This is scary",
        "💯💯💯💙💙💙💙"
      ],
      "language": "English",
      "pure_emoji": false
    },
    {
      "user": "Evelyn",
      "comments": [
        "we don't really rely on China for insulin, but other stuff we do."
      ],
      "language": "English",
      "pure_emoji": false
    },
    {
      "user": "FatiezOmer",
      "comments": [
        "Mr.trump pls think of Yr ppls ..dont be egotistical and Yr ppls suffer becoz of Yr tariff"
      ],
      "language": "English",
      "pure_emoji": false
    },
    {
      "user": "Fela_Pikin",
      "comments": [
        "south africa"
      ],
      "language": "English",
      "pure_emoji": false
    },
    {
      "user": "Flagg",
      "comments": [
        "1. we shouldn't heavily rely on any country for day to day needs 2. items can still go through another port",
        "1. we shouldn't heavily rely on any country for day to day needs 2. items can still go through another port"
      ],
      "language": "English",
      "pure_emoji": false
    },
    {
      "user": "Flibbertigibbet",
      "comments": [
        "Exactly what Trump wanted. He wants to dismantle the USPS"
      ],
      "language": "English",
      "pure_emoji": false
    },
    {
      "user": "Forgot about Dre",
      "comments": [
        "Yeah I’m sure it’s not already figured out"
      ],
      "language": "English",
      "pure_emoji": false
    },
    {
      "user": "Garebear",
      "comments": [
        "Trumps fault"
      ],
      "language": "English",
      "pure_emoji": false
    },
    {
      "user": "Gavin Snodgrass",
      "comments": [
        "Is Baxter in ties with Japan. if so a lot of people on dialysis are going to be very affected",
        "Is Baxter in ties with Japan. if so a lot of people on dialysis are going to be very affected"
      ],
      "language": "English",
      "pure_emoji": false
    },
    {
      "user": "Gerry",
      "comments": [
        "You can't make a manufacturer in one night 😅",
        "You can't make a manufacturer in one night 😅"
      ],
      "language": "English",
      "pure_emoji": false
    },
    {
      "user": "Goddess Loki",
      "comments": [
        "we need to appeal to the project 2025 they behind this"
      ],
      "language": "English",
      "pure_emoji": false
    },
    {
      "user": "Grisy",
      "comments": [
        "Maga doesn't care"
      ],
      "language": "English",
      "pure_emoji": false
    },
    {
      "user": "Hector",
      "comments": [
        "trumps America! making America great again!...😮‍💨"
      ],
      "language": "English",
      "pure_emoji": false
    },
    {
      "user": "Iammelissa29",
      "comments": [
        "Literally making us sick."
      ],
      "language": "English",
      "pure_emoji": false
    },
    {
      "user": "It's Kym Van Ho",
      "comments": [
        "my sister and brother will not survive without thier diabetes supplies."
      ],
      "language": "English",
      "pure_emoji": false
    },
    {
      "user": "It'sLynn",
      "comments": [
        "My diabetic coworkers that voted for him"
      ],
      "language": "English",
      "pure_emoji": false
    },
    {
      "user": "JD",
      "comments": [
        "Do you understand the issue? Depending on China is going to kill our country"
      ],
      "language": "English",
      "pure_emoji": false
    },
    {
      "user": "JIC",
      "comments": [
        "You are so right! So many actions this administration are taking will literally kill many"
      ],
      "language": "English",
      "pure_emoji": false
    },
    {
      "user": "JILLIAN🌷",
      "comments": [
        "As a pharmacy tech I’m scared what this will do to the patients"
      ],
      "language": "English",
      "pure_emoji": false
    },
    {
      "user": "JM13",
      "comments": [
        NaN
      ],
      "language": "English",
      "pure_emoji": false
    },
    {
      "user": "JMRTGZA94",
      "comments": [
        "Didn't you hear Dr Oz say just to stay healthy?? 🙄🙄"
      ],
      "language": "English",
      "pure_emoji": false
    },
    {
      "user": "JW",
      "comments": [
        "I think this only affects packages under $800. Medical supplies wouldn’t be affected."
      ],
      "language": "English",
      "pure_emoji": false
    },
    {
      "user": "Jacob171922",
      "comments": [
        "Nothing matters just move on watch tv"
      ],
      "language": "English",
      "pure_emoji": false
    },
    {
      "user": "Jai Blessed",
      "comments": [
        "that's been the plan. Depopulation"
      ],
      "language": "English",
      "pure_emoji": false
    },
    {
      "user": "James Frey Comedy",
      "comments": [
        "😳"
      ],
      "language": "Other",
      "pure_emoji": true
    },
    {
      "user": "Jan",
      "comments": [
        "It’s hard to imagine how much disruption one man has caused in mere weeks. We have almost 4 years left of this"
      ],
      "language": "English",
      "pure_emoji": false
    },
    {
      "user": "Jan from TX",
      "comments": [
        "Like there is anything we can do… it is month 3 and we have way more to come."
      ],
      "language": "English",
      "pure_emoji": false
    },
    {
      "user": "Jared",
      "comments": [
        "Sooo is the Cheetos plan just wiping everyone out except the wealthy…. lovely"
      ],
      "language": "English",
      "pure_emoji": false
    },
    {
      "user": "Jas",
      "comments": [
        "Not a single politicians in power is one I voted for smh",
        "Not a single politicians in power is one I voted for smh"
      ],
      "language": "English",
      "pure_emoji": false
    },
    {
      "user": "Jaz Karati",
      "comments": [
        "And if you are American and only coming to this realisation now, don't you dare blame China. Blame your oligarchy."
      ],
      "language": "English",
      "pure_emoji": false
    },
    {
      "user": "Jeanine Martin",
      "comments": [
        "So prolife of them."
      ],
      "language": "English",
      "pure_emoji": false
    },
    {
      "user": "Jef Gorbach",
      "comments": [
        "starvation from lack of work is going to far more of them, especially since we've had time to stockpile. you did stockpile in expectation of BRICS ceasing intl trade in July, right ??"
      ],
      "language": "English",
      "pure_emoji": false
    },
    {
      "user": "Jen Collins",
      "comments": [
        "Insulin?"
      ],
      "language": "English",
      "pure_emoji": false
    },
    {
      "user": "Jessica Cockett",
      "comments": [
        "I wish more understood 🙈",
        "I wish more understood 🙈"
      ],
      "language": "English",
      "pure_emoji": false
    },
    {
      "user": "Jocybabeyyy🎀",
      "comments": [
        "America is sick 🤢"
      ],
      "language": "English",
      "pure_emoji": false
    },
    {
      "user": "JoefromtheCoCoMo",
      "comments": [
        "Thats war"
      ],
      "language": "English",
      "pure_emoji": false
    },
    {
      "user": "Johana Rojas",
      "comments": [
        "this is the worst president ever!!!"
      ],
      "language": "English",
      "pure_emoji": false
    },
    {
      "user": "John the Pabtist",
      "comments": [
        "break free from CCP"
      ],
      "language": "English",
      "pure_emoji": false
    },
    {
      "user": "JonathanGator72 Gay",
      "comments": [
        "But Maga wanted him"
      ],
      "language": "English",
      "pure_emoji": false
    },
    {
      "user": "Josilyn",
      "comments": [
        "i’m so sick of us just talking about why isn’t anyone doing anything?!"
      ],
      "language": "English",
      "pure_emoji": false
    },
    {
      "user": "Joy to the World!",
      "comments": [
        "that's what trump want😫😫😫😫😫"
      ],
      "language": "English",
      "pure_emoji": false
    },
    {
      "user": "Junito70",
      "comments": [
        "🖤"
      ],
      "language": "Other",
      "pure_emoji": true
    },
    {
      "user": "K b",
      "comments": [
        "are they stilling using fedex and ups?",
        "are they stilling using fedex and ups?"
      ],
      "language": "English",
      "pure_emoji": false
    },
    {
      "user": "KalleDeeScope",
      "comments": [
        "UPS?"
      ],
      "language": "English",
      "pure_emoji": false
    },
    {
      "user": "Kate",
      "comments": [
        "Yes"
      ],
      "language": "English",
      "pure_emoji": false
    },
    {
      "user": "Katie702",
      "comments": [
        "honestly if China wanted to make an impact they would use only us postal service. the us gov has been trying to get rid of that service for years. it would be hilarious if they did the opposite."
      ],
      "language": "English",
      "pure_emoji": false
    },
    {
      "user": "Kenn",
      "comments": [
        "Wow. The light that is being shed on what comes from where is really in the face. And, to think what the markups are."
      ],
      "language": "English",
      "pure_emoji": false
    },
    {
      "user": "Kingrizel🫅",
      "comments": [
        "I’m from South Africa 🇿🇦 and I’m just here for the comments",
        "I’m from South Africa 🇿🇦 and I’m just here for the comments"
      ],
      "language": "English",
      "pure_emoji": false
    },
    {
      "user": "Knopenotme",
      "comments": [
        "Does anybody remember the pandemic when the supply chain was stopped? When things from China were stopped."
      ],
      "language": "English",
      "pure_emoji": false
    },
    {
      "user": "Kriii🪞🧸🎀",
      "comments": [
        "Does our insulin come from them?"
      ],
      "language": "English",
      "pure_emoji": false
    },
    {
      "user": "LSUScott",
      "comments": [
        "This is LITERALLY the problem. WHAT DO YOU THINK WILL HAPPEN DURING WW3?!?! China gonna keep shipping us PPE? They stopped during the pandemic, so we need to bring our supply chains home. Say thank you for improving our supply chains and national security."
      ],
      "language": "English",
      "pure_emoji": false
    },
    {
      "user": "La.barbwyr",
      "comments": [
        "That’s why they want us to have babies so badly. They know."
      ],
      "language": "English",
      "pure_emoji": false
    },
    {
      "user": "Lady_ v888",
      "comments": [
        "That's the plan 😑"
      ],
      "language": "English",
      "pure_emoji": false
    },
    {
      "user": "Lauren",
      "comments": [
        "‘I asked chat gpt’ 🙄🙄",
        "‘I asked chat gpt’ 🙄🙄"
      ],
      "language": "English",
      "pure_emoji": false
    },
    {
      "user": "Levant_02",
      "comments": [
        "china is measuring US medic system readiness, scary",
        "china is measuring US medic system readiness, scary"
      ],
      "language": "English",
      "pure_emoji": false
    },
    {
      "user": "LindaMay2222",
      "comments": [
        "They estimate aboutx3 weeks our medical system will collapse",
        "They estimate aboutx3 weeks our medical system will collapse"
      ],
      "language": "English",
      "pure_emoji": false
    },
    {
      "user": "Littlemarie🌹& Ben",
      "comments": [
        "I voted for Kamala.💙✌️",
        "I voted for Kamala.💙✌️"
      ],
      "language": "English",
      "pure_emoji": false
    },
    {
      "user": "LoganPride",
      "comments": [
        "Its Trumps fault. He literally told us that some people will die."
      ],
      "language": "English",
      "pure_emoji": false
    },
    {
      "user": "LolliQTK",
      "comments": [
        "they already knew this was happening, but never implemented a back up plan, Arkansas CNA here: they're (trying) to wean the old people off of psych meds, but keep low staffing. it's going to be hell !"
      ],
      "language": "English",
      "pure_emoji": false
    },
    {
      "user": "Lonestar",
      "comments": [
        "We need to impeach Trump & Remove him and then deport him to El Salvador Prison for his crimes."
      ],
      "language": "English",
      "pure_emoji": false
    },
    {
      "user": "Lt. ToasterBath",
      "comments": [
        "trump let over a million people die from COVID. the man has no care fi human life"
      ],
      "language": "English",
      "pure_emoji": false
    },
    {
      "user": "Lucky Lotto",
      "comments": [
        "As a T1D - just a preface- we have insulin manufacturing here- most of the imports of insulin come from China, Canada, Denmark, France and Italy. Tariffs w/ China is the biggest insulin import issue."
      ],
      "language": "English",
      "pure_emoji": false
    },
    {
      "user": "Lucí & Omie",
      "comments": [
        "Babes. That takes YEARS…",
        "Babes. That takes YEARS…"
      ],
      "language": "English",
      "pure_emoji": false
    },
    {
      "user": "Luz",
      "comments": [
        "My diabetic dog needs insulin twice a day 🥺",
        "My diabetic dog needs insulin twice a day 🥺"
      ],
      "language": "English",
      "pure_emoji": false
    },
    {
      "user": "Lyn Hall 👩‍🦽",
      "comments": [
        "And it will kill the postal service. Which is something this administration tried to do previously."
      ],
      "language": "English",
      "pure_emoji": false
    },
    {
      "user": "Magnificent Mary",
      "comments": [
        "And states should charge him for those who pass"
      ],
      "language": "English",
      "pure_emoji": false
    },
    {
      "user": "Mamai",
      "comments": [
        "Trump was used to bullying China and 3rd world countries and thought China is in the same class😹😹so China said let's go band for band😹"
      ],
      "language": "English",
      "pure_emoji": false
    },
    {
      "user": "Man la",
      "comments": [
        "Don’t worry. Other countries will help to bypass the tariff. It will cost a little bit more than before. Do you know Saudi Arabia in the last week has bought a lot of Christmas trees?"
      ],
      "language": "English",
      "pure_emoji": false
    },
    {
      "user": "Mangasdelight",
      "comments": [
        "He’s about to have so many peoples jobs going down hill smh"
      ],
      "language": "English",
      "pure_emoji": false
    },
    {
      "user": "Marcie Greco",
      "comments": [
        "It's happening here in St.Lucia the Caribbean...for years",
        "It's happening here in St.Lucia the Caribbean...for years"
      ],
      "language": "English",
      "pure_emoji": false
    },
    {
      "user": "Mary Contrary 71",
      "comments": [
        "He doesn’t care."
      ],
      "language": "English",
      "pure_emoji": false
    },
    {
      "user": "Megan Michelle",
      "comments": [
        "so no fed ex or ups?"
      ],
      "language": "English",
      "pure_emoji": false
    },
    {
      "user": "Megg",
      "comments": [
        "I work in Healthcare....yeah not good"
      ],
      "language": "English",
      "pure_emoji": false
    },
    {
      "user": "Meh…",
      "comments": [
        "That’s what 🍊men want, he wants to K all Americans"
      ],
      "language": "English",
      "pure_emoji": false
    },
    {
      "user": "Mel Paul",
      "comments": [
        "& people are going to blame Hong Kong because…. only a month ago, Trumps tariff war hadn’t started"
      ],
      "language": "English",
      "pure_emoji": false
    },
    {
      "user": "Michael Petry 🇺🇸 🌎",
      "comments": [
        "at least 600K deaths can be linked to tRump due to his handling of COVID...he does not care"
      ],
      "language": "English",
      "pure_emoji": false
    },
    {
      "user": "Milkman",
      "comments": [
        "Why wouldn’t they ship it with UPS or fedex"
      ],
      "language": "English",
      "pure_emoji": false
    },
    {
      "user": "MindYaBiz",
      "comments": [
        "It’s not gonna do anything except make them use dhl or FedEx"
      ],
      "language": "English",
      "pure_emoji": false
    },
    {
      "user": "Mindy Carrico",
      "comments": [
        "I'm one of those people that would die without my medication."
      ],
      "language": "English",
      "pure_emoji": false
    },
    {
      "user": "MiningFull",
      "comments": [
        "No medical supply? that similar like Israel threat Palestine...thousand People die and noone care...",
        "No medical supply? that similar like Israel threat Palestine...thousand People die and noone care..."
      ],
      "language": "English",
      "pure_emoji": false
    },
    {
      "user": "Miss Cunt-Cakes",
      "comments": [
        "Yep. I read a tone about this last night. Terrifying and I’m so worried"
      ],
      "language": "English",
      "pure_emoji": false
    },
    {
      "user": "Missy Curtis-Kohl",
      "comments": [
        "It doesn’t matter. Other countries are done with us. We’re on our own now"
      ],
      "language": "English",
      "pure_emoji": false
    },
    {
      "user": "Misty  🆘🇺🇲🌈💙",
      "comments": [
        "It may save us. Bezo at the inauguration was because companies lobby for tariff exemptions quietly and still raise prices. Big pharma was not worried but now I guarantee they will flip out."
      ],
      "language": "English",
      "pure_emoji": false
    },
    {
      "user": "Mo 🆘🇺🇸",
      "comments": [
        "This will affect the plasma centers as well which most of the plasma from the world comes from the USA 😭"
      ],
      "language": "English",
      "pure_emoji": false
    },
    {
      "user": "Momlonglegz",
      "comments": [
        "This could kill my elderly mother. This is insanity yall."
      ],
      "language": "English",
      "pure_emoji": false
    },
    {
      "user": "Monique Ortiz",
      "comments": [
        "HE IS TRYING TO KILL US"
      ],
      "language": "English",
      "pure_emoji": false
    },
    {
      "user": "Mr John World",
      "comments": [
        "💯💯💯💯💯"
      ],
      "language": "Other",
      "pure_emoji": true
    },
    {
      "user": "MrBobby311",
      "comments": [
        "And what would we do if China decided to invade Taiwan and cut us off?"
      ],
      "language": "English",
      "pure_emoji": false
    },
    {
      "user": "MrsMac💙",
      "comments": [
        "I have been storing/stocking up on T1D supplies for a year. This stuff is so dangerous it's not funny."
      ],
      "language": "English",
      "pure_emoji": false
    },
    {
      "user": "Ms. Gigi Elle",
      "comments": [
        "Maga doesn't care"
      ],
      "language": "English",
      "pure_emoji": false
    },
    {
      "user": "Nae Nae #1",
      "comments": [
        "MAGA will say that Obama and Biden caused it like repeater parrots!"
      ],
      "language": "English",
      "pure_emoji": false
    },
    {
      "user": "Natalie Natalie",
      "comments": [
        "They want the vulnerable to die. That’s the point. Eugenics.",
        "They want the vulnerable to die. That’s the point. Eugenics."
      ],
      "language": "English",
      "pure_emoji": false
    },
    {
      "user": "NeverTell",
      "comments": [
        "Facts. People will die.",
        "Facts. People will die."
      ],
      "language": "English",
      "pure_emoji": false
    },
    {
      "user": "NewToTickTok",
      "comments": [
        "And sadly the ones who will suffer the most are his own voters. 😢"
      ],
      "language": "English",
      "pure_emoji": false
    },
    {
      "user": "Nick",
      "comments": [
        "All those supplies are infected by the Chinese virus"
      ],
      "language": "English",
      "pure_emoji": false
    },
    {
      "user": "NicknameCantBeBlank",
      "comments": [
        "What is “madsive” ???",
        "What is “madsive” ???"
      ],
      "language": "English",
      "pure_emoji": false
    },
    {
      "user": "NikkiShops🛍️💕",
      "comments": [
        "😔"
      ],
      "language": "Other",
      "pure_emoji": true
    },
    {
      "user": "NimsNims",
      "comments": [
        "old people are already priced out of their homes and its gonna be medication."
      ],
      "language": "English",
      "pure_emoji": false
    },
    {
      "user": "NujumPakBelang",
      "comments": [
        "America need a revolution but the small hat will ensure it will not happening 🗿"
      ],
      "language": "English",
      "pure_emoji": false
    },
    {
      "user": "Nyx",
      "comments": [
        "as an American, I approve this message. We are N Korea in a pimp suit at this point.",
        "as an American, I approve this message. We are N Korea in a pimp suit at this point."
      ],
      "language": "English",
      "pure_emoji": false
    },
    {
      "user": "One Nut",
      "comments": [
        "Thing is, he doesn’t care about anybody but himself!!",
        "Thing is, he doesn’t care about anybody but himself!!"
      ],
      "language": "English",
      "pure_emoji": false
    },
    {
      "user": "Paul-Mr Paul",
      "comments": [
        "No pain no gain"
      ],
      "language": "English",
      "pure_emoji": false
    },
    {
      "user": "Phil (she/they) 🏳️‍🌈🌿⚧️",
      "comments": [
        "Omg… wait… what is going on with Shanghai 🫠"
      ],
      "language": "English",
      "pure_emoji": false
    },
    {
      "user": "Pj Miller",
      "comments": [
        "maybe they'll shipp FedEx or something....just not the usps",
        "maybe they'll shipp FedEx or something....just not the usps"
      ],
      "language": "English",
      "pure_emoji": false
    },
    {
      "user": "Punkfemme",
      "comments": [
        "We’re still in a pandemic. Covid is still a mass disabling event and 1 in 4 infections leads to Long Covid. Over 1million CHILDREN alone are becoming permanently disabled yearly."
      ],
      "language": "English",
      "pure_emoji": false
    },
    {
      "user": "Queen T 🇬🇧",
      "comments": [
        "It’s probably his aim to be honest, decrease the surplus population blame the Chinese and be the hero when he resolves what he started, he’s a danger to u all."
      ],
      "language": "English",
      "pure_emoji": false
    },
    {
      "user": "RAJA SAHARI 2U",
      "comments": [
        "🥰🔥👈💯♥️💛 [写真]"
      ],
      "language": "Chinese",
      "pure_emoji": false
    },
    {
      "user": "RAVEN",
      "comments": [
        "Freedom🇺🇸🦅"
      ],
      "language": "English",
      "pure_emoji": false
    },
    {
      "user": "Rebecca Lee Hightower",
      "comments": [
        "Herbs can cure a lot,"
      ],
      "language": "English",
      "pure_emoji": false
    },
    {
      "user": "Regulators89",
      "comments": [
        "Hospitals will shut down especially in rural areas. People will die- just Facts!"
      ],
      "language": "English",
      "pure_emoji": false
    },
    {
      "user": "Ren of the B",
      "comments": [
        "😐😐😐"
      ],
      "language": "Other",
      "pure_emoji": true
    },
    {
      "user": "Rich Barrier",
      "comments": [
        "When did Republicans ever care about people."
      ],
      "language": "English",
      "pure_emoji": false
    },
    {
      "user": "Richard riester",
      "comments": [
        "Maybe we need to quit relying on china for the most critical things we need doesn’t make sense"
      ],
      "language": "English",
      "pure_emoji": false
    },
    {
      "user": "RoseBud231",
      "comments": [
        "91% of medication"
      ],
      "language": "English",
      "pure_emoji": false
    },
    {
      "user": "Rosebud 🪷💜🙏 ☮️",
      "comments": [
        "Good thing we have other delivery services.",
        "Good thing we have other delivery services."
      ],
      "language": "English",
      "pure_emoji": false
    },
    {
      "user": "SANDIEGO",
      "comments": [
        "During the LA wildfires my company (not anything medical) had to emergency order N95 masks for the whole company through Hong Kong"
      ],
      "language": "English",
      "pure_emoji": false
    },
    {
      "user": "Sam",
      "comments": [
        "I need to try and make extra money to order stuff before then I'm diabetic and I don't want to run out 😅"
      ],
      "language": "English",
      "pure_emoji": false
    },
    {
      "user": "Samarlies 🐧💙",
      "comments": [
        "he doesn't care. that's the thing, pressure will not matter because he point blank doesn't care. we saw that with covid. he thinks he's god, he doesn't care."
      ],
      "language": "English",
      "pure_emoji": false
    },
    {
      "user": "Sanoah🇨🇦 TDot",
      "comments": [
        "That was trumps plan the whole time"
      ],
      "language": "English",
      "pure_emoji": false
    },
    {
      "user": "Sara Rebiger",
      "comments": [
        "I keep having all my clients order some extra catheter care items now because of this",
        "I keep having all my clients order some extra catheter care items now because of this"
      ],
      "language": "English",
      "pure_emoji": false
    },
    {
      "user": "Sara203bluehair",
      "comments": [
        "it's going to kill the postal service also"
      ],
      "language": "English",
      "pure_emoji": false
    },
    {
      "user": "Sarah Howard",
      "comments": [
        "My dr gave me 3 months of all my meds. She never doubts me after I said they will freeze Medicaid and she said no they would never and they did the next day!"
      ],
      "language": "English",
      "pure_emoji": false
    },
    {
      "user": "Sa’She’",
      "comments": [
        "Good job orange man!!🤬"
      ],
      "language": "English",
      "pure_emoji": false
    },
    {
      "user": "Scace",
      "comments": [
        "It’s to late no other country will not want to deal with Trump"
      ],
      "language": "English",
      "pure_emoji": false
    },
    {
      "user": "Schunshine",
      "comments": [
        "There’s other means of transportation.. I don’t get it😳"
      ],
      "language": "English",
      "pure_emoji": false
    },
    {
      "user": "Scott",
      "comments": [
        "We can easily manufacture all that in the US. We did during Covid. TBH this is a win for the US economy and US workforce",
        "We can easily manufacture all that in the US. We did during Covid. TBH this is a win for the US economy and US workforce"
      ],
      "language": "English",
      "pure_emoji": false
    },
    {
      "user": "Seraph",
      "comments": [
        "They don’t care, only about themselves. Their argument is USA should be “self sufficient”. It will take decades to get to that level of manufacturing"
      ],
      "language": "English",
      "pure_emoji": false
    },
    {
      "user": "Serendipity",
      "comments": [
        "He doesn’t care."
      ],
      "language": "English",
      "pure_emoji": false
    },
    {
      "user": "Shamitz Therapist & Life Coach",
      "comments": [
        "Are you saying that it will slow down delivery’s? Because there’s still UPS snd DHL etc that can be used?"
      ],
      "language": "English",
      "pure_emoji": false
    },
    {
      "user": "Sharon",
      "comments": [
        "Do you not understand the point is for this stuff to be manufactured here we shouldn’t be outsourcing and stop being so dramatic"
      ],
      "language": "English",
      "pure_emoji": false
    },
    {
      "user": "Sneakyscotsman 🏴󠁧󠁢󠁳󠁣󠁴󠁿",
      "comments": [
        "Slight tangent but DHL is also stopping US deliveries over the $800 cut off. The gov also plans to scrap that threshold."
      ],
      "language": "English",
      "pure_emoji": false
    },
    {
      "user": "Sonia M Klinger",
      "comments": [
        "It’s what they want"
      ],
      "language": "English",
      "pure_emoji": false
    },
    {
      "user": "Sophia Lee",
      "comments": [
        "Patients are already stocking up 😭"
      ],
      "language": "English",
      "pure_emoji": false
    },
    {
      "user": "Stacie A Meyer",
      "comments": [
        "I'm in Mexico now - will likely move here..."
      ],
      "language": "English",
      "pure_emoji": false
    },
    {
      "user": "Star 🧚🏽✨",
      "comments": [
        "Well this isn’t concerning to them because they’re also eradicating the DOH"
      ],
      "language": "English",
      "pure_emoji": false
    },
    {
      "user": "Stephanie Cares",
      "comments": [
        "We shouldn’t be relying on China for any crucial resources. This is a lesson to not rely on other countries…",
        "We shouldn’t be relying on China for any crucial resources. This is a lesson to not rely on other countries…"
      ],
      "language": "English",
      "pure_emoji": false
    },
    {
      "user": "Steve",
      "comments": [
        "Art of the deal vs Art of war",
        "they did not learn from covid ..there is an African saying...he who does not hear should be made to feel"
      ],
      "language": "English",
      "pure_emoji": false
    },
    {
      "user": "Stevie Peterson",
      "comments": [
        "So much winning"
      ],
      "language": "English",
      "pure_emoji": false
    },
    {
      "user": "Stretch",
      "comments": [
        "I want to believe tht God sees ALL. He can’t permit this. Praying for his Favor & His Grace & Divine will upon the USA 🇺🇸"
      ],
      "language": "English",
      "pure_emoji": false
    },
    {
      "user": "Sue sue",
      "comments": [
        "Orange face, blame him, blame all the ppl that voted for him"
      ],
      "language": "English",
      "pure_emoji": false
    },
    {
      "user": "Survivor",
      "comments": [
        "Like trump cared!"
      ],
      "language": "English",
      "pure_emoji": false
    },
    {
      "user": "Swuunze",
      "comments": [
        "Notice who it wont affect, rich million billionaires"
      ],
      "language": "English",
      "pure_emoji": false
    },
    {
      "user": "THAMOPILECC",
      "comments": [
        "so how is that news that's gonna affect us 🤔? us as Americans don't send letters to them like be for real.. it's only gonna hurt love ones they know here 😩"
      ],
      "language": "English",
      "pure_emoji": false
    },
    {
      "user": "Tacos.and.salsa",
      "comments": [
        "If trump really cared about american made products he would be building factories weeks ago before tarrifs were announced. To try to replace the products made somewhere else faster but he wants us to",
        "If trump really cared about american made products he would be building factories weeks ago before tarrifs were announced. To try to replace the products made somewhere else faster but he wants us to"
      ],
      "language": "English",
      "pure_emoji": false
    },
    {
      "user": "TaiTea",
      "comments": [
        "😅😅😅"
      ],
      "language": "Other",
      "pure_emoji": true
    },
    {
      "user": "Taylar_marie",
      "comments": [
        "But but but… pro life…🙄"
      ],
      "language": "English",
      "pure_emoji": false
    },
    {
      "user": "Tazmania151515",
      "comments": [
        "thank you @President Donald J Trump"
      ],
      "language": "English",
      "pure_emoji": false
    },
    {
      "user": "Teddy in",
      "comments": [
        "That’s what the MAGAS wanted. You don’t think they care, do you? Thanks for trying though!"
      ],
      "language": "English",
      "pure_emoji": false
    },
    {
      "user": "Tessa",
      "comments": [
        "using chat gpt is a moral failing",
        "This is going to start affecting hospitals as fast as within 2 weeks 💔"
      ],
      "language": "English",
      "pure_emoji": false
    },
    {
      "user": "The nittle puppies 🐕🐾",
      "comments": [
        "it's not hong Kong's fault, it's all Trump's fault, better yet every single last one of his voters! The maga cultists who voted for him to be in office to put us where we are at today."
      ],
      "language": "English",
      "pure_emoji": false
    },
    {
      "user": "Theresa",
      "comments": [
        "💯💯💯"
      ],
      "language": "Other",
      "pure_emoji": true
    },
    {
      "user": "This is For fun",
      "comments": [
        "This is Absolutely dangerous and I'm terrified. Buy some stuff like painkillers, cold meds, masks, etc too, right now if you can. Don't hoard but be prepared."
      ],
      "language": "English",
      "pure_emoji": false
    },
    {
      "user": "Tiffany Walker",
      "comments": [
        "and all those seniors who voted for him and they will be the primary population that this hurts the fastest"
      ],
      "language": "English",
      "pure_emoji": false
    },
    {
      "user": "TnT",
      "comments": [
        "That administration does not care at all about us. Totally selfish. We saw it all the time when he Tweeted last time he was in office and now."
      ],
      "language": "English",
      "pure_emoji": false
    },
    {
      "user": "Tonimtone",
      "comments": [
        "So much 🤡 in the comments. People can do their own research if they don’t believe. Can’t thank you enough - knowing it not safe speak out like you do. We HEAR you ❤️"
      ],
      "language": "English",
      "pure_emoji": false
    },
    {
      "user": "Top TierK9 - Bradenton",
      "comments": [
        "Yup… the plan was to kill 25-40% of the population in various ways"
      ],
      "language": "English",
      "pure_emoji": false
    },
    {
      "user": "Tresse0390",
      "comments": [
        "THAT IS TRUMPS GOAL. UNFORTUNATELY."
      ],
      "language": "English",
      "pure_emoji": false
    },
    {
      "user": "Uncle Shredded Wheat",
      "comments": [
        "the Art of the deal is working😂"
      ],
      "language": "English",
      "pure_emoji": false
    },
    {
      "user": "Venus Grace",
      "comments": [
        "Hopefully if they use other carriers"
      ],
      "language": "English",
      "pure_emoji": false
    },
    {
      "user": "WAT",
      "comments": [
        "They voted for him. 😏"
      ],
      "language": "English",
      "pure_emoji": false
    },
    {
      "user": "Warehouse",
      "comments": [
        "This is such an overreaction no it’s not gonna change much at all"
      ],
      "language": "English",
      "pure_emoji": false
    },
    {
      "user": "Wyntr",
      "comments": [
        "He wants us in th en streets so he can imprison us for life"
      ],
      "language": "English",
      "pure_emoji": false
    },
    {
      "user": "Xxy",
      "comments": [
        "The supplies as I use as a CNA…all from china… and Canada but still… smh",
        "The supplies as I use as a CNA…all from china… and Canada but still… smh"
      ],
      "language": "English",
      "pure_emoji": false
    },
    {
      "user": "Yaz😊😊",
      "comments": [
        "😞😞😞"
      ],
      "language": "Other",
      "pure_emoji": true
    },
    {
      "user": "Yutu Liu358",
      "comments": [
        "Lol he doesn’t care he thinks that to price to pay for his trade war. No pain no gain 🤣",
        "Lol he doesn’t care he thinks that to price to pay for his trade war. No pain no gain 🤣"
      ],
      "language": "English",
      "pure_emoji": false
    },
    {
      "user": "Zane",
      "comments": [
        "And they still think China needs the US 😂 god help us all, well mostly all…..",
        "And they still think China needs the US 😂 god help us all, well mostly all….."
      ],
      "language": "English",
      "pure_emoji": false
    },
    {
      "user": "__Tachyфn__",
      "comments": [
        "9V"
      ],
      "language": "English",
      "pure_emoji": false
    },
    {
      "user": "alx_santana",
      "comments": [
        "But we need to figure out the autism “epidemic”"
      ],
      "language": "English",
      "pure_emoji": false
    },
    {
      "user": "animal",
      "comments": [
        "false ups fedex and dhl take over they re not run by us government"
      ],
      "language": "English",
      "pure_emoji": false
    },
    {
      "user": "baby_gerl🇺🇸",
      "comments": [
        "Not for him to end it. He needs to be pulled from office asap! However that may be it needs to be done!"
      ],
      "language": "English",
      "pure_emoji": false
    },
    {
      "user": "bec_travels",
      "comments": [
        "girl I agree with you but why are we using ai for everything it's so dangerous to the environment, and there are other ways to get this information"
      ],
      "language": "English",
      "pure_emoji": false
    },
    {
      "user": "brittneygaus",
      "comments": [
        "N you don't think that a problem. you don't think all the medical supplies being made over seas is not a problem."
      ],
      "language": "English",
      "pure_emoji": false
    },
    {
      "user": "bronwyn",
      "comments": [
        "literally 😭 and then the MAGA cult will turn around and hate everything trump did and blame it on the new president 🙄 it happened last time lmao"
      ],
      "language": "English",
      "pure_emoji": false
    },
    {
      "user": "chexy_belle",
      "comments": [
        "are we great yet?"
      ],
      "language": "English",
      "pure_emoji": false
    },
    {
      "user": "citymouse",
      "comments": [
        "Most companies don’t ship USPS from china. They do use DHL and the real issue nobody’s talking about is the DHL stopping shipments over $800. That’s a big deal. USPS not as much."
      ],
      "language": "English",
      "pure_emoji": false
    },
    {
      "user": "cocalocal",
      "comments": [
        "That is their goal, when are people going to wake up and see that they’re replacing us with AI/robotics. They don’t need 40% of the workforce in 10 years."
      ],
      "language": "English",
      "pure_emoji": false
    },
    {
      "user": "cookie",
      "comments": [
        "A few years ago Trump did say millions would die"
      ],
      "language": "English",
      "pure_emoji": false
    },
    {
      "user": "crisscross",
      "comments": [
        "this is why the United States is ripping the bandaid cuz it could get much worse in the future.",
        "this is why the United States is ripping the bandaid cuz it could get much worse in the future."
      ],
      "language": "English",
      "pure_emoji": false
    },
    {
      "user": "cruisesixtysix",
      "comments": [
        "And is a subject he cares less about",
        "And is a subject he cares less about"
      ],
      "language": "English",
      "pure_emoji": false
    },
    {
      "user": "dekoz23",
      "comments": [
        "I've been screaming pharmaceuticals and med supplies. Do people understand how many medical dependent people exist? I told a friend in 1-3 years, we will insane amounts of death.",
        "I've been screaming pharmaceuticals and med supplies. Do people understand how many medical dependent people exist? I told a friend in 1-3 years, we will insane amounts of death."
      ],
      "language": "English",
      "pure_emoji": false
    },
    {
      "user": "deno williams",
      "comments": [
        "🤣🤣🤣🤣🤣"
      ],
      "language": "Other",
      "pure_emoji": true
    },
    {
      "user": "dimpledarlin.3",
      "comments": [
        "Our country really isn’t great"
      ],
      "language": "English",
      "pure_emoji": false
    },
    {
      "user": "dj2tr89",
      "comments": [
        "That’s what they want"
      ],
      "language": "English",
      "pure_emoji": false
    },
    {
      "user": "elie_sobershakti",
      "comments": [
        "So since so many don’t know their goal after the project 25 like yeah that’s just whatever but it’s eugenics OK so they anticipate losing 25 to 45% of our population. People worried about IEP’s😳🤣",
        "So it’s starting to come together I think some of us are starting to see where they got this figure of 25 to 45% of our population needing to die. They don’t have to send us all to concentration camps",
        "So since so many don’t know their goal after the project 25 like yeah that’s just whatever but it’s eugenics OK so they anticipate losing 25 to 45% of our population. People worried about IEP’s😳🤣"
      ],
      "language": "English",
      "pure_emoji": false
    },
    {
      "user": "erica",
      "comments": [
        "I rely on so many needed medications…"
      ],
      "language": "English",
      "pure_emoji": false
    },
    {
      "user": "fable solutions 🩵🧷",
      "comments": [
        "oof...."
      ],
      "language": "English",
      "pure_emoji": false
    },
    {
      "user": "feralfemalesfarming",
      "comments": [
        "Hong Kong is slowly being given back it was never ours."
      ],
      "language": "English",
      "pure_emoji": false
    },
    {
      "user": "ferraeqv4yf",
      "comments": [
        "❤️❤️❤️"
      ],
      "language": "Other",
      "pure_emoji": true
    },
    {
      "user": "gardenersofnj",
      "comments": [
        "Yes. People don’t realize this.",
        "Yes. People don’t realize this."
      ],
      "language": "English",
      "pure_emoji": false
    },
    {
      "user": "gayleneilly",
      "comments": [
        "He doesn't care"
      ],
      "language": "English",
      "pure_emoji": false
    },
    {
      "user": "gee2606",
      "comments": [
        "ok let's make them here"
      ],
      "language": "English",
      "pure_emoji": false
    },
    {
      "user": "goodtobejoann",
      "comments": [
        "They say all this will be better in the long run. It will take generations to fix what he did with the rest of the world."
      ],
      "language": "English",
      "pure_emoji": false
    },
    {
      "user": "gothic barbie",
      "comments": [
        "orange turd doesnt care. his ego is more important."
      ],
      "language": "English",
      "pure_emoji": false
    },
    {
      "user": "gungieguy",
      "comments": [
        "He will back peddle the day of and say we won somehow"
      ],
      "language": "English",
      "pure_emoji": false
    },
    {
      "user": "henderson2910",
      "comments": [
        "curious, has Trump giving any indication that he cares about Americans? Did I miss something?"
      ],
      "language": "English",
      "pure_emoji": false
    },
    {
      "user": "hobyosultan",
      "comments": [
        "Every doctor should call up their folks and tell them this.",
        "Every doctor should call up their folks and tell them this."
      ],
      "language": "English",
      "pure_emoji": false
    },
    {
      "user": "ijolenaaa",
      "comments": [
        "I have hyperthyroidism & I need my meds to live comfortably😩😩😩",
        "I have hyperthyroidism & I need my meds to live comfortably😩😩😩"
      ],
      "language": "English",
      "pure_emoji": false
    },
    {
      "user": "into.the.abyss",
      "comments": [
        "Houston med center is already taking measures to prepare for the impact",
        "Houston med center is already taking measures to prepare for the impact"
      ],
      "language": "English",
      "pure_emoji": false
    },
    {
      "user": "jannsworld",
      "comments": [
        "they’re literally the only place with the infastructure to make our resources. we do not have that infastructure in place. it will take decades to even produce 1% of what china can in the US."
      ],
      "language": "English",
      "pure_emoji": false
    },
    {
      "user": "jason bonabarte",
      "comments": [
        "stop tyranny, remove trump"
      ],
      "language": "English",
      "pure_emoji": false
    },
    {
      "user": "jay_claw",
      "comments": [
        "This fits with the eugenics warning signs."
      ],
      "language": "English",
      "pure_emoji": false
    },
    {
      "user": "jeaniklein",
      "comments": [
        "the things he is doing can't be undone America and the American presidentcy will never be the same",
        "the things he is doing can't be undone America and the American presidentcy will never be the same"
      ],
      "language": "English",
      "pure_emoji": false
    },
    {
      "user": "joemerchant48",
      "comments": [
        "And you don’t see the problem with this? Lots of people can die for many reasons. But getting this fixed is worth it."
      ],
      "language": "English",
      "pure_emoji": false
    },
    {
      "user": "jon",
      "comments": [
        "😂😂😂😂"
      ],
      "language": "Other",
      "pure_emoji": true
    },
    {
      "user": "just me",
      "comments": [
        "the us manufactures nearly all the insulin used in the us 3 manufacturers are eli Lilly and co ,novo Nordisk and Sanofi the us also exports to other countries",
        "the us manufactures nearly all the insulin used in the us 3 manufacturers are eli Lilly and co ,novo Nordisk and Sanofi the us also exports to other countries"
      ],
      "language": "English",
      "pure_emoji": false
    },
    {
      "user": "justacaregiver",
      "comments": [
        "why are we getting anything from them🥺🥺🥺 that's the issue.",
        "💯💯💯",
        "why are we getting anything from them🥺🥺🥺 that's the issue."
      ],
      "language": "English",
      "pure_emoji": false
    },
    {
      "user": "k.huynh🇻🇳",
      "comments": [
        "They already started. I made an order and what used to be USPS is now UPS"
      ],
      "language": "English",
      "pure_emoji": false
    },
    {
      "user": "kaifar40",
      "comments": [
        "Yup, projects 2025 Eugenics"
      ],
      "language": "English",
      "pure_emoji": false
    },
    {
      "user": "keishinscig",
      "comments": [
        "im sorry but how do you argue otherwise? intentionally letting ppl w disabilities etc die off is def in line with 3ug3nics. not to mention rfk trying to push that ppl with autism aren't equal humans"
      ],
      "language": "English",
      "pure_emoji": false
    },
    {
      "user": "killingdiablos",
      "comments": [
        "the sad thing is Americans as a whole will never wake up with that guy and his asinine ideas like what do you mean decided to pick a fight with China, the manufacturing capitol of the world?"
      ],
      "language": "English",
      "pure_emoji": false
    },
    {
      "user": "kimtray19",
      "comments": [
        "This is scary"
      ],
      "language": "English",
      "pure_emoji": false
    },
    {
      "user": "kirathewingedcrucifer",
      "comments": [
        "Let it Burn! Let its Burn! Let it Burn! King comes to fall. ✨✨🎷"
      ],
      "language": "English",
      "pure_emoji": false
    },
    {
      "user": "krazykatlady3654",
      "comments": [
        "I’m on 10 meds and already have probs getting some of my meds. I can’t function without some of them."
      ],
      "language": "English",
      "pure_emoji": false
    },
    {
      "user": "ladybug",
      "comments": [
        "Starting APRIL 27th No Mail From China"
      ],
      "language": "English",
      "pure_emoji": false
    },
    {
      "user": "lazycloud",
      "comments": [
        "a panic is storming in the US after Easter. financial market will react dramatically as trump becomes quiet."
      ],
      "language": "English",
      "pure_emoji": false
    },
    {
      "user": "lesbrien",
      "comments": [
        "this is absolutely important and should be talked about. but we also need to stop relying on chatgpt to give us accurate information plus it's literally disastrous for the environment."
      ],
      "language": "English",
      "pure_emoji": false
    },
    {
      "user": "luckyyoung40365",
      "comments": [
        "He doesn't care, as long as he lives😏"
      ],
      "language": "English",
      "pure_emoji": false
    },
    {
      "user": "marie",
      "comments": [
        "trumps fault"
      ],
      "language": "English",
      "pure_emoji": false
    },
    {
      "user": "maskinx8",
      "comments": [
        "No one in my family voted for him and so many in my family could suffer.",
        "No one in my family voted for him and so many in my family could suffer."
      ],
      "language": "English",
      "pure_emoji": false
    },
    {
      "user": "masonl33tchannel",
      "comments": [
        "The dumbest thing you can do right now is ask chat gpt. What chat doesn’t know it fills in the blanks. So you HAVE to be able to proof chat. It’s an AI assistant. You still have to know better"
      ],
      "language": "English",
      "pure_emoji": false
    },
    {
      "user": "mcs_photography",
      "comments": [
        "It’s exactly what they want. It’s away to control population"
      ],
      "language": "English",
      "pure_emoji": false
    },
    {
      "user": "missangel1989",
      "comments": [
        "We need everything to be made in USA ,over dependant on other countries",
        "We need everything to be made in USA ,over dependant on other countries"
      ],
      "language": "English",
      "pure_emoji": false
    },
    {
      "user": "mistythompson846lmuc",
      "comments": [
        "This what he wants. He doesn’t care about us"
      ],
      "language": "English",
      "pure_emoji": false
    },
    {
      "user": "mohdfirdausuntara",
      "comments": [
        "USA CHOSE TRUMPH .. THANK TO THE VOTE THAT USA NATIONS GAVE TO TRUMPH"
      ],
      "language": "English",
      "pure_emoji": false
    },
    {
      "user": "mookiemom",
      "comments": [
        "I saw a nurse at a town hall talking about this"
      ],
      "language": "English",
      "pure_emoji": false
    },
    {
      "user": "muhammad ashraf922",
      "comments": [
        "Do you believe in kharma? 😂😂😂"
      ],
      "language": "English",
      "pure_emoji": false
    },
    {
      "user": "newwave.digital",
      "comments": [
        "They’re trying to ☠️us through eugenics. If you’re sick or disabled, they don’t care."
      ],
      "language": "English",
      "pure_emoji": false
    },
    {
      "user": "ntshaglvr",
      "comments": [
        "I work for a hospital and they sent out a email saying this 😢"
      ],
      "language": "English",
      "pure_emoji": false
    },
    {
      "user": "obamussy",
      "comments": [
        "would be such a shame to see republicans drop like flies oh no"
      ],
      "language": "English",
      "pure_emoji": false
    },
    {
      "user": "octobermomof4",
      "comments": [
        "ChatGPT told me there’s a complex set of factors and that it predicting a death toll is not feasible"
      ],
      "language": "English",
      "pure_emoji": false
    },
    {
      "user": "orangebijou",
      "comments": [
        "I am TERRIFIED"
      ],
      "language": "English",
      "pure_emoji": false
    },
    {
      "user": "pasttenseofdraw.mp3",
      "comments": [
        "This is only affecting things shipped through USPS though, so I think it’s important to keep in context! It will still likely have an impact and drive up costs, but it isn’t that there is no way for items to get here"
      ],
      "language": "English",
      "pure_emoji": false
    },
    {
      "user": "patricalevens",
      "comments": [
        "There are other ways to transport other then United States postal service. The issue is the whole system. We need to break away from using them. They have stolen this land an continue to inflate prices here. What did we do before they decide to create this system….."
      ],
      "language": "English",
      "pure_emoji": false
    },
    {
      "user": "phil",
      "comments": [
        "less see hongkong is going to pack ship and deliver meds in 24 hours but I can't get my mail from America to America in 7 days"
      ],
      "language": "English",
      "pure_emoji": false
    },
    {
      "user": "pottop",
      "comments": [
        "NO ONE WILL PERISH YOU GUYS ARE SO DRAMATIC JUST FOR A CLICK AND VIEW SO SICKENING"
      ],
      "language": "English",
      "pure_emoji": false
    },
    {
      "user": "resist.standup",
      "comments": [
        "That is exactly what the administration wants. Eugenics"
      ],
      "language": "English",
      "pure_emoji": false
    },
    {
      "user": "sarahconnell_1",
      "comments": [
        "💪"
      ],
      "language": "Other",
      "pure_emoji": true
    },
    {
      "user": "scream",
      "comments": [
        "This is by design. All of this. Catastrophic failure gives them room to set things in motion. CECOT is a concentration camp. Flown by GlobalX (new rail cars). Akima, LLC owns the facilities"
      ],
      "language": "English",
      "pure_emoji": false
    },
    {
      "user": "seriouslybrit_",
      "comments": [
        "He will still blame Biden or Obama",
        "He will still blame Biden or Obama",
        "Yup"
      ],
      "language": "English",
      "pure_emoji": false
    },
    {
      "user": "shealiz4",
      "comments": [
        "💯💯💯💯💯💯💯💯💯💯💯💯💯💯💯💯😎"
      ],
      "language": "Other",
      "pure_emoji": true
    },
    {
      "user": "shernita5",
      "comments": [
        "That’s what they voted for"
      ],
      "language": "English",
      "pure_emoji": false
    },
    {
      "user": "shrav",
      "comments": [
        "“i asked chatGPT to—“ i’m sorry baby this is where i leave you."
      ],
      "language": "English",
      "pure_emoji": false
    },
    {
      "user": "skip",
      "comments": [
        "😢😢😢😢"
      ],
      "language": "Other",
      "pure_emoji": true
    },
    {
      "user": "spicyninjacar",
      "comments": [
        "sadly this isn't a joke, every week since he was inaugurated trump keeps blaming biden for things"
      ],
      "language": "English",
      "pure_emoji": false
    },
    {
      "user": "theonewhodidthatttttt",
      "comments": [
        "Y’all don’t understand how much stuff even coming from other countries, goes through Hong Kong in it’s journey here someway shape or form… 👀😭",
        "Y’all don’t understand how much stuff even coming from other countries, goes through Hong Kong in it’s journey here someway shape or form… 👀😭"
      ],
      "language": "English",
      "pure_emoji": false
    },
    {
      "user": "tiktoyrgrim",
      "comments": [
        "🙄🙄🙄"
      ],
      "language": "Other",
      "pure_emoji": true
    },
    {
      "user": "tool2510",
      "comments": [
        "UPS, FedEx and DHL. I’m sure the rump cabinet will lay responsibility on USPS, it will hasten privatization."
      ],
      "language": "English",
      "pure_emoji": false
    },
    {
      "user": "ttom1963",
      "comments": [
        "This is real life 💔"
      ],
      "language": "English",
      "pure_emoji": false
    },
    {
      "user": "turd Ferguson",
      "comments": [
        "We hing kong billions in military equipment they will send us medicine"
      ],
      "language": "English",
      "pure_emoji": false
    },
    {
      "user": "user2817058241308",
      "comments": [
        "We shouldn’t be getting any of these things from China…"
      ],
      "language": "English",
      "pure_emoji": false
    },
    {
      "user": "user3674418879083",
      "comments": [
        "We need to do our own."
      ],
      "language": "English",
      "pure_emoji": false
    },
    {
      "user": "user3828259158725",
      "comments": [
        "U know what?? Trump doesn’t care about us!!!!!"
      ],
      "language": "English",
      "pure_emoji": false
    },
    {
      "user": "user7160241938222",
      "comments": [
        "Look, Congressional Republicans cab stop Trumpbanytime they like. You need to talk to them.😁"
      ],
      "language": "English",
      "pure_emoji": false
    },
    {
      "user": "user8520953165281",
      "comments": [
        "没关系，特朗普会告诉你们他赢了😁"
      ],
      "language": "Chinese",
      "pure_emoji": false
    },
    {
      "user": "user9681266095382",
      "comments": [
        "Solution is Stay healthy, never get sick. 😂😂😂😂😂"
      ],
      "language": "English",
      "pure_emoji": false
    },
    {
      "user": "verabaker7",
      "comments": [
        "Trump is destroying our Country!!"
      ],
      "language": "English",
      "pure_emoji": false
    },
    {
      "user": "vipexviper",
      "comments": [
        "just go to Mexico there are the future"
      ],
      "language": "English",
      "pure_emoji": false
    },
    {
      "user": "wilesatripp",
      "comments": [
        "❤"
      ],
      "language": "Other",
      "pure_emoji": false
    },
    {
      "user": "windyrosetattoo14",
      "comments": [
        "👀 trump doing it on purpose to get rid of people that are reliant on medical services and meds. Eugenics 🤔"
      ],
      "language": "English",
      "pure_emoji": false
    },
    {
      "user": "yapcat",
      "comments": [
        "yes its a big problem but insulin is manufactured in the US. chat GPT should have told you that."
      ],
      "language": "English",
      "pure_emoji": false
    },
    {
      "user": "yesssbish",
      "comments": [
        "Somehow the trump supporters will say this is gonna be good somehow"
      ],
      "language": "English",
      "pure_emoji": false
    },
    {
      "user": "| Gabby M |",
      "comments": [
        "I feel bad for the next democratic president that’s gonna have to clean up this mess 🥲",
        "I feel bad for the next democratic president that’s gonna have to clean up this mess 🥲"
      ],
      "language": "English",
      "pure_emoji": false
    },
    {
      "user": "Кума 🩵 (Kuma)",
      "comments": [
        "48 hours? less than a day can kill us type 1s without insulin ☹️"
      ],
      "language": "English",
      "pure_emoji": false
    },
    {
      "user": "ᥫ᭡𝘐𝘯𝘥𝘪𝘨𝘰!!!ᥫ᭡",
      "comments": [
        "I just started to get my allergies under control too with meds, I don't wanna go back to barely being able to eat :("
      ],
      "language": "English",
      "pure_emoji": false
    },
    {
      "user": "☀️",
      "comments": [
        "EUGENICSSSSSS"
      ],
      "language": "English",
      "pure_emoji": false
    },
    {
      "user": "✨𝕖𝕝𝕝𝕖🍁",
      "comments": [
        "will this affect pharmacy’s too i wonder",
        "will this affect pharmacy’s too i wonder"
      ],
      "language": "English",
      "pure_emoji": false
    },
    {
      "user": "「 𝙰𝚕𝚒𝚡 」",
      "comments": [
        "While I agree fully, I gotta say, chatgbt? Seriously? Come on 😕",
        "While I agree fully, I gotta say, chatgbt? Seriously? Come on 😕"
      ],
      "language": "English",
      "pure_emoji": false
    },
    {
      "user": "平常心🇨🇳",
      "comments": [
        "After the last Trump trade war, the Chinese government demanded dependence on American products seven years ago, so it has little impact on us."
      ],
      "language": "English",
      "pure_emoji": false
    },
    {
      "user": "浪子回头_666",
      "comments": [
        "อเมริกา คือ เจ้าโลก เพราะฉะนั้น ไม่ต้องแคร์ครับ ผลิตกันในประเทศเลย โดยการไปจ้างหมอแผนโบราณ จากอินเดีย มาช่วยผสมสูตร 🥰🥰🥰"
      ],
      "language": "Other",
      "pure_emoji": false
    },
    {
      "user": "錯乱",
      "comments": [
        "He 💀so many Americans during COVID too 😭"
      ],
      "language": "English",
      "pure_emoji": false
    },
    {
      "user": "꧁༺👑 K̆ĬN̆Ğ J̆ŎH̆N̆ 👑༻꧂",
      "comments": [
        "Not from america, but sometime, I have hopes in trump idk...."
      ],
      "language": "English",
      "pure_emoji": false
    },
    {
      "user": "𝑰𝓷𝓭𝓲𝓮☾★♡",
      "comments": [
        "Yeah they shipped empty containers as the ship was already paid for, there’s gonna be multiple logistical issues with tarrifs similar to the no medical supplies that Trump isn’t thinking of",
        "Yeah they shipped empty containers as the ship was already paid for, there’s gonna be multiple logistical issues with tarrifs similar to the no medical supplies that Trump isn’t thinking of"
      ],
      "language": "English",
      "pure_emoji": false
    },
    {
      "user": "🇨🇦SwampDonkey🇨🇦",
      "comments": [
        "But, yous don't care if others are killed by his tariffs. 🤔 This is why nobody gaf about US anymore."
      ],
      "language": "English",
      "pure_emoji": false
    },
    {
      "user": "🌻💜🖤Caitlyn🌈🇺🇦💚",
      "comments": [
        "*cries in Dialysis*",
        "*cries in Dialysis*"
      ],
      "language": "English",
      "pure_emoji": false
    },
    {
      "user": "🐄",
      "comments": [
        "baby i don’t think we’re getting another vote 😭"
      ],
      "language": "English",
      "pure_emoji": false
    },
    {
      "user": "👑  (Taylor’s Version)",
      "comments": [
        "Same 😩"
      ],
      "language": "English",
      "pure_emoji": false
    },
    {
      "user": "💙HeidiAnn🆘️🇺🇲💙",
      "comments": [
        "I read that they're just not shipping small packages through the usps. as of now hopefully medical supplies are still ok"
      ],
      "language": "English",
      "pure_emoji": false
    },
    {
      "user": "💫Bunnii💫",
      "comments": [
        "My husband almost died because he had to ration his insulin 😞",
        "My husband almost died because he had to ration his insulin 😞"
      ],
      "language": "English",
      "pure_emoji": false
    },
    {
      "user": "🕊️Defender",
      "comments": [
        "it will and i agree"
      ],
      "language": "English",
      "pure_emoji": false
    },
    {
      "user": "🗼",
      "comments": [
        "America is a joke. America makes me sick",
        "America is a joke. America makes me sick"
      ],
      "language": "English",
      "pure_emoji": false
    },
    {
      "user": "🦋JustShae",
      "comments": [
        "Just do the best you can. That’s all ya gonna hear. But I do believe it’s gonna be bad"
      ],
      "language": "English",
      "pure_emoji": false
    },
    {
      "user": "🧿 Mossy Matriarch 🌀 · 创作者",
      "comments": [
        "Probably",
        "It will take a long time for the system to re-group and costs will go up significantly",
        "Probably"
      ],
      "language": "English",
      "pure_emoji": false
    },
    {
      "user": "🫵🧦",
      "comments": [
        "Depopulation and new world order are still on their agenda"
      ],
      "language": "English",
      "pure_emoji": false
    }
  ]
}