{
  "video_id": "7491593735545949460",
  "video_url": "https://www.tiktok.com/@zaobaosg/video/7491593735545949460",
  "publish_date": null,
  "comment_groups": [
    {
      "user": "Say Jai Bao Si Bay JiaLat🔥",
      "comments": [
        "fight fight fight 💪"
      ],
      "language": "English",
      "pure_emoji": false
    },
    {
      "user": "andy",
      "comments": [
        "為了你這個美國老跟你妥協吃你自己吧特朗普"
      ],
      "language": "Chinese",
      "pure_emoji": false
    },
    {
      "user": "davidlim6570",
      "comments": [
        "😂😳软了"
      ],
      "language": "Chinese",
      "pure_emoji": false
    },
    {
      "user": "thewindcantellsto",
      "comments": [
        "Is the President of the United States here to be funny? Tax increase brain disability behavior."
      ],
      "language": "English",
      "pure_emoji": false
    },
    {
      "user": "搬U项目日赚上万！QQ：64884752✈️TG:zwaa2",
      "comments": [
        "🙂😅🥰gentle"
      ],
      "language": "English",
      "pure_emoji": false
    }
  ]
}