{
  "video_id": "7491648677648289054",
  "video_url": "https://www.tiktok.com/@usatoday/video/7491648677648289054",
  "publish_date": null,
  "comment_groups": [
    {
      "user": "@SIR.JUMPS.ALOT73818",
      "comments": [
        "💭💭💭💭"
      ],
      "language": "Other",
      "pure_emoji": true
    },
    {
      "user": "Abigail",
      "comments": [
        "what do you mean"
      ],
      "language": "English",
      "pure_emoji": false
    },
    {
      "user": "AliceDonaldtón",
      "comments": [
        "America The Great."
      ],
      "language": "English",
      "pure_emoji": false
    },
    {
      "user": "Andrew walker 23",
      "comments": [
        "wining"
      ],
      "language": "English",
      "pure_emoji": false
    },
    {
      "user": "Angela Williams",
      "comments": [
        "i love my country"
      ],
      "language": "English",
      "pure_emoji": false
    },
    {
      "user": "Ann Saylor",
      "comments": [
        "Great"
      ],
      "language": "English",
      "pure_emoji": false
    },
    {
      "user": "Antonio Hoffman",
      "comments": [
        "Amazing"
      ],
      "language": "English",
      "pure_emoji": false
    },
    {
      "user": "Arthur",
      "comments": [
        "great"
      ],
      "language": "English",
      "pure_emoji": false
    },
    {
      "user": "Ashley Gerner",
      "comments": [
        "I’m alone and I want a loyal and good life partner .🥺"
      ],
      "language": "English",
      "pure_emoji": false
    },
    {
      "user": "Asia",
      "comments": [
        "😭😭😭"
      ],
      "language": "Other",
      "pure_emoji": true
    },
    {
      "user": "Baby smart 🥷🏝️",
      "comments": [
        "awesome"
      ],
      "language": "English",
      "pure_emoji": false
    },
    {
      "user": "Cardoso Philip",
      "comments": [
        "💙💙💙"
      ],
      "language": "Other",
      "pure_emoji": true
    },
    {
      "user": "Charles Smith",
      "comments": [
        "Good"
      ],
      "language": "English",
      "pure_emoji": false
    },
    {
      "user": "Cynthia Berner",
      "comments": [
        "Amazing 👏"
      ],
      "language": "English",
      "pure_emoji": false
    },
    {
      "user": "Dave Johnson",
      "comments": [
        "great",
        "great",
        "winning"
      ],
      "language": "English",
      "pure_emoji": false
    },
    {
      "user": "Dean Lewis",
      "comments": [
        "Great"
      ],
      "language": "English",
      "pure_emoji": false
    },
    {
      "user": "Delilah 🎊",
      "comments": [
        "amazing"
      ],
      "language": "English",
      "pure_emoji": false
    },
    {
      "user": "Denisecook831",
      "comments": [
        "True"
      ],
      "language": "English",
      "pure_emoji": false
    },
    {
      "user": "Dilara Zeynep",
      "comments": [
        "It’s hard to find the truth"
      ],
      "language": "English",
      "pure_emoji": false
    },
    {
      "user": "Dominic Monaghan",
      "comments": [
        "Brace"
      ],
      "language": "English",
      "pure_emoji": false
    },
    {
      "user": "ELON MUSK",
      "comments": [
        "Great"
      ],
      "language": "English",
      "pure_emoji": false
    },
    {
      "user": "Eliana Ella",
      "comments": [
        "yeah that's great"
      ],
      "language": "English",
      "pure_emoji": false
    },
    {
      "user": "Emily Allison",
      "comments": [
        "Hard but true"
      ],
      "language": "English",
      "pure_emoji": false
    },
    {
      "user": "Glover Lambert",
      "comments": [
        "Bravo"
      ],
      "language": "English",
      "pure_emoji": false
    },
    {
      "user": "Hard Rod",
      "comments": [
        "🤣🤣🤣"
      ],
      "language": "Other",
      "pure_emoji": true
    },
    {
      "user": "Harvey Louise 633",
      "comments": [
        "😁😁"
      ],
      "language": "Other",
      "pure_emoji": true
    },
    {
      "user": "Ivana",
      "comments": [
        "it's hard to find it true"
      ],
      "language": "English",
      "pure_emoji": false
    },
    {
      "user": "Jackson Raymond",
      "comments": [
        "it's hard to find it true"
      ],
      "language": "English",
      "pure_emoji": false
    },
    {
      "user": "James Roberson",
      "comments": [
        "adorable"
      ],
      "language": "English",
      "pure_emoji": false
    },
    {
      "user": "James Zack",
      "comments": [
        "Winning"
      ],
      "language": "English",
      "pure_emoji": false
    },
    {
      "user": "Jane_Mike❤️",
      "comments": [
        "Great"
      ],
      "language": "English",
      "pure_emoji": false
    },
    {
      "user": "Jennifer Holiday",
      "comments": [
        "True"
      ],
      "language": "English",
      "pure_emoji": false
    },
    {
      "user": "John Cena",
      "comments": [
        "I was afraid to start but when I did I was happy I took your lessons seriously. Thank you @"
      ],
      "language": "English",
      "pure_emoji": false
    },
    {
      "user": "Julie Leach",
      "comments": [
        "Imagine trade representative haven’t spoken to president yet"
      ],
      "language": "English",
      "pure_emoji": false
    },
    {
      "user": "Kelvin",
      "comments": [
        "What’s going on?"
      ],
      "language": "English",
      "pure_emoji": false
    },
    {
      "user": "Laura Eleanor",
      "comments": [
        "winning 😄😄"
      ],
      "language": "English",
      "pure_emoji": false
    },
    {
      "user": "Lili Reinhardt",
      "comments": [
        "Fact"
      ],
      "language": "English",
      "pure_emoji": false
    },
    {
      "user": "Marco Baumgartner",
      "comments": [
        "Your quality exceeded my expectations, your attention was remarkable. Thank you for your dedication to delivering exceptional results and your ability to find innovative",
        "I am very grateful for all the times you have been there for me. Whether it’s listening, offering advice or simply being a shoulder to lean on, you always make me feel supported."
      ],
      "language": "English",
      "pure_emoji": false
    },
    {
      "user": "Marouane EL Kachchani",
      "comments": [
        "The market will stay stable, no worries please 🙏"
      ],
      "language": "English",
      "pure_emoji": false
    },
    {
      "user": "Michael Braun",
      "comments": [
        "Being one of Eric students has truly been one of the most rewarding decisions I've made n my trading journey."
      ],
      "language": "English",
      "pure_emoji": false
    },
    {
      "user": "Michael Wilson",
      "comments": [
        "wining"
      ],
      "language": "English",
      "pure_emoji": false
    },
    {
      "user": "Nathan_spen881",
      "comments": [
        "😁😁😁"
      ],
      "language": "Other",
      "pure_emoji": true
    },
    {
      "user": "Patriot1776@",
      "comments": [
        "Winning!"
      ],
      "language": "English",
      "pure_emoji": false
    },
    {
      "user": "Paul",
      "comments": [
        "Great"
      ],
      "language": "English",
      "pure_emoji": false
    },
    {
      "user": "Perry mark",
      "comments": [
        "amazing"
      ],
      "language": "English",
      "pure_emoji": false
    },
    {
      "user": "Phillip smith",
      "comments": [
        "amazing"
      ],
      "language": "English",
      "pure_emoji": false
    },
    {
      "user": "Phillip.smiths",
      "comments": [
        "amazing"
      ],
      "language": "English",
      "pure_emoji": false
    },
    {
      "user": "Postydaughther",
      "comments": [
        "Amazing 👏"
      ],
      "language": "English",
      "pure_emoji": false
    },
    {
      "user": "Renato usatii",
      "comments": [
        "Not True"
      ],
      "language": "English",
      "pure_emoji": false
    },
    {
      "user": "SUSAN_MORRIS",
      "comments": [
        "wining"
      ],
      "language": "English",
      "pure_emoji": false
    },
    {
      "user": "Steven Moseley",
      "comments": [
        "wining"
      ],
      "language": "English",
      "pure_emoji": false
    },
    {
      "user": "Therapist Andriana",
      "comments": [
        "am available for fun"
      ],
      "language": "English",
      "pure_emoji": false
    },
    {
      "user": "Thomas Alex",
      "comments": [
        "I'm super excited right now, I can now pay my bills and take good care of my family. Thank you for bringing happiness to my home Sir"
      ],
      "language": "English",
      "pure_emoji": false
    },
    {
      "user": "Tobias Ambriz",
      "comments": [
        "great"
      ],
      "language": "English",
      "pure_emoji": false
    },
    {
      "user": "Toney",
      "comments": [
        "Imagine trade representative haven’t spoken to president yet"
      ],
      "language": "English",
      "pure_emoji": false
    },
    {
      "user": "Turner Taylor",
      "comments": [
        "Your quality exceeded my expectations, and your attention was remarkable. Thank you for your dedication to delivering sir",
        "Your quality exceeded my expectations, and your attention was remarkable. Thank you for your dedication to delivering"
      ],
      "language": "English",
      "pure_emoji": false
    },
    {
      "user": "William _johnson",
      "comments": [
        "@Renato usatii:That cost a lot"
      ],
      "language": "English",
      "pure_emoji": false
    },
    {
      "user": "William_michael📤",
      "comments": [
        "Wining"
      ],
      "language": "English",
      "pure_emoji": false
    },
    {
      "user": "_biletoken€$",
      "comments": [
        "Winning 😅"
      ],
      "language": "English",
      "pure_emoji": false
    },
    {
      "user": "ademirazeredo125",
      "comments": [
        "@Viola: What a rediculouse show and waste of resource!!!"
      ],
      "language": "English",
      "pure_emoji": false
    },
    {
      "user": "bellybell771",
      "comments": [
        "wining"
      ],
      "language": "English",
      "pure_emoji": false
    },
    {
      "user": "berryleey0",
      "comments": [
        "good"
      ],
      "language": "English",
      "pure_emoji": false
    },
    {
      "user": "brandie House",
      "comments": [
        "Men, crazy!!"
      ],
      "language": "English",
      "pure_emoji": false
    },
    {
      "user": "christines shacky",
      "comments": [
        "true fact"
      ],
      "language": "English",
      "pure_emoji": false
    },
    {
      "user": "emily.kayla0",
      "comments": [
        "☹️☹️☹️",
        "💋💋💋"
      ],
      "language": "Other",
      "pure_emoji": false
    },
    {
      "user": "frank McMullen",
      "comments": [
        "we are still winning"
      ],
      "language": "English",
      "pure_emoji": false
    },
    {
      "user": "franklin.caldwell5",
      "comments": [
        "winning"
      ],
      "language": "English",
      "pure_emoji": false
    },
    {
      "user": "jason spencer",
      "comments": [
        "It’s hard to find it true"
      ],
      "language": "English",
      "pure_emoji": false
    },
    {
      "user": "jimkjim407",
      "comments": [
        "wining"
      ],
      "language": "English",
      "pure_emoji": false
    },
    {
      "user": "joemicjoe",
      "comments": [
        "true"
      ],
      "language": "English",
      "pure_emoji": false
    },
    {
      "user": "loryreports",
      "comments": [
        "Holding your coins in a centralized exchange is a huge risk! Everyone is advised to buy and hold ISO 20022 coins in a trusted decentralized wallet. That's super secure and protected from cyber attacks"
      ],
      "language": "English",
      "pure_emoji": false
    },
    {
      "user": "lucassammy2",
      "comments": [
        "adorable"
      ],
      "language": "English",
      "pure_emoji": false
    },
    {
      "user": "mannychavez0921",
      "comments": [
        "Yelling for no reason"
      ],
      "language": "English",
      "pure_emoji": false
    },
    {
      "user": "marylynn",
      "comments": [
        "👏👏"
      ],
      "language": "Other",
      "pure_emoji": true
    },
    {
      "user": "mesalazoro54",
      "comments": [
        "winning"
      ],
      "language": "English",
      "pure_emoji": false
    },
    {
      "user": "michael_edward67",
      "comments": [
        "Winning"
      ],
      "language": "English",
      "pure_emoji": false
    },
    {
      "user": "michaeledward056",
      "comments": [
        "Great"
      ],
      "language": "English",
      "pure_emoji": false
    },
    {
      "user": "micheal_david",
      "comments": [
        "That adorable"
      ],
      "language": "English",
      "pure_emoji": false
    },
    {
      "user": "micheal_tony",
      "comments": [
        "It’s hard to find it true"
      ],
      "language": "English",
      "pure_emoji": false
    },
    {
      "user": "moss Lizzie",
      "comments": [
        "Great"
      ],
      "language": "English",
      "pure_emoji": false
    },
    {
      "user": "obriencaldwell9678",
      "comments": [
        "😁"
      ],
      "language": "Other",
      "pure_emoji": true
    },
    {
      "user": "patty murphy",
      "comments": [
        "America will be great"
      ],
      "language": "English",
      "pure_emoji": false
    },
    {
      "user": "prince_lowkey_",
      "comments": [
        "💕💕💕"
      ],
      "language": "Other",
      "pure_emoji": true
    },
    {
      "user": "rubin_allergyprivacy",
      "comments": [
        "Trump is trade"
      ],
      "language": "English",
      "pure_emoji": false
    },
    {
      "user": "scoch sandra",
      "comments": [
        "Great"
      ],
      "language": "English",
      "pure_emoji": false
    },
    {
      "user": "staceyMY40",
      "comments": [
        "What’s going on?"
      ],
      "language": "English",
      "pure_emoji": false
    },
    {
      "user": "steven_robet",
      "comments": [
        "Amazing"
      ],
      "language": "English",
      "pure_emoji": false
    },
    {
      "user": "stevenfernandez05",
      "comments": [
        "Wining"
      ],
      "language": "English",
      "pure_emoji": false
    },
    {
      "user": "steventunnel0",
      "comments": [
        "Its hard to find the truth"
      ],
      "language": "English",
      "pure_emoji": false
    },
    {
      "user": "sunflower24",
      "comments": [
        "Democrats are dum b….they have no plan except to wish and pray America fails"
      ],
      "language": "English",
      "pure_emoji": false
    },
    {
      "user": "user95990509532692",
      "comments": [
        "good"
      ],
      "language": "English",
      "pure_emoji": false
    },
    {
      "user": "vaquitar1",
      "comments": [
        "winning team"
      ],
      "language": "English",
      "pure_emoji": false
    },
    {
      "user": "wilsonlibby",
      "comments": [
        "great"
      ],
      "language": "English",
      "pure_emoji": false
    },
    {
      "user": "차은우",
      "comments": [
        "awesome"
      ],
      "language": "English",
      "pure_emoji": false
    }
  ]
}