{
  "video_id": "7494488580325166343",
  "video_url": "https://www.tiktok.com/@go2china/video/7494488580325166343",
  "publish_date": null,
  "comment_groups": [
    {
      "user": "#freePalestine",
      "comments": [
        "🥰🥰🥰🥰🥰"
      ],
      "language": "Other",
      "pure_emoji": true
    },
    {
      "user": "...",
      "comments": [
        "look up Credo Mutwa's prophecy kn Japan's revenge on the USA. kubi kubi"
      ],
      "language": "English",
      "pure_emoji": false
    },
    {
      "user": "0088🐋",
      "comments": [
        "😂😂😂"
      ],
      "language": "Other",
      "pure_emoji": true
    },
    {
      "user": "12345678t@",
      "comments": [
        "Asia it's ur time now tyard of this West bulling u and the world stick together for ur future for ur kids all off thise years it was them only them time has changed now the world need fresh mainds"
      ],
      "language": "English",
      "pure_emoji": false
    },
    {
      "user": "3821",
      "comments": [
        "too bad he's just a MP, can't really make all decisions"
      ],
      "language": "English",
      "pure_emoji": false
    },
    {
      "user": "3cK Gaming",
      "comments": [
        "This Japanese guy speaks english more coherent and fluently compared to the President of United States. Think about that 😂😂"
      ],
      "language": "English",
      "pure_emoji": false
    },
    {
      "user": "77TNT77",
      "comments": [
        "All countries should just don't negotiate with such bullies. If they team up now, there is still hope, if not there will be more bullying in future once he succeed with this."
      ],
      "language": "English",
      "pure_emoji": false
    },
    {
      "user": "AKBI56",
      "comments": [
        "My salute to Japan......"
      ],
      "language": "English",
      "pure_emoji": false
    },
    {
      "user": "ASAHI  HOTEL 小諸",
      "comments": [
        "🥰🥰🥰"
      ],
      "language": "Other",
      "pure_emoji": true
    },
    {
      "user": "Abdullah Jawed",
      "comments": [
        "Japan can't forget the Hiro nagasaki"
      ],
      "language": "English",
      "pure_emoji": false
    },
    {
      "user": "Abdulrahman Montecalvo",
      "comments": [
        "❤❤❤"
      ],
      "language": "Other",
      "pure_emoji": false
    },
    {
      "user": "AbeTorreta",
      "comments": [
        "Yes, you are right."
      ],
      "language": "English",
      "pure_emoji": false
    },
    {
      "user": "AdMiN@✅🌙",
      "comments": [
        "very honest and insight opinion"
      ],
      "language": "English",
      "pure_emoji": false
    },
    {
      "user": "Adam L Julzic",
      "comments": [
        "well said ."
      ],
      "language": "English",
      "pure_emoji": false
    },
    {
      "user": "Adamaster_G",
      "comments": [
        "He's absolutely correct 💯"
      ],
      "language": "English",
      "pure_emoji": false
    },
    {
      "user": "Ai_NotArtificialIntelligence",
      "comments": [
        "Wow...Japan is level headed wrt USA. it's true, never give in to bully, but they need to be hand in hand with it's neighbours. Alliance of JAPAN-CHINA-SOUTH KOREA needs to be strong! 皆頑張りましょう！"
      ],
      "language": "Mixed",
      "pure_emoji": false
    },
    {
      "user": "Albert Wilson",
      "comments": [
        "first time i heard a Japanese with such powerful English 👍💪"
      ],
      "language": "English",
      "pure_emoji": false
    },
    {
      "user": "Alee_Pan",
      "comments": [
        "Finally Japan has risen up and said no to America. First forever Japan has not knees down! But how far can 🇯🇵 go? I will see when Japan get their knees down 😂"
      ],
      "language": "English",
      "pure_emoji": false
    },
    {
      "user": "Aletse",
      "comments": [
        "Ajá, también Japón se le reveló a EEUU 😁👏👏👏"
      ],
      "language": "English",
      "pure_emoji": false
    },
    {
      "user": "Ali Abdalla",
      "comments": [
        "👍"
      ],
      "language": "Other",
      "pure_emoji": true
    },
    {
      "user": "Anan_อนันต์ [天蝎♏]",
      "comments": [
        "Very true.💯💯💯"
      ],
      "language": "English",
      "pure_emoji": false
    },
    {
      "user": "Ant Cs Tham",
      "comments": [
        "The most scathing reprimand that I've heard thus far."
      ],
      "language": "English",
      "pure_emoji": false
    },
    {
      "user": "Anton  徐",
      "comments": [
        "That's the senator's opinion, but the Japanese government is afraid, because 🇺🇸 of his master. It is the same as plaza accord"
      ],
      "language": "English",
      "pure_emoji": false
    },
    {
      "user": "Appollo",
      "comments": [
        "Trump and his Administration is akin to a Mafia Organization extorting countries"
      ],
      "language": "English",
      "pure_emoji": false
    },
    {
      "user": "April 🌹🌹🌹",
      "comments": [
        "all Trump's fault.. the whole world has no respect in USA"
      ],
      "language": "English",
      "pure_emoji": false
    },
    {
      "user": "Arena1",
      "comments": [
        "I was afraid Japanese soldiers were going to die for America for no apparent reason"
      ],
      "language": "English",
      "pure_emoji": false
    },
    {
      "user": "Aubrey Mogashoa",
      "comments": [
        "Thank you Japan"
      ],
      "language": "English",
      "pure_emoji": false
    },
    {
      "user": "Ayi Emokpae",
      "comments": [
        "😂😂😂😂"
      ],
      "language": "Other",
      "pure_emoji": true
    },
    {
      "user": "Azure",
      "comments": [
        "他就是光明正大在搶劫你。而你必須接受。"
      ],
      "language": "Chinese",
      "pure_emoji": false
    },
    {
      "user": "BT S",
      "comments": [
        "Looks like an AI video"
      ],
      "language": "English",
      "pure_emoji": false
    },
    {
      "user": "Bacanbob",
      "comments": [
        "you can't make a deal with a guy who breaks them so why bother"
      ],
      "language": "English",
      "pure_emoji": false
    },
    {
      "user": "BadabingBadaboom",
      "comments": [
        "so refined and eloquent. I have never seen a Japanese speaks aenglish so well."
      ],
      "language": "English",
      "pure_emoji": false
    },
    {
      "user": "Badrudin Zafrulla",
      "comments": [
        "America has always been like this, talking in riddles, and trying to confuse the World."
      ],
      "language": "English",
      "pure_emoji": false
    },
    {
      "user": "Bazaar",
      "comments": [
        "The US is a international terrorist"
      ],
      "language": "English",
      "pure_emoji": false
    },
    {
      "user": "BeardedDophin",
      "comments": [
        "AI. Japanese can’t speak English that well, nor are they capable of logic like that"
      ],
      "language": "English",
      "pure_emoji": false
    },
    {
      "user": "Ben Marvan",
      "comments": [
        "If the Japanese speaks like this then you must know bad things have deteriorated."
      ],
      "language": "English",
      "pure_emoji": false
    },
    {
      "user": "Benjamin Hsu",
      "comments": [
        "他英文程度非常好"
      ],
      "language": "Chinese",
      "pure_emoji": false
    },
    {
      "user": "Blair Brown",
      "comments": [
        "They owe Japan 1 Trillion"
      ],
      "language": "English",
      "pure_emoji": false
    },
    {
      "user": "Blessings",
      "comments": [
        "👏👏👏 bravo Japan"
      ],
      "language": "English",
      "pure_emoji": false
    },
    {
      "user": "Bluey",
      "comments": [
        "Wow! First time seeing Japanese not bowing to US. Good on you, Japan👍👍👍"
      ],
      "language": "English",
      "pure_emoji": false
    },
    {
      "user": "BobbyST",
      "comments": [
        "AI is pretty amazing"
      ],
      "language": "English",
      "pure_emoji": false
    },
    {
      "user": "Borhan Suki",
      "comments": [
        "A Perfect & Semsible statements"
      ],
      "language": "English",
      "pure_emoji": false
    },
    {
      "user": "CG",
      "comments": [
        "You can’t “negotiate” with someone whose word is worth nothing. Trump has proven he will break agreements he negotiates himself. The world has to adapt and disentangle from “wildcard” USA."
      ],
      "language": "English",
      "pure_emoji": false
    },
    {
      "user": "CHNTPE",
      "comments": [
        "大哥哥不願跪鬼島願意，Taiwan can help😂😂😂"
      ],
      "language": "Mixed",
      "pure_emoji": false
    },
    {
      "user": "CS JMB",
      "comments": [
        "It’s about time Japan"
      ],
      "language": "English",
      "pure_emoji": false
    },
    {
      "user": "Campag",
      "comments": [
        "Well said. 👍👍👍"
      ],
      "language": "English",
      "pure_emoji": false
    },
    {
      "user": "Capt",
      "comments": [
        "😂😂😂"
      ],
      "language": "Other",
      "pure_emoji": true
    },
    {
      "user": "Caralyn Tan",
      "comments": [
        "Japan is against DT now"
      ],
      "language": "English",
      "pure_emoji": false
    },
    {
      "user": "Cecilia Wang",
      "comments": [
        "不卑不亢，就是陳述事實👍"
      ],
      "language": "Chinese",
      "pure_emoji": false
    },
    {
      "user": "Charlie",
      "comments": [
        "Is it true?",
        "I always think, Japan is American dog."
      ],
      "language": "English",
      "pure_emoji": false
    },
    {
      "user": "Cheong Pah",
      "comments": [
        "In the first place why are there so many US military bases in Japan"
      ],
      "language": "English",
      "pure_emoji": false
    },
    {
      "user": "Chin Wei Ping",
      "comments": [
        "Finally Japan is moving forward and considering Asia alliances. For decades, personally I feel Japan betraying Asia countries to benefits US."
      ],
      "language": "English",
      "pure_emoji": false
    },
    {
      "user": "Choo Ben Ang",
      "comments": [
        "Finally Japan finds herself.we have legislator frank enough to tell the truth.the world is dealing with irrational leader.his words cannot be trusted because he flips flops all the time."
      ],
      "language": "English",
      "pure_emoji": false
    },
    {
      "user": "Chris 0",
      "comments": [
        "台灣執政黨看清楚示範"
      ],
      "language": "Chinese",
      "pure_emoji": false
    },
    {
      "user": "Chris Tan",
      "comments": [
        "Dump US assets 🙏🏻"
      ],
      "language": "English",
      "pure_emoji": false
    },
    {
      "user": "Coldbeer",
      "comments": [
        "All the western politicians, please learn from this Japan official."
      ],
      "language": "English",
      "pure_emoji": false
    },
    {
      "user": "Conqueror",
      "comments": [
        "台灣已經跪下來了"
      ],
      "language": "Chinese",
      "pure_emoji": false
    },
    {
      "user": "Cookiely",
      "comments": [
        "这时候赖先生不是应该出来支持日本吗😅"
      ],
      "language": "Chinese",
      "pure_emoji": false
    },
    {
      "user": "CooperYong",
      "comments": [
        "😄😄😄💯💯💯👍👍👍"
      ],
      "language": "Other",
      "pure_emoji": true
    },
    {
      "user": "Criticón Tropus",
      "comments": [
        "There's no difference between a terrorist threatening a country and Trump foreign policy"
      ],
      "language": "English",
      "pure_emoji": false
    },
    {
      "user": "D@∆",
      "comments": [
        "Finally Japan grow back their courage to tell back to the bully, we aren't giving in your bully extortions."
      ],
      "language": "English",
      "pure_emoji": false
    },
    {
      "user": "Daddy Comedy🇮🇩",
      "comments": [
        "Japan is giant sleeping before China rising, imagine their braveness striking Pearl Harbour poking the west🤣🤣🤣🤣🤣🤣🤣"
      ],
      "language": "English",
      "pure_emoji": false
    },
    {
      "user": "Dalboy",
      "comments": [
        "USA is Finished."
      ],
      "language": "English",
      "pure_emoji": false
    },
    {
      "user": "David Ali",
      "comments": [
        "👍"
      ],
      "language": "Other",
      "pure_emoji": true
    },
    {
      "user": "David Xerri rosella’s",
      "comments": [
        "After someone drops two nuclear bombs, it will be terribly hard to make friends. Something like that will always be in the back of the people’s mind"
      ],
      "language": "English",
      "pure_emoji": false
    },
    {
      "user": "Drift Soul",
      "comments": [
        "強盜跟小偷之間的談判"
      ],
      "language": "Chinese",
      "pure_emoji": false
    },
    {
      "user": "Duh?!",
      "comments": [
        "Well said. No A kissing 👍"
      ],
      "language": "English",
      "pure_emoji": false
    },
    {
      "user": "D’CITIZEN",
      "comments": [
        "👍👍👍"
      ],
      "language": "Other",
      "pure_emoji": true
    },
    {
      "user": "EasonKuo5566",
      "comments": [
        "dare to say extorted by a delinquent, this is the country nuked by the US TWICE, they have got some balls 😌"
      ],
      "language": "English",
      "pure_emoji": false
    },
    {
      "user": "EasyAsABC",
      "comments": [
        "I heard this in Japanese with subtitles and it was better than dubbed in English."
      ],
      "language": "English",
      "pure_emoji": false
    },
    {
      "user": "Ed colin 75",
      "comments": [
        "You speak fluent English something that you learn from America 😁"
      ],
      "language": "English",
      "pure_emoji": false
    },
    {
      "user": "Elizah",
      "comments": [
        "😂😂😂"
      ],
      "language": "Other",
      "pure_emoji": true
    },
    {
      "user": "Eric-IL",
      "comments": [
        "😂😂😃 America that old OG that went to jail spent 25 plus years (war lord) comes back and try acting like the neighbourhood was still waiting on him. relax nobody was waiting"
      ],
      "language": "English",
      "pure_emoji": false
    },
    {
      "user": "Essemiko",
      "comments": [
        "Yes, that’s what Trump‘s administration is. It’s a shakedown. It’s not a real government. They’re bullies. They have no idea what they’re doing and they’re hurting the world. Trump needs to go."
      ],
      "language": "English",
      "pure_emoji": false
    },
    {
      "user": "Fred S337",
      "comments": [
        "Trump is a grifter and traitor to the United States of America. Trump is a Russian asset."
      ],
      "language": "English",
      "pure_emoji": false
    },
    {
      "user": "FussyKitty Australia",
      "comments": [
        "🤣🤣🤣🤣🤣 OMG! The delinquent comment is sooooo true!"
      ],
      "language": "English",
      "pure_emoji": false
    },
    {
      "user": "Fyatuka Toys",
      "comments": [
        "Japan never learned?🔥😳"
      ],
      "language": "English",
      "pure_emoji": false
    },
    {
      "user": "GABI ONE",
      "comments": [
        "Why do think China doesn't want to talk to them. ...?"
      ],
      "language": "English",
      "pure_emoji": false
    },
    {
      "user": "GOAT",
      "comments": [
        "summarised so well exactly what MEGA is doing"
      ],
      "language": "English",
      "pure_emoji": false
    },
    {
      "user": "Gabriel Sim",
      "comments": [
        "Asia should leave from western control"
      ],
      "language": "English",
      "pure_emoji": false
    },
    {
      "user": "Gary Wong",
      "comments": [
        "👍👍👍"
      ],
      "language": "Other",
      "pure_emoji": true
    },
    {
      "user": "Gayner Patricia Allm",
      "comments": [
        "Well said"
      ],
      "language": "English",
      "pure_emoji": false
    },
    {
      "user": "GeoLCLY",
      "comments": [
        "The U.S. built dollar dominance by pushing free trade and forcing the world to use its currency. Now it throws tariffs and cries ‘unfair’ when others win — the double standard couldn’t be more clear."
      ],
      "language": "English",
      "pure_emoji": false
    },
    {
      "user": "Geraldine",
      "comments": [
        "It was an agreement that US will defend it while it disarm."
      ],
      "language": "English",
      "pure_emoji": false
    },
    {
      "user": "Golondrina Retana",
      "comments": [
        "👏👏👏👏👏👏👏🌹"
      ],
      "language": "Other",
      "pure_emoji": true
    },
    {
      "user": "Healer",
      "comments": [
        "Very well spoken 👏"
      ],
      "language": "English",
      "pure_emoji": false
    },
    {
      "user": "Heli City",
      "comments": [
        "Trump is trying to do to Japan what Biden did to Ukraine. Stand up and fight or Trump will steal entire Japan."
      ],
      "language": "English",
      "pure_emoji": false
    },
    {
      "user": "Henry Chau",
      "comments": [
        "Well said. A Japanese man speaks perfect English and speaks of facts and truths. This is an example good virtue. Respect"
      ],
      "language": "English",
      "pure_emoji": false
    },
    {
      "user": "Hieng Mai",
      "comments": [
        "gufudyee as fiigoghogogog get good time today for sure from Fred Sanford and sasrtxy"
      ],
      "language": "English",
      "pure_emoji": false
    },
    {
      "user": "Hlumza",
      "comments": [
        "Indeed it is extortion. Thank you for standing your ground."
      ],
      "language": "English",
      "pure_emoji": false
    },
    {
      "user": "Huang Bin",
      "comments": [
        "有中國治裁"
      ],
      "language": "Chinese",
      "pure_emoji": false
    },
    {
      "user": "Hugin",
      "comments": [
        NaN
      ],
      "language": "English",
      "pure_emoji": false
    },
    {
      "user": "Humble Man",
      "comments": [
        "This is well said...... 👍👍👍👍👍"
      ],
      "language": "English",
      "pure_emoji": false
    },
    {
      "user": "IL6@ABC",
      "comments": [
        "Think Japan will still sign Plaza Accord 2."
      ],
      "language": "English",
      "pure_emoji": false
    },
    {
      "user": "IMOLEAYO 💯💕",
      "comments": [
        "OmG😂"
      ],
      "language": "English",
      "pure_emoji": false
    },
    {
      "user": "Ii’lcomi",
      "comments": [
        "Wow imagine if china and japan worked together! Incredible!",
        "Stop wasting money on military build up apologise and make peace with China"
      ],
      "language": "English",
      "pure_emoji": false
    },
    {
      "user": "Imadumbamerican🇨🇦",
      "comments": [
        "American politicians are a complete joke compared to Asian politicians serious."
      ],
      "language": "English",
      "pure_emoji": false
    },
    {
      "user": "Indi-Kitch",
      "comments": [
        "I am guessing Japan wasn't one of the 75 countries BEGGING Trump to negotiate 😂"
      ],
      "language": "English",
      "pure_emoji": false
    },
    {
      "user": "Isabel Terna Lima-Sa",
      "comments": [
        "I think all the countries are sick and tired of being stabbed in the back by USA... again...again..."
      ],
      "language": "English",
      "pure_emoji": false
    },
    {
      "user": "J. Li",
      "comments": [
        "WOW, Finally some backbone."
      ],
      "language": "English",
      "pure_emoji": false
    },
    {
      "user": "JN",
      "comments": [
        "If even Japan can’t get a reasonable deal, the",
        "From now on, Donald Dumb’s Tariff will be called , Donald Dumb’s EXTORTION !! 👏👏👏"
      ],
      "language": "English",
      "pure_emoji": false
    },
    {
      "user": "Jack Hsieh",
      "comments": [
        "This is a great speech should be listened by whole world"
      ],
      "language": "English",
      "pure_emoji": false
    },
    {
      "user": "Jack Shaw",
      "comments": [
        "When USA is weak, Japan will be the first one to rise against it"
      ],
      "language": "English",
      "pure_emoji": false
    },
    {
      "user": "James Black🇬🇧🇨🇦🇭🇰🇸🇪",
      "comments": [
        "Japan will give in to the USA. They have a long history of doing so."
      ],
      "language": "English",
      "pure_emoji": false
    },
    {
      "user": "James包租公",
      "comments": [
        "Usa is a funny country.😳😁😂"
      ],
      "language": "English",
      "pure_emoji": false
    },
    {
      "user": "Japsnoet",
      "comments": [
        "\"extorted by a delinquent\" sums it up 🎯."
      ],
      "language": "English",
      "pure_emoji": false
    },
    {
      "user": "Jason K",
      "comments": [
        "At least now someone understands."
      ],
      "language": "English",
      "pure_emoji": false
    },
    {
      "user": "Jasonwang7483",
      "comments": [
        "Yes. Stand up for your people. not American"
      ],
      "language": "English",
      "pure_emoji": false
    },
    {
      "user": "Jay Lingham",
      "comments": [
        "✌️✌️✌️"
      ],
      "language": "Other",
      "pure_emoji": true
    },
    {
      "user": "Jay Zu",
      "comments": [
        "Thank you sir, you are the first Japanese official who stands up to the bully👍"
      ],
      "language": "English",
      "pure_emoji": false
    },
    {
      "user": "Jayniemy",
      "comments": [
        "Japan no longer bows to the US having been played out by the US before."
      ],
      "language": "English",
      "pure_emoji": false
    },
    {
      "user": "Jeffrey Sia",
      "comments": [
        "Hopefully Japan is waking up to the bullying by US which they had been doing for umpteen years. Japan was weak but I hope they will now see the true colors of US."
      ],
      "language": "English",
      "pure_emoji": false
    },
    {
      "user": "Jhodeg",
      "comments": [
        "Agree.... World's will stay with China... 👍👍"
      ],
      "language": "English",
      "pure_emoji": false
    },
    {
      "user": "Jim",
      "comments": [
        "Ouch !"
      ],
      "language": "English",
      "pure_emoji": false
    },
    {
      "user": "John",
      "comments": [
        "The worlds had enough of American wars and lies the world wants peace and prosperity imagine America not holding us back"
      ],
      "language": "English",
      "pure_emoji": false
    },
    {
      "user": "José",
      "comments": [
        "😅😅😅😅"
      ],
      "language": "Other",
      "pure_emoji": true
    },
    {
      "user": "Julio RE",
      "comments": [
        "Japón sacrificó su alguna vez impresionante desarrollo por presión de EEUU"
      ],
      "language": "English",
      "pure_emoji": false
    },
    {
      "user": "JustHary",
      "comments": [
        "😁"
      ],
      "language": "Other",
      "pure_emoji": true
    },
    {
      "user": "KI",
      "comments": [
        "Using genocide as their weapon. Indian America now Palestine"
      ],
      "language": "English",
      "pure_emoji": false
    },
    {
      "user": "Kate Huang",
      "comments": [
        "作為一個中國人，對於日本不做美國的奴隸感覺到奇怪了"
      ],
      "language": "Chinese",
      "pure_emoji": false
    },
    {
      "user": "Kauckland",
      "comments": [
        "Well done. You can’t bow to bullly. Japan bowed in early 90s and stalled their economy. China won’t follow Japan’s example"
      ],
      "language": "English",
      "pure_emoji": false
    },
    {
      "user": "Keluarga Ku.",
      "comments": [
        "maybe now is the time Japan move away to us deal.."
      ],
      "language": "English",
      "pure_emoji": false
    },
    {
      "user": "Kenneth Hinkson",
      "comments": [
        "America is having major problems with coming to grips with the fact that they are being eclipsed by China"
      ],
      "language": "English",
      "pure_emoji": false
    },
    {
      "user": "Kenneth462",
      "comments": [
        "Thank you the Japanese no mathematics"
      ],
      "language": "English",
      "pure_emoji": false
    },
    {
      "user": "Kevin Chung",
      "comments": [
        "Why even attempt to make a deal when the U.S. president said on national tv that other countries are kissing his a** trying to make trade deals with him?"
      ],
      "language": "English",
      "pure_emoji": false
    },
    {
      "user": "Khin",
      "comments": [
        "Japanese is right"
      ],
      "language": "English",
      "pure_emoji": false
    },
    {
      "user": "Klvn",
      "comments": [
        "有英文版的…? 我看的是日文版的，他還叫大家去看紀錄片，多了解一下川普。我覺得日本人有一點不錯是他們很會溯源。"
      ],
      "language": "Chinese",
      "pure_emoji": false
    },
    {
      "user": "L K71",
      "comments": [
        "At the moment, only Asian countries standing up against the big bully. Respect!"
      ],
      "language": "English",
      "pure_emoji": false
    },
    {
      "user": "Lance 🇨🇦",
      "comments": [
        "This is dubbed by AI. The original is on YouTube. It is legit and very closely resembles the YouTube closed captioning in English of what he says in Japanese. I got ripped off when I noticed his mouth matches the English here."
      ],
      "language": "English",
      "pure_emoji": false
    },
    {
      "user": "Langa",
      "comments": [
        "So it's a win for China"
      ],
      "language": "English",
      "pure_emoji": false
    },
    {
      "user": "Larry Keya",
      "comments": [
        "I have been saying this again and again....The tariffs were about debt refinance and not moving jobs back home. That's why Trump was loud about it. He just proved it."
      ],
      "language": "English",
      "pure_emoji": false
    },
    {
      "user": "Latiff",
      "comments": [
        "😳😳😳，How dare you? Is it time to stand up for your nation after the Plaza Accord?"
      ],
      "language": "English",
      "pure_emoji": false
    },
    {
      "user": "Laura",
      "comments": [
        "Fantastic Japan. so well said. I guess we will hear DT tge negotiations are going so well!!"
      ],
      "language": "English",
      "pure_emoji": false
    },
    {
      "user": "LavishP",
      "comments": [
        "Delinquent?"
      ],
      "language": "English",
      "pure_emoji": false
    },
    {
      "user": "Lcj",
      "comments": [
        "美債6.5兆到期，要解決真的很難，不知道會不會真的倒債？🙃🙃🙃"
      ],
      "language": "Chinese",
      "pure_emoji": false
    },
    {
      "user": "Leo L",
      "comments": [
        "Japan was done by the USA in the 1980s. It should know the game comes round two. Deja vu."
      ],
      "language": "English",
      "pure_emoji": false
    },
    {
      "user": "Lets Tok About Life",
      "comments": [
        "AI manipulated mouth motions, voice over by AI as well."
      ],
      "language": "English",
      "pure_emoji": false
    },
    {
      "user": "Lim Ser Chai",
      "comments": [
        "True, no country should give in to america. All countries should should stop buy American goods"
      ],
      "language": "English",
      "pure_emoji": false
    },
    {
      "user": "Lion Lee",
      "comments": [
        "日本被美國壓榨壓制了80年，該是反抗的時候了。"
      ],
      "language": "Chinese",
      "pure_emoji": false
    },
    {
      "user": "Lisa Tamati",
      "comments": [
        "So true ....that is extortion. Bullies will keep doing the same thing."
      ],
      "language": "English",
      "pure_emoji": false
    },
    {
      "user": "Lisa🇯🇲🇮🇹",
      "comments": [
        "Trump is not consistent in anything."
      ],
      "language": "English",
      "pure_emoji": false
    },
    {
      "user": "Lok Neo",
      "comments": [
        "👍👍👏👏💪💪💪"
      ],
      "language": "Other",
      "pure_emoji": true
    },
    {
      "user": "Louie",
      "comments": [
        "No way does Trump speak good English like this & it makes sense. Good on Japan 👏"
      ],
      "language": "English",
      "pure_emoji": false
    },
    {
      "user": "Love and peace",
      "comments": [
        "✌️✌️✌️"
      ],
      "language": "Other",
      "pure_emoji": true
    },
    {
      "user": "Low JooYong",
      "comments": [
        "Japan somehow grew some balls..👍👍"
      ],
      "language": "English",
      "pure_emoji": false
    },
    {
      "user": "Lucas2022",
      "comments": [
        "We will be supporting Japan"
      ],
      "language": "English",
      "pure_emoji": false
    },
    {
      "user": "Luz.78s",
      "comments": [
        "Soo true!"
      ],
      "language": "English",
      "pure_emoji": false
    },
    {
      "user": "Lwanda",
      "comments": [
        "South Africa 🇿🇦 stands with Japan 🇯🇵"
      ],
      "language": "English",
      "pure_emoji": false
    },
    {
      "user": "Lyndagonefishing",
      "comments": [
        "love the Japanese 🥰🥰"
      ],
      "language": "English",
      "pure_emoji": false
    },
    {
      "user": "Lynn Washington",
      "comments": [
        "Republicans has dragged the entire nation down to their drunk standard . Even other nations are calling out our government for having less or no knowledge of their decisions 😒😒"
      ],
      "language": "English",
      "pure_emoji": false
    },
    {
      "user": "M",
      "comments": [
        "finally Japan has some backbone not backing up USA"
      ],
      "language": "English",
      "pure_emoji": false
    },
    {
      "user": "M Wood93",
      "comments": [
        "trump is. a criminal. why he has not been in prison before now i dont know"
      ],
      "language": "English",
      "pure_emoji": false
    },
    {
      "user": "MC",
      "comments": [
        "👍👍👍",
        "short and to the point 👉 no rambling 🙏"
      ],
      "language": "English",
      "pure_emoji": false
    },
    {
      "user": "MEI",
      "comments": [
        "Well sαid"
      ],
      "language": "English",
      "pure_emoji": false
    },
    {
      "user": "MZILIKAZI 79",
      "comments": [
        "WELL SAID SIR 👏",
        "A THEY JUST REMEMBERING THE HIROSHIMA NUKES ATTACK NOW",
        "FINALLY JAPAN IS WAKING UP TO THE GLOBAL BULLY"
      ],
      "language": "English",
      "pure_emoji": false
    },
    {
      "user": "Maisy 🇨🇦",
      "comments": [
        "It is extortion, he’s now telling countries who they can trade with, and telling the UKwhat they must believe"
      ],
      "language": "English",
      "pure_emoji": false
    },
    {
      "user": "Mark Wolf Brits",
      "comments": [
        "America is in trouble and the people of america are so stubborn to see but when its to late they will I can promise you"
      ],
      "language": "English",
      "pure_emoji": false
    },
    {
      "user": "Matthewwong1234",
      "comments": [
        "Well said, don’t cave in to the bullies. Judging from Trump team’s records, they will not treat you equal if you bow to them in the first place."
      ],
      "language": "English",
      "pure_emoji": false
    },
    {
      "user": "Melody N Gumbo",
      "comments": [
        "😂😂😂😂😂😂"
      ],
      "language": "Other",
      "pure_emoji": true
    },
    {
      "user": "Memory Lane",
      "comments": [
        "True,the Japanese kow tow culture to USA must change"
      ],
      "language": "English",
      "pure_emoji": false
    },
    {
      "user": "Michelle Lim",
      "comments": [
        "Japan👍"
      ],
      "language": "English",
      "pure_emoji": false
    },
    {
      "user": "Mike Koh387",
      "comments": [
        "hello, Japan better yield to US. jpn had enjoy protection under US n time to pay back now. 😂😂😂😂😂"
      ],
      "language": "English",
      "pure_emoji": false
    },
    {
      "user": "Mimzey 🇨🇦",
      "comments": [
        "Extortion is what Trump calls “the art of the deal”. There is no art or skill - just bullying and extortion."
      ],
      "language": "English",
      "pure_emoji": false
    },
    {
      "user": "Mobamome",
      "comments": [
        "Japanese want compensation for being bomb with atomic bombs",
        "Nihongo 💪💪💪💪💪💪💪💪",
        "Nihon 💪💪💪💪💪💪💪💪💪"
      ],
      "language": "English",
      "pure_emoji": false
    },
    {
      "user": "MockingBird",
      "comments": [
        "Finally the once mighty country has hit a brick wall. More industries, companies and retrenchment coming your way. Keep being arrogant and a big bully. Good riddance."
      ],
      "language": "English",
      "pure_emoji": false
    },
    {
      "user": "Monica C",
      "comments": [
        "Someone used AI to translate his speech. Originally spoken in Japanese."
      ],
      "language": "English",
      "pure_emoji": false
    },
    {
      "user": "Monty",
      "comments": [
        "Taiwan Lai should listen to this"
      ],
      "language": "English",
      "pure_emoji": false
    },
    {
      "user": "Msmykitty2",
      "comments": [
        "it is, I'm so glad. I agree it's extortion. Please don't do that. The World will also think your nuts."
      ],
      "language": "English",
      "pure_emoji": false
    },
    {
      "user": "Musa Dan-azumi",
      "comments": [
        "arigato gozaimasu san"
      ],
      "language": "English",
      "pure_emoji": false
    },
    {
      "user": "MyTravelsToPlaces",
      "comments": [
        "❤️❤️❤️"
      ],
      "language": "Other",
      "pure_emoji": true
    },
    {
      "user": "Mykirbz",
      "comments": [
        "as if japan has a word. they are occupied by uS regime. they are just a puppet of uS regime"
      ],
      "language": "English",
      "pure_emoji": false
    },
    {
      "user": "NTHM",
      "comments": [
        "Well said"
      ],
      "language": "English",
      "pure_emoji": false
    },
    {
      "user": "NewFastFresh",
      "comments": [
        "akin to extorted by a delinquent 😂"
      ],
      "language": "English",
      "pure_emoji": false
    },
    {
      "user": "Ng Eric",
      "comments": [
        "but their leader thinks otherwise.... that's why he sounds his concerns 😞"
      ],
      "language": "English",
      "pure_emoji": false
    },
    {
      "user": "Nique",
      "comments": [
        "America = War"
      ],
      "language": "English",
      "pure_emoji": false
    },
    {
      "user": "Nitro Garage 🇨🇦",
      "comments": [
        "💯"
      ],
      "language": "Other",
      "pure_emoji": true
    },
    {
      "user": "Norman",
      "comments": [
        "Wow, finally a Japanese with backbone to face the US! Well done!!!👍"
      ],
      "language": "English",
      "pure_emoji": false
    },
    {
      "user": "Nurturing hands",
      "comments": [
        "stay strong love it",
        "love it"
      ],
      "language": "English",
      "pure_emoji": false
    },
    {
      "user": "Odoy",
      "comments": [
        "well said"
      ],
      "language": "English",
      "pure_emoji": false
    },
    {
      "user": "Old Bird",
      "comments": [
        "Wow ! 1st time heard of Japan openly criticizing USA ! Well done."
      ],
      "language": "English",
      "pure_emoji": false
    },
    {
      "user": "Oldengine",
      "comments": [
        "When did he give this speech?"
      ],
      "language": "English",
      "pure_emoji": false
    },
    {
      "user": "Oliver Yu",
      "comments": [
        "i even thought this was AI… I can’t believe a Japanese official can be so brave to disobey US"
      ],
      "language": "English",
      "pure_emoji": false
    },
    {
      "user": "Orlando Vasquez",
      "comments": [
        "👏👏👏",
        "👍👍👍"
      ],
      "language": "Other",
      "pure_emoji": false
    },
    {
      "user": "PS73",
      "comments": [
        "Nowadays, the US Gov is nothing but just a Trade terrorist... and no one shall give in to terrorist!!! 👍"
      ],
      "language": "English",
      "pure_emoji": false
    },
    {
      "user": "Papa",
      "comments": [
        "the only western ally with balls"
      ],
      "language": "English",
      "pure_emoji": false
    },
    {
      "user": "Parrot94",
      "comments": [
        "看得出來是很厲害的官員，有膽勢有情商"
      ],
      "language": "Chinese",
      "pure_emoji": false
    },
    {
      "user": "Peter Y",
      "comments": [
        "well done Japan,"
      ],
      "language": "English",
      "pure_emoji": false
    },
    {
      "user": "Quinn",
      "comments": [
        "👍👍"
      ],
      "language": "Other",
      "pure_emoji": true
    },
    {
      "user": "Rai Tet Rai",
      "comments": [
        "Don't give or bow down to America extortion. This man is good and brave, standing up to America."
      ],
      "language": "English",
      "pure_emoji": false
    },
    {
      "user": "Raninu.Amazing",
      "comments": [
        "some of u know J£√√$ control The US, what u may not know it's there's high rank Js r Jap descendants. therefore don't be fooled by pro actors. 😅"
      ],
      "language": "English",
      "pure_emoji": false
    },
    {
      "user": "Ray",
      "comments": [
        "美國的債務只有耍賴，没有其他方法可以解決，現在準備露出明搶的真面目"
      ],
      "language": "Chinese",
      "pure_emoji": false
    },
    {
      "user": "Raymond",
      "comments": [
        "Japan has waken up👍"
      ],
      "language": "English",
      "pure_emoji": false
    },
    {
      "user": "Renz",
      "comments": [
        "indeed 👍👍"
      ],
      "language": "English",
      "pure_emoji": false
    },
    {
      "user": "Richard",
      "comments": [
        "Who came out with the trade tarriffs equations? Who is to be blamed for the meaningless formula and who check on it?🤔😔 Why implement it at all?😔"
      ],
      "language": "English",
      "pure_emoji": false
    },
    {
      "user": "Rnf1110",
      "comments": [
        "Usa has no allies anymore🤣 lonely bullies🤣"
      ],
      "language": "English",
      "pure_emoji": false
    },
    {
      "user": "Royston Boodoo",
      "comments": [
        "Bullicracy Bullinomics"
      ],
      "language": "English",
      "pure_emoji": false
    },
    {
      "user": "Rua",
      "comments": [
        "Mr Trump doesn't care throwing Japan and its people under the bus like he's shown sense he's taken offince. Look what he's done to European partners. Taking China,Russia and Asian countries on with war,Japan is just going to be Canon fodder in his propaganda talks. Bullies will be over come by the people."
      ],
      "language": "English",
      "pure_emoji": false
    },
    {
      "user": "SK Lo",
      "comments": [
        "👍🏻👍🏻👍🏻"
      ],
      "language": "Other",
      "pure_emoji": true
    },
    {
      "user": "SSimba Co",
      "comments": [
        "Be steadfast & firm, you have the rest of the world behind you."
      ],
      "language": "English",
      "pure_emoji": false
    },
    {
      "user": "STICKMAN",
      "comments": [
        "his English is much better than Trump's 🤣"
      ],
      "language": "English",
      "pure_emoji": false
    },
    {
      "user": "Sackjuah4life",
      "comments": [
        "Thanks to Japan 🇯🇵 for understanding that the United States doesn’t mean well for the world! They just want the bully the rest of the world into submission!"
      ],
      "language": "English",
      "pure_emoji": false
    },
    {
      "user": "Sageadvice7",
      "comments": [
        "I LOVE THIS GUY OMG"
      ],
      "language": "English",
      "pure_emoji": false
    },
    {
      "user": "SayaCantik",
      "comments": [
        "Asian cannot trust america anymore."
      ],
      "language": "English",
      "pure_emoji": false
    },
    {
      "user": "Sayonara",
      "comments": [
        "Can you negotiate with a robber?😔"
      ],
      "language": "English",
      "pure_emoji": false
    },
    {
      "user": "ScotsCris",
      "comments": [
        "He is exactly right in his description of Trump. Trump has practiced extortion his entire business life, learning it from the Mafia who were heavily involved in New York real estate."
      ],
      "language": "English",
      "pure_emoji": false
    },
    {
      "user": "See-0-Double-You",
      "comments": [
        "Wow... Bro is not mincing words... 😳😳😳"
      ],
      "language": "English",
      "pure_emoji": false
    },
    {
      "user": "Shazza8250",
      "comments": [
        "Go Japan!"
      ],
      "language": "English",
      "pure_emoji": false
    },
    {
      "user": "Shou7000",
      "comments": [
        "頑張れ。日本"
      ],
      "language": "Chinese",
      "pure_emoji": false
    },
    {
      "user": "Simon",
      "comments": [
        "哇，台灣都不敢這樣說，台灣當局只會把氣撒在在野黨身上，格局真的差好多"
      ],
      "language": "Chinese",
      "pure_emoji": false
    },
    {
      "user": "Songinwind",
      "comments": [
        "Oh, Japan is starting to against USA!!!"
      ],
      "language": "English",
      "pure_emoji": false
    },
    {
      "user": "StapleByChoice",
      "comments": [
        "He is both highly articulate in English and delivered a compelling critique of the Trump administration"
      ],
      "language": "English",
      "pure_emoji": false
    },
    {
      "user": "StarSolitude",
      "comments": [
        "👍🏻👍🏻👍🏻"
      ],
      "language": "Other",
      "pure_emoji": true
    },
    {
      "user": "Stephen Curtis",
      "comments": [
        "Stay strong we support you from Australia"
      ],
      "language": "English",
      "pure_emoji": false
    },
    {
      "user": "Steven",
      "comments": [
        "Go to China"
      ],
      "language": "English",
      "pure_emoji": false
    },
    {
      "user": "Steven Long",
      "comments": [
        "😂😂😂 that's the insanity, stupidity and immorality of us government."
      ],
      "language": "English",
      "pure_emoji": false
    },
    {
      "user": "SweedsWeeds",
      "comments": [
        "Trump is too damn fickle eh!"
      ],
      "language": "English",
      "pure_emoji": false
    },
    {
      "user": "Swigar@DON",
      "comments": [
        "😂😂😂"
      ],
      "language": "Other",
      "pure_emoji": true
    },
    {
      "user": "Tam Tam",
      "comments": [
        "They don’t care!! It’s their way or the highway!"
      ],
      "language": "English",
      "pure_emoji": false
    },
    {
      "user": "Tango陈66",
      "comments": [
        "support 💗💗💗"
      ],
      "language": "English",
      "pure_emoji": false
    },
    {
      "user": "Tebe",
      "comments": [
        "Great. Japan has taken Great opinion and action."
      ],
      "language": "English",
      "pure_emoji": false
    },
    {
      "user": "TeeJay🇿🇦",
      "comments": [
        "75 countries are coming to kiss some ass🤣🤣🤣😂😂😂"
      ],
      "language": "English",
      "pure_emoji": false
    },
    {
      "user": "The Gang Bang Theory",
      "comments": [
        "When an asian complaint ur math is bad then it must be worst 🤭"
      ],
      "language": "English",
      "pure_emoji": false
    },
    {
      "user": "The White Horse 🇳🇿",
      "comments": [
        "The world needs to side with China, and continue to buy from them, and put America in its place by simply ignoring them. The tariffs are paid by their own people. Simply don't place tariffs on USA. Business as usual. America will self destruct, then rebuild, until it's products are appealing to buy. To do this they need to lower the costs and probably the USD. This man is very correct."
      ],
      "language": "English",
      "pure_emoji": false
    },
    {
      "user": "Tiffany Ti",
      "comments": [
        "只有台灣目前政府會全部同意並給更多。然後內鬥，達到自己的目標，"
      ],
      "language": "Chinese",
      "pure_emoji": false
    },
    {
      "user": "Tiktoker",
      "comments": [
        "台獨崩潰😫！乾爹和乾媽吵架，台獨無路可走！",
        "全世界都跟美國說no，只有瀨輕得說yes"
      ],
      "language": "Mixed",
      "pure_emoji": false
    },
    {
      "user": "Timbuktu ✅",
      "comments": [
        "If it wasn't for China... Japan would have given in..."
      ],
      "language": "English",
      "pure_emoji": false
    },
    {
      "user": "Timothy",
      "comments": [
        "he speaks damn good English for a Japanese"
      ],
      "language": "English",
      "pure_emoji": false
    },
    {
      "user": "Ting, Yin-Peng",
      "comments": [
        "賴該學學他日本爸爸，人家至少會為自己國家爭權益。"
      ],
      "language": "Chinese",
      "pure_emoji": false
    },
    {
      "user": "Tipsybettor",
      "comments": [
        "😢 my Japanese lapdog 🇯🇵"
      ],
      "language": "English",
      "pure_emoji": false
    },
    {
      "user": "TomYam",
      "comments": [
        "Yo...am I listening to the real person or an AI version....???"
      ],
      "language": "English",
      "pure_emoji": false
    },
    {
      "user": "Toodles",
      "comments": [
        "Well spoken🥰🥰🥰🥰🥰🥰🥰🥰🥰🥰🥰🥰🥰🥰🥰"
      ],
      "language": "English",
      "pure_emoji": false
    },
    {
      "user": "Traveling in Korea",
      "comments": [
        "Japan has never been so tough on the United States since the end of World War II."
      ],
      "language": "English",
      "pure_emoji": false
    },
    {
      "user": "Truthfully Yours",
      "comments": [
        "Bully the world is a wrong move....sell all US bonds now."
      ],
      "language": "English",
      "pure_emoji": false
    },
    {
      "user": "Tudulu 🇨🇦",
      "comments": [
        "Aaahhhh les Ami-requin 🤣🤣🤣🤣"
      ],
      "language": "English",
      "pure_emoji": false
    },
    {
      "user": "Turner Corgi / Archie Cavoodle",
      "comments": [
        "💪🏯🏯🇯🇵"
      ],
      "language": "Other",
      "pure_emoji": true
    },
    {
      "user": "UPer12345678910111213",
      "comments": [
        "😭😭😭😭😭😭😭😭😭😭😭😭😭😭😭😭😭😭😭😭😭😭😭",
        "南無阿彌陀佛 南無阿彌陀佛 南無阿彌陀佛 南無阿彌陀佛 南無阿彌陀佛 南無阿彌陀佛 南無阿彌陀佛 南無阿彌陀佛 南無阿彌陀佛"
      ],
      "language": "Chinese",
      "pure_emoji": false
    },
    {
      "user": "UltimateTruth",
      "comments": [
        "Trump said they were kissing his aaaassss"
      ],
      "language": "English",
      "pure_emoji": false
    },
    {
      "user": "Uncle Chew",
      "comments": [
        "What happen to US if Japan gave up all the US bond 😂"
      ],
      "language": "English",
      "pure_emoji": false
    },
    {
      "user": "UrbanWolfie",
      "comments": [
        "That's true. Somebody got to take the heat.😅"
      ],
      "language": "English",
      "pure_emoji": false
    },
    {
      "user": "V M",
      "comments": [
        "sir don't forget about The Hiroshima .. only who drop Hiroshima get flet yesterday..the wound still redish .."
      ],
      "language": "English",
      "pure_emoji": false
    },
    {
      "user": "Vortix",
      "comments": [
        "Don't forget the Plaza Agreement."
      ],
      "language": "English",
      "pure_emoji": false
    },
    {
      "user": "Wa gakure",
      "comments": [
        "World united against the bullying USA"
      ],
      "language": "English",
      "pure_emoji": false
    },
    {
      "user": "Waichung Sham",
      "comments": [
        "many countries share this view about America"
      ],
      "language": "English",
      "pure_emoji": false
    },
    {
      "user": "Wang",
      "comments": [
        "台湾不同意你的说法"
      ],
      "language": "Chinese",
      "pure_emoji": false
    },
    {
      "user": "Wang · 创作者",
      "comments": [
        "Truth … you can go to YouTube to Watch Japan official channels.",
        "It is the follower of the left / democrat, trump is the right wing",
        "It is exactly the same meaning. Anyone can use AI to translate it ."
      ],
      "language": "English",
      "pure_emoji": false
    },
    {
      "user": "Whisker222",
      "comments": [
        "👍👍👍👍👍"
      ],
      "language": "Other",
      "pure_emoji": true
    },
    {
      "user": "Willy",
      "comments": [
        "Alas, Japan has woken. Good for Japan!"
      ],
      "language": "English",
      "pure_emoji": false
    },
    {
      "user": "Woon Jack",
      "comments": [
        "US is demanding protection fee...but such fees will repeat in no time."
      ],
      "language": "English",
      "pure_emoji": false
    },
    {
      "user": "Xaqiiqda Jirta",
      "comments": [
        "Extorted by delinquent"
      ],
      "language": "English",
      "pure_emoji": false
    },
    {
      "user": "Xiaomifan",
      "comments": [
        "well said and logical it is entertaining a delinquent"
      ],
      "language": "English",
      "pure_emoji": false
    },
    {
      "user": "YY",
      "comments": [
        "這才是真正捍衛人民財產的外交官！退讓只有自取其辱！"
      ],
      "language": "Chinese",
      "pure_emoji": false
    },
    {
      "user": "Yellow flash⚡️",
      "comments": [
        "Japan needs to give Luffy a juicy chicken sandwich and a ship to the US"
      ],
      "language": "English",
      "pure_emoji": false
    },
    {
      "user": "Yin T",
      "comments": [
        "一個官員都比師公懂得多😏"
      ],
      "language": "Chinese",
      "pure_emoji": false
    },
    {
      "user": "Yong Fu",
      "comments": [
        "Real Japanese or Ai"
      ],
      "language": "English",
      "pure_emoji": false
    },
    {
      "user": "Yongsf",
      "comments": [
        "👍🏻👍🏻👍🏻"
      ],
      "language": "Other",
      "pure_emoji": true
    },
    {
      "user": "Yu Robert",
      "comments": [
        "有種"
      ],
      "language": "Chinese",
      "pure_emoji": false
    },
    {
      "user": "Yu Shan",
      "comments": [
        "其他國家反抗的越大，民進黨就越難看。一個被證實沒膝蓋的政黨。"
      ],
      "language": "Chinese",
      "pure_emoji": false
    },
    {
      "user": "Zamlatа",
      "comments": [
        "Once you pay a Danegeld, you never got rid of a Dane."
      ],
      "language": "English",
      "pure_emoji": false
    },
    {
      "user": "air",
      "comments": [
        "Everyone laughing at Trump"
      ],
      "language": "English",
      "pure_emoji": false
    },
    {
      "user": "alanhokc",
      "comments": [
        "Well said👍 That's how you deal with a bully🥰🥰🥰"
      ],
      "language": "English",
      "pure_emoji": false
    },
    {
      "user": "alawikassim",
      "comments": [
        "a bully and an extortionist...what a title America is carrying....🤔🤔🤔"
      ],
      "language": "English",
      "pure_emoji": false
    },
    {
      "user": "andony",
      "comments": [
        "Wow, this Japanese official speaks very good English"
      ],
      "language": "English",
      "pure_emoji": false
    },
    {
      "user": "beautyyourself888",
      "comments": [
        "👍👍👍一開始就是這樣"
      ],
      "language": "Chinese",
      "pure_emoji": false
    },
    {
      "user": "beeto",
      "comments": [
        "Oh WOW!!!! Japan 👏👏👏👏がんばれほんとに"
      ],
      "language": "English",
      "pure_emoji": false
    },
    {
      "user": "bengteo6",
      "comments": [
        "Great statements from Japan, 👍👍👍👏👏👏"
      ],
      "language": "English",
      "pure_emoji": false
    },
    {
      "user": "bocahproo0",
      "comments": [
        "America cannot be trusted,"
      ],
      "language": "English",
      "pure_emoji": false
    },
    {
      "user": "buller##@*",
      "comments": [
        "oh well....400% to japan"
      ],
      "language": "English",
      "pure_emoji": false
    },
    {
      "user": "carvinnz",
      "comments": [
        "It is reasonable because that country is controled by the criminal and felon."
      ],
      "language": "English",
      "pure_emoji": false
    },
    {
      "user": "catalist",
      "comments": [
        "why japan always make themselves pupate to america"
      ],
      "language": "English",
      "pure_emoji": false
    },
    {
      "user": "chalmers",
      "comments": [
        "listen to grown ups speak then listen to trump , likened to a delinquent and a thief, Japan lets gooo!!"
      ],
      "language": "English",
      "pure_emoji": false
    },
    {
      "user": "charles shi",
      "comments": [
        "问题是美国不讲理，怎么办"
      ],
      "language": "Chinese",
      "pure_emoji": false
    },
    {
      "user": "cheehoongpoh",
      "comments": [
        "😄😄😄"
      ],
      "language": "Other",
      "pure_emoji": true
    },
    {
      "user": "chieufong",
      "comments": [
        "👏👏👏👏👏I love his speech 👍"
      ],
      "language": "English",
      "pure_emoji": false
    },
    {
      "user": "chris",
      "comments": [
        "👍👍👍💪💪💪Japan well done💪💪💪"
      ],
      "language": "English",
      "pure_emoji": false
    },
    {
      "user": "chrisp",
      "comments": [
        "True statement 👍👍👍👍"
      ],
      "language": "English",
      "pure_emoji": false
    },
    {
      "user": "clif",
      "comments": [
        "singapore are u listening?"
      ],
      "language": "English",
      "pure_emoji": false
    },
    {
      "user": "command  failure",
      "comments": [
        "你要跪就自己跪，別人的政府還是要維護自己國家利益的"
      ],
      "language": "Chinese",
      "pure_emoji": false
    },
    {
      "user": "commandercobra",
      "comments": [
        "that's the samurai spirit!!!!"
      ],
      "language": "English",
      "pure_emoji": false
    },
    {
      "user": "crookbasher",
      "comments": [
        "Drive out all their troops."
      ],
      "language": "English",
      "pure_emoji": false
    },
    {
      "user": "cynmat2001🇦🇺",
      "comments": [
        "Japan saying exactly what the whole world thinks. 😂. The Japanese are educated, honourable and nobody’s fool.❤️"
      ],
      "language": "English",
      "pure_emoji": false
    },
    {
      "user": "daddybob1.0",
      "comments": [
        "I'm backing everyone except usa"
      ],
      "language": "English",
      "pure_emoji": false
    },
    {
      "user": "dar essalem",
      "comments": [
        "this minister has a lot of courage to face America with reality. I feel sorry for Japan which has been extorted.I could understand this humiliation ،،wounds are deep from the effects of nuclear bombs."
      ],
      "language": "English",
      "pure_emoji": false
    },
    {
      "user": "davidism",
      "comments": [
        "I hope world leaders wud not give in. “If u give money to someone extorting u, they will come back to extort u again.” Very well said."
      ],
      "language": "English",
      "pure_emoji": false
    },
    {
      "user": "ddt",
      "comments": [
        "come on! me, me, me, me! I thought it was obvious."
      ],
      "language": "English",
      "pure_emoji": false
    },
    {
      "user": "default",
      "comments": [
        "\"akin to being extorted by a delinquent \" 😂😂😂"
      ],
      "language": "English",
      "pure_emoji": false
    },
    {
      "user": "deny3606",
      "comments": [
        "相比台灣某賴，簡直丟臉到極點"
      ],
      "language": "Chinese",
      "pure_emoji": false
    },
    {
      "user": "deserkrblcx",
      "comments": [
        "Japan don't give in to the 😈 orange man's demands"
      ],
      "language": "English",
      "pure_emoji": false
    },
    {
      "user": "dkyutsung",
      "comments": [
        "👍👍👍"
      ],
      "language": "Other",
      "pure_emoji": true
    },
    {
      "user": "e lin Ong",
      "comments": [
        "well said .👍"
      ],
      "language": "English",
      "pure_emoji": false
    },
    {
      "user": "elonmartini",
      "comments": [
        "not like the administrators praise trump first"
      ],
      "language": "English",
      "pure_emoji": false
    },
    {
      "user": "elsa.570221",
      "comments": [
        "這是我聽過最誠實的評估，👍👍👍我真心的覺得日本終於覺醒，不在當美國的舔狗了。"
      ],
      "language": "Chinese",
      "pure_emoji": false
    },
    {
      "user": "epcrca",
      "comments": [
        "Extorted by a delinquent… spot on, you hit the target. Stand strong we are Americans embarrassed by this clown"
      ],
      "language": "English",
      "pure_emoji": false
    },
    {
      "user": "finderbell",
      "comments": [
        "At least you had finally wakeup"
      ],
      "language": "English",
      "pure_emoji": false
    },
    {
      "user": "foo fighters",
      "comments": [
        "stand up"
      ],
      "language": "English",
      "pure_emoji": false
    },
    {
      "user": "foreveryoung",
      "comments": [
        "US is becoming from a bully to a robber of the world. the bully is characterized with double standards. the robber has no standard."
      ],
      "language": "English",
      "pure_emoji": false
    },
    {
      "user": "franckwok",
      "comments": [
        "They should cooperate with China, after all those treaty signed after the war are useless. UN is on the US side another country will be S Korea."
      ],
      "language": "English",
      "pure_emoji": false
    },
    {
      "user": "friedeggplant30",
      "comments": [
        "100% truth"
      ],
      "language": "English",
      "pure_emoji": false
    },
    {
      "user": "gamer RYK",
      "comments": [
        "many are saying this video was edited and words were added.Honestly,I don't know about that but I find it hard to believe to see Japan defying its master."
      ],
      "language": "English",
      "pure_emoji": false
    },
    {
      "user": "gandawickliffe",
      "comments": [
        "The American math is becoming a global concern 🤔",
        "Japan among the countries that called trump 🤣🤣🤣🤣 I wonder bt its a global concern the American math🤣🤣"
      ],
      "language": "English",
      "pure_emoji": false
    },
    {
      "user": "gc8595",
      "comments": [
        "he was speaking Japanese, he didn't mean for it to be dubbed by AI 😅"
      ],
      "language": "English",
      "pure_emoji": false
    },
    {
      "user": "gerr966",
      "comments": [
        "If it’s true, I don’t think it’s any Japan’s cabinet members. If he dared to speak out he maybe a congressman"
      ],
      "language": "English",
      "pure_emoji": false
    },
    {
      "user": "hamlet 🇨🇦",
      "comments": [
        "He speaks better English than Donny"
      ],
      "language": "English",
      "pure_emoji": false
    },
    {
      "user": "hbhyzx503716",
      "comments": [
        "必须答应"
      ],
      "language": "Chinese",
      "pure_emoji": false
    },
    {
      "user": "hello friends😄👋",
      "comments": [
        "All Asians should stand united against a bully US who tries to divide us for US interests!"
      ],
      "language": "English",
      "pure_emoji": false
    },
    {
      "user": "hongxiangyuan8",
      "comments": [
        "Everybody knows, Trump is not to negotiate with other country, He is asking protecting money as mafia. Keep up Japan, we all stand by you!"
      ],
      "language": "English",
      "pure_emoji": false
    },
    {
      "user": "hummit424",
      "comments": [
        "Global extortion"
      ],
      "language": "English",
      "pure_emoji": false
    },
    {
      "user": "ibent",
      "comments": [
        "well done japan"
      ],
      "language": "English",
      "pure_emoji": false
    },
    {
      "user": "jacky wang",
      "comments": [
        "說得真好"
      ],
      "language": "Chinese",
      "pure_emoji": false
    },
    {
      "user": "jasonhan3270",
      "comments": [
        "Don't give in. Japan!!!"
      ],
      "language": "English",
      "pure_emoji": false
    },
    {
      "user": "jeffery",
      "comments": [
        "不是日本人這樣覺得，是全世界都這樣覺得，除了台灣政府"
      ],
      "language": "Chinese",
      "pure_emoji": false
    },
    {
      "user": "jojo",
      "comments": [
        "🥰🥰🥰🥰 indeed"
      ],
      "language": "English",
      "pure_emoji": false
    },
    {
      "user": "josephqunmeison",
      "comments": [
        "这个官员说得对👍"
      ],
      "language": "Chinese",
      "pure_emoji": false
    },
    {
      "user": "kclee353",
      "comments": [
        "台400萬台綠夠聽看不到這視頻"
      ],
      "language": "Chinese",
      "pure_emoji": false
    },
    {
      "user": "ken oo",
      "comments": [
        "I think it's AI"
      ],
      "language": "English",
      "pure_emoji": false
    },
    {
      "user": "kenfarrell67",
      "comments": [
        "That's the way America works always has"
      ],
      "language": "English",
      "pure_emoji": false
    },
    {
      "user": "kg",
      "comments": [
        "proud of you Japan"
      ],
      "language": "English",
      "pure_emoji": false
    },
    {
      "user": "khai288888",
      "comments": [
        "Love Japan"
      ],
      "language": "English",
      "pure_emoji": false
    },
    {
      "user": "kibinjin",
      "comments": [
        "這位有良心的官員，也要小心自己的安全。"
      ],
      "language": "Chinese",
      "pure_emoji": false
    },
    {
      "user": "kreangkai.r",
      "comments": [
        "Da***mn its good."
      ],
      "language": "English",
      "pure_emoji": false
    },
    {
      "user": "kuo508",
      "comments": [
        "這位日本官員的表現值得中國官員學習：1、他使用了美式思維而不是日式思維英語、2、他的表情算柔和沒有怒氣沖天、3、大量使用「他」而不是「我」"
      ],
      "language": "Chinese",
      "pure_emoji": false
    },
    {
      "user": "lao chen",
      "comments": [
        "don't give in to bully's ransoms"
      ],
      "language": "English",
      "pure_emoji": false
    },
    {
      "user": "leonkwfw",
      "comments": [
        "yes"
      ],
      "language": "English",
      "pure_emoji": false
    },
    {
      "user": "leroy",
      "comments": [
        "Perfect. They haven’t forgotten and rightly so"
      ],
      "language": "English",
      "pure_emoji": false
    },
    {
      "user": "linthang anom",
      "comments": [
        "indonesia was invited by usa gov to negotiate & reach agreement by indo purchasing more energy & food from usa & then trump increase the tariff from 32% to 42%. so japan, fight back!"
      ],
      "language": "English",
      "pure_emoji": false
    },
    {
      "user": "luke",
      "comments": [
        "Do not give in to this American imperialism mentality ."
      ],
      "language": "English",
      "pure_emoji": false
    },
    {
      "user": "lumina",
      "comments": [
        "Some countries still think Trump administration can negotiate fairly.... Reality is going to hit hard soon"
      ],
      "language": "English",
      "pure_emoji": false
    },
    {
      "user": "malexhp",
      "comments": [
        "Trump vs \"The World\" = U.S. fall"
      ],
      "language": "English",
      "pure_emoji": false
    },
    {
      "user": "mallkao2",
      "comments": [
        "👍👍👍"
      ],
      "language": "Other",
      "pure_emoji": true
    },
    {
      "user": "manbuzhe",
      "comments": [
        "这个人说了不算🤣"
      ],
      "language": "Chinese",
      "pure_emoji": false
    },
    {
      "user": "marvinmack113",
      "comments": [
        "\" never show compassion to an opponent who is never straightforward \""
      ],
      "language": "English",
      "pure_emoji": false
    },
    {
      "user": "menace",
      "comments": [
        "Nations should stop being subservient to america, even if it means hardship."
      ],
      "language": "English",
      "pure_emoji": false
    },
    {
      "user": "michael",
      "comments": [
        "加油日本硬起來學習中國帶領反抗美國的強盜行為。"
      ],
      "language": "Chinese",
      "pure_emoji": false
    },
    {
      "user": "michaelangelodesign",
      "comments": [
        "Oh dear… it’s time to lift everyone up… everyone needs time to work thru it and to cut financial ties … well done Japan.. clearly put!"
      ],
      "language": "English",
      "pure_emoji": false
    },
    {
      "user": "mikkymoonTarsh Wally",
      "comments": [
        "Trump wants every country who come to negotiate to balance the trade deposits and to buy its bond.Japan will have to buy 300b"
      ],
      "language": "English",
      "pure_emoji": false
    },
    {
      "user": "miss_bizzy_body",
      "comments": [
        "Japan and china need to unite"
      ],
      "language": "English",
      "pure_emoji": false
    },
    {
      "user": "mohamed",
      "comments": [
        "I think Japan deep down knows what the US did to them, it's now payback time"
      ],
      "language": "English",
      "pure_emoji": false
    },
    {
      "user": "mohd farid abdullah",
      "comments": [
        "wake up dear japanese..👍"
      ],
      "language": "English",
      "pure_emoji": false
    },
    {
      "user": "mustafasalleh7",
      "comments": [
        "wow, great speech...who is he? Extortion, first time foreign government put it bluntly to USA"
      ],
      "language": "English",
      "pure_emoji": false
    },
    {
      "user": "mylifememoir",
      "comments": [
        "👏🏽👏🏽👏🏽👏🏽👏🏽👏🏽👏🏽👏🏽👏🏽👏🏽👏🏽👏🏽"
      ],
      "language": "Other",
      "pure_emoji": true
    },
    {
      "user": "necryeo",
      "comments": [
        "if this formula appears on a math test it will score zero 😂"
      ],
      "language": "English",
      "pure_emoji": false
    },
    {
      "user": "newellarediker 🇨🇦",
      "comments": [
        "Bravo!",
        "🥰🥰🥰"
      ],
      "language": "English",
      "pure_emoji": false
    },
    {
      "user": "nim",
      "comments": [
        "the point made, rest of world needs to understand this, epeciallly India"
      ],
      "language": "English",
      "pure_emoji": false
    },
    {
      "user": "orange",
      "comments": [
        "United State have no humanity"
      ],
      "language": "English",
      "pure_emoji": false
    },
    {
      "user": "peter",
      "comments": [
        "I agree with his comments 100% 👍"
      ],
      "language": "English",
      "pure_emoji": false
    },
    {
      "user": "poonsterx",
      "comments": [
        "Japanese don’t like being bullied, they invented kamikazes"
      ],
      "language": "English",
      "pure_emoji": false
    },
    {
      "user": "pspsoeosso",
      "comments": [
        "south korea, your turn"
      ],
      "language": "English",
      "pure_emoji": false
    },
    {
      "user": "rabit1",
      "comments": [
        "logic? US? what logic? US only want Win-Lose China wants Win-Win"
      ],
      "language": "English",
      "pure_emoji": false
    },
    {
      "user": "raymondblack4",
      "comments": [
        "Well what a breathe of fresh air, very well said ..."
      ],
      "language": "English",
      "pure_emoji": false
    },
    {
      "user": "ricosobrate",
      "comments": [
        "muchas veces la ceguera es fiel reflejo de ir contra la corriente y Japón a ido contra la corriente desde hace más de 70 años atrás,lo han sometido a ser esclavo de eu su más escarnecido enemigo,"
      ],
      "language": "English",
      "pure_emoji": false
    },
    {
      "user": "rj",
      "comments": [
        "“Like dealing with a delinquent” Hilarious. The whole world is laughing at Drumpf."
      ],
      "language": "English",
      "pure_emoji": false
    },
    {
      "user": "rolandzubir",
      "comments": [
        "Proud for Japan for loosing money but not dignity 👍👍👍👍👍"
      ],
      "language": "English",
      "pure_emoji": false
    },
    {
      "user": "san cheow ho",
      "comments": [
        "Japan and Korea cannot be trusted. They have ganged up with the westerners to contain and stifle China. When Trump's term is favourable to them during negotiatiom, they will leave China in the lurch."
      ],
      "language": "English",
      "pure_emoji": false
    },
    {
      "user": "seanwang696",
      "comments": [
        "when American army is in your country, do you think there is a fair negotiation?"
      ],
      "language": "English",
      "pure_emoji": false
    },
    {
      "user": "shahrullshoib",
      "comments": [
        "😂😁"
      ],
      "language": "Other",
      "pure_emoji": true
    },
    {
      "user": "sherif ebeid",
      "comments": [
        "💜💜💜"
      ],
      "language": "Other",
      "pure_emoji": true
    },
    {
      "user": "sifumikail",
      "comments": [
        "oh...now u know ?"
      ],
      "language": "English",
      "pure_emoji": false
    },
    {
      "user": "skw",
      "comments": [
        "台灣的立法委員有人敢講類似的真話？"
      ],
      "language": "Chinese",
      "pure_emoji": false
    },
    {
      "user": "sojuhoho",
      "comments": [
        "Extremely well put. The rrst of the western world should listen to him."
      ],
      "language": "English",
      "pure_emoji": false
    },
    {
      "user": "soulfullyyours11",
      "comments": [
        "OUCH! 🤣"
      ],
      "language": "English",
      "pure_emoji": false
    },
    {
      "user": "spring autumn pavilion",
      "comments": [
        "👍👍👍"
      ],
      "language": "Other",
      "pure_emoji": true
    },
    {
      "user": "sunny0912",
      "comments": [
        "Excellent,at least Japan is not one of the 75 countries that is kissing his ass\" as Donald Trump said publicly."
      ],
      "language": "English",
      "pure_emoji": false
    },
    {
      "user": "superboy",
      "comments": [
        "smart 👍"
      ],
      "language": "English",
      "pure_emoji": false
    },
    {
      "user": "tacklooflmg",
      "comments": [
        "It is extortion. Been struggling how to linguistically cast Trump's behaviour - experimented with terms like chaotic, erratic, etc but none was adequate. \"Extortion\" nails it."
      ],
      "language": "English",
      "pure_emoji": false
    },
    {
      "user": "teachdemagain",
      "comments": [
        "well said. I am so happy thatJapan has its eyes open"
      ],
      "language": "English",
      "pure_emoji": false
    },
    {
      "user": "tond87",
      "comments": [
        "so this is true ? did he really say that? if he did well said more countries and leaders should stand up to trump and his bullying antics."
      ],
      "language": "English",
      "pure_emoji": false
    },
    {
      "user": "traveller",
      "comments": [
        "😳"
      ],
      "language": "Other",
      "pure_emoji": true
    },
    {
      "user": "ugkf",
      "comments": [
        "👍👍👍"
      ],
      "language": "Other",
      "pure_emoji": true
    },
    {
      "user": "user1211067022573",
      "comments": [
        "This is what I call a backbone of steel. I hope this is not AI and is real. Who is this Japanese official? He’s good"
      ],
      "language": "English",
      "pure_emoji": false
    },
    {
      "user": "user1308024781280 toti",
      "comments": [
        "iyoooo🔥🔥🔥"
      ],
      "language": "English",
      "pure_emoji": false
    },
    {
      "user": "user1952863723998",
      "comments": [
        "The world knows that the USA can't be trusted at all.😂😂😂"
      ],
      "language": "English",
      "pure_emoji": false
    },
    {
      "user": "user2049101053636",
      "comments": [
        "After the plaza deal 😳 it was shocking"
      ],
      "language": "English",
      "pure_emoji": false
    },
    {
      "user": "user207681926620",
      "comments": [
        "👍👍👍👍👍 SALUTE"
      ],
      "language": "English",
      "pure_emoji": false
    },
    {
      "user": "user2717724022125",
      "comments": [
        "well done Japan 👍👍👍"
      ],
      "language": "English",
      "pure_emoji": false
    },
    {
      "user": "user3537156719842",
      "comments": [
        "👍👍👍"
      ],
      "language": "Other",
      "pure_emoji": true
    },
    {
      "user": "user4311497242101",
      "comments": [
        "🤣🤣🤣🤣wow👍"
      ],
      "language": "English",
      "pure_emoji": false
    },
    {
      "user": "user440615722108",
      "comments": [
        "Unite with China for the good of country and world."
      ],
      "language": "English",
      "pure_emoji": false
    },
    {
      "user": "user476558298843",
      "comments": [
        "thanks to China, without China stands out against US. Japan won't have gut to say it"
      ],
      "language": "English",
      "pure_emoji": false
    },
    {
      "user": "user51546182195554",
      "comments": [
        "👍👍👍👍👍👍"
      ],
      "language": "Other",
      "pure_emoji": true
    },
    {
      "user": "user5271213303560",
      "comments": [
        "That's right Japan ! Trump is a bully that continuously extorts."
      ],
      "language": "English",
      "pure_emoji": false
    },
    {
      "user": "user620686374808",
      "comments": [
        "totally agree. never give in to extortionist. if you give in they will push you further"
      ],
      "language": "English",
      "pure_emoji": false
    },
    {
      "user": "user63v3498",
      "comments": [
        "👏👏👏🤣🤣🤣🤣"
      ],
      "language": "Other",
      "pure_emoji": true
    },
    {
      "user": "user6606133700261",
      "comments": [
        "👏👏👏"
      ],
      "language": "Other",
      "pure_emoji": true
    },
    {
      "user": "user6752588243236",
      "comments": [
        "I don't think he is Japanese. He is commenting on the Japanese negotiation with us."
      ],
      "language": "English",
      "pure_emoji": false
    },
    {
      "user": "user7010459944758 🇿🇦",
      "comments": [
        "So America is asking for money from Japan? I thought they have money. They are rich. 😎"
      ],
      "language": "English",
      "pure_emoji": false
    },
    {
      "user": "user706580760249",
      "comments": [
        "Agree 💯"
      ],
      "language": "English",
      "pure_emoji": false
    },
    {
      "user": "user7227968207276",
      "comments": [
        "At least you earn some respect from.those queuing behind you and your country man."
      ],
      "language": "English",
      "pure_emoji": false
    },
    {
      "user": "user7309549529081",
      "comments": [
        "😢😢😢😢😢😢💯💯💯💯💯💯💯💯💯"
      ],
      "language": "Other",
      "pure_emoji": true
    },
    {
      "user": "user76169844608577",
      "comments": [
        "支持"
      ],
      "language": "Chinese",
      "pure_emoji": false
    },
    {
      "user": "user8230024013014",
      "comments": [
        "Dicen que ser enemigo de USA es malo, ser su socio es la muerte!"
      ],
      "language": "English",
      "pure_emoji": false
    },
    {
      "user": "user8420614150633",
      "comments": [
        "👍🏻sir u are absolutely correct"
      ],
      "language": "English",
      "pure_emoji": false
    },
    {
      "user": "user8680310691530",
      "comments": [
        "😳😳完全支持👍👍👍"
      ],
      "language": "Chinese",
      "pure_emoji": false
    },
    {
      "user": "user8713025905813",
      "comments": [
        "[写真]"
      ],
      "language": "Chinese",
      "pure_emoji": false
    },
    {
      "user": "user9042819620511Raymomd",
      "comments": [
        "❤"
      ],
      "language": "Other",
      "pure_emoji": false
    },
    {
      "user": "user96638542703995",
      "comments": [
        "Very wise"
      ],
      "language": "English",
      "pure_emoji": false
    },
    {
      "user": "user9684521879824",
      "comments": [
        "This Japanese leader calibre is high"
      ],
      "language": "English",
      "pure_emoji": false
    },
    {
      "user": "userclet2818g6",
      "comments": [
        "雖然我不喜歡日本，但他說的真好，絕對不要屈服於美國"
      ],
      "language": "Chinese",
      "pure_emoji": false
    },
    {
      "user": "userwt5cdpcbjn",
      "comments": [
        "Good ❤️Japan has to do this 👏"
      ],
      "language": "English",
      "pure_emoji": false
    },
    {
      "user": "ustaz_knee_groh",
      "comments": [
        "he reminds me of LKY"
      ],
      "language": "English",
      "pure_emoji": false
    },
    {
      "user": "victormussanhane",
      "comments": [
        "Well Said"
      ],
      "language": "English",
      "pure_emoji": false
    },
    {
      "user": "wavefreak.com",
      "comments": [
        "日本會不會對中國課關稅來換取不被美國課？"
      ],
      "language": "Chinese",
      "pure_emoji": false
    },
    {
      "user": "wengseng yong",
      "comments": [
        "At last Japan got back their balls 🥰🥰🥰"
      ],
      "language": "English",
      "pure_emoji": false
    },
    {
      "user": "wildgoatee",
      "comments": [
        "😳😳😳"
      ],
      "language": "Other",
      "pure_emoji": true
    },
    {
      "user": "williamrosa566",
      "comments": [
        "We're losing our allies around the world faster than a burger in u know who's mouth. Midterm elections: let's vote them out"
      ],
      "language": "English",
      "pure_emoji": false
    },
    {
      "user": "willsjon1",
      "comments": [
        "👍👍👍"
      ],
      "language": "Other",
      "pure_emoji": true
    },
    {
      "user": "wlsee",
      "comments": [
        "作为一个日本人，英文说的真好"
      ],
      "language": "Chinese",
      "pure_emoji": false
    },
    {
      "user": "wonghangyoke",
      "comments": [
        "👍👍👍👏👏👏💕💕"
      ],
      "language": "Other",
      "pure_emoji": true
    },
    {
      "user": "wowkuku",
      "comments": [
        "very hard to find a serious politician in US nowadays"
      ],
      "language": "English",
      "pure_emoji": false
    },
    {
      "user": "xx_lrr174",
      "comments": [
        "但這只是一個官員講話 並未反映日本官方立場"
      ],
      "language": "Chinese",
      "pure_emoji": false
    },
    {
      "user": "yhf",
      "comments": [
        "关税政策是一埸敲诈，勒索，全为自己的利益。"
      ],
      "language": "Chinese",
      "pure_emoji": false
    },
    {
      "user": "yitboon",
      "comments": [
        "You should not have go to the negotiation table in the first place bcoz your opponent is a T/bully."
      ],
      "language": "English",
      "pure_emoji": false
    },
    {
      "user": "youmyyou",
      "comments": [
        "Jap should say thanks to China…..otherwise can’t what Trump might do .."
      ],
      "language": "English",
      "pure_emoji": false
    },
    {
      "user": "zahidmohammadsham",
      "comments": [
        "Well said sir."
      ],
      "language": "English",
      "pure_emoji": false
    },
    {
      "user": "zdyilst",
      "comments": [
        "本土都有美国驻军不同意能咋办呢？"
      ],
      "language": "Chinese",
      "pure_emoji": false
    },
    {
      "user": "แดเนียล ลอว์เรนส์ 🇲🇾🇹🇭🇬🇧",
      "comments": [
        "👍🏻👍🏻👍🏻"
      ],
      "language": "Other",
      "pure_emoji": true
    },
    {
      "user": "不釋手",
      "comments": [
        "日本人居然敢抵抗？？？ 讓我覺得這視頻是AI 🤣🤣"
      ],
      "language": "Mixed",
      "pure_emoji": false
    },
    {
      "user": "二毛驴子",
      "comments": [
        "A country that kneels down and begs for mercy is like a raped person. Not only does it not resist, but also praises the rapist for being awesome."
      ],
      "language": "English",
      "pure_emoji": false
    },
    {
      "user": "人炸",
      "comments": [
        "It will comeback extort you again — well said"
      ],
      "language": "English",
      "pure_emoji": false
    },
    {
      "user": "但願人長久！",
      "comments": [
        "Very impressive Japanese official in his speech & English proficiency! World class - almost as good as Singapore Foreign minister"
      ],
      "language": "English",
      "pure_emoji": false
    },
    {
      "user": "低脂拿鐵",
      "comments": [
        "說的對! 關稅戰只是特朗普炒股的幌子。"
      ],
      "language": "Chinese",
      "pure_emoji": false
    },
    {
      "user": "保龙一族",
      "comments": [
        "All countries should sanction USA"
      ],
      "language": "English",
      "pure_emoji": false
    },
    {
      "user": "元哥",
      "comments": [
        "看來是誰賣台很清楚了"
      ],
      "language": "Chinese",
      "pure_emoji": false
    },
    {
      "user": "台灣亂象，下架民進黨，即可解！",
      "comments": [
        "當一個老大還向自己的小老弟搶錢搶女人時，小老弟應該會羣起反抗，美國末落的時間到了。"
      ],
      "language": "Chinese",
      "pure_emoji": false
    },
    {
      "user": "娜豆日记",
      "comments": [
        "全世界最窝囊的领导人，赖清德认第二没人敢认第一"
      ],
      "language": "Chinese",
      "pure_emoji": false
    },
    {
      "user": "小周",
      "comments": [
        "日本有人願意説真話了！"
      ],
      "language": "Chinese",
      "pure_emoji": false
    },
    {
      "user": "小明",
      "comments": [
        "印證台灣政治人物水準真差，天差地遠。"
      ],
      "language": "Chinese",
      "pure_emoji": false
    },
    {
      "user": "小菲",
      "comments": [
        "🥰😂😂"
      ],
      "language": "Other",
      "pure_emoji": true
    },
    {
      "user": "小馬",
      "comments": [
        "敢說出真相，這個國家還在成長"
      ],
      "language": "Chinese",
      "pure_emoji": false
    },
    {
      "user": "山姆大叔",
      "comments": [
        "賴神還在跪～阿本別怕😂😂😂"
      ],
      "language": "Chinese",
      "pure_emoji": false
    },
    {
      "user": "張張",
      "comments": [
        "人間清醒 剩台灣還在夢"
      ],
      "language": "Chinese",
      "pure_emoji": false
    },
    {
      "user": "彬",
      "comments": [
        "I'm very impressed by his speech"
      ],
      "language": "English",
      "pure_emoji": false
    },
    {
      "user": "心不能走",
      "comments": [
        "我觉得日本人的英语比印度人的英语好多了👍"
      ],
      "language": "Chinese",
      "pure_emoji": false
    },
    {
      "user": "我就賴皮",
      "comments": [
        "call father!🤣"
      ],
      "language": "English",
      "pure_emoji": false
    },
    {
      "user": "无可奈何花落去",
      "comments": [
        "Well said sir"
      ],
      "language": "English",
      "pure_emoji": false
    },
    {
      "user": "未来",
      "comments": [
        "连日本这样被美国掌控的国家都觉得美国的关税 政策不合理，可见美国是有多霸道了！"
      ],
      "language": "Chinese",
      "pure_emoji": false
    },
    {
      "user": "正義哥",
      "comments": [
        "日本敢這樣講台灣呢？舔冷屁股還要跪著接受聖旨？"
      ],
      "language": "Chinese",
      "pure_emoji": false
    },
    {
      "user": "河洛人",
      "comments": [
        "You are so great"
      ],
      "language": "English",
      "pure_emoji": false
    },
    {
      "user": "独享节点专业",
      "comments": [
        "这个观点跟中国一致👍"
      ],
      "language": "Chinese",
      "pure_emoji": false
    },
    {
      "user": "省水奌潔能有限公司",
      "comments": [
        "台灣進入（失落的30年元年），資本家已準備好外移了，只剩（貧賤不能移），勒緊褲帶，繫好安全帶"
      ],
      "language": "Chinese",
      "pure_emoji": false
    },
    {
      "user": "精儀實業 專業賽車錶感應器設計生產販售",
      "comments": [
        "川普就是先恐嚇在看誰會上鉤"
      ],
      "language": "Chinese",
      "pure_emoji": false
    },
    {
      "user": "綠色低能耗",
      "comments": [
        "學民進黨跪下舔就對了"
      ],
      "language": "Chinese",
      "pure_emoji": false
    },
    {
      "user": "纽约之巅",
      "comments": [
        "Not many see it in the first place. Only China. Japan just woke up"
      ],
      "language": "English",
      "pure_emoji": false
    },
    {
      "user": "美国爸爸真伟大",
      "comments": [
        "日本以前明明很乖很听话的 一定是被邻居带坏的"
      ],
      "language": "Chinese",
      "pure_emoji": false
    },
    {
      "user": "義のFly.",
      "comments": [
        "We should unite with China and everyone in the world to oppose hegemony."
      ],
      "language": "English",
      "pure_emoji": false
    },
    {
      "user": "翱翔宇宙的塵埃",
      "comments": [
        "看看台灣官員 未談先降 哈哈哈舔相難看"
      ],
      "language": "Chinese",
      "pure_emoji": false
    },
    {
      "user": "草革",
      "comments": [
        "这个是事实😁不用讲都知道的事😂😂"
      ],
      "language": "Chinese",
      "pure_emoji": false
    },
    {
      "user": "蓁蓁日上",
      "comments": [
        "說真的，第一次聽到日本官員說的英文發音這麼好。"
      ],
      "language": "Chinese",
      "pure_emoji": false
    },
    {
      "user": "詹慶順",
      "comments": [
        "他說了實話，在臺灣可能被抓走了，"
      ],
      "language": "Chinese",
      "pure_emoji": false
    },
    {
      "user": "许🇨🇦",
      "comments": [
        "👍👍👍👍👍"
      ],
      "language": "Other",
      "pure_emoji": true
    },
    {
      "user": "貴婦00",
      "comments": [
        "JP終於忍無可忍😂😂"
      ],
      "language": "Mixed",
      "pure_emoji": false
    },
    {
      "user": "贵莲",
      "comments": [
        "wow! this is good 👏 glad that you went with a clear mind, insightful and understanding of how a delinquent behave and have the will to walk away. you have saved Japan and the world. thank you. 👏👏👏"
      ],
      "language": "English",
      "pure_emoji": false
    },
    {
      "user": "陈禹泽",
      "comments": [
        "继续跪舔老美"
      ],
      "language": "Chinese",
      "pure_emoji": false
    },
    {
      "user": "陳爸",
      "comments": [
        "日本被美國逼簽廣場協定，造成日本三十年的不景氣，所以官員有底氣反抗美國再次施壓。"
      ],
      "language": "Chinese",
      "pure_emoji": false
    },
    {
      "user": "陳老大",
      "comments": [
        "民進黨沒有財經方面的可用人才，最糟糕的是也不知如何任用人才，選了一個經濟部長說的話做的事！？"
      ],
      "language": "Chinese",
      "pure_emoji": false
    },
    {
      "user": "雲端",
      "comments": [
        "日本你們別忘了廣場協議，要再失落30年嗎？"
      ],
      "language": "Chinese",
      "pure_emoji": false
    },
    {
      "user": "霖",
      "comments": [
        "😂"
      ],
      "language": "Other",
      "pure_emoji": true
    },
    {
      "user": "飛行射手座",
      "comments": [
        "😂😂😂"
      ],
      "language": "Other",
      "pure_emoji": true
    },
    {
      "user": "꧁༂花澤༂꧂",
      "comments": [
        "日本必须强硬，要不然经济倒退30年"
      ],
      "language": "Chinese",
      "pure_emoji": false
    },
    {
      "user": "𝒜𝓂𝒶𝒹𝓊 𝑀𝓊𝒸𝓉𝒶𝓇𝒾",
      "comments": [
        "😂😂😂",
        "🙏🙏🙏",
        "😂",
        "👍",
        "🙏"
      ],
      "language": "Other",
      "pure_emoji": false
    },
    {
      "user": "🇲🇾💪🇨🇦🇲🇽🇵🇦🇬🇱🇩🇰🇵🇸",
      "comments": [
        "https://vt.tiktok.com/ZSrgPBM7Q/"
      ],
      "language": "English",
      "pure_emoji": false
    },
    {
      "user": "🐉",
      "comments": [
        "very impressed, well said!!"
      ],
      "language": "English",
      "pure_emoji": false
    },
    {
      "user": "🧐",
      "comments": [
        "Watch when Japan closes US bases 🤭"
      ],
      "language": "English",
      "pure_emoji": false
    }
  ]
}