{
  "video_id": "7494556846313753878",
  "video_url": "https://www.tiktok.com/@w.wnews/video/7494556846313753878",
  "publish_date": null,
  "comment_groups": [
    {
      "user": "Ali Goshh",
      "comments": [
        "🥰"
      ],
      "language": "Other",
      "pure_emoji": true
    },
    {
      "user": "Ash Fitzy",
      "comments": [
        "trump is another dictator that's starting a ww3 with rest of the dictators 🍊🤡💩"
      ],
      "language": "English",
      "pure_emoji": false
    },
    {
      "user": "Audio Creator",
      "comments": [
        "👍👍👍"
      ],
      "language": "Other",
      "pure_emoji": true
    },
    {
      "user": "City",
      "comments": [
        "💯💯💯💯💯"
      ],
      "language": "Other",
      "pure_emoji": true
    },
    {
      "user": "Executive",
      "comments": [
        "who is US grateful to other than to bully everyone. its a new world order. let that sink in"
      ],
      "language": "English",
      "pure_emoji": false
    },
    {
      "user": "Jonah",
      "comments": [
        "❤️❤️❤️🖤🖤🖤💚💚💚"
      ],
      "language": "Other",
      "pure_emoji": true
    },
    {
      "user": "Luke L",
      "comments": [
        "That new king in Washington is still showing his arrogance in his ivory tower."
      ],
      "language": "English",
      "pure_emoji": false
    },
    {
      "user": "Marie",
      "comments": [
        "Never thought I say that but Go China!!"
      ],
      "language": "English",
      "pure_emoji": false
    },
    {
      "user": "Moni",
      "comments": [
        "Go China, show them"
      ],
      "language": "English",
      "pure_emoji": false
    },
    {
      "user": "SHARKMAN",
      "comments": [
        "AWESOME"
      ],
      "language": "English",
      "pure_emoji": false
    },
    {
      "user": "Sandra Li Cibrian",
      "comments": [
        "cheaters deshonest chinese"
      ],
      "language": "English",
      "pure_emoji": false
    },
    {
      "user": "Shellyann Chinsee 🇯🇲",
      "comments": [
        "💯 Preach it China!👏👏👏👏👏"
      ],
      "language": "English",
      "pure_emoji": false
    },
    {
      "user": "SilverLines",
      "comments": [
        "America made China by sending all industries over seas in 90's China rode bicycle everywhere",
        "😂 America is slaves to China"
      ],
      "language": "English",
      "pure_emoji": false
    },
    {
      "user": "Stephen",
      "comments": [
        "China should love the United States, we made them what they are today. 30 years ago they were unknown to first world Nations. we sent all of our technology and industry, they used it for military"
      ],
      "language": "English",
      "pure_emoji": false
    },
    {
      "user": "The answer is sandwitch 🥪🥪",
      "comments": [
        "that's true China is first world country and America is third world country..."
      ],
      "language": "English",
      "pure_emoji": false
    },
    {
      "user": "Timothy Wilson",
      "comments": [
        "😳"
      ],
      "language": "Other",
      "pure_emoji": true
    },
    {
      "user": "Trmcsheas17",
      "comments": [
        "👍👍👍"
      ],
      "language": "Other",
      "pure_emoji": true
    },
    {
      "user": "adiady84",
      "comments": [
        "👏👏👏"
      ],
      "language": "Other",
      "pure_emoji": true
    },
    {
      "user": "grandma",
      "comments": [
        "😂😂😂😂😂😂"
      ],
      "language": "Other",
      "pure_emoji": true
    },
    {
      "user": "irfanislamia",
      "comments": [
        "America always makes trouble in this world, war and war, the whole world knows, all the media knows and all the world organizations know. So who is actually the terrorist?"
      ],
      "language": "English",
      "pure_emoji": false
    },
    {
      "user": "jungkook",
      "comments": [
        "Obtuve resultados de este experto en tecnología, es un genio.👉\""
      ],
      "language": "English",
      "pure_emoji": false
    },
    {
      "user": "mega_politics",
      "comments": [
        "F China you just wrote a check your can’t cash"
      ],
      "language": "English",
      "pure_emoji": false
    },
    {
      "user": "rain heavy music 🎵",
      "comments": [
        "China doesn't realize that the US gave them lots of opportunity to grow their country. they had tariffs on us for a long time now we're just simply trying to balance it out and give them tariffs."
      ],
      "language": "English",
      "pure_emoji": false
    },
    {
      "user": "user68129766671",
      "comments": [
        "😎😎😎"
      ],
      "language": "Other",
      "pure_emoji": true
    },
    {
      "user": "user73624237472277",
      "comments": [
        "Chinas hilarious if they think they are standing up to Delta Force Army Rangers Green Berets SEAL Team 6 while they are backed up by NATO 😂"
      ],
      "language": "English",
      "pure_emoji": false
    },
    {
      "user": "user922855516583",
      "comments": [
        "Merica is far behind China in every way.., even Jd Vance not familiar with Asia !! How to fight in war ??"
      ],
      "language": "English",
      "pure_emoji": false
    }
  ]
}