{
  "video_id": "7494473576322485512",
  "video_url": "https://www.tiktok.com/@mingybtztrc/video/7494473576322485512",
  "publish_date": null,
  "comment_groups": [
    {
      "user": "Aitops Lin",
      "comments": [
        "👏👏👏👏👏"
      ],
      "language": "Other",
      "pure_emoji": true
    },
    {
      "user": "Andy2237",
      "comments": [
        "怎么可以抄袭习大大的说辞呢？😂"
      ],
      "language": "Chinese",
      "pure_emoji": false
    },
    {
      "user": "Hagetako",
      "comments": [
        "最强时期的霉国的话，川总也许真如他所说的那样哦！😂😂😂😂 只能说他是生不逢时啊🤣🤣🤣🤣"
      ],
      "language": "Chinese",
      "pure_emoji": false
    },
    {
      "user": "Jeremy vay",
      "comments": [
        "意淫😌"
      ],
      "language": "Chinese",
      "pure_emoji": false
    },
    {
      "user": "Ka",
      "comments": [
        "川普就是不要脸的土匪头子"
      ],
      "language": "Chinese",
      "pure_emoji": false
    },
    {
      "user": "Kai Lo",
      "comments": [
        "川靠谱越来越有文革色彩🤣"
      ],
      "language": "Chinese",
      "pure_emoji": false
    },
    {
      "user": "Matt",
      "comments": [
        "是第9周和第11周。week 9 week 11"
      ],
      "language": "Mixed",
      "pure_emoji": false
    },
    {
      "user": "Mei X",
      "comments": [
        "😂😂😂"
      ],
      "language": "Other",
      "pure_emoji": true
    },
    {
      "user": "Ongchweeseng",
      "comments": [
        "🥰🥰🥰"
      ],
      "language": "Other",
      "pure_emoji": true
    },
    {
      "user": "SpeedboyOnlineStore",
      "comments": [
        "😂😂😂"
      ],
      "language": "Other",
      "pure_emoji": true
    },
    {
      "user": "cmswat",
      "comments": [
        "英语就是没有汉语表达简单，赢麻了，这三个字就可以了"
      ],
      "language": "Chinese",
      "pure_emoji": false
    },
    {
      "user": "honne",
      "comments": [
        "Fine,you’re the king of the world 😂😂😂😂"
      ],
      "language": "English",
      "pure_emoji": false
    },
    {
      "user": "masterwong855",
      "comments": [
        "懂王式日耳曼闭环赢学😂"
      ],
      "language": "Chinese",
      "pure_emoji": false
    },
    {
      "user": "sjy6688",
      "comments": [
        "day dreaming🤣🤣🤣"
      ],
      "language": "English",
      "pure_emoji": false
    },
    {
      "user": "user1503245217581",
      "comments": [
        "巴菲特老搭档查尔斯芒格对特朗普评价：极度虚荣自恋"
      ],
      "language": "Chinese",
      "pure_emoji": false
    },
    {
      "user": "user5752905325561",
      "comments": [
        "👍👍👍"
      ],
      "language": "Other",
      "pure_emoji": true
    },
    {
      "user": "user9425422254028",
      "comments": [
        "😎😎😎"
      ],
      "language": "Other",
      "pure_emoji": true
    },
    {
      "user": "星辰大海",
      "comments": [
        "😂😂😂"
      ],
      "language": "Other",
      "pure_emoji": true
    },
    {
      "user": "李鼓",
      "comments": [
        "皇帝的新装"
      ],
      "language": "Chinese",
      "pure_emoji": false
    },
    {
      "user": "萬德華",
      "comments": [
        "哈哈哈哈哈哈哈哈哈哈哈，昏倒"
      ],
      "language": "Chinese",
      "pure_emoji": false
    }
  ]
}