{
  "video_id": "7490209794863779127",
  "video_url": "https://www.tiktok.com/@fanny_77711/video/7490209794863779127",
  "publish_date": null,
  "comment_groups": [
    {
      "user": "ALiong",
      "comments": [
        "社會選擇題 40%為什麼沒清醒？ （1）被巫術 （2）頭腦進水 （3）被媒體洗腦",
        "社會選擇題 40%為什麼沒清醒？ （1）被巫術 （2）頭腦進水 （3）被媒體洗腦"
      ],
      "language": "Chinese",
      "pure_emoji": false
    },
    {
      "user": "Eddie Rimba",
      "comments": [
        "卓榮泰沒有把關卻到處趴趴走搞大罷免，賴清德關稅還沒談判就下跪。民進黨賣國求榮。倒過來怪在野黨。天啊！需要在野黨協商就說國難就說團結，背後卻還說大罷免是重中之重，真是無恥。難怪龍應台說台灣時間不多了，原來台灣被掏空了。勇敢的台灣人應該站起來了，你們是頭家，大家出來投不同意票反罷免反獨裁反霸凌反腐敗。不然台灣沒救了。"
      ],
      "language": "Chinese",
      "pure_emoji": false
    },
    {
      "user": "James",
      "comments": [
        "不會不會，中南部的百姓餓死了都會支持民進黨的😁😁😁😁😁😁😁",
        "不會不會，中南部的百姓餓死了都會支持民進黨的😁😁😁😁😁😁😁"
      ],
      "language": "Chinese",
      "pure_emoji": false
    },
    {
      "user": "Janny Lin",
      "comments": [
        "拜魔鬼的党就是败类民進党",
        "拜魔鬼的党就是败类民進党"
      ],
      "language": "Chinese",
      "pure_emoji": false
    },
    {
      "user": "KK",
      "comments": [
        "說的沒錯👍👍👍👍👍👍",
        "要人民覺醒，真的很難",
        "說的沒錯👍👍👍👍👍👍"
      ],
      "language": "Chinese",
      "pure_emoji": false
    },
    {
      "user": "Kate Yang",
      "comments": [
        "冥燼黨不倒，台灣不會好",
        "冥燼黨不倒，台灣不會好"
      ],
      "language": "Chinese",
      "pure_emoji": false
    },
    {
      "user": "Mc Shia610",
      "comments": [
        "对，宗亲一针见血",
        "对，宗亲一针见血"
      ],
      "language": "Chinese",
      "pure_emoji": false
    },
    {
      "user": "Yin T",
      "comments": [
        "說的不錯",
        "說的不錯"
      ],
      "language": "Chinese",
      "pure_emoji": false
    },
    {
      "user": "dy6kpxly77c5",
      "comments": [
        "完了",
        "完了"
      ],
      "language": "Chinese",
      "pure_emoji": false
    },
    {
      "user": "dyox10rhnh59",
      "comments": [
        "他還有執政三年的時間，這段時間可以將台灣所有的科技廠通通簽到美國"
      ],
      "language": "Chinese",
      "pure_emoji": false
    },
    {
      "user": "kusufung",
      "comments": [
        "你好厲害啊，， 沒有什麼辦法， 他有問你一件事， 你要怎樣反共",
        "你好厲害啊，， 沒有什麼辦法， 他有問你一件事， 你要怎樣反共"
      ],
      "language": "Chinese",
      "pure_emoji": false
    },
    {
      "user": "lancekao0",
      "comments": [
        "真共黨匪諜臥底🕵️‍♂️，協助顛覆中華民國助收復有理👀💨💨💨咔呸！ 罷罷罷旻禁黨=罷中共同路人，罷綠蛆青🦜🐻🐸🐢🥚=罷紅衛兵，罷癩=罷習大大！👍👍👍👍👍",
        "真共黨匪諜臥底🕵️‍♂️，協助顛覆中華民國助收復有理👀💨💨💨咔呸！ 罷罷罷旻禁黨=罷中共同路人，罷綠蛆青🦜🐻🐸🐢🥚=罷紅衛兵，罷癩=罷習大大！👍👍👍👍👍"
      ],
      "language": "Chinese",
      "pure_emoji": false
    },
    {
      "user": "lausin",
      "comments": [
        "👍",
        "👍"
      ],
      "language": "Other",
      "pure_emoji": false
    },
    {
      "user": "user1207815714794",
      "comments": [
        "民進黨不倒 台灣準備倒",
        "民進黨不倒 台灣準備倒"
      ],
      "language": "Chinese",
      "pure_emoji": false
    },
    {
      "user": "user1738650805949",
      "comments": [
        "小孩都美國人了，他敢反美嗎？",
        "青鳥叫阿，再叫被罵死",
        "小孩都美國人了，他敢反美嗎？",
        "青鳥叫阿，再叫被罵死"
      ],
      "language": "Chinese",
      "pure_emoji": false
    },
    {
      "user": "user3747295571926",
      "comments": [
        "2028絕對拉下賴清德",
        "2028絕對拉下賴清德"
      ],
      "language": "Chinese",
      "pure_emoji": false
    },
    {
      "user": "user8331836863013",
      "comments": [
        "中美貿易戰美國不是對這大陸課64%稅習近平有捨麽做為只搞64%對美關稅有用嗎",
        "中美貿易戰美國不是對這大陸課64%稅習近平有捨麽做為只搞64%對美關稅有用嗎"
      ],
      "language": "Chinese",
      "pure_emoji": false
    },
    {
      "user": "user8680310691530",
      "comments": [
        "🤣🤣咎由自取😭😭😭",
        "🤣🤣咎由自取😭😭😭"
      ],
      "language": "Chinese",
      "pure_emoji": false
    },
    {
      "user": "user96844483514148星",
      "comments": [
        "台湾领导人特长是搞选举，"
      ],
      "language": "Chinese",
      "pure_emoji": false
    },
    {
      "user": "useroqvduz26ti",
      "comments": [
        "告訴你國民黨ㄧ定完蛋。還想執政。想的美。會那麼多年沒執政就是告訴你人民的選擇",
        "告訴你國民黨ㄧ定完蛋。還想執政。想的美。會那麼多年沒執政就是告訴你人民的選擇"
      ],
      "language": "Chinese",
      "pure_emoji": false
    },
    {
      "user": "usert14p4ay53j",
      "comments": [
        "😂",
        "😂"
      ],
      "language": "Other",
      "pure_emoji": false
    },
    {
      "user": "劉漢",
      "comments": [
        "賴清德：永遠不能懷疑美國！懷疑台美關係的，都是中共同路人！所以一切都是福報？",
        "賴清德：永遠不能懷疑美國！懷疑台美關係的，都是中共同路人！所以一切都是福報？"
      ],
      "language": "Chinese",
      "pure_emoji": false
    },
    {
      "user": "千千",
      "comments": [
        "支持赖总统",
        "支持赖总统"
      ],
      "language": "Chinese",
      "pure_emoji": false
    },
    {
      "user": "台灣共產",
      "comments": [
        "沒魯用的腳小",
        "沒魯用的腳小"
      ],
      "language": "Chinese",
      "pure_emoji": false
    },
    {
      "user": "吳克拉",
      "comments": [
        "你不了解意識形態的可怕，足球場上兩個球隊在踢球，沒有意識型態的情況下，誰輸誰贏心情輕鬆，一旦有了意識形態，也就是執著了某隊的輸贏，心情就七上八下，希望藍綠隊對決的人，在球場上，不論是渴了，還是餓了，還是汗流浹背，還是腿抽筋了，身體生病了，這些當事人全部都會忘掉，意識型態左右了他，他要的只是一個感覺，就是大聲吶喊，輸贏並不重要，他只是表達他愛他的球隊，就算是輸了他也能夠承受一切痛苦，所以就讓他開心吧",
        "你不了解意識形態的可怕，足球場上兩個球隊在踢球，沒有意識型態的情況下，誰輸誰贏心情輕鬆，一旦有了意識形態，也就是執著了某隊的輸贏，心情就七上八下，希望藍綠隊對決的人，在球場上，不論是渴了，還是餓了，還是汗流浹背，還是腿抽筋了，身體生病了，這些當事人全部都會忘掉，意識型態左右了他，他要的只是一個感覺，就是大聲吶喊，輸贏並不重要，他只是表達他愛他的球隊，就算是輸了他也能夠承受一切痛苦，所以就讓他開心吧"
      ],
      "language": "Chinese",
      "pure_emoji": false
    },
    {
      "user": "吳春甫",
      "comments": [
        "真心為人民是你說的 立委剛選完就要大罷免 今年通過的預算已經是史上最高還不能做事 表示他根本就是建設無能 只會搞內鬥 下架民進黨剛好而已",
        "真心為人民是你說的 立委剛選完就要大罷免 今年通過的預算已經是史上最高還不能做事 表示他根本就是建設無能 只會搞內鬥 下架民進黨剛好而已"
      ],
      "language": "Chinese",
      "pure_emoji": false
    },
    {
      "user": "咪咪",
      "comments": [
        "很有道理，請人民覺醒吧！👏",
        "無德無能的賴政府！只會搞罷免，說慌，顛倒是非，黒白亂講民進當下台，台灣才會好👎",
        "很有道理，請人民覺醒吧！👏",
        "無德無能的賴政府！只會搞罷免，說慌，顛倒是非，黒白亂講民進當下台，台灣才會好👎"
      ],
      "language": "Chinese",
      "pure_emoji": false
    },
    {
      "user": "善良อภิวัฒน์ หวังศุภดิลก",
      "comments": [
        "很有道理",
        "很有道理"
      ],
      "language": "Chinese",
      "pure_emoji": false
    },
    {
      "user": "夏夢卿",
      "comments": [
        "信口開河",
        "信口開河"
      ],
      "language": "Chinese",
      "pure_emoji": false
    },
    {
      "user": "小咪",
      "comments": [
        "這也好才是好壞人",
        "這也好才是好壞人"
      ],
      "language": "Chinese",
      "pure_emoji": false
    },
    {
      "user": "悠然",
      "comments": [
        "給你當總統好嗎？ 😳😳不是很行。出來選啊。真是可悲"
      ],
      "language": "Chinese",
      "pure_emoji": false
    },
    {
      "user": "我佛慈悲",
      "comments": [
        "特朗普关税会让台湾老百姓大批失业，到那个时候就知道当初拥护民进党就是错误，没有后悔药😁",
        "特朗普关税会让台湾老百姓大批失业，到那个时候就知道当初拥护民进党就是错误，没有后悔药😁"
      ],
      "language": "Chinese",
      "pure_emoji": false
    },
    {
      "user": "李筱云",
      "comments": [
        "早日康復",
        "早日康復"
      ],
      "language": "Chinese",
      "pure_emoji": false
    },
    {
      "user": "榴莲炖蘑菇",
      "comments": [
        "赖清德是真心为人民的，凭什么下台😡",
        "赖清德是真心为人民的，凭什么下台😡"
      ],
      "language": "Chinese",
      "pure_emoji": false
    },
    {
      "user": "汪丁",
      "comments": [
        "我現在更擔憂，萬一床鋪要蛤蟆每天空運五千萬顆蛋到美國，蛤蟆是 1.報告主人我沒蛋蛋 2.立刻幫床鋪找蛋蛋？",
        "我現在更擔憂，萬一床鋪要蛤蟆每天空運五千萬顆蛋到美國，蛤蟆是 1.報告主人我沒蛋蛋 2.立刻幫床鋪找蛋蛋？"
      ],
      "language": "Chinese",
      "pure_emoji": false
    },
    {
      "user": "潘建國",
      "comments": [
        "今4/7起.....資金出逃，工廠外移",
        "今4/7起.....資金出逃，工廠外移"
      ],
      "language": "Chinese",
      "pure_emoji": false
    },
    {
      "user": "緣品禮儀喪葬禮儀公司",
      "comments": [
        "真的 無能還霸佔 還在搞有的沒的 罷免什麼 還不收手 還不趕快搞好經濟 可憐😡😡😡😡",
        "真的 無能還霸佔 還在搞有的沒的 罷免什麼 還不收手 還不趕快搞好經濟 可憐😡😡😡😡"
      ],
      "language": "Chinese",
      "pure_emoji": false
    },
    {
      "user": "美高梅线上（经纪人）",
      "comments": [
        "有稳台要看看的来送的哦"
      ],
      "language": "Chinese",
      "pure_emoji": false
    },
    {
      "user": "芻狗",
      "comments": [
        "台灣內悠外患只有造反暴動才能救災難",
        "台灣內悠外患只有造反暴動才能救災難"
      ],
      "language": "Chinese",
      "pure_emoji": false
    },
    {
      "user": "葉家豪",
      "comments": [
        "執政賣台集團",
        "執政賣台集團"
      ],
      "language": "Chinese",
      "pure_emoji": false
    },
    {
      "user": "蘇菲",
      "comments": [
        "祖國萬歲我要回去",
        "祖國萬歲我要回去"
      ],
      "language": "Chinese",
      "pure_emoji": false
    },
    {
      "user": "邱家承",
      "comments": [
        "來不及了",
        "來不及了"
      ],
      "language": "Chinese",
      "pure_emoji": false
    }
  ]
}