{
  "video_id": "7488819049636302126",
  "video_url": "https://www.tiktok.com/@lindelltv/video/7488819049636302126",
  "publish_date": null,
  "comment_groups": [
    {
      "user": "Alejandro .-",
      "comments": [
        "😳😳😳",
        "😳😳😳"
      ],
      "language": "Other",
      "pure_emoji": false
    },
    {
      "user": "Alma Laessle",
      "comments": [
        "All these numbers are fake!! He doesn’t know his math 🤣",
        "All these numbers are fake!! He doesn’t know his math 🤣"
      ],
      "language": "English",
      "pure_emoji": false
    },
    {
      "user": "Christine Jurgovan",
      "comments": [
        "Love this!!! The people need to see!! 💥💥💥🙌🙌🇺🇸🇺🇸🇺🇸🙏🙏🙏",
        "Love this!!! The people need to see!! 💥💥💥🙌🙌🇺🇸🇺🇸🇺🇸🙏🙏🙏"
      ],
      "language": "English",
      "pure_emoji": false
    },
    {
      "user": "Danny Mauch",
      "comments": [
        "Please explain"
      ],
      "language": "English",
      "pure_emoji": false
    },
    {
      "user": "Emília Tkačiková",
      "comments": [
        "TRUMP 👏👏🌹❤️🌹❤️💯💯💯💯💯💯💯💯💯💯",
        "TRUMP 👏👏🌹❤️🌹❤️💯💯💯💯💯💯💯💯💯💯"
      ],
      "language": "English",
      "pure_emoji": false
    },
    {
      "user": "Extra Supreme693",
      "comments": [
        "😳",
        "😳"
      ],
      "language": "Other",
      "pure_emoji": false
    },
    {
      "user": "FP",
      "comments": [
        "😂",
        "😂"
      ],
      "language": "Other",
      "pure_emoji": false
    },
    {
      "user": "KLB57",
      "comments": [
        "Love this go Trump I’m praying for you 🙏",
        "Love this go Trump I’m praying for you 🙏"
      ],
      "language": "English",
      "pure_emoji": false
    },
    {
      "user": "Leo Ronaldo",
      "comments": [
        "fack turkey 😵‍💫",
        "fack turkey 😵‍💫"
      ],
      "language": "English",
      "pure_emoji": false
    },
    {
      "user": "Melancraze",
      "comments": [
        "False numbers btw. EU is 4% in reality",
        "False numbers btw. EU is 4% in reality"
      ],
      "language": "English",
      "pure_emoji": false
    },
    {
      "user": "Mojo",
      "comments": [
        "I don’t believe a damn thing that comes out of his mouth. We have a team that tracks this but they have been fired",
        "I don’t believe a damn thing that comes out of his mouth. We have a team that tracks this but they have been fired"
      ],
      "language": "English",
      "pure_emoji": false
    },
    {
      "user": "Raffaele Di Palma",
      "comments": [
        "🥰",
        "🥰"
      ],
      "language": "Other",
      "pure_emoji": false
    },
    {
      "user": "Rcirami",
      "comments": [
        "😔😔😔",
        "😔😔😔"
      ],
      "language": "Other",
      "pure_emoji": false
    },
    {
      "user": "SV_patagonia1",
      "comments": [
        "no mexico or canada 😳",
        "no mexico or canada 😳"
      ],
      "language": "English",
      "pure_emoji": false
    },
    {
      "user": "Weiß ich nicht",
      "comments": [
        "well these numbers are 100% false 😳",
        "well these numbers are 100% false 😳"
      ],
      "language": "English",
      "pure_emoji": false
    },
    {
      "user": "Zaky",
      "comments": [
        "😂",
        "😂"
      ],
      "language": "Other",
      "pure_emoji": false
    },
    {
      "user": "awest62",
      "comments": [
        "Where is Russian,Canada and Mexico?????",
        "Where is Russian,Canada and Mexico?????"
      ],
      "language": "English",
      "pure_emoji": false
    },
    {
      "user": "biggie",
      "comments": [
        "China should be the first one on the list and it's not even on yours",
        "this isn't the original chart",
        "China should be the first one on the list and it's not even on yours",
        "this isn't the original chart"
      ],
      "language": "English",
      "pure_emoji": false
    },
    {
      "user": "blackberry",
      "comments": [
        "this chart is a lie 😩😩😩",
        "this chart is a lie 😩😩😩"
      ],
      "language": "English",
      "pure_emoji": false
    },
    {
      "user": "brian briggs",
      "comments": [
        "LMAO 😂😂😂😂😂😂😂😂😂😂😂😂😂😂",
        "LMAO 😂😂😂😂😂😂😂😂😂😂😂😂😂😂"
      ],
      "language": "English",
      "pure_emoji": false
    },
    {
      "user": "dieseljim",
      "comments": [
        "forgot Canada 100%",
        "forgot Canada 100%"
      ],
      "language": "English",
      "pure_emoji": false
    },
    {
      "user": "francescaonabudget0",
      "comments": [
        "Every piece of advice you’ve given has resulted in impressive profits",
        "Every piece of advice you’ve given has resulted in impressive profits"
      ],
      "language": "English",
      "pure_emoji": false
    },
    {
      "user": "garygeorge",
      "comments": [
        "Tariffs are a tool not a sledge hammer . They are used in certain situations not for all",
        "Tariffs are a tool not a sledge hammer . They are used in certain situations not for all"
      ],
      "language": "English",
      "pure_emoji": false
    },
    {
      "user": "jackson.spammmm0",
      "comments": [
        "These Tariffs support foreign governments, if they reduce or eliminate the tariffs the country’s will collapse. We are funding foreign governments with the high tariffs we pay.",
        "These Tariffs support foreign governments, if they reduce or eliminate the tariffs the country’s will collapse. We are funding foreign governments with the high tariffs we pay."
      ],
      "language": "English",
      "pure_emoji": false
    },
    {
      "user": "thomasbodin12",
      "comments": [
        "all numbers are fake, figures in the left column are trade deficit with those countries, not their tariff against usa",
        "all numbers are fake, figures in the left column are trade deficit with those countries, not their tariff against usa"
      ],
      "language": "English",
      "pure_emoji": false
    },
    {
      "user": "user3456078191175",
      "comments": [
        "This is more than fair. Who would argue with it? Oh wait I know.",
        "This is more than fair. Who would argue with it? Oh wait I know."
      ],
      "language": "English",
      "pure_emoji": false
    }
  ]
}