{
  "video_id": "7492798683520601390",
  "video_url": "https://www.tiktok.com/@nbcnews/video/7492798683520601390",
  "publish_date": null,
  "comment_groups": [
    {
      "user": "#nichtmeinewerte",
      "comments": [
        "Ｄａｎｋｅｓｃｈöｎ! URGENT🗣️SHARE, SPREAD 🫂 SHOW THE FLAG 👥👤 🇩🇪!!! Ｕｎｇｌａｕｂｌｉｃｈ ... We've ALMOST hit 10,000 followers!!! YOU are unique... 🩵🥹. Thank you for every single vote. You give me feedback"
      ],
      "language": "English",
      "pure_emoji": false
    },
    {
      "user": "035691265",
      "comments": [
        "So, no production of high value goods in America. What the heck was all this chaos about? We will achieve nothing."
      ],
      "language": "English",
      "pure_emoji": false
    },
    {
      "user": "1 world",
      "comments": [
        "Why exempt? Isn't China pay the tarrifs? 🤣🤣🤣"
      ],
      "language": "English",
      "pure_emoji": false
    },
    {
      "user": "A R Norris",
      "comments": [
        "Felon 47 is so bought."
      ],
      "language": "English",
      "pure_emoji": false
    },
    {
      "user": "ABerserkWolf",
      "comments": [
        "No more made in China products would be fine I’ll take a regular tv and a radio people can’t survive without a tablet is insane"
      ],
      "language": "English",
      "pure_emoji": false
    },
    {
      "user": "AION Shugo",
      "comments": [
        "So low!!! Go 500% tariffs"
      ],
      "language": "English",
      "pure_emoji": false
    },
    {
      "user": "AI research",
      "comments": [
        "Most US companies are importers. Most of the innovation takes place in the US due to imported talents"
      ],
      "language": "English",
      "pure_emoji": false
    },
    {
      "user": "Abearica",
      "comments": [
        "😂😂😂😂ok"
      ],
      "language": "English",
      "pure_emoji": false
    },
    {
      "user": "Aga_22",
      "comments": [
        "that is almost all Chinese export to USA. so, USA impose 0% in china and china still impose 125% tariff on USA.😅😅 China win this war!🔥🔥😂"
      ],
      "language": "English",
      "pure_emoji": false
    },
    {
      "user": "Amely 🤩",
      "comments": [
        "Interesting development! It will be interesting to see how this impacts the tech industry moving forward."
      ],
      "language": "English",
      "pure_emoji": false
    },
    {
      "user": "Andres Mejia",
      "comments": [
        "it good thing switch 2 is a computer 🖥️it has mouse 🐁🤔😏"
      ],
      "language": "English",
      "pure_emoji": false
    },
    {
      "user": "Andrew Drake",
      "comments": [
        "not my phone he wont"
      ],
      "language": "English",
      "pure_emoji": false
    },
    {
      "user": "Anna",
      "comments": [
        "😂😂"
      ],
      "language": "Other",
      "pure_emoji": true
    },
    {
      "user": "Arby🪨",
      "comments": [
        "Ok so the only manufacturing jobs coming back to 🇺🇸 will be boxer shorts and sneakers lol, whereas China continues highend manufacturing. Take that Xi 🤣🤣"
      ],
      "language": "English",
      "pure_emoji": false
    },
    {
      "user": "BDE",
      "comments": [
        "Trump is so intelligent ❤️❤️boss move"
      ],
      "language": "English",
      "pure_emoji": false
    },
    {
      "user": "Based riceman",
      "comments": [
        "The Art of Capitulation"
      ],
      "language": "English",
      "pure_emoji": false
    },
    {
      "user": "BeeMan",
      "comments": [
        "dude"
      ],
      "language": "English",
      "pure_emoji": false
    },
    {
      "user": "Ben5",
      "comments": [
        "He changed his mind because China didnt call him😂😂😂"
      ],
      "language": "English",
      "pure_emoji": false
    },
    {
      "user": "Big R",
      "comments": [
        "Several have already contacted the US!"
      ],
      "language": "English",
      "pure_emoji": false
    },
    {
      "user": "Biggie ♍️",
      "comments": [
        "If \"winging it\" was a President 🤔"
      ],
      "language": "English",
      "pure_emoji": false
    },
    {
      "user": "Bmwdreamer",
      "comments": [
        "blinked"
      ],
      "language": "English",
      "pure_emoji": false
    },
    {
      "user": "BoycottHYBE&SaveKpopBack💪🏼",
      "comments": [
        "Wait until December when his MAGA fanbase finds out they can’t afford 1k for one Christmas ornament from China(they made 90% of your stuff)"
      ],
      "language": "English",
      "pure_emoji": false
    },
    {
      "user": "Breeds Confidence",
      "comments": [
        "China is laughing it's ass off right now😂"
      ],
      "language": "English",
      "pure_emoji": false
    },
    {
      "user": "Brooks",
      "comments": [
        "Trump's tariff policy is a cover-up, but his real intention is to manipulate the stock market"
      ],
      "language": "English",
      "pure_emoji": false
    },
    {
      "user": "Brutas",
      "comments": [
        "😂😂😂"
      ],
      "language": "Other",
      "pure_emoji": true
    },
    {
      "user": "Bryan Smith",
      "comments": [
        "Trump backed down. what a wimp"
      ],
      "language": "English",
      "pure_emoji": false
    },
    {
      "user": "Bucknut5555",
      "comments": [
        "Trump literally has no strategy"
      ],
      "language": "English",
      "pure_emoji": false
    },
    {
      "user": "CEO of Xleh Tido",
      "comments": [
        "who's begging? 🤔"
      ],
      "language": "English",
      "pure_emoji": false
    },
    {
      "user": "Cenza",
      "comments": [
        "Tell me, Donnie’s not backing down without telling me Donnie’s backing down."
      ],
      "language": "English",
      "pure_emoji": false
    },
    {
      "user": "Cha Eunwoo",
      "comments": [
        "A beautiful woman with good heart,can I get a message from you 🙏🙏"
      ],
      "language": "English",
      "pure_emoji": false
    },
    {
      "user": "Chelle / Flight Attendant 🩵✈️",
      "comments": [
        "to help his buddies"
      ],
      "language": "English",
      "pure_emoji": false
    },
    {
      "user": "Chi ✈️ Cali",
      "comments": [
        "Wait, so we wont be making iphones here? Well at least we still in on the sneaker and tshirt industries😳"
      ],
      "language": "English",
      "pure_emoji": false
    },
    {
      "user": "ChoochRN",
      "comments": [
        "Mr Strongman caved in. Are we winning yet???? 😂😂😂"
      ],
      "language": "English",
      "pure_emoji": false
    },
    {
      "user": "Coffee",
      "comments": [
        "How can they move factories here if you exempt tariff. 😂"
      ],
      "language": "English",
      "pure_emoji": false
    },
    {
      "user": "ColoradoLuv",
      "comments": [
        "He has no clue what he is doing."
      ],
      "language": "English",
      "pure_emoji": false
    },
    {
      "user": "Delarue",
      "comments": [
        "So a reprieve for the businesses of the tech bros. Wow. What about everyone else?"
      ],
      "language": "English",
      "pure_emoji": false
    },
    {
      "user": "Diana Kadan",
      "comments": [
        "❤️❤️❤️"
      ],
      "language": "Other",
      "pure_emoji": true
    },
    {
      "user": "Dibxnto",
      "comments": [
        "🤦🏾‍♂️"
      ],
      "language": "Other",
      "pure_emoji": false
    },
    {
      "user": "Draw",
      "comments": [
        "So no tax on overtime & tips, gone. Grocery prices not going down. What's Trumpers excuse now it's hard to keep track."
      ],
      "language": "English",
      "pure_emoji": false
    },
    {
      "user": "EXE",
      "comments": [
        "NOTHING. EVER. HAPPENS."
      ],
      "language": "English",
      "pure_emoji": false
    },
    {
      "user": "Ermias",
      "comments": [
        "call it confusion or not at least he is doing something and adjusting . He said he won't sit and watch the down fall of greatest nation."
      ],
      "language": "English",
      "pure_emoji": false
    },
    {
      "user": "Ernesto Hernandez",
      "comments": [
        "I can't stop winning 🤡🤡🤡"
      ],
      "language": "English",
      "pure_emoji": false
    },
    {
      "user": "Faith Xiong",
      "comments": [
        "Wow, benefiting his billionaire friends only."
      ],
      "language": "English",
      "pure_emoji": false
    },
    {
      "user": "Father and son",
      "comments": [
        "How much did Apple, Samsung, GE, and other companies pay Trump to exempt them from the 145% tariff? Screw small businesses and farmers is totally okay with Trump! MAGA people wake up!!"
      ],
      "language": "English",
      "pure_emoji": false
    },
    {
      "user": "Francis Mathews Areopagita",
      "comments": [
        "this is just unprofessional on and off tariffs is he just playing games or just dont know how to run the government???"
      ],
      "language": "English",
      "pure_emoji": false
    },
    {
      "user": "Freedom of speech",
      "comments": [
        "Trump now is just like Russian president Mikhail Gorbachev who totally destroyed Russian Union by that time and NOW we can see USA destruction."
      ],
      "language": "English",
      "pure_emoji": false
    },
    {
      "user": "Frozen grizzly",
      "comments": [
        "Can you tell which companies donated the most to Trump. lol."
      ],
      "language": "English",
      "pure_emoji": false
    },
    {
      "user": "G",
      "comments": [
        "This is how Cuba never had modetn stuff 😩"
      ],
      "language": "English",
      "pure_emoji": false
    },
    {
      "user": "Gdubz",
      "comments": [
        "That's because apple told him they are never bringing manufacturing to the US"
      ],
      "language": "English",
      "pure_emoji": false
    },
    {
      "user": "GeoLCLY",
      "comments": [
        "The U.S. built dollar dominance by pushing free trade and forcing the world to use its currency. Now it throws tariffs and cries ‘unfair’ when others win — the double standard couldn’t be more clear."
      ],
      "language": "English",
      "pure_emoji": false
    },
    {
      "user": "George newson",
      "comments": [
        "Bro got scared"
      ],
      "language": "English",
      "pure_emoji": false
    },
    {
      "user": "Gio M",
      "comments": [
        "I have feeling a Trump just heard the word tariff one day and was like “sounds like a smart thing… very smart, the smartest. I should do that”"
      ],
      "language": "English",
      "pure_emoji": false
    },
    {
      "user": "God Steam 91",
      "comments": [
        "1000 percent will make USA and Israel going downnnnn to floor",
        "china should cancel all export to USA 😁😁😁"
      ],
      "language": "English",
      "pure_emoji": false
    },
    {
      "user": "Gordon G",
      "comments": [
        "😂😂😂damn funny , so this is how you make deal with china ? you backing down first trump ,you gotta know the fact,US you need china more than they need you.."
      ],
      "language": "English",
      "pure_emoji": false
    },
    {
      "user": "Griddy",
      "comments": [
        "im always gonna say diddy"
      ],
      "language": "English",
      "pure_emoji": false
    },
    {
      "user": "HD",
      "comments": [
        "🥰"
      ],
      "language": "Other",
      "pure_emoji": true
    },
    {
      "user": "HaNunYaFa ~🇲🇾",
      "comments": [
        "no tariff of most China products 😂😂😂..what happened to bring manufacturing back tu the US 🤣🤣🤣"
      ],
      "language": "English",
      "pure_emoji": false
    },
    {
      "user": "Harold",
      "comments": [
        "China won 😂"
      ],
      "language": "English",
      "pure_emoji": false
    },
    {
      "user": "INLUVWITHASTRIPER",
      "comments": [
        "FOLDED"
      ],
      "language": "English",
      "pure_emoji": false
    },
    {
      "user": "Ilene Ulik",
      "comments": [
        "Kinda know what casino workers felt like in 2014"
      ],
      "language": "English",
      "pure_emoji": false
    },
    {
      "user": "Ilham Choy",
      "comments": [
        "perang tarif, apakah di sengaja biar ada yg di untungkan, apakah cuma skenario."
      ],
      "language": "English",
      "pure_emoji": false
    },
    {
      "user": "ImHimGresh",
      "comments": [
        "It's like a tv that requires an antenna.... you keep adjusting to you get the perfect picture! 💯🔥🔥🔥#TrumpSupporter... everybody waiting for his downfall Meanwhile, trump supporters day is normal."
      ],
      "language": "English",
      "pure_emoji": false
    },
    {
      "user": "Intheopen 🇨🇦",
      "comments": [
        "He caved again."
      ],
      "language": "English",
      "pure_emoji": false
    },
    {
      "user": "Issa",
      "comments": [
        "off al electronic with tarif 👍"
      ],
      "language": "English",
      "pure_emoji": false
    },
    {
      "user": "JLefebvre",
      "comments": [
        "Trump kow towed to Xi and magachimps still cheered him."
      ],
      "language": "English",
      "pure_emoji": false
    },
    {
      "user": "James",
      "comments": [
        "You’re out of your mind 😂 China is about to have a housing collapse as their currency is being devalued. They need the US more than you even can imagine"
      ],
      "language": "English",
      "pure_emoji": false
    },
    {
      "user": "James Wise Magic",
      "comments": [
        "He backed out🤣🤣🤣🤣🤣"
      ],
      "language": "English",
      "pure_emoji": false
    },
    {
      "user": "Jane 🇨🇦",
      "comments": [
        "how is keeping tariffs on computer parts but not on final products will help USA industries?"
      ],
      "language": "English",
      "pure_emoji": false
    },
    {
      "user": "Jay.  Class.",
      "comments": [
        "特朗普简直就是个笑话。开了个国际玩笑。"
      ],
      "language": "Chinese",
      "pure_emoji": false
    },
    {
      "user": "Jef",
      "comments": [
        "He had to backtrack because it was too expensive for Baron to buy different models of laptops to practice turning them on."
      ],
      "language": "English",
      "pure_emoji": false
    },
    {
      "user": "John Burke",
      "comments": [
        "I thought he is going to bring back manufacturing to USA, may changed his mind after seeing AI generated memes where he is working in manufacturing 😂😂😂",
        "China showed 🖕to USA 😂😂😂"
      ],
      "language": "English",
      "pure_emoji": false
    },
    {
      "user": "Johnny Fish485",
      "comments": [
        "China should refuse to send them"
      ],
      "language": "English",
      "pure_emoji": false
    },
    {
      "user": "Jouis AK",
      "comments": [
        "RlP US"
      ],
      "language": "English",
      "pure_emoji": false
    },
    {
      "user": "JoyGuitar",
      "comments": [
        "ask Vance the make up beauty, to apologize to china first. before china consider to negotiate"
      ],
      "language": "English",
      "pure_emoji": false
    },
    {
      "user": "K99999K",
      "comments": [
        "现在又变了哦 哈哈哈 加加加 继续加关税 真的想看看谁先赢！非常兴奋呢！我们改变不了什么 只能看热闹！"
      ],
      "language": "Chinese",
      "pure_emoji": false
    },
    {
      "user": "Kelvin Kaslana",
      "comments": [
        "Made in China"
      ],
      "language": "English",
      "pure_emoji": false
    },
    {
      "user": "KissMeImYours69",
      "comments": [
        "Don’t buy another Apple product."
      ],
      "language": "English",
      "pure_emoji": false
    },
    {
      "user": "Lauren",
      "comments": [
        "Of course. He literally doesn’t know the implications until after the fact then backtracks etc"
      ],
      "language": "English",
      "pure_emoji": false
    },
    {
      "user": "Lauren Rockel 🌈💙👩‍👩‍👦",
      "comments": [
        "🤣🤣🤣"
      ],
      "language": "Other",
      "pure_emoji": true
    },
    {
      "user": "Leila",
      "comments": [
        "Ruining the country"
      ],
      "language": "English",
      "pure_emoji": false
    },
    {
      "user": "Live With CDP",
      "comments": [
        "Go China 🇨🇳"
      ],
      "language": "English",
      "pure_emoji": false
    },
    {
      "user": "Luis Inigo503",
      "comments": [
        "😂😂😂😂😂"
      ],
      "language": "Other",
      "pure_emoji": true
    },
    {
      "user": "MStyles🇨🇦",
      "comments": [
        "You mean he excluded the only companies who could have afforded to open factories in the US 🤔 lol interesting! 😂😂😂😂😂😂😂😂😂😂😂😂"
      ],
      "language": "English",
      "pure_emoji": false
    },
    {
      "user": "Margarita",
      "comments": [
        "😁"
      ],
      "language": "Other",
      "pure_emoji": true
    },
    {
      "user": "Mark Soto",
      "comments": [
        "I thought Trump said we didn’t need anything from other countries"
      ],
      "language": "English",
      "pure_emoji": false
    },
    {
      "user": "Marouane EL Kachchani",
      "comments": [
        "Trump is playing a silly game, he'll get to the right path."
      ],
      "language": "English",
      "pure_emoji": false
    },
    {
      "user": "MarshaVee",
      "comments": [
        "only thing about this China only ones not playin"
      ],
      "language": "English",
      "pure_emoji": false
    },
    {
      "user": "Marvin Antoine",
      "comments": [
        "What are you confused about?"
      ],
      "language": "English",
      "pure_emoji": false
    },
    {
      "user": "Mayte Hernandez",
      "comments": [
        "FELON TRUMP IS A RUSSIAN ASSET AND TRAITOR WHO IS DESTROYING THE US"
      ],
      "language": "English",
      "pure_emoji": false
    },
    {
      "user": "Michelle",
      "comments": [
        "All the mega companies like Apple, Microsoft, but not for small business products. Monopolies.",
        "Trump can’t be Trusted. He breaks a deal as quickly as he makes it. Trumps tariffs are lies. The world needs to carryon w/o US until US has a trustworthy leader and becomes a trusted trade partner."
      ],
      "language": "English",
      "pure_emoji": false
    },
    {
      "user": "Mick Duenas",
      "comments": [
        "If China wants to solve this, they need to understand that if they put any amount of tariffs on us, we will put the same amount on them. That’s called fair."
      ],
      "language": "English",
      "pure_emoji": false
    },
    {
      "user": "Moises De Anda Gasca",
      "comments": [
        "🤣🤣🤣🤣🤣"
      ],
      "language": "Other",
      "pure_emoji": true
    },
    {
      "user": "Mojo",
      "comments": [
        "He plays a game with tariffs"
      ],
      "language": "English",
      "pure_emoji": false
    },
    {
      "user": "Moooooooooooooo",
      "comments": [
        "trump caves in. China for the big win."
      ],
      "language": "English",
      "pure_emoji": false
    },
    {
      "user": "My Prince 🇬🇧🇦🇪🇵🇰",
      "comments": [
        "The fact the US was born because people revolted against tariffs and UK, just to vote someone in to introduce them again and rejoin the British commonwealth is hilarious from the outside"
      ],
      "language": "English",
      "pure_emoji": false
    },
    {
      "user": "NGo25",
      "comments": [
        "why exempt for the big rich company????????? isnt China paying the tariffs?????????????!!!!"
      ],
      "language": "English",
      "pure_emoji": false
    },
    {
      "user": "NISSI",
      "comments": [
        "I'm tired of this big fat bluff"
      ],
      "language": "English",
      "pure_emoji": false
    },
    {
      "user": "Nathaniel Collins Sr",
      "comments": [
        "Trump is slowly getting punked"
      ],
      "language": "English",
      "pure_emoji": false
    },
    {
      "user": "Negro Bantou",
      "comments": [
        "😂😂😂😂😂😂😂😂😂"
      ],
      "language": "Other",
      "pure_emoji": true
    },
    {
      "user": "Newyork to Lahore",
      "comments": [
        "Lol so billionaires win congratulations"
      ],
      "language": "English",
      "pure_emoji": false
    },
    {
      "user": "Nick",
      "comments": [
        "🤝🤝🤝"
      ],
      "language": "Other",
      "pure_emoji": true
    },
    {
      "user": "Nickolas Eason",
      "comments": [
        "you banned the good stuff 😭"
      ],
      "language": "English",
      "pure_emoji": false
    },
    {
      "user": "Niki Kaur 🇨🇦",
      "comments": [
        "this president of USA has ruined USA and majority of the people in USA are losing money and jobs. I wonder what kind of people elected this tenth grade pass 80 years old the president 🤔🤔🤔🤔"
      ],
      "language": "English",
      "pure_emoji": false
    },
    {
      "user": "No one special",
      "comments": [
        "😂😂😂"
      ],
      "language": "Other",
      "pure_emoji": true
    },
    {
      "user": "Nomad Vagabond",
      "comments": [
        "CHINA WILL MAKE AMERICA GREAT AGAIN"
      ],
      "language": "English",
      "pure_emoji": false
    },
    {
      "user": "Olya❤️",
      "comments": [
        "I wish I had your confidence!"
      ],
      "language": "English",
      "pure_emoji": false
    },
    {
      "user": "Orlando Martinez",
      "comments": [
        "LUV IT.. TRUMP FOLDED LIKE A CHEAP SUIT.. CHINA WON"
      ],
      "language": "English",
      "pure_emoji": false
    },
    {
      "user": "Osiris",
      "comments": [
        "so the tariffs against china have reversed"
      ],
      "language": "English",
      "pure_emoji": false
    },
    {
      "user": "PMc",
      "comments": [
        "Trump bows to CHINA👀"
      ],
      "language": "English",
      "pure_emoji": false
    },
    {
      "user": "Patriot_CryptoKeeper_1776",
      "comments": [
        "https://www.tiktok.com/t/ZTj8SP59x/"
      ],
      "language": "English",
      "pure_emoji": false
    },
    {
      "user": "Paul-Egwu",
      "comments": [
        "msnbc is full off fake news"
      ],
      "language": "English",
      "pure_emoji": false
    },
    {
      "user": "Peluche Ng",
      "comments": [
        "Tariffs on and off. Market up and down. Insider buy and sell . They are so rich now . corruption"
      ],
      "language": "English",
      "pure_emoji": false
    },
    {
      "user": "Persia Lace",
      "comments": [
        "According to them they don’t trust China, but they want all their electronics phone computer every device made in China that makes no sense if you’re worried about security safety 🤦🏽‍♀️"
      ],
      "language": "English",
      "pure_emoji": false
    },
    {
      "user": "Peter Au",
      "comments": [
        "China gets only 4% of the sales price. Apple and the government get 96% profit on the sale. Who are the one to rip off ?"
      ],
      "language": "English",
      "pure_emoji": false
    },
    {
      "user": "Popshiggles",
      "comments": [
        "Whenever his buddy needs money tank the market. Who ever pays him, no tariffs. He’s a dictator, you repubnutts!!"
      ],
      "language": "English",
      "pure_emoji": false
    },
    {
      "user": "Prosper  Boateng",
      "comments": [
        "and he still thinks America is more powerful than China in terms weapons?"
      ],
      "language": "English",
      "pure_emoji": false
    },
    {
      "user": "RF",
      "comments": [
        "tim cook called uncle trump 😂😂😂😂"
      ],
      "language": "English",
      "pure_emoji": false
    },
    {
      "user": "Ra",
      "comments": [
        "🤦🏻‍♂️🤦🏻‍♂️🤦🏻‍♂️🤦🏻‍♂️🤦🏻‍♂️🤦🏻‍♂️🤦🏻‍♂️🤦🏻‍♂️"
      ],
      "language": "Other",
      "pure_emoji": false
    },
    {
      "user": "Rabuan Mantine",
      "comments": [
        "So the intended “made in USA” objective could only be achieved by replacing “made in China” labels 😜"
      ],
      "language": "English",
      "pure_emoji": false
    },
    {
      "user": "Ram",
      "comments": [
        "☭ communist China 😏 tookover the USA its embarrassments"
      ],
      "language": "English",
      "pure_emoji": false
    },
    {
      "user": "RatApocalypse",
      "comments": [
        "Immediately folded 😆😆😆"
      ],
      "language": "English",
      "pure_emoji": false
    },
    {
      "user": "Reed",
      "comments": [
        "Jesus will show up again before America is Great Again! 🫣"
      ],
      "language": "English",
      "pure_emoji": false
    },
    {
      "user": "Reinforcemint",
      "comments": [
        "So, does that mean the Switch 2 price won't increase and the preorder will be back up?"
      ],
      "language": "English",
      "pure_emoji": false
    },
    {
      "user": "Respectsyoutech",
      "comments": [
        "does this exemption include computer batteries? 🤔"
      ],
      "language": "English",
      "pure_emoji": false
    },
    {
      "user": "Reuben",
      "comments": [
        "Tim cook made the call"
      ],
      "language": "English",
      "pure_emoji": false
    },
    {
      "user": "Richey Neutron",
      "comments": [
        "He looking out for his buddies at Apple"
      ],
      "language": "English",
      "pure_emoji": false
    },
    {
      "user": "RiskeyPlay",
      "comments": [
        "I pray China doesn't agree 😂😂😁"
      ],
      "language": "English",
      "pure_emoji": false
    },
    {
      "user": "Robert Tilson",
      "comments": [
        "Trump needs to stop, it's obvious he doesn't know what he is doing!!!"
      ],
      "language": "English",
      "pure_emoji": false
    },
    {
      "user": "Roman 263",
      "comments": [
        "Trump is a business man, and in business you have to take risk. I support him 100% trust everything he is doing"
      ],
      "language": "English",
      "pure_emoji": false
    },
    {
      "user": "Ron_Chen007",
      "comments": [
        "That’s no fun, I haven’t finished my popcorn 🍿 yet 😂 Trump folded so fast"
      ],
      "language": "English",
      "pure_emoji": false
    },
    {
      "user": "RonnieV",
      "comments": [
        "Duh ."
      ],
      "language": "English",
      "pure_emoji": false
    },
    {
      "user": "Rosento Cordova",
      "comments": [
        "Is that documented with yet another Executive Order? Or just a post on his social media?"
      ],
      "language": "English",
      "pure_emoji": false
    },
    {
      "user": "Russian Princess",
      "comments": [
        "The fact that you don't see the issue here is concerning."
      ],
      "language": "English",
      "pure_emoji": false
    },
    {
      "user": "S SR",
      "comments": [
        "30%-40%😁"
      ],
      "language": "Other",
      "pure_emoji": false
    },
    {
      "user": "SA NARCO CODM",
      "comments": [
        "Trump loves to confuse the woke left a specially the woke media 😂😂😂😂"
      ],
      "language": "English",
      "pure_emoji": false
    },
    {
      "user": "SanelyD2.0",
      "comments": [
        NaN
      ],
      "language": "English",
      "pure_emoji": false
    },
    {
      "user": "Santiago Fernandez and tessa",
      "comments": [
        "he is playing with the market and some people is making millions with that"
      ],
      "language": "English",
      "pure_emoji": false
    },
    {
      "user": "Savo",
      "comments": [
        "EXCLUDE THE SWITCH"
      ],
      "language": "English",
      "pure_emoji": false
    },
    {
      "user": "Scott Covington",
      "comments": [
        "And yet! The new iPhone is expected to be about three to $400 more…"
      ],
      "language": "English",
      "pure_emoji": false
    },
    {
      "user": "Semi",
      "comments": [
        "Trump and USA has to be surrender to China now, because of the crash in stock market and higher interest rate of USA Bonds. Why don’t they stop the trade war immediately?"
      ],
      "language": "English",
      "pure_emoji": false
    },
    {
      "user": "Signore Thomasino CATTI-CAZZAZ",
      "comments": [
        "orange man caved in, and they where saying usa has leverage in this trade war, look how they folded"
      ],
      "language": "English",
      "pure_emoji": false
    },
    {
      "user": "Silky the Clownfish",
      "comments": [
        "I can’t wait to read Donald Trump’s next book “Shart of the Deal” 📉🤡💨"
      ],
      "language": "English",
      "pure_emoji": false
    },
    {
      "user": "Simo88",
      "comments": [
        "I haven’t heard about transgender school kids, drag shows, egg prices since the rallies…. MAGA is a joke. They build their base on racist, homophobic, and bigot ways to get in power."
      ],
      "language": "English",
      "pure_emoji": false
    },
    {
      "user": "Sophia💞",
      "comments": [
        "Trump the man. Trump is right as always. Give em the best, Donald. Competency and decency against the debt and corruption. Bravo Trump team !!🥰🥰🥰"
      ],
      "language": "English",
      "pure_emoji": false
    },
    {
      "user": "Souldragon",
      "comments": [
        "Well, I guess you ain’t gotta worry about TikTok getting your information and giving it to China because they probably already have your information if they create all electronics"
      ],
      "language": "English",
      "pure_emoji": false
    },
    {
      "user": "St Aris3🖤💛",
      "comments": [
        "China won✌️"
      ],
      "language": "English",
      "pure_emoji": false
    },
    {
      "user": "Stratix",
      "comments": [
        "Unfortunately China is not taking his urgent phone calls 🥺"
      ],
      "language": "English",
      "pure_emoji": false
    },
    {
      "user": "Tacyd",
      "comments": [
        "well he realised some stuff"
      ],
      "language": "English",
      "pure_emoji": false
    },
    {
      "user": "Tc",
      "comments": [
        "呵呵"
      ],
      "language": "Chinese",
      "pure_emoji": false
    },
    {
      "user": "TheAtheistworld",
      "comments": [
        "Trump the man. Trump is right as always. Give em the best, Donald. Competency and decency against the debt and corruption. Bravo Trump team !!🥰🥰🥰"
      ],
      "language": "English",
      "pure_emoji": false
    },
    {
      "user": "Tia cremas",
      "comments": [
        "chicken😂😂😂"
      ],
      "language": "English",
      "pure_emoji": false
    },
    {
      "user": "Tiktioksupportz",
      "comments": [
        "this 🤣 https://vt.tiktok.com/ZSr9sxXgr/"
      ],
      "language": "English",
      "pure_emoji": false
    },
    {
      "user": "Timmy",
      "comments": [
        "What about e bikes 😭"
      ],
      "language": "English",
      "pure_emoji": false
    },
    {
      "user": "TunaCanDan_",
      "comments": [
        "Trump standing on business! 🇺🇸🇺🇸🇺🇸"
      ],
      "language": "English",
      "pure_emoji": false
    },
    {
      "user": "Uriel 🇲🇽",
      "comments": [
        "Trump’s already folding like a cheap lawn chair. 😂"
      ],
      "language": "English",
      "pure_emoji": false
    },
    {
      "user": "Vincent Lun",
      "comments": [
        "China: we don't need you USA any more, who do you think you are ?"
      ],
      "language": "English",
      "pure_emoji": false
    },
    {
      "user": "VioletO",
      "comments": [
        "Spineless Cheeto"
      ],
      "language": "English",
      "pure_emoji": false
    },
    {
      "user": "WCVB Channel",
      "comments": [
        "WCVB Channel"
      ],
      "language": "English",
      "pure_emoji": false
    },
    {
      "user": "Whiskeyboy",
      "comments": [
        "Trump blinked first 😂"
      ],
      "language": "English",
      "pure_emoji": false
    },
    {
      "user": "William ONE ❤️",
      "comments": [
        "Without China, Trump cannot make America great again 😂😂😂"
      ],
      "language": "English",
      "pure_emoji": false
    },
    {
      "user": "William Wright",
      "comments": [
        "🤣🤣🤣🤣 🤦🏾‍♂️🤦🏾‍♂️🤦🏾‍♂️"
      ],
      "language": "Other",
      "pure_emoji": false
    },
    {
      "user": "World of Bayu",
      "comments": [
        "As they said “we don’t care and we fully prepared” 😏"
      ],
      "language": "English",
      "pure_emoji": false
    },
    {
      "user": "XYZ",
      "comments": [
        "Trump is wimpy. He caves in knowing his strategy is wrong. He needs China more than they need him."
      ],
      "language": "English",
      "pure_emoji": false
    },
    {
      "user": "Yankee W007",
      "comments": [
        "Is China still charging 145 percent tariff on those items trump is a clown"
      ],
      "language": "English",
      "pure_emoji": false
    },
    {
      "user": "Yuki",
      "comments": [
        "he won a lot for his family intead of USA"
      ],
      "language": "English",
      "pure_emoji": false
    },
    {
      "user": "_jocermen_",
      "comments": [
        "He folded again"
      ],
      "language": "English",
      "pure_emoji": false
    },
    {
      "user": "ahpuch451",
      "comments": [
        "are you mother f****** tired of winning!?!?! 🤡🤡🤡"
      ],
      "language": "English",
      "pure_emoji": false
    },
    {
      "user": "aks_71",
      "comments": [
        "All hail to the orange overlord of the United States of America."
      ],
      "language": "English",
      "pure_emoji": false
    },
    {
      "user": "alisha131729",
      "comments": [
        "Unless it’s food or a necessity, I’m not buying from outside of my own country right now thank you…"
      ],
      "language": "English",
      "pure_emoji": false
    },
    {
      "user": "anna",
      "comments": [
        "Coz his love Elon. Only."
      ],
      "language": "English",
      "pure_emoji": false
    },
    {
      "user": "aubrey ♒︎",
      "comments": [
        "This is so embarrassing"
      ],
      "language": "English",
      "pure_emoji": false
    },
    {
      "user": "barb justice",
      "comments": [
        "145 I'm sorry but that's crazy"
      ],
      "language": "English",
      "pure_emoji": false
    },
    {
      "user": "blahblah",
      "comments": [
        "Their housing market is expected to begin recovering, after some years of downturn, starting next year, and they benefit from having their currency at a lower value as they are an export based",
        "Manufacturing heavy economy. That’s why donald got mad when their currency dipped to a 10 year low, and started crying about how unfair it is that they are manipulating it artificially."
      ],
      "language": "English",
      "pure_emoji": false
    },
    {
      "user": "blob",
      "comments": [
        "how does this affect the john pork case?"
      ],
      "language": "English",
      "pure_emoji": false
    },
    {
      "user": "brzaskun",
      "comments": [
        "🤣🤣🤣🤣🤣"
      ],
      "language": "Other",
      "pure_emoji": true
    },
    {
      "user": "canada__51",
      "comments": [
        "I change my vote to Kamala. I would have more money in my stock account"
      ],
      "language": "English",
      "pure_emoji": false
    },
    {
      "user": "chol.aquila",
      "comments": [
        "China 1 - Trump 0"
      ],
      "language": "English",
      "pure_emoji": false
    },
    {
      "user": "d0ntatm33",
      "comments": [
        "This is blatantly helping his billionaire buddy at Apple"
      ],
      "language": "English",
      "pure_emoji": false
    },
    {
      "user": "daddy senpai",
      "comments": [
        "alot of ppl don't know that the stock market has gone up to a new record and the Chinese yang went down like it hast in 16 years"
      ],
      "language": "English",
      "pure_emoji": false
    },
    {
      "user": "daliyadarboe",
      "comments": [
        "😁",
        "😂"
      ],
      "language": "Other",
      "pure_emoji": false
    },
    {
      "user": "eagle watch",
      "comments": [
        "Trump ia very inconsistent..he may wake up with another executive order 😂"
      ],
      "language": "English",
      "pure_emoji": false
    },
    {
      "user": "elderramz90",
      "comments": [
        "Probably parts for a Tesla come from china"
      ],
      "language": "English",
      "pure_emoji": false
    },
    {
      "user": "firstname844",
      "comments": [
        "JESUS IS LORD‼️Trump Antichrist,Musk The Beast,Pope False Prophet. THE BEAST SYSTEM: To work; Digital Luciferase vaccine(MARK) OR To travel; Digital Real ID(NAME) OR To live; Digital Currency(NUMBER)"
      ],
      "language": "English",
      "pure_emoji": false
    },
    {
      "user": "fredezt",
      "comments": [
        "The art of incompetence is Donald Trump"
      ],
      "language": "English",
      "pure_emoji": false
    },
    {
      "user": "gary chew 03",
      "comments": [
        "why do that. fight till end."
      ],
      "language": "English",
      "pure_emoji": false
    },
    {
      "user": "goutman",
      "comments": [
        "Now china’s coming in with. 50% export tax only to America 😂😂😂"
      ],
      "language": "English",
      "pure_emoji": false
    },
    {
      "user": "greg",
      "comments": [
        "Go trump"
      ],
      "language": "English",
      "pure_emoji": false
    },
    {
      "user": "iamdrekeyy",
      "comments": [
        "My head hurts 😩"
      ],
      "language": "English",
      "pure_emoji": false
    },
    {
      "user": "jasonchang455",
      "comments": [
        "China # 1. Thanks Donald Trump for MCGA."
      ],
      "language": "English",
      "pure_emoji": false
    },
    {
      "user": "jm",
      "comments": [
        "flip flopping again 🙄"
      ],
      "language": "English",
      "pure_emoji": false
    },
    {
      "user": "jonspears3",
      "comments": [
        "Who ever roots for china is not an American. I surprised the Liberals ain’t changed their profile pics of China’s flag yet."
      ],
      "language": "English",
      "pure_emoji": false
    },
    {
      "user": "k k",
      "comments": [
        "The business of the rich was exempted, and the business of small enterprises was killed.🤣🤣😅😅🤡🤡"
      ],
      "language": "English",
      "pure_emoji": false
    },
    {
      "user": "kapcaimalaya_official",
      "comments": [
        "😊😊😊"
      ],
      "language": "Other",
      "pure_emoji": true
    },
    {
      "user": "lalaray",
      "comments": [
        "tujuannya jelas market manipulasi, jatohin harga saham biar serok murah buktinya tariff skarang dijeda, tapi slah perhitungan soal China ternyata mereka lawan balik kebakaran jenggot dah tuh Trump 🤣"
      ],
      "language": "English",
      "pure_emoji": false
    },
    {
      "user": "lc666",
      "comments": [
        "😂😂😂✌️"
      ],
      "language": "Other",
      "pure_emoji": true
    },
    {
      "user": "likgy56xa",
      "comments": [
        "So tariffs wasn’t that great ??? 😂😅"
      ],
      "language": "English",
      "pure_emoji": false
    },
    {
      "user": "liloliee",
      "comments": [
        "amazing"
      ],
      "language": "English",
      "pure_emoji": false
    },
    {
      "user": "m724901654",
      "comments": [
        "We are tired of we winning 🇺🇸🇺🇸🇺🇸🇺🇸🇺🇸🇺🇸"
      ],
      "language": "English",
      "pure_emoji": false
    },
    {
      "user": "marcus4112",
      "comments": [
        "You just explained it as is, what’s the confusion"
      ],
      "language": "English",
      "pure_emoji": false
    },
    {
      "user": "mi yin",
      "comments": [
        "Trump should not completely anger China. China holds 800-1.2 trillion U.S. Treasury bonds. If China gets really angry and sells off these U.S. Treasury bonds, the U.S. financial sector will collapse, the dollar will depreciate rapidly, and the economy will completely collapse. The core of the United States is the hegemony of the US dollar. When there are no buyers for US Treasury bonds, the hegemony of the US dollar will no longer exist, which means that the United States is bankrupt. Of course, many countries no longer trust the United States and have begun to sell off U.S. Treasury bonds. This is why the 10-year U.S. Treasury yield rose sharply last week. The trend of selling U.S. Treasury bonds has been formed;"
      ],
      "language": "English",
      "pure_emoji": false
    },
    {
      "user": "misterja",
      "comments": [
        "So basically all Chinese imports"
      ],
      "language": "English",
      "pure_emoji": false
    },
    {
      "user": "nay",
      "comments": [
        "After saying that they are kissing his ass to get a deal that statement probably ran them all off"
      ],
      "language": "English",
      "pure_emoji": false
    },
    {
      "user": "ofesell",
      "comments": [
        "🥰🥰🥰"
      ],
      "language": "Other",
      "pure_emoji": true
    },
    {
      "user": "patty barnett hilman",
      "comments": [
        "Hola! ¿Eres de Indiana?"
      ],
      "language": "English",
      "pure_emoji": false
    },
    {
      "user": "peterj333🇨🇦",
      "comments": [
        "Trump kissed chinas ass and folded like a cheap suit but don’t worry he’ll twist it around so he looks good and his maga cult members will believe it lol. Nobody know trading like him lol"
      ],
      "language": "English",
      "pure_emoji": false
    },
    {
      "user": "rkpkrg",
      "comments": [
        "he is losing, can you imagine he china had called him he would be talking like ........but chine put him on his place. Because of his stupid ego consumers are paying high price."
      ],
      "language": "English",
      "pure_emoji": false
    },
    {
      "user": "sm00th0perat0r",
      "comments": [
        "🇨🇳🇨🇳🇨🇳🇨🇳🇨🇳🇨🇳🇨🇳🇨🇳🇨🇳💪💪💪"
      ],
      "language": "Other",
      "pure_emoji": true
    },
    {
      "user": "sonny",
      "comments": [
        "he can exclude all he wants china is not doing any business with usa...."
      ],
      "language": "English",
      "pure_emoji": false
    },
    {
      "user": "stormfx11",
      "comments": [
        "no surprise 😌"
      ],
      "language": "English",
      "pure_emoji": false
    },
    {
      "user": "super.gooner.junior",
      "comments": [
        "And sex toys? 👍"
      ],
      "language": "English",
      "pure_emoji": false
    },
    {
      "user": "testmaxxingg",
      "comments": [
        "Tim Cook definitely made a quick call"
      ],
      "language": "English",
      "pure_emoji": false
    },
    {
      "user": "topsathletic",
      "comments": [
        "💯💯💯"
      ],
      "language": "Other",
      "pure_emoji": true
    },
    {
      "user": "trentlj",
      "comments": [
        "China doesn’t need America"
      ],
      "language": "English",
      "pure_emoji": false
    },
    {
      "user": "unknownme812",
      "comments": [
        "no more mobile phones for the usa"
      ],
      "language": "English",
      "pure_emoji": false
    },
    {
      "user": "user2695846318313",
      "comments": [
        "Because my president is smart and understands our economics. There is no confusion. The trade deficit with China will revert. Watch and learn."
      ],
      "language": "English",
      "pure_emoji": false
    },
    {
      "user": "user5311754120523",
      "comments": [
        "And china knows this. He’s picking a fight he can’t win! All of the American people will pay the price for this.",
        "So what’s Trump going to do when the debased their currency? You see he’s after china because they hold the majority of our bonds. So if they debase their currency that will cause a huge inflation"
      ],
      "language": "English",
      "pure_emoji": false
    },
    {
      "user": "user7892172451187",
      "comments": [
        "Doing it on purpose. Letting China know what they are missing on. Letting other country know, hey there is a market that is open for the world. Will it back fire who knows anymore."
      ],
      "language": "English",
      "pure_emoji": false
    },
    {
      "user": "user8049883874669",
      "comments": [
        "No body cares anymore. Trump keeps folding lol"
      ],
      "language": "English",
      "pure_emoji": false
    },
    {
      "user": "wespdx",
      "comments": [
        "how will these exceptions bring manufacturing back to the US? isn't that supposedly the point of these tariffs? 🙄"
      ],
      "language": "English",
      "pure_emoji": false
    },
    {
      "user": "wise",
      "comments": [
        "😁"
      ],
      "language": "Other",
      "pure_emoji": true
    },
    {
      "user": "x Lee",
      "comments": [
        "i don't like the reversal but feel better when realising 100% of imported electronic goods are American and allies' products manufactured in china, that are popular in the US market."
      ],
      "language": "English",
      "pure_emoji": false
    },
    {
      "user": "yct42070vm1",
      "comments": [
        "So China vs Trump 2:0? Never learn the lesson man…"
      ],
      "language": "English",
      "pure_emoji": false
    },
    {
      "user": "yoswifty3",
      "comments": [
        "It begun with US then Mexico, Canada and now China. The attacks are real"
      ],
      "language": "English",
      "pure_emoji": false
    },
    {
      "user": "zhouzuujg31",
      "comments": [
        "Did you win? American? Your president has accomplished nothing, but you have been winning. What have you won?"
      ],
      "language": "English",
      "pure_emoji": false
    },
    {
      "user": "zz.              🪳",
      "comments": [
        "6月到期6万亿，低利息不会有人购买美债，高利息美国政府撑不住"
      ],
      "language": "Chinese",
      "pure_emoji": false
    },
    {
      "user": "中华百年史",
      "comments": [
        "😁"
      ],
      "language": "Other",
      "pure_emoji": true
    },
    {
      "user": "人生若只如初见🇨🇳Chinese",
      "comments": [
        "特朗普让人们知道什么是国际玩笑😁😁😁😁"
      ],
      "language": "Chinese",
      "pure_emoji": false
    },
    {
      "user": "哥布林猪人",
      "comments": [
        "这不是操控市场吗？股票又涨了吧"
      ],
      "language": "Chinese",
      "pure_emoji": false
    },
    {
      "user": "｡✧♡ 𝒆Ⓜмᵃ ♡✧｡",
      "comments": [
        "Trump: we hold all the cards China: we make the cards🤭"
      ],
      "language": "English",
      "pure_emoji": false
    },
    {
      "user": "￶",
      "comments": [
        "trump needs to take an economics class"
      ],
      "language": "English",
      "pure_emoji": false
    },
    {
      "user": "𝒜",
      "comments": [
        "Trump knows China is going to surpass the US in 10 years this was a desperate move to save the US"
      ],
      "language": "English",
      "pure_emoji": false
    },
    {
      "user": "𝓯𝓻𝓮𝓪𝓴𝔂𝓲𝓷𝓲𝓬𝓱",
      "comments": [
        "backing down already? what a wimp."
      ],
      "language": "English",
      "pure_emoji": false
    },
    {
      "user": "🇨🇳朱棣📷",
      "comments": [
        "MAGA👊🇺🇸🔥👊🇺🇸🔥👊🇺🇸🔥👊🇺🇸🔥"
      ],
      "language": "English",
      "pure_emoji": false
    },
    {
      "user": "👨🏽‍💻Retr0🇺🇲",
      "comments": [
        "Trump is a smart man I don't doubt him ."
      ],
      "language": "English",
      "pure_emoji": false
    },
    {
      "user": "🖕🏼✌🏼👌🏼😁😬🤗",
      "comments": [
        "So, in easy terms.. 0% on the main things from China? N the rest of the world gets 10%.. ok lol"
      ],
      "language": "English",
      "pure_emoji": false
    },
    {
      "user": "😜",
      "comments": [
        "What about clothes??????"
      ],
      "language": "English",
      "pure_emoji": false
    },
    {
      "user": "🚫 a 🤖",
      "comments": [
        "You think they will sell easily after being called peasants and kiss ass insults, Trumpet and eyeliner dude needs to get on their knees and kowtow to the world."
      ],
      "language": "English",
      "pure_emoji": false
    }
  ]
}