{
  "video_id": "7491827573148847406",
  "video_url": "https://www.tiktok.com/@ettvamerica/video/7491827573148847406",
  "publish_date": null,
  "comment_groups": [
    {
      "user": "Susilowati L",
      "comments": [
        "👍👍👍"
      ],
      "language": "Other",
      "pure_emoji": true
    },
    {
      "user": "tanyui785",
      "comments": [
        "日本现在也开始硬起来了，说，不急以美国谈判，全世界只有台湾下跪，🤣🤣🤣"
      ],
      "language": "Chinese",
      "pure_emoji": false
    },
    {
      "user": "user4215010887985",
      "comments": [
        "你比宝杰还厉害"
      ],
      "language": "Chinese",
      "pure_emoji": false
    },
    {
      "user": "用户周志衡",
      "comments": [
        "消息正確嗎.聽說是日本倒的"
      ],
      "language": "Chinese",
      "pure_emoji": false
    },
    {
      "user": "黒龍",
      "comments": [
        "台积电被这样利用了你还那么嗨！信じられない。"
      ],
      "language": "Chinese",
      "pure_emoji": false
    }
  ]
}