{
  "video_id": "7491728542611295506",
  "video_url": "https://www.tiktok.com/@stout.sheep/video/7491728542611295506",
  "publish_date": null,
  "comment_groups": [
    {
      "user": "81922212b3u",
      "comments": [
        "Make America great again😂"
      ],
      "language": "English",
      "pure_emoji": false
    },
    {
      "user": "Akioh99",
      "comments": [
        "someone not making people or country great again but making the price great again"
      ],
      "language": "English",
      "pure_emoji": false
    },
    {
      "user": "Aloha 🤗",
      "comments": [
        "go ask ur president"
      ],
      "language": "English",
      "pure_emoji": false
    },
    {
      "user": "Ann Wang",
      "comments": [
        "Democracy is a joke"
      ],
      "language": "English",
      "pure_emoji": false
    },
    {
      "user": "BOBO【ASMR】",
      "comments": [
        "god"
      ],
      "language": "English",
      "pure_emoji": false
    },
    {
      "user": "Bi Fang Wang",
      "comments": [
        "Just beginning 🤣🤣🤣"
      ],
      "language": "English",
      "pure_emoji": false
    },
    {
      "user": "Bing Li",
      "comments": [
        "It’s just the beginning my friend"
      ],
      "language": "English",
      "pure_emoji": false
    },
    {
      "user": "Briant™鄒",
      "comments": [
        "bcoz yours lovely President Do that 😘"
      ],
      "language": "English",
      "pure_emoji": false
    },
    {
      "user": "Burger Queen(モモ)",
      "comments": [
        "Asking Mr. Donald trump."
      ],
      "language": "English",
      "pure_emoji": false
    },
    {
      "user": "CK",
      "comments": [
        "Proud to become American"
      ],
      "language": "English",
      "pure_emoji": false
    },
    {
      "user": "CWL",
      "comments": [
        "thank to trump 👍"
      ],
      "language": "English",
      "pure_emoji": false
    },
    {
      "user": "Calvin Ng",
      "comments": [
        "This is why he said, he will make America great again!"
      ],
      "language": "English",
      "pure_emoji": false
    },
    {
      "user": "CartesOmbre",
      "comments": [
        "Ask trump"
      ],
      "language": "English",
      "pure_emoji": false
    },
    {
      "user": "Cathy Lee",
      "comments": [
        "Because USA great again"
      ],
      "language": "English",
      "pure_emoji": false
    },
    {
      "user": "Chef · 黄",
      "comments": [
        "You can rob his house and invite everyone together. It's like digging a bird's nest."
      ],
      "language": "English",
      "pure_emoji": false
    },
    {
      "user": "Chung Gabriel",
      "comments": [
        "More to come, mate.. 😂"
      ],
      "language": "English",
      "pure_emoji": false
    },
    {
      "user": "DatuKiko8",
      "comments": [
        "Ask Trump👈👈🤣✨✨✨"
      ],
      "language": "English",
      "pure_emoji": false
    },
    {
      "user": "Franco木魚",
      "comments": [
        "gift from trump 😎😎😎"
      ],
      "language": "English",
      "pure_emoji": false
    },
    {
      "user": "Gracelin88",
      "comments": [
        "Who care? Thanks you president"
      ],
      "language": "English",
      "pure_emoji": false
    },
    {
      "user": "Gu Loo",
      "comments": [
        "just start. 😂😂"
      ],
      "language": "English",
      "pure_emoji": false
    },
    {
      "user": "Han Hanz",
      "comments": [
        "agree"
      ],
      "language": "English",
      "pure_emoji": false
    },
    {
      "user": "Hotaruika22",
      "comments": [
        "Thank trump🤣🤣🤣🤣🤣"
      ],
      "language": "English",
      "pure_emoji": false
    },
    {
      "user": "Hung Apple",
      "comments": [
        "Go ask Trump 😱"
      ],
      "language": "English",
      "pure_emoji": false
    },
    {
      "user": "Inanna.Ansen",
      "comments": [
        "I sorry heard that, but trump said make America great again, so……"
      ],
      "language": "English",
      "pure_emoji": false
    },
    {
      "user": "Itaewon-bbq Kerkrade",
      "comments": [
        "It's not expensive, you just don't have as much money as Trump"
      ],
      "language": "English",
      "pure_emoji": false
    },
    {
      "user": "JING YONG PANG",
      "comments": [
        "thank Donald"
      ],
      "language": "English",
      "pure_emoji": false
    },
    {
      "user": "Jacky Chang",
      "comments": [
        "Ask your dear USA president."
      ],
      "language": "English",
      "pure_emoji": false
    },
    {
      "user": "James Tan162",
      "comments": [
        "trump bless America 🤟🤟🤟😂"
      ],
      "language": "English",
      "pure_emoji": false
    },
    {
      "user": "Jeffery W",
      "comments": [
        "Trump’s family is getting billion dollars from stock market through his position"
      ],
      "language": "English",
      "pure_emoji": false
    },
    {
      "user": "Jerry Fang",
      "comments": [
        "the is the price of democracy 🤷"
      ],
      "language": "English",
      "pure_emoji": false
    },
    {
      "user": "Joe",
      "comments": [
        "ask Ur government leaders"
      ],
      "language": "English",
      "pure_emoji": false
    },
    {
      "user": "Johnny Soon",
      "comments": [
        "Ask ur president 👍👍😊😂😂😂😂🤣🤣🤣"
      ],
      "language": "English",
      "pure_emoji": false
    },
    {
      "user": "Kimi",
      "comments": [
        "Your president believes that the American character should be matched by higher prices."
      ],
      "language": "English",
      "pure_emoji": false
    },
    {
      "user": "Lilian Lee",
      "comments": [
        "ask ur president"
      ],
      "language": "English",
      "pure_emoji": false
    },
    {
      "user": "Llouiss",
      "comments": [
        "Im hoping Rm 10 exchange rate to 100usd"
      ],
      "language": "English",
      "pure_emoji": false
    },
    {
      "user": "Melissa L. Wang 🇨🇦",
      "comments": [
        "Thank you to your greatest president, Amen. 🙏"
      ],
      "language": "English",
      "pure_emoji": false
    },
    {
      "user": "Moon and Starship",
      "comments": [
        "Welcome to China"
      ],
      "language": "English",
      "pure_emoji": false
    },
    {
      "user": "SecretiveZitfy huatz🥰",
      "comments": [
        "u all choose him as president .. nothing to complain .."
      ],
      "language": "English",
      "pure_emoji": false
    },
    {
      "user": "Valerie Ng",
      "comments": [
        "Welcome 2025 America 🇺🇸 😅🔥"
      ],
      "language": "English",
      "pure_emoji": false
    },
    {
      "user": "Yappe Yappe",
      "comments": [
        "just the beginning"
      ],
      "language": "English",
      "pure_emoji": false
    },
    {
      "user": "babe3333",
      "comments": [
        "Think carefully who you going to vote for president/ government."
      ],
      "language": "English",
      "pure_emoji": false
    },
    {
      "user": "clement1688",
      "comments": [
        "Make America great again"
      ],
      "language": "English",
      "pure_emoji": false
    },
    {
      "user": "dc0329",
      "comments": [
        "Thanks to Biden (Ukraine War) and the economic genius Trump!"
      ],
      "language": "English",
      "pure_emoji": false
    },
    {
      "user": "fuhuzhiling",
      "comments": [
        "Oh my god! All these are the economic improvement policies of President Trump, but it turns out that only his own economy has been improved."
      ],
      "language": "English",
      "pure_emoji": false
    },
    {
      "user": "hpdlxopb5vi",
      "comments": [
        "Because your president is businessman rather than a real national leader!!!"
      ],
      "language": "English",
      "pure_emoji": false
    },
    {
      "user": "kennyw",
      "comments": [
        "Your president welth now hundred billion After recent insiden trading . He careless"
      ],
      "language": "English",
      "pure_emoji": false
    },
    {
      "user": "like drama 999",
      "comments": [
        "Brother ,but is just beginning now !"
      ],
      "language": "English",
      "pure_emoji": false
    },
    {
      "user": "lisa☺",
      "comments": [
        "All this makes people feel very bad.🥺"
      ],
      "language": "English",
      "pure_emoji": false
    },
    {
      "user": "ouyanghao1988",
      "comments": [
        "Because you elected the greatest president in American history. He said he wanted to make America great again, but he didn't say he wanted to make people live a better life.🤣"
      ],
      "language": "English",
      "pure_emoji": false
    },
    {
      "user": "slay",
      "comments": [
        "Calm down bro, the tariffs effects havent taken full effect yet, the best is yet to come"
      ],
      "language": "English",
      "pure_emoji": false
    },
    {
      "user": "swissfang",
      "comments": [
        "Live in a car save money"
      ],
      "language": "English",
      "pure_emoji": false
    },
    {
      "user": "user12345tb1",
      "comments": [
        "Everywhere is about the same. The way out is to cancel those services that you don’t need to have 😏"
      ],
      "language": "English",
      "pure_emoji": false
    },
    {
      "user": "user2049101053636",
      "comments": [
        "How lucky u American 🤣"
      ],
      "language": "English",
      "pure_emoji": false
    },
    {
      "user": "♋Beef♂️壁虎☯️",
      "comments": [
        "You need to earn from stock market just like what small yellow man is doing"
      ],
      "language": "English",
      "pure_emoji": false
    },
    {
      "user": "元士",
      "comments": [
        "now one egg one dollar😆"
      ],
      "language": "English",
      "pure_emoji": false
    },
    {
      "user": "台湾是中华人民共和国的🇨🇳",
      "comments": [
        "Welcome to China🥰"
      ],
      "language": "English",
      "pure_emoji": false
    },
    {
      "user": "洛城搬砖人",
      "comments": [
        "建国竞选时的旗子上的话😂"
      ],
      "language": "Chinese",
      "pure_emoji": false
    },
    {
      "user": "淡藍",
      "comments": [
        "Make expensive again ‼️👍👍👍……."
      ],
      "language": "English",
      "pure_emoji": false
    },
    {
      "user": "狮城漫步",
      "comments": [
        "Trump said make America great again, now you know he was refering to make the price great again. Ha ha ha"
      ],
      "language": "English",
      "pure_emoji": false
    },
    {
      "user": "盧易",
      "comments": [
        "☝🏻️Make ✋🏻 America ✌🏻️Expensive 👋🏻 Again 👐🏻"
      ],
      "language": "English",
      "pure_emoji": false
    },
    {
      "user": "红尘清醒",
      "comments": [
        "Great America 🤣"
      ],
      "language": "English",
      "pure_emoji": false
    },
    {
      "user": "陈霸先",
      "comments": [
        "nobody know * than me"
      ],
      "language": "English",
      "pure_emoji": false
    }
  ]
}