{
  "video_id": "7491659107175320875",
  "video_url": "https://www.tiktok.com/@yangzhujun1/video/7491659107175320875",
  "publish_date": null,
  "comment_groups": [
    {
      "user": "Beryl",
      "comments": [
        "慢慢的会失控的"
      ],
      "language": "Chinese",
      "pure_emoji": false
    },
    {
      "user": "Kevin",
      "comments": [
        "说点实惠的！说一下中国老百姓怎么度过这段困难的日子！"
      ],
      "language": "Chinese",
      "pure_emoji": false
    },
    {
      "user": "Loveforever",
      "comments": [
        "You are right"
      ],
      "language": "English",
      "pure_emoji": false
    },
    {
      "user": "Night",
      "comments": [
        "他不在乎，他已经赚够了，"
      ],
      "language": "Chinese",
      "pure_emoji": false
    },
    {
      "user": "cann wong",
      "comments": [
        "👍👍👍"
      ],
      "language": "Other",
      "pure_emoji": true
    },
    {
      "user": "davidyu",
      "comments": [
        "真正目的是在股市"
      ],
      "language": "Chinese",
      "pure_emoji": false
    },
    {
      "user": "kuo feng",
      "comments": [
        "沒錯，沒有誠信就是川普的最大危機"
      ],
      "language": "Chinese",
      "pure_emoji": false
    },
    {
      "user": "yeungtcho",
      "comments": [
        "他只想炒股"
      ],
      "language": "Chinese",
      "pure_emoji": false
    },
    {
      "user": "付镇山",
      "comments": [
        "🌹🌹👍"
      ],
      "language": "Other",
      "pure_emoji": true
    }
  ]
}