{
  "video_id": "7494044664601791786",
  "video_url": "https://www.tiktok.com/@tkheadlines8/video/7494044664601791786",
  "publish_date": null,
  "comment_groups": [
    {
      "user": "Bruce",
      "comments": [
        "得罪最大的客户，煞笔做的决策"
      ],
      "language": "Chinese",
      "pure_emoji": false
    },
    {
      "user": "Jeffery W",
      "comments": [
        "I like Trump, he is making a great China, a baby US."
      ],
      "language": "English",
      "pure_emoji": false
    },
    {
      "user": "YPP009",
      "comments": [
        "完全没招啦？加到5000%又如何？"
      ],
      "language": "Chinese",
      "pure_emoji": false
    },
    {
      "user": "Ye Xin",
      "comments": [
        "👍👍"
      ],
      "language": "Other",
      "pure_emoji": true
    },
    {
      "user": "idealhand11",
      "comments": [
        "😁😁😁"
      ],
      "language": "Other",
      "pure_emoji": true
    },
    {
      "user": "kinary007",
      "comments": [
        "一个信息混乱的国家😂"
      ],
      "language": "Chinese",
      "pure_emoji": false
    },
    {
      "user": "user1970096996186",
      "comments": [
        "😂😂😂"
      ],
      "language": "Other",
      "pure_emoji": true
    },
    {
      "user": "wing096",
      "comments": [
        "老特是明修栈道暗渡陈仓。现在还有谁在意老特给每个国家加上的所谓基础关税？老特10%的基础关税收的开心到不要不要的。"
      ],
      "language": "Chinese",
      "pure_emoji": false
    },
    {
      "user": "我愛玄天上帝",
      "comments": [
        "如果商務部統合順豐維修波音飛機的保修業務再加上C919一定很精彩"
      ],
      "language": "Mixed",
      "pure_emoji": false
    },
    {
      "user": "橄榄先生",
      "comments": [
        "🔥🔥🔥"
      ],
      "language": "Other",
      "pure_emoji": true
    },
    {
      "user": "用户3999867783778",
      "comments": [
        "两千亿到手也不亏了"
      ],
      "language": "Chinese",
      "pure_emoji": false
    },
    {
      "user": "用户4254048253165",
      "comments": [
        "关税现在来说有跟没没区别，都不交易来往，数字有啥好看"
      ],
      "language": "Chinese",
      "pure_emoji": false
    },
    {
      "user": "老狼",
      "comments": [
        "我们有C919"
      ],
      "language": "Mixed",
      "pure_emoji": false
    }
  ]
}