{
  "video_id": "7495474182864522518",
  "video_url": "https://www.tiktok.com/@lin4336/video/7495474182864522518",
  "publish_date": null,
  "comment_groups": [
    {
      "user": "Hong Nara",
      "comments": [
        "中国不是日本"
      ],
      "language": "Chinese",
      "pure_emoji": false
    },
    {
      "user": "Lai See Lau",
      "comments": [
        "十年河东十年河西，这本是自然法则，美国已经有了他的辉煌时代，现在风水轮流转，轮到中国的时代，特朗普想和宇宙法则作对，他根本敌不过天。他太自以为是了！😝😝👍👍"
      ],
      "language": "Chinese",
      "pure_emoji": false
    },
    {
      "user": "Michael",
      "comments": [
        "赖蛤蟆能干的出来你说的割地求饶事儿，完事了还要kiss 干爹的asshole，100%"
      ],
      "language": "Mixed",
      "pure_emoji": false
    },
    {
      "user": "Ming01",
      "comments": [
        "東大永遠是鹰醬的第一戰略目標，老鹰無所不用其極打壓誣陷龍幫，其心似魔尊，其行不異撒旦。 中國當權衡国際情勢，善用戰略與戰術，恩威並行，剛柔並濟，不任美國及彼等列強為所欲為，當制其鋒芒，挫其嬌狂之勢，以平衡世局之發展，以维世界之和平和人類之福祉。 東大與鹰醬若有大磨擦時，必然是龍鬚掉若干，小雞影無踪，翔鹰折雙翼，世上再無霸權主，也許是人類的重啓時；為什麼大家不能和平相處，共榮共富，增加人類福祉。",
        "狂人無智亦無慧！智者縱觀全局，知己知彼，非莽夫之識；慧者自利利人，兼善天下；非以一己之私，獨享天下之利，不顧藍星眾家之禍福也！非智者之行，终將得不償失，内憂外患，從此不辍矣！ 頂級的政客，無視蒼生生計，祗图财團之利益，魔尊撒旦之化現，唯恐天下不亂，坐收鱼翁之利。",
        "川魔想得美，他想算計中国，難道中国會上當，彼一時此一時，當下的中国豈是老美可控的，知彼知己，各有所長，也各有所短，智者有遠見有為有謀，豈是朝三幕四者可匹比，誰有底氣，能硬剛者，路遥知马力，事久見人心；孰勝孰敗，早有跡象矣！",
        "毛主席的預言！要打多久，就打多久，由美國人來決定，直到勝利為止。 毛主席！有聖人之智，君王之謀，庶民之心，心懷華族，行入世富民之策，立足中国，胸懷世界，放眼星辰大海，廿一世紀是中國人的世紀。"
      ],
      "language": "Chinese",
      "pure_emoji": false
    },
    {
      "user": "Songinwind",
      "comments": [
        "就以美国的冷战思维与美国平等对话"
      ],
      "language": "Chinese",
      "pure_emoji": false
    },
    {
      "user": "acyap986",
      "comments": [
        "👍👍👍"
      ],
      "language": "Other",
      "pure_emoji": true
    },
    {
      "user": "cats_parents2023",
      "comments": [
        "😂😂😂"
      ],
      "language": "Other",
      "pure_emoji": true
    },
    {
      "user": "dyci7kd8j2tq",
      "comments": [
        "川普想靠美國這塊招牌狐假虎威，仗勢欺人，好從中獲得利益"
      ],
      "language": "Chinese",
      "pure_emoji": false
    },
    {
      "user": "liujiaohe",
      "comments": [
        "你这段话真的写得挺有水平，中国古文学得不错吧"
      ],
      "language": "Chinese",
      "pure_emoji": false
    },
    {
      "user": "user1060084479381",
      "comments": [
        "👍👍💯💯🥰🥰中國偉大"
      ],
      "language": "Chinese",
      "pure_emoji": false
    },
    {
      "user": "user3669757200398",
      "comments": [
        "Trump uses tariffs to do zero purchase, China can use the same buy all 50 states 👍"
      ],
      "language": "English",
      "pure_emoji": false
    },
    {
      "user": "user6519612009287",
      "comments": [
        "🥵🥵🥵🥵🙏🙏🙏🙏"
      ],
      "language": "Other",
      "pure_emoji": true
    },
    {
      "user": "中医药",
      "comments": [
        "“美联储的股东不祥。美联储是深层政府的基石。美国政府无财政权，没有发币权。这个政府就是空的。美元、美债的币值被严重高估。中国根本不需要那么多美元、美债。中国根本不需要出口那么产品多给美国。”"
      ],
      "language": "Chinese",
      "pure_emoji": false
    },
    {
      "user": "军少",
      "comments": [
        "特朗普就是一个签字的……😂"
      ],
      "language": "Chinese",
      "pure_emoji": false
    },
    {
      "user": "吉力",
      "comments": [
        "有名的日美廣場協議"
      ],
      "language": "Chinese",
      "pure_emoji": false
    },
    {
      "user": "大帥哥",
      "comments": [
        "😁😁😁"
      ],
      "language": "Other",
      "pure_emoji": true
    },
    {
      "user": "有個夢只能只是夢",
      "comments": [
        "支持戰到底"
      ],
      "language": "Chinese",
      "pure_emoji": false
    },
    {
      "user": "淡定的JACK",
      "comments": [
        "失算了😁😁"
      ],
      "language": "Chinese",
      "pure_emoji": false
    },
    {
      "user": "白饭",
      "comments": [
        "无论什么战争，都是统治者的争夺话事权而已"
      ],
      "language": "Chinese",
      "pure_emoji": false
    },
    {
      "user": "金昭容",
      "comments": [
        "最好逼迫共匪簽訂割地賠款的條約。"
      ],
      "language": "Chinese",
      "pure_emoji": false
    },
    {
      "user": "金牌打杂！",
      "comments": [
        "川普大哥出个政策；两个字；吓死你们这些不知天高地厚；我们后果怎么样你们懂吗"
      ],
      "language": "Chinese",
      "pure_emoji": false
    }
  ]
}