{
  "video_id": "7493802080902106375",
  "video_url": "https://www.tiktok.com/@htct6230mvi/video/7493802080902106375",
  "publish_date": null,
  "comment_groups": [
    {
      "user": "LianPheng Tan",
      "comments": [
        "比喻的既贴切且生动，那横行泡沫的螃蟹🦀 👍👍👍🤣🤣🤣"
      ],
      "language": "Chinese",
      "pure_emoji": false
    },
    {
      "user": "Liberal",
      "comments": [
        "🥰🥰🥰"
      ],
      "language": "Other",
      "pure_emoji": true
    },
    {
      "user": "Tony.Lu",
      "comments": [
        "不要再煽动了，伤害的是平民百姓，人民的利益高于一切，没有人民就没有国家……现在中国面临失业潮，内需不可能拉动，出口也出现问题，人口老年化，房地产暴雷。中国已经很多问题了。美国债务可以转嫁给其他国家。中国呢？客观点吧 ，关税现在已经加到245%了"
      ],
      "language": "Chinese",
      "pure_emoji": false
    },
    {
      "user": "Wong Khenmin66",
      "comments": [
        "❤❤❤"
      ],
      "language": "Other",
      "pure_emoji": false
    },
    {
      "user": "Wong Wong8562",
      "comments": [
        "😃😄😁"
      ],
      "language": "Other",
      "pure_emoji": true
    },
    {
      "user": "ah liong",
      "comments": [
        "你不买美国货就行了。"
      ],
      "language": "Chinese",
      "pure_emoji": false
    },
    {
      "user": "jasonseah743",
      "comments": [
        "🥰🥰🥰"
      ],
      "language": "Other",
      "pure_emoji": true
    },
    {
      "user": "minglo66",
      "comments": [
        "👍👍👍"
      ],
      "language": "Other",
      "pure_emoji": true
    },
    {
      "user": "mynamemoney",
      "comments": [
        "🥰🥰🥰🥰🥰🥰"
      ],
      "language": "Other",
      "pure_emoji": true
    },
    {
      "user": "shingeng",
      "comments": [
        "👏👏👏👍👍👍👏👏👏",
        "👏👏👏"
      ],
      "language": "Other",
      "pure_emoji": false
    },
    {
      "user": "user27810416941084",
      "comments": [
        "學識見識的突出性，總是有市場的，人世時間有限，有人會對諸事漠視不理，總有人興味盎然的關住，感謝版主！"
      ],
      "language": "Chinese",
      "pure_emoji": false
    },
    {
      "user": "user3611840914932",
      "comments": [
        "🥰🥰🥰🥰🥰🥰🥰🥰"
      ],
      "language": "Other",
      "pure_emoji": true
    },
    {
      "user": "user8802358237215",
      "comments": [
        "👍👍👍"
      ],
      "language": "Other",
      "pure_emoji": true
    },
    {
      "user": "willchu970",
      "comments": [
        "👍"
      ],
      "language": "Other",
      "pure_emoji": true
    },
    {
      "user": "欧锋",
      "comments": [
        "😂😂😂"
      ],
      "language": "Other",
      "pure_emoji": true
    },
    {
      "user": "沈福明",
      "comments": [
        "🥰🥰🥰"
      ],
      "language": "Other",
      "pure_emoji": true
    },
    {
      "user": "用户7374580231286",
      "comments": [
        "👍👍👍"
      ],
      "language": "Other",
      "pure_emoji": true
    },
    {
      "user": "簡財守",
      "comments": [
        "😁😁😁"
      ],
      "language": "Other",
      "pure_emoji": true
    },
    {
      "user": "謝承祚",
      "comments": [
        "🥰🥰🥰"
      ],
      "language": "Other",
      "pure_emoji": true
    },
    {
      "user": "連振華",
      "comments": [
        "👍👍👍"
      ],
      "language": "Other",
      "pure_emoji": true
    },
    {
      "user": "陳年往事",
      "comments": [
        "🥰🥰🥰"
      ],
      "language": "Other",
      "pure_emoji": true
    },
    {
      "user": "내고향",
      "comments": [
        "🥰🥰🥰🥰🥰🥰🥰🥰"
      ],
      "language": "Other",
      "pure_emoji": true
    }
  ]
}