{
  "video_id": "7495234489816272174",
  "video_url": "https://www.tiktok.com/@jamesdodson35/video/7495234489816272174",
  "publish_date": null,
  "comment_groups": [
    {
      "user": "JAYJAY69NYPR",
      "comments": [
        "💯💯💯🤣",
        "💯💯💯🤣"
      ],
      "language": "Other",
      "pure_emoji": false
    },
    {
      "user": "Marika Clarke | FL Realtor",
      "comments": [
        "😂😂😂😂😂😂",
        "😂😂😂😂😂😂"
      ],
      "language": "Other",
      "pure_emoji": false
    },
    {
      "user": "Texasbrat1956",
      "comments": [
        "💯💯💯💯💯",
        "💯💯💯💯💯"
      ],
      "language": "Other",
      "pure_emoji": false
    },
    {
      "user": "WarriorWomanChi",
      "comments": [
        "🤣🤣🤣",
        "🤣🤣🤣"
      ],
      "language": "Other",
      "pure_emoji": false
    }
  ]
}