{
  "video_id": "7480070278505155858",
  "video_url": "https://www.tiktok.com/@lsc3693/video/7480070278505155858",
  "publish_date": null,
  "comment_groups": [
    {
      "user": "Douyin Hot",
      "comments": [
        "美神宗"
      ],
      "language": "Chinese",
      "pure_emoji": false
    },
    {
      "user": "East Wolf Kent",
      "comments": [
        "China’s economy doesn’t depend on stock market. But USA does."
      ],
      "language": "English",
      "pure_emoji": false
    },
    {
      "user": "user7363946032121",
      "comments": [
        "長遠的四年"
      ],
      "language": "Chinese",
      "pure_emoji": false
    },
    {
      "user": "useroylak5j67b",
      "comments": [
        "經濟已經變成宗教神學，這就是網絡媒體的威力，過去歷史從未有過這種變化"
      ],
      "language": "Chinese",
      "pure_emoji": false
    },
    {
      "user": "專懟綠蛙日咋",
      "comments": [
        "哈哈。学中國。中國幾千年歷史積累下來的智慧。中國人民勤奮！為了國家一天16小時工作不要命的付出！你們有多少人能跟中國人一樣為了國家可以不要命？"
      ],
      "language": "Chinese",
      "pure_emoji": false
    },
    {
      "user": "茅庐枯廋",
      "comments": [
        "关键你自己长远不了🤔 不过似乎 民主党也很难选赢下一任"
      ],
      "language": "Chinese",
      "pure_emoji": false
    }
  ]
}