{
  "video_id": "7463642372086271234",
  "video_url": "https://www.tiktok.com/@songtiancai/video/7463642372086271234",
  "publish_date": null,
  "comment_groups": [
    {
      "user": "Remember",
      "comments": [
        "😥😥😥他是誰？"
      ],
      "language": "Chinese",
      "pure_emoji": false
    },
    {
      "user": "Ufo5660",
      "comments": [
        "一切都是钱说话"
      ],
      "language": "Chinese",
      "pure_emoji": false
    },
    {
      "user": "micmichang",
      "comments": [
        "🤣🤣🤣🤣🤣🤣🤣🤣🤣🤣",
        "关就关呗，爱干嘛干嘛，一边凉快去！🤣🤣🤣🤣🤣🤣🤣🤣🤣🤣"
      ],
      "language": "Chinese",
      "pure_emoji": false
    }
  ]
}