{
  "video_id": "7495270893422415150",
  "video_url": "https://www.tiktok.com/@valentinhatimy/video/7495270893422415150",
  "publish_date": null,
  "comment_groups": [
    {
      "user": "A.G.",
      "comments": [
        "he was caught with 28 kilos of coke🤣🤣🤣🤣🤣🤣"
      ],
      "language": "English",
      "pure_emoji": false
    },
    {
      "user": "Jenn",
      "comments": [
        "Then why are his charges not reflecting that? (The charges are for trying to enter the US as an illegal)"
      ],
      "language": "English",
      "pure_emoji": false
    },
    {
      "user": "Louward50/50",
      "comments": [
        "Scary!!!"
      ],
      "language": "English",
      "pure_emoji": false
    },
    {
      "user": "Utgaroa-Loki🇺🇸",
      "comments": [
        "Sound like the judge lacked dignity. I am sure the judge could have made some calls. Jurisdiction my A$$"
      ],
      "language": "English",
      "pure_emoji": false
    }
  ]
}