{
  "video_id": "7492053898249702687",
  "video_url": "https://www.tiktok.com/@useful.tools246/video/7492053898249702687",
  "publish_date": null,
  "comment_groups": [
    {
      "user": "Ali🎀",
      "comments": [
        "♥️",
        "😂",
        "🥰"
      ],
      "language": "Other",
      "pure_emoji": false
    },
    {
      "user": "user7252733924450",
      "comments": [
        "The reality is as we’re getting ripped off they drop their tariffs we drop our tariffs. It comes to zero out. It’s called free trade."
      ],
      "language": "English",
      "pure_emoji": false
    }
  ]
}