{
  "video_id": "7495021257067367688",
  "video_url": "https://www.tiktok.com/@astronews_my/video/7495021257067367688",
  "publish_date": null,
  "comment_groups": [
    {
      "user": "*周家二少*",
      "comments": [
        "🥰🥰🥰"
      ],
      "language": "Other",
      "pure_emoji": true
    },
    {
      "user": "Abc@",
      "comments": [
        "F∪ usa ↓😂"
      ],
      "language": "English",
      "pure_emoji": false
    },
    {
      "user": "Alexander Suprianto",
      "comments": [
        "世纪以来真正的西方失败者"
      ],
      "language": "Chinese",
      "pure_emoji": false
    },
    {
      "user": "Anda",
      "comments": [
        "说的很清楚明白"
      ],
      "language": "Chinese",
      "pure_emoji": false
    },
    {
      "user": "CHAN JACKIE",
      "comments": [
        "ASTRO NEWS.. TOP OF TOP.. 👍👍👍👍👍✨✨✨✨✨✨✨👍..BROADCASTER.. SO UNIQUE GOOD ELOQUENCE 💃👍🥰💃"
      ],
      "language": "English",
      "pure_emoji": false
    },
    {
      "user": "Chinliptet",
      "comments": [
        "🥰🥰🥰"
      ],
      "language": "Other",
      "pure_emoji": true
    },
    {
      "user": "Danes SMITH",
      "comments": [
        "世界警察被人民公安反击🤣🤣🤣"
      ],
      "language": "Chinese",
      "pure_emoji": false
    },
    {
      "user": "JINICSIEW",
      "comments": [
        "😂",
        "我也要去赌场耍无赖了！😅"
      ],
      "language": "Chinese",
      "pure_emoji": false
    },
    {
      "user": "Jack Wong",
      "comments": [
        "美国的旧账要全球帮你买单！快去睡觉吧~梦里什么都有😅"
      ],
      "language": "Chinese",
      "pure_emoji": false
    },
    {
      "user": "James Lee",
      "comments": [
        "👍👍👍👍👍👍"
      ],
      "language": "Other",
      "pure_emoji": true
    },
    {
      "user": "James Voon",
      "comments": [
        "😂😂😂😂😂"
      ],
      "language": "Other",
      "pure_emoji": true
    },
    {
      "user": "Lam Lam",
      "comments": [
        "astro news 不要再为共产党洗脑！"
      ],
      "language": "Mixed",
      "pure_emoji": false
    },
    {
      "user": "Lee",
      "comments": [
        "不把美国教训一顿，世界永远不会太平。🤔🤔🤔"
      ],
      "language": "Chinese",
      "pure_emoji": false
    },
    {
      "user": "Nothing to do",
      "comments": [
        "印废纸就能收购他国的优质资产。。。"
      ],
      "language": "Chinese",
      "pure_emoji": false
    },
    {
      "user": "Vlnchg",
      "comments": [
        "♥️"
      ],
      "language": "Other",
      "pure_emoji": true
    },
    {
      "user": "eric_cartman65",
      "comments": [
        "把一手好牌打坏了🤣"
      ],
      "language": "Chinese",
      "pure_emoji": false
    },
    {
      "user": "hankingoh",
      "comments": [
        "美国既然要退出舞台 那么中国就坐下吧 低关税 再制定规则 然后人民币交易货币 中国应该很愿意"
      ],
      "language": "Chinese",
      "pure_emoji": false
    },
    {
      "user": "hawteck1688",
      "comments": [
        "只有全球人类一辈子过苦生活"
      ],
      "language": "Chinese",
      "pure_emoji": false
    },
    {
      "user": "hong",
      "comments": [
        "👍👍👍"
      ],
      "language": "Other",
      "pure_emoji": true
    },
    {
      "user": "huaerduoduo",
      "comments": [
        "👋哈哈 看了你主页发现你的作品很有意思",
        "是华人朋友吗",
        "🥰",
        "👋你好"
      ],
      "language": "Chinese",
      "pure_emoji": false
    },
    {
      "user": "junjieyap",
      "comments": [
        "现在不搞世界警察,搞世界老赖才能赚钱🤪"
      ],
      "language": "Chinese",
      "pure_emoji": false
    },
    {
      "user": "kehsiang",
      "comments": [
        "😂😂😂😂😂"
      ],
      "language": "Other",
      "pure_emoji": true
    },
    {
      "user": "miss黄",
      "comments": [
        "😁😁"
      ],
      "language": "Other",
      "pure_emoji": true
    },
    {
      "user": "pitersoh3386436966",
      "comments": [
        "🤣🤣🤣🤣🇺🇸👎👎👎"
      ],
      "language": "Other",
      "pure_emoji": true
    },
    {
      "user": "potatoparker",
      "comments": [
        "😅😅😅"
      ],
      "language": "Other",
      "pure_emoji": true
    },
    {
      "user": "renee_xiujun",
      "comments": [
        "和winnie the poh 握手后，新闻都不一样了🤣"
      ],
      "language": "Mixed",
      "pure_emoji": false
    },
    {
      "user": "tik-tik",
      "comments": [
        "you so great who can \"rip you off\" ..you don't rip others off they should be very grateful boy..."
      ],
      "language": "English",
      "pure_emoji": false
    },
    {
      "user": "tonsing hii",
      "comments": [
        "美国😂😂"
      ],
      "language": "Chinese",
      "pure_emoji": false
    },
    {
      "user": "user7666031025807",
      "comments": [
        "川建国哈哈"
      ],
      "language": "Chinese",
      "pure_emoji": false
    },
    {
      "user": "user9971292773699",
      "comments": [
        "😳😳😳"
      ],
      "language": "Other",
      "pure_emoji": true
    },
    {
      "user": "ys",
      "comments": [
        "有公平就没有美国？美国没了世界就公平了😅"
      ],
      "language": "Chinese",
      "pure_emoji": false
    },
    {
      "user": "天接雲濤連曉霧",
      "comments": [
        "成立 全世界N-1 經濟區就好 讓美國自己玩即可 可憐的是美國人民"
      ],
      "language": "Mixed",
      "pure_emoji": false
    },
    {
      "user": "树下懒洋洋",
      "comments": [
        "你只需要说这新闻有说错那一点吗",
        "那些西方拥护者就算你说对他们也不会认同的，会把核心重点扯到那些辣鸡主题上"
      ],
      "language": "Chinese",
      "pure_emoji": false
    },
    {
      "user": "狮城游",
      "comments": [
        "美女说得好，有道理👍👍👍👍👍👍"
      ],
      "language": "Chinese",
      "pure_emoji": false
    },
    {
      "user": "真浓",
      "comments": [
        "winnle the poh是谁呀？"
      ],
      "language": "Mixed",
      "pure_emoji": false
    },
    {
      "user": "石伟",
      "comments": [
        "❤️❤️❤️👍👍👍👍👍💪💪👏👏"
      ],
      "language": "Other",
      "pure_emoji": true
    },
    {
      "user": "美、以1450綠蛆日倭賊猶太人青鳥冥禁洞必亡企轟幹",
      "comments": [
        "如名"
      ],
      "language": "Chinese",
      "pure_emoji": false
    },
    {
      "user": "蓮華",
      "comments": [
        "現在的政治人物，已經把說謊、黑心、偷換概念、實問虛答等等技能當作標配了"
      ],
      "language": "Chinese",
      "pure_emoji": false
    },
    {
      "user": "郑郑",
      "comments": [
        "👍👍👍"
      ],
      "language": "Other",
      "pure_emoji": true
    },
    {
      "user": "鑫lefai馫",
      "comments": [
        "😂😂😂"
      ],
      "language": "Other",
      "pure_emoji": true
    }
  ]
}