{
  "video_id": "7495710468477144338",
  "video_url": "https://www.tiktok.com/@zhouzheng001490/video/7495710468477144338",
  "publish_date": null,
  "comment_groups": [
    {
      "user": "Fayong Lin",
      "comments": [
        "这样说美国已经输了😃😃😃"
      ],
      "language": "Chinese",
      "pure_emoji": false
    },
    {
      "user": "user8802358237215",
      "comments": [
        "👍👍👍"
      ],
      "language": "Other",
      "pure_emoji": true
    }
  ]
}