{
  "video_id": "7492580400666021138",
  "video_url": "https://www.tiktok.com/@mrleathermen/video/7492580400666021138",
  "publish_date": null,
  "comment_groups": [
    {
      "user": "09tint9a12",
      "comments": [
        "😳😳😳"
      ],
      "language": "Other",
      "pure_emoji": true
    },
    {
      "user": "1010luhongthai",
      "comments": [
        "để thống nhất lại"
      ],
      "language": "English",
      "pure_emoji": false
    },
    {
      "user": "@doremon@(*_*)",
      "comments": [
        "Con muốn ở với ông suốt đời 🥰"
      ],
      "language": "English",
      "pure_emoji": false
    },
    {
      "user": "@job namisi ug",
      "comments": [
        "intellectual property",
        "shame on you china"
      ],
      "language": "English",
      "pure_emoji": false
    },
    {
      "user": "A tấn",
      "comments": [
        "thương bác"
      ],
      "language": "English",
      "pure_emoji": false
    },
    {
      "user": "AnhPhan",
      "comments": [
        "ông Trump thấy đc har"
      ],
      "language": "English",
      "pure_emoji": false
    },
    {
      "user": "Ańgël Aríyä",
      "comments": [
        "Lol😹"
      ],
      "language": "English",
      "pure_emoji": false
    },
    {
      "user": "BBB Shoppp",
      "comments": [
        "phải chăng ông xuất thân Từ gian khó thì đã ko có chuyện thích bắt nạt nước khác"
      ],
      "language": "English",
      "pure_emoji": false
    },
    {
      "user": "Bang Zen",
      "comments": [
        "😁😁😁"
      ],
      "language": "Other",
      "pure_emoji": true
    },
    {
      "user": "Bangbang",
      "comments": [
        "làm thế nào để bố ấy xem đc."
      ],
      "language": "English",
      "pure_emoji": false
    },
    {
      "user": "Biệt danh nấm lùn 🍄",
      "comments": [
        "😆😆😆🤣🤣🤣"
      ],
      "language": "Other",
      "pure_emoji": true
    },
    {
      "user": "Bngshj",
      "comments": [
        "Làm nhanh cái tay lên ông già"
      ],
      "language": "English",
      "pure_emoji": false
    },
    {
      "user": "Bo béo",
      "comments": [
        "Ôi tôi cười chết mất 😂"
      ],
      "language": "English",
      "pure_emoji": false
    },
    {
      "user": "Bùi Anh Tuấn",
      "comments": [
        "răng ko cho ổng cái kính"
      ],
      "language": "English",
      "pure_emoji": false
    },
    {
      "user": "Bố...NgọcAnh",
      "comments": [
        "🤣🤣🤣🤣🤣"
      ],
      "language": "Other",
      "pure_emoji": true
    },
    {
      "user": "CH.xít đẹp trai",
      "comments": [
        "các bác khác nào sĩỉ nhục ổng 😁"
      ],
      "language": "English",
      "pure_emoji": false
    },
    {
      "user": "CUONG DINH",
      "comments": [
        "🤣🤣🤣"
      ],
      "language": "Other",
      "pure_emoji": true
    },
    {
      "user": "Caliel",
      "comments": [
        "Personally I'm happy to see these posts, they do nothing but make Americans angry, they also deprived us during the Second World War, everyone knows the final result."
      ],
      "language": "English",
      "pure_emoji": false
    },
    {
      "user": "Chiều91",
      "comments": [
        "nhanh cái tay lên 5lits của tao chứ đùa à"
      ],
      "language": "English",
      "pure_emoji": false
    },
    {
      "user": "Chuyên bán xe máy",
      "comments": [
        "Làm chậm thế trừ lương 🤣"
      ],
      "language": "English",
      "pure_emoji": false
    },
    {
      "user": "Công Lý 💟🐅💟",
      "comments": [
        "😳😳😳😳"
      ],
      "language": "Other",
      "pure_emoji": true
    },
    {
      "user": "Dandhara1",
      "comments": [
        "🤣🤣🤣🤣"
      ],
      "language": "Other",
      "pure_emoji": true
    },
    {
      "user": "Doir11",
      "comments": [
        "😁😁"
      ],
      "language": "Other",
      "pure_emoji": true
    },
    {
      "user": "Edith Biddle",
      "comments": [
        "🥰🥰🥰"
      ],
      "language": "Other",
      "pure_emoji": true
    },
    {
      "user": "Ego sum",
      "comments": [
        "he would be too \"artistic\" for that job"
      ],
      "language": "English",
      "pure_emoji": false
    },
    {
      "user": "Em Trí đồ da",
      "comments": [
        "chào đồng nghiệp"
      ],
      "language": "English",
      "pure_emoji": false
    },
    {
      "user": "Fernanda Noronha",
      "comments": [
        "Agora os EUA querem recuperar o quintal de casa. Advinha: América Latina!🤡 cadê os bolsonaristas para bater palminhas!🤣🤣🤣"
      ],
      "language": "English",
      "pure_emoji": false
    },
    {
      "user": "Gia Bảo",
      "comments": [
        "Rồi rồi Mỹ sẽ có thói quen sửa lại đồ đạc trong nhà thay gì vứt nó đi"
      ],
      "language": "English",
      "pure_emoji": false
    },
    {
      "user": "Hai Ruộng Miền Đông",
      "comments": [
        "Với tốc độ làm việc như này thì ra cổng cty nhanh lắm. Nhanh cái tay lên nào"
      ],
      "language": "English",
      "pure_emoji": false
    },
    {
      "user": "Haran🦋 🦋 🦋",
      "comments": [
        "매우 잘 어울림😂😂 한땀 한땀 장인정신으로 만드시길... 욕심은 내려놓고"
      ],
      "language": "Other",
      "pure_emoji": false
    },
    {
      "user": "Heo đang giảm cân 😁",
      "comments": [
        "Ai gửi cái này cho ổng coi với 🤣"
      ],
      "language": "English",
      "pure_emoji": false
    },
    {
      "user": "Hkinta",
      "comments": [
        "Lương 6 chẹo!! Cho ông thấm cái cảnh"
      ],
      "language": "English",
      "pure_emoji": false
    },
    {
      "user": "Hoàng Duy",
      "comments": [
        "trump rất là tài giỏi và thông minh"
      ],
      "language": "English",
      "pure_emoji": false
    },
    {
      "user": "Huyentranhuyen",
      "comments": [
        "Ông trum đa nghề cây lúa , ép nc mía giờ lai may giày 🤣🤣"
      ],
      "language": "English",
      "pure_emoji": false
    },
    {
      "user": "Huyền Hải Phòng",
      "comments": [
        "ông có xem dc video kiểu này k nhỉ"
      ],
      "language": "English",
      "pure_emoji": false
    },
    {
      "user": "Huỳnh Tiên",
      "comments": [
        NaN
      ],
      "language": "English",
      "pure_emoji": false
    },
    {
      "user": "Hạnh beauty",
      "comments": [
        "Hết cấy lúa giờ đi may giày 😆😆"
      ],
      "language": "English",
      "pure_emoji": false
    },
    {
      "user": "Ione Marques de Oliv",
      "comments": [
        "🤣🤣🤣🤣🤣"
      ],
      "language": "Other",
      "pure_emoji": true
    },
    {
      "user": "JASON_FONG",
      "comments": [
        "Các bạn cứ cười chế giễu rồi các bạn thấy cái cảnh 😂 Trump bây giờ xét duyệt MXH căng lắm à."
      ],
      "language": "English",
      "pure_emoji": false
    },
    {
      "user": "Jason Liu",
      "comments": [
        "Gửi cho elonmusk"
      ],
      "language": "English",
      "pure_emoji": false
    },
    {
      "user": "Jassem Hajji",
      "comments": [
        "👍👍👍"
      ],
      "language": "Other",
      "pure_emoji": true
    },
    {
      "user": "Jeany",
      "comments": [
        "Wow he work hard 😓"
      ],
      "language": "English",
      "pure_emoji": false
    },
    {
      "user": "Jenny",
      "comments": [
        "I'm totally here for these ai videos."
      ],
      "language": "English",
      "pure_emoji": false
    },
    {
      "user": "K Kris",
      "comments": [
        "it was made in China, your job is to polish it."
      ],
      "language": "English",
      "pure_emoji": false
    },
    {
      "user": "Kha Đặng",
      "comments": [
        "🙂🙂🙂"
      ],
      "language": "Other",
      "pure_emoji": true
    },
    {
      "user": "Khang Châu Pharmacy",
      "comments": [
        "Sao Thấy Ông làm nhiều nghề vậy nhỉ 😂😂"
      ],
      "language": "English",
      "pure_emoji": false
    },
    {
      "user": "Kho Đồ Chấts",
      "comments": [
        "Nước Mỹ toàn làm nhưng sản phẩm công nghệ, trí tuệ hàng đầu, giá trị gia tăng cao...mà cứ đi so đo với các nước còn đang làm những sản phẩm dùng nhiều lao động chân tay, nuôi tôm cá, trồng cafe"
      ],
      "language": "English",
      "pure_emoji": false
    },
    {
      "user": "Kinhluanelectric",
      "comments": [
        "đã khỗ rồi mà trum còn tăng thuế nữa"
      ],
      "language": "English",
      "pure_emoji": false
    },
    {
      "user": "LeTuyet_1987",
      "comments": [
        "🥰"
      ],
      "language": "Other",
      "pure_emoji": true
    },
    {
      "user": "LiLy Kha",
      "comments": [
        "😂😂😂😂😂👍👍👍👍"
      ],
      "language": "Other",
      "pure_emoji": true
    },
    {
      "user": "Linda Davis",
      "comments": [
        "😀😅😆🤣😁😂"
      ],
      "language": "Other",
      "pure_emoji": true
    },
    {
      "user": "Loc",
      "comments": [
        "Mỹ chuyển sản xuất về Mỹ thì họ sẽ dùng công nghệ và robot, nếu cần sẽ dùng ng nhập cư phổ thông chứ ko phải để nhân công Mỹ làm tay chân vậy đâu 😅"
      ],
      "language": "English",
      "pure_emoji": false
    },
    {
      "user": "Luân Rì Diu 🤸",
      "comments": [
        "Xưa ổng chủ doanh nghiệp về bikini đúng hông ta, ngoài ra ổng còn từng sở hữu MU"
      ],
      "language": "English",
      "pure_emoji": false
    },
    {
      "user": "Lynn_🐰🐨",
      "comments": [
        "Hàng fake à"
      ],
      "language": "English",
      "pure_emoji": false
    },
    {
      "user": "Mario",
      "comments": [
        "IA MUY BUENA NO HAY MAIZZ"
      ],
      "language": "English",
      "pure_emoji": false
    },
    {
      "user": "Md Samrat",
      "comments": [
        "👍👍👍🤍🇧🇩"
      ],
      "language": "Other",
      "pure_emoji": true
    },
    {
      "user": "Minh Chánh",
      "comments": [
        "Trump thấy clip này chắc áp thuế 1000%"
      ],
      "language": "English",
      "pure_emoji": false
    },
    {
      "user": "MoD Russia Hưng",
      "comments": [
        "tôn trọng tổng thống Trump Làm cho nước Mỹ trở lại yêu nước Mũ trắng từ Hải Phòng Việt Nam 🇻🇳🤝🇺🇲 chống lại âm mưu Nhà nước ngầm illuminati Satan Chương trình nghị sự toàn cầu hóa của tinh hoa..Q."
      ],
      "language": "English",
      "pure_emoji": false
    },
    {
      "user": "Monica Mutombo",
      "comments": [
        "Working with love ❤️and determination for the well fare of American 🇺🇸 God bless you indeed and protect you President DJ Trump"
      ],
      "language": "English",
      "pure_emoji": false
    },
    {
      "user": "Mr Leathermen · 创作者",
      "comments": [
        "🤣",
        "Bác đa nghề"
      ],
      "language": "English",
      "pure_emoji": false
    },
    {
      "user": "Mr.K",
      "comments": [
        "trend tới VN rồi hả ae 😅"
      ],
      "language": "English",
      "pure_emoji": false
    },
    {
      "user": "Munichita",
      "comments": [
        "🥰"
      ],
      "language": "Other",
      "pure_emoji": true
    },
    {
      "user": "Mê Trai Đẹp 4",
      "comments": [
        "❤️❤️❤️"
      ],
      "language": "Other",
      "pure_emoji": true
    },
    {
      "user": "Mạnh Cường",
      "comments": [
        "Làm ăn ngù ngờ. cuối tháng trừ 50% lương. ok😁"
      ],
      "language": "English",
      "pure_emoji": false
    },
    {
      "user": "Mẹ Tí Nị",
      "comments": [
        "Ước gì thấy được clip mấy ông quyền cao chức trọng của v...n .... Làm vất vả như ng dân mà còn bị hút máu"
      ],
      "language": "English",
      "pure_emoji": false
    },
    {
      "user": "MỘT CHUYẾN BAY ĐÊM VNCH",
      "comments": [
        "Trump thuế 46% thì mb đối khát nhăn răng"
      ],
      "language": "English",
      "pure_emoji": false
    },
    {
      "user": "NGUYỄN THU BẪY NS 1966.B",
      "comments": [
        "🤣🤣🤣🤣🥰😅"
      ],
      "language": "Other",
      "pure_emoji": true
    },
    {
      "user": "Nadia Nadia",
      "comments": [
        "😂😂😂"
      ],
      "language": "Other",
      "pure_emoji": true
    },
    {
      "user": "Ndlovukazi",
      "comments": [
        "Are those Americans behind the cliwn"
      ],
      "language": "English",
      "pure_emoji": false
    },
    {
      "user": "Ngoc Hung Vlogs",
      "comments": [
        "Chỉ e làm video này với ạ"
      ],
      "language": "English",
      "pure_emoji": false
    },
    {
      "user": "Nguyễn Chi",
      "comments": [
        "clip TQ dựng khịa nè...😂😂...",
        "ko. biết thấy đường thây suốt chỉ ko. 🤣🤣"
      ],
      "language": "English",
      "pure_emoji": false
    },
    {
      "user": "Nguyễn Lan",
      "comments": [
        "🤣🤣🤣"
      ],
      "language": "Other",
      "pure_emoji": true
    },
    {
      "user": "Nguyễn Quý",
      "comments": [
        "Mới thấy đang ráp Iphone bên Tim Cook đã sang đây rồi.Một ngày ông chạy mấy job thế."
      ],
      "language": "English",
      "pure_emoji": false
    },
    {
      "user": "Nguyễn Trang",
      "comments": [
        "Mới thấy ông trum bán nước mía h qua may giày rồi 😁"
      ],
      "language": "English",
      "pure_emoji": false
    },
    {
      "user": "Nguyễn Tuấn 7279",
      "comments": [
        "bảo sao là tỷ phú,nghề gì cũng có mặt 🤣"
      ],
      "language": "English",
      "pure_emoji": false
    },
    {
      "user": "Ngẫn",
      "comments": [
        "Mới thấy bác tẽ từng hạt ngô mà"
      ],
      "language": "English",
      "pure_emoji": false
    },
    {
      "user": "Ngọc Bích☘️",
      "comments": [
        "K hiểu làm những video như này để làm gì luôn ấy"
      ],
      "language": "English",
      "pure_emoji": false
    },
    {
      "user": "Ngọc Mai Thị",
      "comments": [
        "🥰🥰🥰"
      ],
      "language": "Other",
      "pure_emoji": true
    },
    {
      "user": "Nick Snow",
      "comments": [
        "\"...wait these don't have 💩 in them like mine always do\" 🤔"
      ],
      "language": "English",
      "pure_emoji": false
    },
    {
      "user": "No name",
      "comments": [
        "American first"
      ],
      "language": "English",
      "pure_emoji": false
    },
    {
      "user": "Noah deck",
      "comments": [
        "Should thank to President Trump"
      ],
      "language": "English",
      "pure_emoji": false
    },
    {
      "user": "Now_ZiYou_UwU",
      "comments": [
        "ông Trump đã xem và áp thuế xuống còn 10%"
      ],
      "language": "English",
      "pure_emoji": false
    },
    {
      "user": "Olayemi Abiodun Ibrahim",
      "comments": [
        "wow never give up for your dream 😎😎"
      ],
      "language": "English",
      "pure_emoji": false
    },
    {
      "user": "Olivija",
      "comments": [
        "😂😂😂😂"
      ],
      "language": "Other",
      "pure_emoji": true
    },
    {
      "user": "Phương thúy Nguyễn",
      "comments": [
        "ông xem đc ông lại tăng thếu à"
      ],
      "language": "English",
      "pure_emoji": false
    },
    {
      "user": "Rafaela Rodrigues Pereira",
      "comments": [
        NaN
      ],
      "language": "English",
      "pure_emoji": false
    },
    {
      "user": "Rob",
      "comments": [
        "Chinese propaganda...."
      ],
      "language": "English",
      "pure_emoji": false
    },
    {
      "user": "Rodica PALL",
      "comments": [
        "🤣🤣🤣🤣🤣"
      ],
      "language": "Other",
      "pure_emoji": true
    },
    {
      "user": "SGF",
      "comments": [
        "😂🤣"
      ],
      "language": "Other",
      "pure_emoji": true
    },
    {
      "user": "SKY MPT SDN.BHD.",
      "comments": [
        NaN
      ],
      "language": "English",
      "pure_emoji": false
    },
    {
      "user": "Sasha",
      "comments": [
        "Trumpet is a hard worker. 😂😂😂😂😂😂"
      ],
      "language": "English",
      "pure_emoji": false
    },
    {
      "user": "Sasha Navasardyan",
      "comments": [
        "Work America Again"
      ],
      "language": "English",
      "pure_emoji": false
    },
    {
      "user": "SiSi Bán cả Thế Giới",
      "comments": [
        "Bcuoi vchuong"
      ],
      "language": "English",
      "pure_emoji": false
    },
    {
      "user": "Sophie",
      "comments": [
        "ông Chum nay làm việc cham chi can than quá 🥰"
      ],
      "language": "English",
      "pure_emoji": false
    },
    {
      "user": "Syifa Adelia",
      "comments": [
        "cocok tuh jadi tukang jahit 😅😅😅"
      ],
      "language": "English",
      "pure_emoji": false
    },
    {
      "user": "Sơn Nguyễn",
      "comments": [
        "mục đích của Trump là vậy mà ,giờ k làm dân thất nghiệp hết, thử các cty nước ngoài rút khỏi việt nam đi, công nhân thất nghiệp cả đống"
      ],
      "language": "English",
      "pure_emoji": false
    },
    {
      "user": "THANH BÌNH",
      "comments": [
        "Ng Mỹ ko biết có chế ảnh/video lãnh tụ nc ta như này ko 😅😅😅 , chứ ta thì đúng là ..."
      ],
      "language": "English",
      "pure_emoji": false
    },
    {
      "user": "THANH. LIỄU",
      "comments": [
        "MỸ NGÀY XƯA ĐÁNH VIỆC NAM NGÀY NAY ĐÁNH THUẾ VN. PHẢI HẬN THÙ MỸ MÃI MÃI"
      ],
      "language": "English",
      "pure_emoji": false
    },
    {
      "user": "TRầռ lOƝɠ II",
      "comments": [
        "để tao gởi cho đại sứ quán huê kỳ , +bác Tô lâm xem!"
      ],
      "language": "English",
      "pure_emoji": false
    },
    {
      "user": "Thu xin chào!",
      "comments": [
        ":)"
      ],
      "language": "Other",
      "pure_emoji": false
    },
    {
      "user": "Thuvui",
      "comments": [
        NaN
      ],
      "language": "English",
      "pure_emoji": false
    },
    {
      "user": "Thích học Zhongwen 🇨🇳",
      "comments": [
        "🤣🤣"
      ],
      "language": "Other",
      "pure_emoji": true
    },
    {
      "user": "Thư Thư",
      "comments": [
        NaN
      ],
      "language": "English",
      "pure_emoji": false
    },
    {
      "user": "ToanBC",
      "comments": [
        "🤣🤣"
      ],
      "language": "Other",
      "pure_emoji": true
    },
    {
      "user": "Tomo Rrow246",
      "comments": [
        "👏👏👏"
      ],
      "language": "Other",
      "pure_emoji": true
    },
    {
      "user": "Trang pharmacy68",
      "comments": [
        "Đôi giày nghìn tỉ 😀"
      ],
      "language": "English",
      "pure_emoji": false
    },
    {
      "user": "TrishDoesStuff 🇨🇦",
      "comments": [
        "🤣🤣🤣"
      ],
      "language": "Other",
      "pure_emoji": true
    },
    {
      "user": "Trozo",
      "comments": [
        "Las máquinas de coser Juki, son mucho mejores que las Tesla... 🤗🤗🤗🤗🤗"
      ],
      "language": "English",
      "pure_emoji": false
    },
    {
      "user": "Trần Khôi",
      "comments": [
        "Cai ăn hai chứng gà 2 quả 90k"
      ],
      "language": "English",
      "pure_emoji": false
    },
    {
      "user": "Tung Hoang",
      "comments": [
        "gép hình quá chuẩn luôn"
      ],
      "language": "English",
      "pure_emoji": false
    },
    {
      "user": "Tung Quang",
      "comments": [
        "Cái thằng bị áp 46 % lại cứ đi lo cho thằng top 1 sever 🤣"
      ],
      "language": "English",
      "pure_emoji": false
    },
    {
      "user": "Tuệ Minh",
      "comments": [
        "Vừa thấy ngồi té ngô với bin mà nhỉ nhảy việc nhanh thế"
      ],
      "language": "English",
      "pure_emoji": false
    },
    {
      "user": "Tôm Khô Mi Huỳnh",
      "comments": [
        "Sợ AI quá đi kkkk"
      ],
      "language": "English",
      "pure_emoji": false
    },
    {
      "user": "Tạp Hoá Thái Tâm",
      "comments": [
        "cố lên bạn😃 đang học theo Hàivl ấy😂 lịch đang chuẩn bị sẵn."
      ],
      "language": "English",
      "pure_emoji": false
    },
    {
      "user": "Tịnh An",
      "comments": [
        "ông này mà nhìn thấy chắc bó đầu luôn nhở"
      ],
      "language": "English",
      "pure_emoji": false
    },
    {
      "user": "Tổng Thống Donald Trumq",
      "comments": [
        "tao đi làm giầy gia từ bh vậy"
      ],
      "language": "English",
      "pure_emoji": false
    },
    {
      "user": "UFC",
      "comments": [
        "🤣🤣🤣🤣"
      ],
      "language": "Other",
      "pure_emoji": true
    },
    {
      "user": "Van Hai",
      "comments": [
        "AI đáng sợ thật"
      ],
      "language": "English",
      "pure_emoji": false
    },
    {
      "user": "Vân 1990",
      "comments": [
        "Cho đi hót … đi ad"
      ],
      "language": "English",
      "pure_emoji": false
    },
    {
      "user": "Vì Một Người",
      "comments": [
        "Đôi giày này cùng chất lượng làm ở VN giá 10 usd thì về Mỹ giá 1000 usd😂"
      ],
      "language": "English",
      "pure_emoji": false
    },
    {
      "user": "Xương Rồng Trên C695",
      "comments": [
        "ông trump làm gương cho dân quá dữ😂"
      ],
      "language": "English",
      "pure_emoji": false
    },
    {
      "user": "Yến Ngân Nè",
      "comments": [
        "Vn mình nghèo là do suy nghĩ có giới hạn, làm như chỉ mỗi TQ là có chỗ làm hàng z, Mỹ nó mà qua VN thuê đất mở nhà máy thì tốt cho VN mình",
        "K qua TQ thì Mỹ nó thiếu gì nước để đặt xưởng làm"
      ],
      "language": "English",
      "pure_emoji": false
    },
    {
      "user": "_anhxinhh_",
      "comments": [
        "😁😁😁"
      ],
      "language": "Other",
      "pure_emoji": true
    },
    {
      "user": "appleuser3693452",
      "comments": [
        "Don’t see your finger’s."
      ],
      "language": "English",
      "pure_emoji": false
    },
    {
      "user": "babigirl520_",
      "comments": [
        "thấy cũm tội"
      ],
      "language": "English",
      "pure_emoji": false
    },
    {
      "user": "bút chì",
      "comments": [
        "công nghệ gì mà ghé như thật nhỉ"
      ],
      "language": "English",
      "pure_emoji": false
    },
    {
      "user": "carmensanzetenea",
      "comments": [
        "Al fin trabajando el presi🤣🤣🤣"
      ],
      "language": "English",
      "pure_emoji": false
    },
    {
      "user": "david",
      "comments": [
        "😂😂"
      ],
      "language": "Other",
      "pure_emoji": true
    },
    {
      "user": "ekko",
      "comments": [
        "Faster com on"
      ],
      "language": "English",
      "pure_emoji": false
    },
    {
      "user": "fartbox",
      "comments": [
        "It took him a full day to produce one shoe. Tomorrow he will make the other one 😂😂"
      ],
      "language": "English",
      "pure_emoji": false
    },
    {
      "user": "felicita mongelos",
      "comments": [
        "😂😂😂😂😂😂😂"
      ],
      "language": "Other",
      "pure_emoji": true
    },
    {
      "user": "freely68",
      "comments": [
        "👏👏👏🥰🥰🥰🥰🥰🥰💕💕💕😜😜😜😜😜😜"
      ],
      "language": "Other",
      "pure_emoji": true
    },
    {
      "user": "gitano 61",
      "comments": [
        "😂😂😂😂😂😂"
      ],
      "language": "Other",
      "pure_emoji": true
    },
    {
      "user": "gà con",
      "comments": [
        "chỉ cần ép ngành mai mặc tq và VN, ưu đãi banglades thì thấy cảnh, chứ ở đó xung"
      ],
      "language": "English",
      "pure_emoji": false
    },
    {
      "user": "hay hoàng ❤️❤️",
      "comments": [
        "🤣🤣🤣"
      ],
      "language": "Other",
      "pure_emoji": true
    },
    {
      "user": "helenhampton0206",
      "comments": [
        "one shoe a month?😁😁😁😁😁😁😁😅"
      ],
      "language": "English",
      "pure_emoji": false
    },
    {
      "user": "hoa vô thường @",
      "comments": [
        "Lời chào cho những ai ủng hộ ông Trum,tổng thống Mỹ vì lợi ích nước Mỹ, VN đc gì?mà Trum còn vì lợi ích giới tài phiệt Mỹ. Đảng cộng hoà là đảng của Tư sản tài phiệt, dc là đảng của tư sản nhỏ và vua"
      ],
      "language": "English",
      "pure_emoji": false
    },
    {
      "user": "howie_k79",
      "comments": [
        "The United Slums of Americon 😁😁😁😁"
      ],
      "language": "English",
      "pure_emoji": false
    },
    {
      "user": "hải sản Tuấn thoan",
      "comments": [
        "Mỹ SX giày đat dân nghèo sao mua được"
      ],
      "language": "English",
      "pure_emoji": false
    },
    {
      "user": "ianC",
      "comments": [
        "😂😂😂😂😂😂😂😂😂😂😂😂😂😂😂"
      ],
      "language": "Other",
      "pure_emoji": true
    },
    {
      "user": "inhxuyn45",
      "comments": [
        "nay có tăng ca không Anh trum"
      ],
      "language": "English",
      "pure_emoji": false
    },
    {
      "user": "kim cương",
      "comments": [
        "😎😎😎😎"
      ],
      "language": "Other",
      "pure_emoji": true
    },
    {
      "user": "luyến lê",
      "comments": [
        "Tao hiểu tại sao mỹ lại đánh thuế VN rồi"
      ],
      "language": "English",
      "pure_emoji": false
    },
    {
      "user": "mariagraziacappa",
      "comments": [
        "😂😂😂😂😂"
      ],
      "language": "Other",
      "pure_emoji": true
    },
    {
      "user": "matcha",
      "comments": [
        "😂😂😂"
      ],
      "language": "Other",
      "pure_emoji": true
    },
    {
      "user": "minhhai1787",
      "comments": [
        "làm chính trị nó không giống đi buôn 😁"
      ],
      "language": "English",
      "pure_emoji": false
    },
    {
      "user": "moekeysirichard",
      "comments": [
        "DIY👋"
      ],
      "language": "English",
      "pure_emoji": false
    },
    {
      "user": "patta100",
      "comments": [
        "Mr President Trump immigrated to China working with chinese workers!!!!"
      ],
      "language": "English",
      "pure_emoji": false
    },
    {
      "user": "pi tơ minhdz😮‍💨",
      "comments": [
        "lý do áp thuế là đây😂"
      ],
      "language": "English",
      "pure_emoji": false
    },
    {
      "user": "pzt9064583",
      "comments": [
        "劳动的特朗普为什么没有那么奇怪，还有一些可爱啦。“幸福的生活哪里了，只有劳动最光荣”🫰"
      ],
      "language": "Chinese",
      "pure_emoji": false
    },
    {
      "user": "quan Thiện",
      "comments": [
        "Mới thấy gọt dừa ở bên tre luôn"
      ],
      "language": "English",
      "pure_emoji": false
    },
    {
      "user": "saino",
      "comments": [
        "🥰🥰🥰"
      ],
      "language": "Other",
      "pure_emoji": true
    },
    {
      "user": "sirinpas.w",
      "comments": [
        "🥰🥰🥰"
      ],
      "language": "Other",
      "pure_emoji": true
    },
    {
      "user": "soldier For God 1",
      "comments": [
        "WORK FASTER AMERICA ! WE WANT OUR SHOES TODAY NOT TOMORROW 😅😅😅😅😅😅"
      ],
      "language": "English",
      "pure_emoji": false
    },
    {
      "user": "telanjpqh9r",
      "comments": [
        "Trump doesn't like this bottom-end manufacturing. What he wants is the return of the pharmaceutical industry and the return of the semiconductor manufacturing industry."
      ],
      "language": "English",
      "pure_emoji": false
    },
    {
      "user": "tonyaupshaw",
      "comments": [
        "😂😂😂😂🤣🤣🤣"
      ],
      "language": "Other",
      "pure_emoji": true
    },
    {
      "user": "trường ơi",
      "comments": [
        "Trump thất nghiệp à"
      ],
      "language": "English",
      "pure_emoji": false
    },
    {
      "user": "tò he",
      "comments": [
        "cứ 46% là tổng thống đổi vị thế ngay 😂"
      ],
      "language": "English",
      "pure_emoji": false
    },
    {
      "user": "tớiluôn",
      "comments": [
        "ghép kiểu này ở phía đông,, là vô tòa nói chuyện rồi😂😂😂"
      ],
      "language": "English",
      "pure_emoji": false
    },
    {
      "user": "user4023065004132",
      "comments": [
        "🥰🥰🥰"
      ],
      "language": "Other",
      "pure_emoji": true
    },
    {
      "user": "user4067344313821",
      "comments": [
        "Anh Trump nhà em cứ phải làm công nhân đóng giầy mới thấu hiểu nỗi đau của người bị anh áp mức thuế đến 46% nó như nào ."
      ],
      "language": "English",
      "pure_emoji": false
    },
    {
      "user": "user4977464637662",
      "comments": [
        "Mr. President trump👍 working with all people me too please 🙏🏾"
      ],
      "language": "English",
      "pure_emoji": false
    },
    {
      "user": "user5141310329108",
      "comments": [
        "ông trùm mà coi chắc ông cười té ghế luôn"
      ],
      "language": "English",
      "pure_emoji": false
    },
    {
      "user": "user5781509314497",
      "comments": [
        "Ông làm nhiều việc quá 😂"
      ],
      "language": "English",
      "pure_emoji": false
    },
    {
      "user": "user7634046340852",
      "comments": [
        "Trump you're looking for a job, l'll give you a job cleaning. 🪠🚽👈 toilets👍😂😹 🤣😹"
      ],
      "language": "English",
      "pure_emoji": false
    },
    {
      "user": "user8101267366840",
      "comments": [
        "How r those cheap eggs coming. Lol"
      ],
      "language": "English",
      "pure_emoji": false
    },
    {
      "user": "user99354401943284",
      "comments": [
        "😁😁😁😁"
      ],
      "language": "Other",
      "pure_emoji": true
    },
    {
      "user": "usersgame",
      "comments": [
        "🤡🤡🤡"
      ],
      "language": "Other",
      "pure_emoji": true
    },
    {
      "user": "vngbotrc",
      "comments": [
        "cả thế giới đảo điên với lão này..."
      ],
      "language": "English",
      "pure_emoji": false
    },
    {
      "user": "wayne r",
      "comments": [
        "unqualified"
      ],
      "language": "English",
      "pure_emoji": false
    },
    {
      "user": "wiseguy",
      "comments": [
        "Work faster!!!"
      ],
      "language": "English",
      "pure_emoji": false
    },
    {
      "user": "Đào Hiệp",
      "comments": [
        "không nhanh tay tối ở lại tăng ca nhoé 🤣🤣🤣"
      ],
      "language": "English",
      "pure_emoji": false
    },
    {
      "user": "Đại Chivas",
      "comments": [
        "thấy khổ chưa😂"
      ],
      "language": "English",
      "pure_emoji": false
    },
    {
      "user": "Đại bàng đất cảng",
      "comments": [
        "😁😁😁😁😁"
      ],
      "language": "Other",
      "pure_emoji": true
    },
    {
      "user": "ĐẶNG VĂN VŨ",
      "comments": [
        "Mr Dona TRUMP GREAT 🥰🥰",
        "Gàu khóc đi các bạn phát xí. T. Ơi 😂"
      ],
      "language": "English",
      "pure_emoji": false
    },
    {
      "user": "Đặng Đình Thái_ IQ Group",
      "comments": [
        "Đỗ nam trung đăng lại rồi kìa 🤭🤭"
      ],
      "language": "English",
      "pure_emoji": false
    },
    {
      "user": "Định CD",
      "comments": [
        "Khổ thân ông em😂😂😂"
      ],
      "language": "English",
      "pure_emoji": false
    },
    {
      "user": "đoàn thị thống",
      "comments": [
        "❤️❤️❤️"
      ],
      "language": "Other",
      "pure_emoji": true
    },
    {
      "user": "đình giáo",
      "comments": [
        "Trum đánh thuế cao để các công ty về lại Mỹ. Giờ thiếu công nhân Trum phải ngồi may giày thôi 😂😂"
      ],
      "language": "English",
      "pure_emoji": false
    },
    {
      "user": "кабан",
      "comments": [
        "🥰🥰🥰"
      ],
      "language": "Other",
      "pure_emoji": true
    },
    {
      "user": "تسوقي مع آيلا |🛍️",
      "comments": [
        "😀😀"
      ],
      "language": "Other",
      "pure_emoji": true
    },
    {
      "user": "ปลายฝน ต้นหนาว",
      "comments": [
        "ลุงทรัมป์ทำได้"
      ],
      "language": "Other",
      "pure_emoji": false
    },
    {
      "user": "អ្នកសិក្សាជនបទ",
      "comments": [
        "How to make video like this, brother?"
      ],
      "language": "English",
      "pure_emoji": false
    },
    {
      "user": "✨𝗧𝗿ầ𝗻 𝗧𝗵à𝗻𝗵✨🇻🇳",
      "comments": [
        "biếtt vìi sao VN vẫn chậm.phát triển ko.tư duy thấpp"
      ],
      "language": "English",
      "pure_emoji": false
    },
    {
      "user": "⫷━•༻❃আসুন সবাই পরিচিত হই❃༺•━⫸",
      "comments": [
        "Donald Trump used to work in a garment factory."
      ],
      "language": "English",
      "pure_emoji": false
    },
    {
      "user": "ねこのこい.",
      "comments": [
        "😂"
      ],
      "language": "Other",
      "pure_emoji": true
    },
    {
      "user": "アロー",
      "comments": [
        "sell U.S. government bonds sell sell sell"
      ],
      "language": "English",
      "pure_emoji": false
    },
    {
      "user": "一与零的界限",
      "comments": [
        "😂😂"
      ],
      "language": "Other",
      "pure_emoji": true
    },
    {
      "user": "元 🌍yen.",
      "comments": [
        "◢🇵🇸◣　　　◢🇵🇸◣ 🇵🇸🇵🇸🇵🇸◣ ◢🇵🇸🇵🇸🇵🇸 ◥🇵🇸🇵🇸🇵🇸🇵🇸🇵🇸🇵🇸◤ 　◥🇵🇸🇵🇸🇵🇸🇵🇸◤ 　　 ◥🇵🇸🇵🇸◤ ◥◤FREE FREE 🇵🇸 🤣🤣🤣🤣"
      ],
      "language": "English",
      "pure_emoji": false
    },
    {
      "user": "小闻",
      "comments": [
        "加油 好好干"
      ],
      "language": "Chinese",
      "pure_emoji": false
    },
    {
      "user": "搬砖 日进5-10K 小白可带 了解入口：3399k.cc",
      "comments": [
        "loving",
        "Fun-"
      ],
      "language": "English",
      "pure_emoji": false
    },
    {
      "user": "无人扶我青云志",
      "comments": [
        "don't work very hard Mr presiden😂😂"
      ],
      "language": "English",
      "pure_emoji": false
    },
    {
      "user": "离开婚的丝丝",
      "comments": [
        "thank you Mr triump"
      ],
      "language": "English",
      "pure_emoji": false
    },
    {
      "user": "陶文康",
      "comments": [
        "Trump làm chăm chỉ vãi"
      ],
      "language": "English",
      "pure_emoji": false
    },
    {
      "user": "风起楚秋",
      "comments": [
        "You see, Trump is a great labor worker now."
      ],
      "language": "English",
      "pure_emoji": false
    },
    {
      "user": "괜찮아",
      "comments": [
        "트럼프 직업이 수백개네...🤣🤣🤣🤣🤣"
      ],
      "language": "Other",
      "pure_emoji": false
    },
    {
      "user": "🇻🇳 𝐓𝐢𝐧 𝐍𝐞𝐰 𝟐𝟒𝐡",
      "comments": [
        "🤗🤗🤗 ông này có mấy video zui"
      ],
      "language": "English",
      "pure_emoji": false
    },
    {
      "user": "🐰🐺FurritaMañosa🦊🥵🌸",
      "comments": [
        "No entiendo que dicen pero los apoyo💪🏻🇨🇳"
      ],
      "language": "English",
      "pure_emoji": false
    },
    {
      "user": "💐 Hoa Hồng không có gai 🍀",
      "comments": [
        "😂😂"
      ],
      "language": "Other",
      "pure_emoji": true
    },
    {
      "user": "😎😎😎😎",
      "comments": [
        "Donald Trump mil oficios está en todas 😁😁"
      ],
      "language": "English",
      "pure_emoji": false
    },
    {
      "user": "🪻殺殿馨月💧yaya.hinh🐽♑️",
      "comments": [
        NaN
      ],
      "language": "English",
      "pure_emoji": false
    }
  ]
}