{
  "video_id": "7493754595760491781",
  "video_url": "https://www.tiktok.com/@aiqiuyaping520/video/7493754595760491781",
  "publish_date": null,
  "comment_groups": [
    {
      "user": "Alex_Chiang",
      "comments": [
        "the whole world would retaliate and tariff wars escalate, American people especially those who support Trump will continue to suffer!"
      ],
      "language": "English",
      "pure_emoji": false
    },
    {
      "user": "Loon",
      "comments": [
        "另加75个国家买1000亿長期美債."
      ],
      "language": "Chinese",
      "pure_emoji": false
    },
    {
      "user": "Wee kong Lee",
      "comments": [
        "飞去美国和川普谈谈，或许你的力量有能力说服他，什么税都不需要加可能会减税"
      ],
      "language": "Chinese",
      "pure_emoji": false
    }
  ]
}