{
  "video_id": "7472820674239712558",
  "video_url": "https://www.tiktok.com/@financialboffins/video/7472820674239712558",
  "publish_date": null,
  "comment_groups": [
    {
      "user": "Aaguussz",
      "comments": [
        "My same thoughts"
      ],
      "language": "English",
      "pure_emoji": false
    },
    {
      "user": "Bouchdude",
      "comments": [
        "1933 again. It did pretty well 😂🤣"
      ],
      "language": "English",
      "pure_emoji": false
    },
    {
      "user": "Chicago-burbs explorer",
      "comments": [
        "No one plays the victim better than orange man😬😬😬 I can’t wait to pay higher prices"
      ],
      "language": "English",
      "pure_emoji": false
    },
    {
      "user": "Dave",
      "comments": [
        "Inflation is caused by money supply, nothing else"
      ],
      "language": "English",
      "pure_emoji": false
    },
    {
      "user": "David Castro6417",
      "comments": [
        "The question is will anyone be able to track the grift flowing to Trump and his cronies to manipulate this system and pick winners and losers? The answer is no."
      ],
      "language": "English",
      "pure_emoji": false
    },
    {
      "user": "Georgie Porgie",
      "comments": [
        "Where are all the people coming from for all these new jobs ? America is at full employment!"
      ],
      "language": "English",
      "pure_emoji": false
    },
    {
      "user": "Johnny Hinojosa",
      "comments": [
        "Thank you for the update and great news 💯"
      ],
      "language": "English",
      "pure_emoji": false
    },
    {
      "user": "Stevie Ray905",
      "comments": [
        "Use the tariff threat to cut a worthless deal. Maybe other countries would now have to hang a picture of Trump in public restrooms to avoid the pain"
      ],
      "language": "English",
      "pure_emoji": false
    },
    {
      "user": "TMW",
      "comments": [
        "Thanks for the neutral explanation."
      ],
      "language": "English",
      "pure_emoji": false
    },
    {
      "user": "alainpantarotto",
      "comments": [
        "oneofthe consequences is the generation of a huge badwill for all the american products and people. the american will be aislated as people because they vote for Trump. The american model is at an end"
      ],
      "language": "English",
      "pure_emoji": false
    },
    {
      "user": "baedrik",
      "comments": [
        "Yeah, the reason the entire world is sick of our ish and have to meet to decide how to deal with the issues we are creating is because WE are the victim 🤦‍♂️"
      ],
      "language": "English",
      "pure_emoji": false
    },
    {
      "user": "chuckgeurts",
      "comments": [
        "Perfectly stated, I agree"
      ],
      "language": "English",
      "pure_emoji": false
    },
    {
      "user": "ct_harris92",
      "comments": [
        "😁"
      ],
      "language": "Other",
      "pure_emoji": true
    },
    {
      "user": "forbidden",
      "comments": [
        "we need a “melt up” update"
      ],
      "language": "English",
      "pure_emoji": false
    },
    {
      "user": "happyascanbe",
      "comments": [
        "You were wrong about this"
      ],
      "language": "English",
      "pure_emoji": false
    },
    {
      "user": "manny",
      "comments": [
        "🤔"
      ],
      "language": "Other",
      "pure_emoji": true
    },
    {
      "user": "pendu",
      "comments": [
        "he's actually pretty consistent in being wrong"
      ],
      "language": "English",
      "pure_emoji": false
    },
    {
      "user": "user5238061002105",
      "comments": [
        "👏👏👏"
      ],
      "language": "Other",
      "pure_emoji": true
    },
    {
      "user": "user7772387631179",
      "comments": [
        "Go Trump"
      ],
      "language": "English",
      "pure_emoji": false
    }
  ]
}