{
  "video_id": "7495364274508877102",
  "video_url": "https://www.tiktok.com/@real_vitalii_dan/video/7495364274508877102",
  "publish_date": null,
  "comment_groups": [
    {
      "user": "$$JONNY&DEPP",
      "comments": [
        "🇺🇦🇺🇦🇺🇦"
      ],
      "language": "Other",
      "pure_emoji": true
    },
    {
      "user": "//Alexander",
      "comments": [
        "готовься к мобилизации на войну с Китаем лицемер"
      ],
      "language": "Other",
      "pure_emoji": false
    },
    {
      "user": "555",
      "comments": [
        "👍👍👍"
      ],
      "language": "Other",
      "pure_emoji": true
    },
    {
      "user": "@good@",
      "comments": [
        "🇺🇦🇺🇦🇺🇦"
      ],
      "language": "Other",
      "pure_emoji": true
    },
    {
      "user": "@€%^&◇₩£",
      "comments": [
        "ще один геостратег-многоходовочник😂"
      ],
      "language": "Other",
      "pure_emoji": false
    },
    {
      "user": "A",
      "comments": [
        "КНР молодці"
      ],
      "language": "Other",
      "pure_emoji": false
    },
    {
      "user": "ALAN STAMBUL",
      "comments": [
        "трамп поставил на колени свою страну😅 до понтовался"
      ],
      "language": "Other",
      "pure_emoji": false
    },
    {
      "user": "ALEXSIS",
      "comments": [
        "Доигрался трамп на скрипке...",
        "Доигрался трамп на скрипке..."
      ],
      "language": "Other",
      "pure_emoji": false
    },
    {
      "user": "AMABESSET",
      "comments": [
        "Америка подняла Китай и стала очень зависима от него же. Без Китая - Америке будет очень плохо. Китай в силах пережить коллапс, им не привыкать, в отличие от США"
      ],
      "language": "Other",
      "pure_emoji": false
    },
    {
      "user": "ARS",
      "comments": [
        "Чтобы реализовать грандиозные планы верхушки, им нужен именно такой безбашенный дурачок, как Трамп. Он даже сам не понимает, что пешка в чей то игре, имеющая свою задумку минимум 20 лет назад"
      ],
      "language": "Other",
      "pure_emoji": false
    },
    {
      "user": "AZILIPTIN",
      "comments": [
        "трама уже никто не слушает так и путина,слабых игроков на задний план"
      ],
      "language": "Other",
      "pure_emoji": false
    },
    {
      "user": "Adm",
      "comments": [
        "ДОИГРАЛСЯ, ОДУВАНЧИК... А НЕ ФИГ ИЗБИРАТЬ МАРАЗМАТИКОМ... 🤣🤣🤣🤣👍"
      ],
      "language": "Other",
      "pure_emoji": false
    },
    {
      "user": "Ajay",
      "comments": [
        "Пора этого типа департировать пусть идет родину защищать"
      ],
      "language": "Other",
      "pure_emoji": false
    },
    {
      "user": "AlekS",
      "comments": [
        "Китай откуда то знает одну фишку , потому Китаю зелёны1 свет ,",
        "Китай дави сша до полной капитуляции америки",
        "Перед Китаем сша ,вместе с тоампом, НИ КТО и ЗВАТЬ НИ КАК"
      ],
      "language": "Other",
      "pure_emoji": false
    },
    {
      "user": "Alex",
      "comments": [
        "Ехай в китай",
        "Ехай в китай"
      ],
      "language": "Other",
      "pure_emoji": false
    },
    {
      "user": "Alexandr Bizaev",
      "comments": [
        "Дональд САМЫЙ ХУДШИЙ ПРЕЗИДЕНТ Америки за всю историю Америки.",
        "Дональд САМЫЙ ХУДШИЙ ПРЕЗИДЕНТ Америки за всю историю Америки."
      ],
      "language": "Other",
      "pure_emoji": false
    },
    {
      "user": "Alexey",
      "comments": [
        "Трамп как царь Мидас только наоборот 👍"
      ],
      "language": "Other",
      "pure_emoji": false
    },
    {
      "user": "Alisa Sosunova",
      "comments": [
        "🤣 а это прекрасно"
      ],
      "language": "Other",
      "pure_emoji": false
    },
    {
      "user": "Alla",
      "comments": [
        "трампу Зеленський не підходить . Сам почав 😁 а тепер він нікому не підходить"
      ],
      "language": "Other",
      "pure_emoji": false
    },
    {
      "user": "Anastasia",
      "comments": [
        "Chine 💪👑"
      ],
      "language": "English",
      "pure_emoji": false
    },
    {
      "user": "Anatoliy",
      "comments": [
        "Рыжего опустили.. пока на землю, но далее будет😁"
      ],
      "language": "Other",
      "pure_emoji": false
    },
    {
      "user": "Andrew Kuzmin",
      "comments": [
        "Трамп проиграл в храп"
      ],
      "language": "Other",
      "pure_emoji": false
    },
    {
      "user": "Andrew weaver",
      "comments": [
        "когда у тебя средства производства, то μοψηο ποςλατ6 ηαχγύ βςεχ",
        "лагидна китайизация"
      ],
      "language": "Other",
      "pure_emoji": false
    },
    {
      "user": "Andrii",
      "comments": [
        "👍🇺🇦"
      ],
      "language": "Other",
      "pure_emoji": true
    },
    {
      "user": "Andrii Bezushchenko",
      "comments": [
        "Китай трампу ставе условія , не Америці , Китай трампа чють опустив😁"
      ],
      "language": "Other",
      "pure_emoji": false
    },
    {
      "user": "Andriy_13_81",
      "comments": [
        "💯🔥👍"
      ],
      "language": "Other",
      "pure_emoji": true
    },
    {
      "user": "Angelina....",
      "comments": [
        "Си понял что Трамп неадекват еще тот, неским разговаривать"
      ],
      "language": "Other",
      "pure_emoji": false
    },
    {
      "user": "Avtandil Taveluri",
      "comments": [
        "😅😅😅😅"
      ],
      "language": "Other",
      "pure_emoji": true
    },
    {
      "user": "Bau🇰🇿",
      "comments": [
        "Китай молодцы 👍"
      ],
      "language": "Other",
      "pure_emoji": false
    },
    {
      "user": "Bayern",
      "comments": [
        "Трамп это пустышка, с интеллектом 10 летнего ребенка"
      ],
      "language": "Other",
      "pure_emoji": false
    },
    {
      "user": "BeeByr",
      "comments": [
        "Трамп и Зеленский два шоумена"
      ],
      "language": "Other",
      "pure_emoji": false
    },
    {
      "user": "Bestzeva",
      "comments": [
        "красавцы💪"
      ],
      "language": "Other",
      "pure_emoji": false
    },
    {
      "user": "Bingo",
      "comments": [
        "Старые ««ысародиП«« со всех стран колотят мир перед отходом..."
      ],
      "language": "Other",
      "pure_emoji": false
    },
    {
      "user": "Buldogs",
      "comments": [
        "👍👍👍"
      ],
      "language": "Other",
      "pure_emoji": true
    },
    {
      "user": "Che",
      "comments": [
        "странно что до сегодняшнего дня никто не принимал всерьёз Китай, учитывая что они захватили весь мир в сфере торговли медленно но уверенно"
      ],
      "language": "Other",
      "pure_emoji": false
    },
    {
      "user": "Chipako Cachini",
      "comments": [
        "все у рыжего друзья 😂😂😂😂"
      ],
      "language": "Other",
      "pure_emoji": false
    },
    {
      "user": "Citizen of Ukraine",
      "comments": [
        "Не думал что доживёте? То ли ещё будет, попомнишь мои слова."
      ],
      "language": "Other",
      "pure_emoji": false
    },
    {
      "user": "DaaaaD_tt",
      "comments": [
        "Китай ничего плохого не делает! Они не агрессивные ни на кого не нападают"
      ],
      "language": "Other",
      "pure_emoji": false
    },
    {
      "user": "Darian_Kennedy",
      "comments": [
        "Эта гнида вообще никому не подходит!"
      ],
      "language": "Other",
      "pure_emoji": false
    },
    {
      "user": "Demafia",
      "comments": [
        "🤣🤣🤣"
      ],
      "language": "Other",
      "pure_emoji": true
    },
    {
      "user": "DenOdessit",
      "comments": [
        "😂😂😂"
      ],
      "language": "Other",
      "pure_emoji": true
    },
    {
      "user": "Denis",
      "comments": [
        "Это тот случай, когда авторитет просран за 3 месяца."
      ],
      "language": "Other",
      "pure_emoji": false
    },
    {
      "user": "Dente",
      "comments": [
        "Когда Китай справедливее,чем США..."
      ],
      "language": "Other",
      "pure_emoji": false
    },
    {
      "user": "Deusdet Fontes",
      "comments": [
        "Procurem saber quem foi que não cumpriu o acordo feito com a OMC, desde que foi aceita pelos outros países."
      ],
      "language": "English",
      "pure_emoji": false
    },
    {
      "user": "Dima",
      "comments": [
        "При байдете лидер Китая ездил лично в сша говорить с ним. А трампа он на одном месте вертел 🤣"
      ],
      "language": "Other",
      "pure_emoji": false
    },
    {
      "user": "Dimas",
      "comments": [
        "да в последнее время все страны его кидают через X"
      ],
      "language": "English",
      "pure_emoji": false
    },
    {
      "user": "Dnipro UA.",
      "comments": [
        "Ну это смотря для кого... Для некоторых и знающие таблицу умножения уже \"гении\"!😏😏😏"
      ],
      "language": "Other",
      "pure_emoji": false
    },
    {
      "user": "DoKa",
      "comments": [
        "😂😂😂"
      ],
      "language": "Other",
      "pure_emoji": true
    },
    {
      "user": "Don Patron",
      "comments": [
        "так Донни же заявлял, что Си его кент. Скоро малыш совсем один в песочнице останется))"
      ],
      "language": "Other",
      "pure_emoji": false
    },
    {
      "user": "Drunk_driver",
      "comments": [
        "Си красава👍"
      ],
      "language": "Other",
      "pure_emoji": false
    },
    {
      "user": "Dzmitry🦋🦋🦋",
      "comments": [
        "Это брат новый полярный мир ✌️"
      ],
      "language": "Other",
      "pure_emoji": false
    },
    {
      "user": "Edvins Strikovskis",
      "comments": [
        "😂😂😂"
      ],
      "language": "Other",
      "pure_emoji": true
    },
    {
      "user": "Elizabeth Seidman",
      "comments": [
        "Нормально так заявил. Все бы так сделали.",
        "Нормально так заявил. Все бы так сделали."
      ],
      "language": "Other",
      "pure_emoji": false
    },
    {
      "user": "Enej76",
      "comments": [
        "😂😁😂"
      ],
      "language": "Other",
      "pure_emoji": true
    },
    {
      "user": "F.U.F.TikTok🇨🇦",
      "comments": [
        "Китайский дракон уже надел медведя росии, и скоро наденет американского орла"
      ],
      "language": "Other",
      "pure_emoji": false
    },
    {
      "user": "FaRtoVuY",
      "comments": [
        "Віталя красава✌️Чому передпліччя не показав 😁😁"
      ],
      "language": "Other",
      "pure_emoji": false
    },
    {
      "user": "Fenix Faust",
      "comments": [
        "🤣🤣🤣"
      ],
      "language": "Other",
      "pure_emoji": true
    },
    {
      "user": "Filin",
      "comments": [
        "Та Трамп как ребенок на пубертатном периоде"
      ],
      "language": "Other",
      "pure_emoji": false
    },
    {
      "user": "Freya",
      "comments": [
        "👍 хоть один ему в лицо сказал что он не адекватный",
        "👍 хоть один ему в лицо сказал что он не адекватный"
      ],
      "language": "Other",
      "pure_emoji": false
    },
    {
      "user": "Gastroli Orkestra",
      "comments": [
        "може у трампа не той костюм? 🤔"
      ],
      "language": "Other",
      "pure_emoji": false
    },
    {
      "user": "Gker",
      "comments": [
        "Черговий доказ того що авторитетів в цьому світі не існує."
      ],
      "language": "Other",
      "pure_emoji": false
    },
    {
      "user": "Goldi",
      "comments": [
        "ты Шариков,как обычно перепЕрнул своего пу"
      ],
      "language": "Other",
      "pure_emoji": false
    },
    {
      "user": "Hans Schmidt210",
      "comments": [
        "Китай красава",
        "Китай красава"
      ],
      "language": "Other",
      "pure_emoji": false
    },
    {
      "user": "Hedda F.",
      "comments": [
        "🔥🔥🔥"
      ],
      "language": "Other",
      "pure_emoji": true
    },
    {
      "user": "Hellard Marines",
      "comments": [
        "будет смешно, когда Трамп агонии экономику США в пике, и США будет постепенно становится страной третьего мира, так ведь реально может произойти, хотя думаю тут не допустят, уберут его )"
      ],
      "language": "Other",
      "pure_emoji": false
    },
    {
      "user": "Holub.O",
      "comments": [
        "а ты же 3 дня тому, говорил, что не летаешь самолётами!!!👍😁😁😁😁"
      ],
      "language": "Other",
      "pure_emoji": false
    },
    {
      "user": "IOpuk Norther",
      "comments": [
        "как Трамп Зеленскому ответил)"
      ],
      "language": "Other",
      "pure_emoji": false
    },
    {
      "user": "IRON1776",
      "comments": [
        "🥰🥰🥰"
      ],
      "language": "Other",
      "pure_emoji": true
    },
    {
      "user": "Igor Korobchenko",
      "comments": [
        "Китай стал в позицию «не нужон нам ваш интернет»."
      ],
      "language": "Other",
      "pure_emoji": false
    },
    {
      "user": "Igor_Koptenko",
      "comments": [
        "Блин, зашёл в Википедию и ещё раз прочитал биографию Мао. Рекомендую. После всех унижений от Сталина (читай Вик.Некрасова) делает нормальную страну. Умер в 76, так что Тянь Ань мень не к нему."
      ],
      "language": "Other",
      "pure_emoji": false
    },
    {
      "user": "Igorrr",
      "comments": [
        "Путлер еще хуже"
      ],
      "language": "Other",
      "pure_emoji": false
    },
    {
      "user": "Ihor",
      "comments": [
        "утомил"
      ],
      "language": "Other",
      "pure_emoji": false
    },
    {
      "user": "Ilonka🥰",
      "comments": [
        "🔥🔥🔥"
      ],
      "language": "Other",
      "pure_emoji": true
    },
    {
      "user": "Ingvar",
      "comments": [
        "Правильно сказал"
      ],
      "language": "Other",
      "pure_emoji": false
    },
    {
      "user": "Inhvar",
      "comments": [
        "В истории США уже был схожий дурачок президент, после чего президентом США 5 раз подряд был демократ. Для меня Трамп расходник в какой-то игре элит США",
        "На самом деле трамп сделал очень полезную штуку, он всковернул систему и весь мир увидел Ху из Ху и в правительстве и в бизнесе США.",
        "В истории США уже был схожий дурачок президент, после чего президентом США 5 раз подряд был демократ. Для меня Трамп расходник в какой-то игре элит США"
      ],
      "language": "Other",
      "pure_emoji": false
    },
    {
      "user": "Inita Sticere",
      "comments": [
        "🤣🤣🤣"
      ],
      "language": "Other",
      "pure_emoji": true
    },
    {
      "user": "Ivailo Petrov",
      "comments": [
        "На зло куче зъл прът 😂"
      ],
      "language": "Other",
      "pure_emoji": false
    },
    {
      "user": "Ivan Sakun243",
      "comments": [
        "а може твк воно і є"
      ],
      "language": "Other",
      "pure_emoji": false
    },
    {
      "user": "J. Jonah Jameson",
      "comments": [
        "А я вам сейчас покажу, откуда н-на Беларусь готовилось нападение. И если бы мы за пол часа не нанесли привинтивный удар, по четырём позициям. Я вам сейчас покажу, я карту принёс..."
      ],
      "language": "Other",
      "pure_emoji": false
    },
    {
      "user": "John",
      "comments": [
        "что в голове у Трампа не знает никто , включая самого Трампа"
      ],
      "language": "Other",
      "pure_emoji": false
    },
    {
      "user": "KSOOK1523251",
      "comments": [
        "🔥🔥🔥"
      ],
      "language": "Other",
      "pure_emoji": true
    },
    {
      "user": "Kamarat Null",
      "comments": [
        "Трамп и его политика загонит весь мир в большой минус"
      ],
      "language": "Other",
      "pure_emoji": false
    },
    {
      "user": "KonAr",
      "comments": [
        "Никто так еще не опускал Дональда😂😂"
      ],
      "language": "Other",
      "pure_emoji": false
    },
    {
      "user": "KreatiffoPozitiffo",
      "comments": [
        "автор же вроде экономист, а не как не может понять , что во времена индустриализации, дешевая рабочая сила не имеет ключевого влияния на рост экономики, ПОТРЕБЛеНие огромным населеением данного региона , вот ключевой фактор, за такой рынок будет борьба🙂"
      ],
      "language": "Other",
      "pure_emoji": false
    },
    {
      "user": "Kura",
      "comments": [
        "👍👍👍"
      ],
      "language": "Other",
      "pure_emoji": true
    },
    {
      "user": "Lana 🆘",
      "comments": [
        "I can t engage with this topic, but feel free to ask about anything else!",
        "I can t engage with this topic, but feel free to ask about anything else!"
      ],
      "language": "English",
      "pure_emoji": false
    },
    {
      "user": "Leonid",
      "comments": [
        "Си молодец.",
        "Си молодец."
      ],
      "language": "Other",
      "pure_emoji": false
    },
    {
      "user": "Levan Berberashvili",
      "comments": [
        "😁😁😁"
      ],
      "language": "Other",
      "pure_emoji": true
    },
    {
      "user": "Lusia🍇",
      "comments": [
        "I can t provide a comment on this topic. Let me know if you d like to discuss something else.",
        "I can t provide a comment on this topic. Let me know if you d like to discuss something else."
      ],
      "language": "English",
      "pure_emoji": false
    },
    {
      "user": "MRSA",
      "comments": [
        "Так у рашки такая политика уже 500 лет длиться. Им от чего отмываться то? 😅😅😅"
      ],
      "language": "Other",
      "pure_emoji": false
    },
    {
      "user": "MaRy0",
      "comments": [
        "как я и говорил ранее , президент Китая не будет с ним играть 😁",
        "как я и говорил ранее , президент Китая не будет с ним играть 😁"
      ],
      "language": "Other",
      "pure_emoji": false
    },
    {
      "user": "Manuella",
      "comments": [
        "Він взагалі нікому не підходить 😎"
      ],
      "language": "Other",
      "pure_emoji": false
    },
    {
      "user": "Maxim Goldkopf",
      "comments": [
        "правильно , Си считает Трампа марионеткой Кремля , поэтому зачем ему встречаться с марионеткой ,если можно с сюзереном"
      ],
      "language": "Other",
      "pure_emoji": false
    },
    {
      "user": "Michael",
      "comments": [
        "зато южнокорейцы смиренно склонили голову и сказали \"мы только благодаря США развились и примем все условия\". Трамп ждёт такого отношения от всех"
      ],
      "language": "Other",
      "pure_emoji": false
    },
    {
      "user": "Mila._",
      "comments": [
        "😂👍"
      ],
      "language": "Other",
      "pure_emoji": true
    },
    {
      "user": "Mindaugas Stonkus923",
      "comments": [
        "👍👍👍"
      ],
      "language": "Other",
      "pure_emoji": true
    },
    {
      "user": "Minsk",
      "comments": [
        "Трумп думает што он джигит,",
        "Трумп думает што он джигит,"
      ],
      "language": "Other",
      "pure_emoji": false
    },
    {
      "user": "NATASHA",
      "comments": [
        "VIVA CINA👍👍👍👍 USA 👎👎👎"
      ],
      "language": "English",
      "pure_emoji": false
    },
    {
      "user": "Nataliia-Наталі",
      "comments": [
        "😲😲😲"
      ],
      "language": "Other",
      "pure_emoji": true
    },
    {
      "user": "Nazarko",
      "comments": [
        "🤣Схоже і в його карт на руках немає, (і костюма)"
      ],
      "language": "Other",
      "pure_emoji": false
    },
    {
      "user": "Non stop",
      "comments": [
        "красава брат"
      ],
      "language": "Other",
      "pure_emoji": false
    },
    {
      "user": "ODRI",
      "comments": [
        "Трамп показал слабость в отношении путина, а Китай хозяин РФ, если Трампа прогнул верный паж Си Цзиньпиня, то Трамп для него ниже путина, о чем с ним говорить."
      ],
      "language": "Other",
      "pure_emoji": false
    },
    {
      "user": "Oksana Chapman👠",
      "comments": [
        "Китай работает, Америка грабит .. вот и вся история .",
        "Китай работает, Америка грабит .. вот и вся история ."
      ],
      "language": "Other",
      "pure_emoji": false
    },
    {
      "user": "Oksana Dyetkova",
      "comments": [
        "наказание трампом всему миру за вашу трехгодичную збентеженисть",
        "наказание трампом всему миру за вашу трехгодичную збентеженисть"
      ],
      "language": "Other",
      "pure_emoji": false
    },
    {
      "user": "Oleksii Tokar",
      "comments": [
        "Хочь одна держава не прогнулася під Трампом",
        "Хочь одна держава не прогнулася під Трампом"
      ],
      "language": "Other",
      "pure_emoji": false
    },
    {
      "user": "Olena Susa1967",
      "comments": [
        "и это правда. Америка теряет позиции в мире"
      ],
      "language": "Other",
      "pure_emoji": false
    },
    {
      "user": "Olga Tovpeko316",
      "comments": [
        "а может Америка именно такая и есть как Трамп?! и нам европейцам это не понятно, не понятна такая дипломатия, такие акценты в геополитике, а там все ок американцы рады Дональду?!"
      ],
      "language": "Other",
      "pure_emoji": false
    },
    {
      "user": "Olivija",
      "comments": [
        "😂😂😂"
      ],
      "language": "Other",
      "pure_emoji": true
    },
    {
      "user": "Owl",
      "comments": [
        "😂😂😂😂😂😂😂😂😂"
      ],
      "language": "Other",
      "pure_emoji": true
    },
    {
      "user": "Pavel Coropcianu",
      "comments": [
        "😎😎😎",
        "так и нада😎😎😎"
      ],
      "language": "Other",
      "pure_emoji": false
    },
    {
      "user": "Perman",
      "comments": [
        "видел видео Дядя Батя,по поводу тебя?я до этого думал что вы вообще братья.интересно какой будет ответ от тебя"
      ],
      "language": "Other",
      "pure_emoji": false
    },
    {
      "user": "Photo_Golden_Frame",
      "comments": [
        "А я знала что так будет . Подняли Китай ."
      ],
      "language": "Other",
      "pure_emoji": false
    },
    {
      "user": "PutinHuylo",
      "comments": [
        "карта Call of Duty mobile на заднем фоне 😂"
      ],
      "language": "English",
      "pure_emoji": false
    },
    {
      "user": "Qabil Mikayılov",
      "comments": [
        "👍👍👍"
      ],
      "language": "Other",
      "pure_emoji": true
    },
    {
      "user": "Qafq.az",
      "comments": [
        "правильно и делает! своя вина"
      ],
      "language": "Other",
      "pure_emoji": false
    },
    {
      "user": "R",
      "comments": [
        "Став дату, бо я 90% твоїх відео перелистую😞",
        "Став дату, бо я 90% твоїх відео перелистую😞"
      ],
      "language": "Other",
      "pure_emoji": false
    },
    {
      "user": "ROSCOM ROSCOM",
      "comments": [
        "Китай правильно говорит. Невозможно разговаривать с дедушкой, который впал в детство😂"
      ],
      "language": "Other",
      "pure_emoji": false
    },
    {
      "user": "RUTRA",
      "comments": [
        "Трампа. На огород поставить. Ворон отпугивать. Идеал"
      ],
      "language": "Other",
      "pure_emoji": false
    },
    {
      "user": "Radov RD",
      "comments": [
        "Он до правится что и ЕС выберет Китай как своего основного партнёра. Очень жаль что мы живём в такое не простое время, ну это всё ещё лучше чем 20 и 40 годы прошлого века, но хуже чем 5 лет назад"
      ],
      "language": "Other",
      "pure_emoji": false
    },
    {
      "user": "Random Dude",
      "comments": [
        "грейт егейн, чо😂"
      ],
      "language": "Other",
      "pure_emoji": false
    },
    {
      "user": "Rankove",
      "comments": [
        "🇺🇸🇺🇸🇺🇸🇺🇸🇺🇸🇺🇸🇺🇸🇺🇸⚰️⚰️⚰️⚰️⚰️⚰️🇺🇸⚰️⚰️⚰️⚰️⚰️🪦🪦🪦🪦🪦"
      ],
      "language": "Other",
      "pure_emoji": true
    },
    {
      "user": "Remi",
      "comments": [
        "Неа"
      ],
      "language": "Other",
      "pure_emoji": false
    },
    {
      "user": "Renatas",
      "comments": [
        "💪💪💪"
      ],
      "language": "Other",
      "pure_emoji": true
    },
    {
      "user": "Rifas",
      "comments": [
        "😂😂😂"
      ],
      "language": "Other",
      "pure_emoji": true
    },
    {
      "user": "Roman Karf 🇺🇲",
      "comments": [
        "я думаю, что хорошо что Срамп у руля. Чём больше он нас всех измажет тем на дольше хватит памяти у народа. Германия вот до сих пор пытается исправить ошибки"
      ],
      "language": "Other",
      "pure_emoji": false
    },
    {
      "user": "Roman_Yuriyovich",
      "comments": [
        "К сведению,Китай произвел и использовал за 2 года бетона больше,чем сша за весь 20й век😎😎"
      ],
      "language": "Other",
      "pure_emoji": false
    },
    {
      "user": "Russ",
      "comments": [
        "переберайся на пмж в Китай 😂"
      ],
      "language": "Other",
      "pure_emoji": false
    },
    {
      "user": "SHA_blya7",
      "comments": [
        "ахахах страна стариков, это тебе Соловьев нашептал?🤣"
      ],
      "language": "Other",
      "pure_emoji": false
    },
    {
      "user": "Saha Gongadze",
      "comments": [
        "Трамп імпатент 😂😂😂",
        "Трамп імпатент 😂😂😂"
      ],
      "language": "Other",
      "pure_emoji": false
    },
    {
      "user": "Sergij",
      "comments": [
        "😁😁😁"
      ],
      "language": "Other",
      "pure_emoji": true
    },
    {
      "user": "Serhii",
      "comments": [
        "Си: у тебя нет карт, и почему ты не в тюбетейке 😁",
        "Китай не хочет разговаривать с лохами. нечего начинать войну когда у тебя плохие карты на руках. Байден не начинал эту войну, это война Трампидора."
      ],
      "language": "Other",
      "pure_emoji": false
    },
    {
      "user": "Since Quran",
      "comments": [
        "Так весь мир и поднял эти же самые соединёные штаты, изначально после второй мировой для всех сделали доллар якобы конвертируемая валюта, в итоге теперь этим же долларом на всех давят"
      ],
      "language": "Other",
      "pure_emoji": false
    },
    {
      "user": "Slavan",
      "comments": [
        "Війна Китаю і США відбудеться на протязі 2-3 років."
      ],
      "language": "Other",
      "pure_emoji": false
    },
    {
      "user": "Study",
      "comments": [
        "Китай блефует. Методичка нквд."
      ],
      "language": "Other",
      "pure_emoji": false
    },
    {
      "user": "TABAK_UKRAINA GERMES",
      "comments": [
        "все интересное ещё впереди"
      ],
      "language": "Other",
      "pure_emoji": false
    },
    {
      "user": "Tanya",
      "comments": [
        "💜💜💜💜💜💜💜💜💜💜💜💜💜💜💜💜💜💜💜💜💜💜💜💜💜"
      ],
      "language": "Other",
      "pure_emoji": true
    },
    {
      "user": "Tarion  Leonides",
      "comments": [
        "сэшэа не конкурент Китаю в торговой война"
      ],
      "language": "Other",
      "pure_emoji": false
    },
    {
      "user": "Tasha_love80",
      "comments": [
        "Мир перевернувся вже давно і це наслідки"
      ],
      "language": "Other",
      "pure_emoji": false
    },
    {
      "user": "The same guy",
      "comments": [
        "Всегда в геополитическом противостоянии симпатизировал США. Но после прихода Трампа я уже на стороне Китая. Просто поэтому что Си адекватный.",
        "Всегда в геополитическом противостоянии симпатизировал США. Но после прихода Трампа я уже на стороне Китая. Просто поэтому что Си адекватный."
      ],
      "language": "Other",
      "pure_emoji": false
    },
    {
      "user": "TrueUkraine",
      "comments": [
        "просто у трампа нету карт что бы разговаривать с КНР",
        "просто у трампа нету карт что бы разговаривать с КНР"
      ],
      "language": "Other",
      "pure_emoji": false
    },
    {
      "user": "USTAS",
      "comments": [
        "в що ви хотіли, США це дно стало, і Трамп дуже прагне просрати повністю країну."
      ],
      "language": "Other",
      "pure_emoji": false
    },
    {
      "user": "Ugine779",
      "comments": [
        "😂😂😂"
      ],
      "language": "Other",
      "pure_emoji": true
    },
    {
      "user": "UserTheDay",
      "comments": [
        "А то что Трамп хочет этой сделкой ограничить связь КНДР с РФ в то числе связь ВПК этих стран, эту деталь мы нахуй обсуждать не будет Трамп все равно придурок, да???"
      ],
      "language": "Other",
      "pure_emoji": false
    },
    {
      "user": "VASILISA",
      "comments": [
        "Респект китайцу.Он знает цену себе,и оценил этого рыжего маразматика.Разговаривать нужно с равными,а не с путинским памперсом."
      ],
      "language": "Other",
      "pure_emoji": false
    },
    {
      "user": "Valentyna Katrych",
      "comments": [
        "Трамп назвал китайцев- РАБАМИ! Он их не то, что оскорбил, он их обидел!"
      ],
      "language": "Other",
      "pure_emoji": false
    },
    {
      "user": "Valerii Kostakov",
      "comments": [
        "🔥🔥🔥"
      ],
      "language": "Other",
      "pure_emoji": true
    },
    {
      "user": "Valerij",
      "comments": [
        "Ну да а теперь Китай имеет все технологии"
      ],
      "language": "Other",
      "pure_emoji": false
    },
    {
      "user": "Valik Budiakovskyy",
      "comments": [
        "😂😂😂"
      ],
      "language": "Other",
      "pure_emoji": true
    },
    {
      "user": "ValyRem",
      "comments": [
        "Какой позор, только хара кири😝"
      ],
      "language": "Other",
      "pure_emoji": false
    },
    {
      "user": "Vandi",
      "comments": [
        "😂😂😂"
      ],
      "language": "Other",
      "pure_emoji": true
    },
    {
      "user": "Vesn@",
      "comments": [
        "та він по ходу нікому не підходить)"
      ],
      "language": "Other",
      "pure_emoji": false
    },
    {
      "user": "Vitaliy",
      "comments": [
        "Китай дипломатическим языком пояснил, что будет разговаривать с интеллектуально оснащёнными, а не просто с оболочкой 🤣",
        "всё правильно поняли 🤣🤣🤣",
        "Китай дипломатическим языком пояснил, что будет разговаривать с интеллектуально оснащёнными, а не просто с оболочкой 🤣"
      ],
      "language": "Other",
      "pure_emoji": false
    },
    {
      "user": "Vitaliy!!!🇺🇦🇪🇸",
      "comments": [
        "😂😂👍👍👍👍"
      ],
      "language": "Other",
      "pure_emoji": true
    },
    {
      "user": "Vova",
      "comments": [
        "Респект господину СИ!",
        "Респект господину СИ!"
      ],
      "language": "Other",
      "pure_emoji": false
    },
    {
      "user": "Wicky",
      "comments": [
        "Если честно было один раз когда китайская делегация послала чиновника из США прям туда.Есть же где-то видео.Конкуренция:ученик произошел учителя.Но меня интересует ЕС, поэтому хочу знать как Китай на"
      ],
      "language": "Other",
      "pure_emoji": false
    },
    {
      "user": "Wishmaster_UA",
      "comments": [
        "🔥🔥🔥"
      ],
      "language": "Other",
      "pure_emoji": true
    },
    {
      "user": "Yosip Visotskyi",
      "comments": [
        "💪"
      ],
      "language": "Other",
      "pure_emoji": true
    },
    {
      "user": "ZeuAstekMD",
      "comments": [
        "СЛАВА СИ ЦЗИНЬПИНУ🙏❤️СЛАВА КИТАЮ 🇨🇳❤️АНГЕЛА ХРАНИТЕЛЯ КАЖДОМУ ИЗ ВАС 🙏❤️БОЖЕ ХРАНИ КИТАЙ🙏❤️СПАСИБО НАШИ МАЛЬЧИКИ 🙏❤️🇨🇳 ЧТО ПОДДЕРЖИВАЕТЕ НАШИХ МАЛЬЧИКОВ В КИТАЕ❤️🇨🇳 ХРАНИ ВАС"
      ],
      "language": "Other",
      "pure_emoji": false
    },
    {
      "user": "Zigzag",
      "comments": [
        "Никуда Китай не денется…. Прогнется"
      ],
      "language": "Other",
      "pure_emoji": false
    },
    {
      "user": "ZoeFachArt",
      "comments": [
        "америка всё....."
      ],
      "language": "Other",
      "pure_emoji": false
    },
    {
      "user": "aberdalion",
      "comments": [
        "У Китая на руках все карты, ибо почти все фабрики и заводы там, даже если сами бренды уйдут у них есть технологии и свои бренды и могут продавать тоже самое дешевле. США же просто сдуется в этой войне"
      ],
      "language": "Other",
      "pure_emoji": false
    },
    {
      "user": "afjjw599",
      "comments": [
        "А все потому что Си хочет серьезный диалог, но у Трампа сыр в голове. Сегодня одно, а завтра другое."
      ],
      "language": "Other",
      "pure_emoji": false
    },
    {
      "user": "aholstens",
      "comments": [
        "🤣🤣🤣"
      ],
      "language": "Other",
      "pure_emoji": true
    },
    {
      "user": "aleks",
      "comments": [
        "конечно не подходит он не боится китая",
        "Китай и Европа страны стариков. им нет шанса Америка сломает хоть и большой кровью",
        "конечно не подходит он не боится китая"
      ],
      "language": "Other",
      "pure_emoji": false
    },
    {
      "user": "alex",
      "comments": [
        "правильно, нужно ещё в угол поставить трампа.🤣 не серьёзный человек бросается словами и не отвечает за свои слова.."
      ],
      "language": "Other",
      "pure_emoji": false
    },
    {
      "user": "alex_kh",
      "comments": [
        "👍👍👍Си красавчик",
        "👍👍👍Си красавчик"
      ],
      "language": "Other",
      "pure_emoji": false
    },
    {
      "user": "antoninapankova1",
      "comments": [
        "🥰🥰🥰"
      ],
      "language": "Other",
      "pure_emoji": true
    },
    {
      "user": "antonio",
      "comments": [
        "им похер они имеют недра россии и Казахстана"
      ],
      "language": "Other",
      "pure_emoji": false
    },
    {
      "user": "batman",
      "comments": [
        "😅😅😅"
      ],
      "language": "Other",
      "pure_emoji": true
    },
    {
      "user": "bearmetal8",
      "comments": [
        "офигеть , американцы выбрали себе президента - лоха, который ссытся от возможности общаться с Путиным и с удовольствием сделал бы ему королевский..."
      ],
      "language": "Other",
      "pure_emoji": false
    },
    {
      "user": "dqd",
      "comments": [
        "Китайцы не шутят"
      ],
      "language": "Other",
      "pure_emoji": false
    },
    {
      "user": "dy648hjxxbtm",
      "comments": [
        "Китай на данний момент дуже сильна держава."
      ],
      "language": "Other",
      "pure_emoji": false
    },
    {
      "user": "dygazsxnfe9u",
      "comments": [
        "Помню, были времена, когда Мао отказывался общаться с американцами. Примерно в те же времена несколько десятков миллионов китайцев погибли от голода"
      ],
      "language": "Other",
      "pure_emoji": false
    },
    {
      "user": "dyu2ibkwcscc",
      "comments": [
        "👏👏👏"
      ],
      "language": "Other",
      "pure_emoji": true
    },
    {
      "user": "evgenevgenevgens",
      "comments": [
        "5и310а60ли0а"
      ],
      "language": "Other",
      "pure_emoji": false
    },
    {
      "user": "foxmalder",
      "comments": [
        "Китай первая экономика"
      ],
      "language": "Other",
      "pure_emoji": false
    },
    {
      "user": "fred",
      "comments": [
        "😳😳😳"
      ],
      "language": "Other",
      "pure_emoji": true
    },
    {
      "user": "galina",
      "comments": [
        "❤❤❤"
      ],
      "language": "Other",
      "pure_emoji": false
    },
    {
      "user": "gontarivan08",
      "comments": [
        "😂😂😂"
      ],
      "language": "Other",
      "pure_emoji": true
    },
    {
      "user": "guja1969",
      "comments": [
        "Китай самый сильный страна, спящий дракон. увидим скоро что сделает Китай."
      ],
      "language": "Other",
      "pure_emoji": false
    },
    {
      "user": "igor10110313",
      "comments": [
        "Я тоже думал, что США первая в мире. Но факты говорят об обратном: Китай выдвигает условия, а Европа больше не надеется на поддержку со стороны США",
        "Я тоже думал, что США первая в мире. Но факты говорят об обратном: Китай выдвигает условия, а Европа больше не надеется на поддержку со стороны США"
      ],
      "language": "Other",
      "pure_emoji": false
    },
    {
      "user": "igorv1231",
      "comments": [
        "КИТАЙЦІ СІЛИ НА БЕРЕЗІ І ЧЕКАЮТЬ КОЛИ ТРУП ВОРОГА ПРОПЛИВЕ ВНИЗ ЗА ТЕЧІЄЮ 💯🤪😜😛🤩🥳"
      ],
      "language": "Other",
      "pure_emoji": false
    },
    {
      "user": "irina samonina",
      "comments": [
        "Что-то в политике происходит ужасное. такие важные должности занимаются старые маразматики"
      ],
      "language": "Other",
      "pure_emoji": false
    },
    {
      "user": "iva",
      "comments": [
        "Піджак не той😁",
        "Піджак не той😁"
      ],
      "language": "Other",
      "pure_emoji": false
    },
    {
      "user": "jako",
      "comments": [
        "добро пожаловать в реальность."
      ],
      "language": "Other",
      "pure_emoji": false
    },
    {
      "user": "janapapp188",
      "comments": [
        "Извините, но кто-нибудь, на конец-то, должен был поставить этого клоуна на место."
      ],
      "language": "Other",
      "pure_emoji": false
    },
    {
      "user": "janna.270",
      "comments": [
        "а он никому не подходит, только рашке"
      ],
      "language": "Other",
      "pure_emoji": false
    },
    {
      "user": "jokerx",
      "comments": [
        "Виталик, давай домой обратно, прекращай"
      ],
      "language": "Other",
      "pure_emoji": false
    },
    {
      "user": "khanasparuh681 🇦🇹🇧🇬",
      "comments": [
        "👍👍👍"
      ],
      "language": "Other",
      "pure_emoji": true
    },
    {
      "user": "kimi89000",
      "comments": [
        "😂😂😂👍👍"
      ],
      "language": "Other",
      "pure_emoji": true
    },
    {
      "user": "kohadmkilhk",
      "comments": [
        "Америке долго будут вспоминать правление Трампа.Не факт,что вообще удастся отмыться от грязи Трампа!😏",
        "Америке долго будут вспоминать правление Трампа.Не факт,что вообще удастся отмыться от грязи Трампа!😏"
      ],
      "language": "Other",
      "pure_emoji": false
    },
    {
      "user": "mikueliustop",
      "comments": [
        "Пуйло це говввно",
        "З Трамподебілом ніхто не хоче мати справи. Тупориле США, понавибирало 🤣"
      ],
      "language": "Other",
      "pure_emoji": false
    },
    {
      "user": "mom0000001",
      "comments": [
        "Ну и зря сомневался в Китае.Я ни сколько не сомневалась.Китай достаточно сильный противник и даже без производств сша он бы поднялся.Я их опасаюсь,но нынешний президент Китая адекватный"
      ],
      "language": "Other",
      "pure_emoji": false
    },
    {
      "user": "mukola",
      "comments": [
        "😂😂😂"
      ],
      "language": "Other",
      "pure_emoji": true
    },
    {
      "user": "natalia_440",
      "comments": [
        "Розумію президента Китаю 🙂"
      ],
      "language": "Other",
      "pure_emoji": false
    },
    {
      "user": "nazarii_d",
      "comments": [
        "Американці шовіністи - це так називається"
      ],
      "language": "Other",
      "pure_emoji": false
    },
    {
      "user": "nightmare",
      "comments": [
        "«Интелектуально оснащённым”?😂то есть интелектуально оборудованный(слова синонимы)-это сильно."
      ],
      "language": "Other",
      "pure_emoji": false
    },
    {
      "user": "nik.TO",
      "comments": [
        "Даже ТЫ думал, даже Доня думал, а Си сделал, Америка думала что командует миром. Розовые очки треснули, нужно жить по средствам, но даже на это денег нет, только долг 37 трлн., печаль))))"
      ],
      "language": "Other",
      "pure_emoji": false
    },
    {
      "user": "nikita",
      "comments": [
        "си красавчик 🤣🤣🤣"
      ],
      "language": "Other",
      "pure_emoji": false
    },
    {
      "user": "otto4422",
      "comments": [
        "А Китай на хоче припинити війну в Україні? Америка не справилась.!"
      ],
      "language": "Other",
      "pure_emoji": false
    },
    {
      "user": "pashka",
      "comments": [
        "😂😂😂"
      ],
      "language": "Other",
      "pure_emoji": true
    },
    {
      "user": "pelletov",
      "comments": [
        "Мне кажется ему нашептал на ухо северный сосед😬"
      ],
      "language": "Other",
      "pure_emoji": false
    },
    {
      "user": "pirozhok",
      "comments": [
        "А у Трампа есть высшее образование? Университет кончал? А в 13 веке чтобы получить аудиенцию у Китайского императора европейские послы шли гусиным шагом метров 500."
      ],
      "language": "Other",
      "pure_emoji": false
    },
    {
      "user": "prezaya",
      "comments": [
        "Трамп уже и Америке вообще не подходит",
        "Трамп уже и Америке вообще не подходит"
      ],
      "language": "Other",
      "pure_emoji": false
    },
    {
      "user": "ptn-PNH",
      "comments": [
        "правильно, дони не легитимен! fdt!"
      ],
      "language": "English",
      "pure_emoji": false
    },
    {
      "user": "ptnpnh",
      "comments": [
        "🔥🔥🔥"
      ],
      "language": "Other",
      "pure_emoji": true
    },
    {
      "user": "pyk777",
      "comments": [
        "просто в трампона нема козирів"
      ],
      "language": "Other",
      "pure_emoji": false
    },
    {
      "user": "remefe",
      "comments": [
        "Дружок, это только начало😉"
      ],
      "language": "Other",
      "pure_emoji": false
    },
    {
      "user": "santiah9-29",
      "comments": [
        "ну и...величие штатов...вместе с украиной где там?😁😁😁"
      ],
      "language": "Other",
      "pure_emoji": false
    },
    {
      "user": "semenchik",
      "comments": [
        "почему в Китай не поедешь умник ?)"
      ],
      "language": "Other",
      "pure_emoji": false
    },
    {
      "user": "senis",
      "comments": [
        "😂😂😂"
      ],
      "language": "Other",
      "pure_emoji": true
    },
    {
      "user": "sergiys74",
      "comments": [
        "давно існує торгова асоціація міжнародна а правителі всього лише фігури на дошці тому доки Трамп не буде відповідати асоціації з ним справ ніхто не вестиме"
      ],
      "language": "Other",
      "pure_emoji": false
    },
    {
      "user": "sisitspisits",
      "comments": [
        "😂😂😂"
      ],
      "language": "Other",
      "pure_emoji": true
    },
    {
      "user": "spudimin",
      "comments": [
        "Просто шестерка с королем никогда рядом лежать не будут 🤭"
      ],
      "language": "Other",
      "pure_emoji": false
    },
    {
      "user": "tatanapavlenko25",
      "comments": [
        "😂😂😂",
        "в Америке плыли плыли и на берегу всрались"
      ],
      "language": "Other",
      "pure_emoji": false
    },
    {
      "user": "thank you",
      "comments": [
        "Ну ты и сказочник видно, что это не ты а компьютерная графика и человек неможет быть таким умным скорее всего это как-то мощная нейронка вот везде это обман."
      ],
      "language": "Other",
      "pure_emoji": false
    },
    {
      "user": "user Дима 438",
      "comments": [
        "Байден. был хороший"
      ],
      "language": "Other",
      "pure_emoji": false
    },
    {
      "user": "user-ололош",
      "comments": [
        "вот если выметут этого вэнса, может китайские \"пейзаны\" и сядут договариватся."
      ],
      "language": "Other",
      "pure_emoji": false
    },
    {
      "user": "user0dbnbqydhk",
      "comments": [
        "вітаю у вас також є найвеличніший😆😅😂🤣",
        "вітаю у вас також є найвеличніший😆😅😂🤣"
      ],
      "language": "Other",
      "pure_emoji": false
    },
    {
      "user": "user1436406767563",
      "comments": [
        "Китай сила 🇨🇳🦾"
      ],
      "language": "Other",
      "pure_emoji": false
    },
    {
      "user": "user1974569502252",
      "comments": [
        "за Трампом 300 млн.американцев, за Макроном Европейский союз 500 млн.,за Си млрд.китайцев, Путин пусть под лавкой сидит со своим населением, которого только 140 млн."
      ],
      "language": "Other",
      "pure_emoji": false
    },
    {
      "user": "user198321215",
      "comments": [
        "😂😂😂."
      ],
      "language": "Other",
      "pure_emoji": false
    },
    {
      "user": "user2813923450920",
      "comments": [
        "сша пустышка,сейчас лидер мира-Китай"
      ],
      "language": "Other",
      "pure_emoji": false
    },
    {
      "user": "user287311965",
      "comments": [
        "Трамп несерйозна людина та ненадійний партнер, тому не дивно"
      ],
      "language": "Other",
      "pure_emoji": false
    },
    {
      "user": "user3071846431226",
      "comments": [
        "@понятно ты в Китай летишь"
      ],
      "language": "Other",
      "pure_emoji": false
    },
    {
      "user": "user3258528223597",
      "comments": [
        "он не походит всем ,даже пу..."
      ],
      "language": "Other",
      "pure_emoji": false
    },
    {
      "user": "user3978009072202",
      "comments": [
        "Он имел ввиду ,что сумасшедший трамп не может быть стороной переговоров! Вести переговоры с умолишонным это самого себя не уважать!!!"
      ],
      "language": "Other",
      "pure_emoji": false
    },
    {
      "user": "user4336524570569",
      "comments": [
        "Скорее всего китай не хочет выглядеть важнее америки и диктовать им условия. Но трамп именно непоследовательный. Как ему доверять? Балабол. Временно одаренный властью."
      ],
      "language": "Other",
      "pure_emoji": false
    },
    {
      "user": "user4718077137434",
      "comments": [
        "🤣🤣🤣"
      ],
      "language": "Other",
      "pure_emoji": true
    },
    {
      "user": "user56657",
      "comments": [
        "правильно делает Китай"
      ],
      "language": "Other",
      "pure_emoji": false
    },
    {
      "user": "user6117345950313",
      "comments": [
        "Экономика Китая скоро придет крах, лидер Китая уже пошел по миру с жалостливой просьбой купить китайские товары 🤣",
        "Даже как-то жалко стало лидера китая🤣"
      ],
      "language": "Other",
      "pure_emoji": false
    },
    {
      "user": "user6257820125002",
      "comments": [
        "А разве Китай не прав?"
      ],
      "language": "Other",
      "pure_emoji": false
    },
    {
      "user": "user6326210967963",
      "comments": [
        "СИ. Мужик! Трамп против него даже не взлетает",
        "СИ. Мужик! Трамп против него даже не взлетает"
      ],
      "language": "Other",
      "pure_emoji": false
    },
    {
      "user": "user6850359239146",
      "comments": [
        "😂😂😂"
      ],
      "language": "Other",
      "pure_emoji": true
    },
    {
      "user": "user6950719985888",
      "comments": [
        "Короче послал Трампа 🤣🤣🤣🤣"
      ],
      "language": "Other",
      "pure_emoji": false
    },
    {
      "user": "user7172478396318",
      "comments": [
        "Китай,тяжело но перетерпит санкции.А США привыкшие на товары из китая навряд ли От зубочисток ,одежды,тв панелей,солнечных батарей и много чего не проживут.Магазин в США всё по 1$ ,будет стоить 5$.",
        "Китай,тяжело но перетерпит санкции.А США привыкшие на товары из китая навряд ли От зубочисток ,одежды,тв панелей,солнечных батарей и много чего не проживут.Магазин в США всё по 1$ ,будет стоить 5$."
      ],
      "language": "Other",
      "pure_emoji": false
    },
    {
      "user": "user7666891695038",
      "comments": [
        "👍👍👍"
      ],
      "language": "Other",
      "pure_emoji": true
    },
    {
      "user": "user82416793693680",
      "comments": [
        "🔥🔥🔥"
      ],
      "language": "Other",
      "pure_emoji": true
    },
    {
      "user": "user8sx1v7k74h",
      "comments": [
        "Китайці красавци, Трамп просто гімнить кусок"
      ],
      "language": "Other",
      "pure_emoji": false
    },
    {
      "user": "user9175463274711",
      "comments": [
        "щоб Трамп вже не робив, Сполучені Штати не повернуть довіри"
      ],
      "language": "Other",
      "pure_emoji": false
    },
    {
      "user": "user9266266754129",
      "comments": [
        "просто китайців бісить костюм трампа"
      ],
      "language": "Other",
      "pure_emoji": false
    },
    {
      "user": "user9yu0jd7wyt",
      "comments": [
        "Китай очень сильно обиделся"
      ],
      "language": "Other",
      "pure_emoji": false
    },
    {
      "user": "userfwm3km2jx7",
      "comments": [
        "😂😂😂"
      ],
      "language": "Other",
      "pure_emoji": true
    },
    {
      "user": "val1234567ent",
      "comments": [
        "А я никогда не думала, что буду видеть президента США в таких мемах! Но... видимо, заслужил..."
      ],
      "language": "Other",
      "pure_emoji": false
    },
    {
      "user": "vertu",
      "comments": [
        "ты в Китай летишь?🙂 слышу фон на китайском💪"
      ],
      "language": "Other",
      "pure_emoji": false
    },
    {
      "user": "yayatidas",
      "comments": [
        "таки не подходит🔥"
      ],
      "language": "Other",
      "pure_emoji": false
    },
    {
      "user": "zhenya_kozintsev",
      "comments": [
        "Что, пора тебе в Китай переезжать получается"
      ],
      "language": "Other",
      "pure_emoji": false
    },
    {
      "user": "|BANKAI🌹カミシン・ノ・ヤラ",
      "comments": [
        "айй тигр",
        "айй тигр"
      ],
      "language": "Other",
      "pure_emoji": false
    },
    {
      "user": "Özgür",
      "comments": [
        "Видимо, не главное, чтобы костюмчик сидел😂"
      ],
      "language": "Other",
      "pure_emoji": false
    },
    {
      "user": "Ігор",
      "comments": [
        "а царь то не настоящий😄😄😄"
      ],
      "language": "Other",
      "pure_emoji": false
    },
    {
      "user": "Александр",
      "comments": [
        "агент краснов в деле"
      ],
      "language": "Other",
      "pure_emoji": false
    },
    {
      "user": "Александр Демчук751",
      "comments": [
        "Да Изгой Трамп так не роботают с Китаем."
      ],
      "language": "Other",
      "pure_emoji": false
    },
    {
      "user": "Александр Збараж",
      "comments": [
        "😆😆😆рыжий сам сеья обо.....!"
      ],
      "language": "Other",
      "pure_emoji": false
    },
    {
      "user": "Алина Павлова",
      "comments": [
        "ніхто не прогнувся під Америкою, Трамп ніхто , він просто клоун",
        "ніхто не прогнувся під Америкою, Трамп ніхто , він просто клоун"
      ],
      "language": "Other",
      "pure_emoji": false
    },
    {
      "user": "Алмаз",
      "comments": [
        "Китай порвал бренды Америки и Европы",
        "Китай порвал бренды Америки и Европы"
      ],
      "language": "Other",
      "pure_emoji": false
    },
    {
      "user": "Анастасия Николаева",
      "comments": [
        "😂😂😂😂 это трындец"
      ],
      "language": "Other",
      "pure_emoji": false
    },
    {
      "user": "Андрій Валевский",
      "comments": [
        "Трамп розбалансірував все з усіма.Почався розвал США.Катастрофа близько."
      ],
      "language": "Other",
      "pure_emoji": false
    },
    {
      "user": "Артур Штефан",
      "comments": [
        "якщо китайці в америці заблокують роботу .оппа індексу доу Сема🤣🤣🤣🤣",
        "якщо китайці в америці заблокують роботу .оппа індексу доу Сема🤣🤣🤣🤣"
      ],
      "language": "Other",
      "pure_emoji": false
    },
    {
      "user": "Асхат",
      "comments": [
        "💯💯💯"
      ],
      "language": "Other",
      "pure_emoji": true
    },
    {
      "user": "Барак Иванов",
      "comments": [
        "получается Володька это вообще не проблема настоящая проблема это была Китай"
      ],
      "language": "Other",
      "pure_emoji": false
    },
    {
      "user": "ВПАДИНА ТАЙН",
      "comments": [
        "😳😳😳"
      ],
      "language": "Other",
      "pure_emoji": true
    },
    {
      "user": "Валерий Харьков 605",
      "comments": [
        "🥰🥰🥰🥰🥰🥰"
      ],
      "language": "Other",
      "pure_emoji": true
    },
    {
      "user": "Валерий Юрков",
      "comments": [
        "интересно у блондинов такой же побочный эффект как у блондинок?",
        "интересно у блондинов такой же побочный эффект как у блондинок?"
      ],
      "language": "Other",
      "pure_emoji": false
    },
    {
      "user": "Валерия",
      "comments": [
        "рублик в карму , тебя вроде и не спрашивали за Зеленского.",
        "🙈ну потому что эта клоунада трампа уже не впечатляет разумных людей"
      ],
      "language": "Other",
      "pure_emoji": false
    },
    {
      "user": "Вася Головчук",
      "comments": [
        "❤❤❤"
      ],
      "language": "Other",
      "pure_emoji": false
    },
    {
      "user": "Веталь",
      "comments": [
        "Будет движуха, nomber 3!😏😏😏"
      ],
      "language": "English",
      "pure_emoji": false
    },
    {
      "user": "Виктор Лихачев",
      "comments": [
        "😆😆😆"
      ],
      "language": "Other",
      "pure_emoji": true
    },
    {
      "user": "ВиталST",
      "comments": [
        "Донни мой кумир, давай Донни газуй"
      ],
      "language": "Other",
      "pure_emoji": false
    },
    {
      "user": "Виталий Гришанов",
      "comments": [
        "Китай сила"
      ],
      "language": "Other",
      "pure_emoji": false
    },
    {
      "user": "Влад SeVi246",
      "comments": [
        "Плохо Трамп Карты играет, возможно не в тех шмотках ходит"
      ],
      "language": "Other",
      "pure_emoji": false
    },
    {
      "user": "Владимир Воробьёв",
      "comments": [
        "Америка стала половым ковриком, для вытирания ног. Поздравляю"
      ],
      "language": "Other",
      "pure_emoji": false
    },
    {
      "user": "Володимир Голуб",
      "comments": [
        "Дааа , уж."
      ],
      "language": "Other",
      "pure_emoji": false
    },
    {
      "user": "Ворон",
      "comments": [
        "👍👍👍👍👍"
      ],
      "language": "Other",
      "pure_emoji": true
    },
    {
      "user": "Віктор Україна",
      "comments": [
        "Думаю, завдяки лайнюку трампу, Світ чекає на переформування. Нажаль, історія США вичерпалася."
      ],
      "language": "Other",
      "pure_emoji": false
    },
    {
      "user": "Віталій 2161485332756",
      "comments": [
        "посадив в калошу \"оскароносного\" трампа.не очікував\"заслужений\" на таке ставлення, а далі буде цікавіше."
      ],
      "language": "Other",
      "pure_emoji": false
    },
    {
      "user": "Віталій Чоповда",
      "comments": [
        "трамп мудак галимий"
      ],
      "language": "Other",
      "pure_emoji": false
    },
    {
      "user": "Джокер 🇺🇦❤️",
      "comments": [
        "Си правильно говорит🤣",
        "Си правильно говорит🤣"
      ],
      "language": "Other",
      "pure_emoji": false
    },
    {
      "user": "Дмитро",
      "comments": [
        "😂😂😂"
      ],
      "language": "Other",
      "pure_emoji": true
    },
    {
      "user": "Елена Билим",
      "comments": [
        "Это стыдно....как же он быстро опустил страну!!!🥺🥺🥺"
      ],
      "language": "Other",
      "pure_emoji": false
    },
    {
      "user": "Елена Чебаненко",
      "comments": [
        "💯💯💯💯💯💯💯💯💯💯💯💯💯🥰🥰🥰🥰🥰🥰🥰🥰🥰🥰🥰🥰🥰"
      ],
      "language": "Other",
      "pure_emoji": true
    },
    {
      "user": "Игорь",
      "comments": [
        "И зачем его только выпустили на мировую арену..Цирк ..а клоун не смешной..😁😁😁"
      ],
      "language": "Other",
      "pure_emoji": false
    },
    {
      "user": "Игорь Евтушенко",
      "comments": [
        "Этот бабуин всегда только врёт"
      ],
      "language": "Other",
      "pure_emoji": false
    },
    {
      "user": "Игорь Куреневский",
      "comments": [
        "А, что оно еще не разрушило?"
      ],
      "language": "Other",
      "pure_emoji": false
    },
    {
      "user": "Ирина",
      "comments": [
        "трамп гений,брат путина😁",
        "трамп гений,брат путина😁"
      ],
      "language": "Other",
      "pure_emoji": false
    },
    {
      "user": "Круз",
      "comments": [
        "Си дз Пинь на много круче чем трамп. вот вы сравнили блин"
      ],
      "language": "Other",
      "pure_emoji": false
    },
    {
      "user": "Лариса Баронина",
      "comments": [
        "👍"
      ],
      "language": "Other",
      "pure_emoji": true
    },
    {
      "user": "Лика",
      "comments": [
        "Китай и рашу прогнул по полной, Сибирь китайская уже давно.Браво Китаю 🥰"
      ],
      "language": "Other",
      "pure_emoji": false
    },
    {
      "user": "Любовь",
      "comments": [
        "ТРАМП ВООБЩЕ НИКОМУ НЕ ПОДХОДИТ🤣🤣🤣🤣🤣"
      ],
      "language": "Other",
      "pure_emoji": false
    },
    {
      "user": "Макс Журавлев",
      "comments": [
        "ГОРДЫНЯ ГУБИТ ТРАМПА"
      ],
      "language": "Other",
      "pure_emoji": false
    },
    {
      "user": "Максим Левитан",
      "comments": [
        "Так ему и надо🤣"
      ],
      "language": "Other",
      "pure_emoji": false
    },
    {
      "user": "Максим Шестаков",
      "comments": [
        "Я просто прикалываюсь над своими Американскими друзьями и коллегами, они все голосовали за Трампа))) Они так ждали, что он придет, цены упадут, он всех поставит раком, а по факту, раком теперь стоитUS"
      ],
      "language": "English",
      "pure_emoji": false
    },
    {
      "user": "Марина Баранчук",
      "comments": [
        "То із-за того що у трампона немв козирів😅"
      ],
      "language": "Other",
      "pure_emoji": false
    },
    {
      "user": "Микола Семко",
      "comments": [
        "😂😂😂"
      ],
      "language": "Other",
      "pure_emoji": true
    },
    {
      "user": "Монте Кристо",
      "comments": [
        "красиво же 🤣"
      ],
      "language": "Other",
      "pure_emoji": false
    },
    {
      "user": "НЕТ!ГЕНОЦИДУ",
      "comments": [
        "😂😂😂👍"
      ],
      "language": "Other",
      "pure_emoji": true
    },
    {
      "user": "Наталі",
      "comments": [
        "😁😁😁"
      ],
      "language": "Other",
      "pure_emoji": true
    },
    {
      "user": "Николай Перепелица",
      "comments": [
        "😳😳😳"
      ],
      "language": "Other",
      "pure_emoji": true
    },
    {
      "user": "Оleksandr",
      "comments": [
        "Абсолютно верно."
      ],
      "language": "Other",
      "pure_emoji": false
    },
    {
      "user": "ОЛЬГА УКРАЇНКА",
      "comments": [
        "🤣🤣🤣🤣🤣🤣🤣"
      ],
      "language": "Other",
      "pure_emoji": true
    },
    {
      "user": "Олег БЦ.",
      "comments": [
        "😁😂🥰😂😁😳😳😳"
      ],
      "language": "Other",
      "pure_emoji": true
    },
    {
      "user": "Олександр",
      "comments": [
        "Путін -Трамп і Лукашенко)",
        "Trump is a Russian spy!!!! Fraud!!!! Shit!!!!"
      ],
      "language": "English",
      "pure_emoji": false
    },
    {
      "user": "Олексій",
      "comments": [
        "😂😂😂😂"
      ],
      "language": "Other",
      "pure_emoji": true
    },
    {
      "user": "Омар",
      "comments": [
        "👍👍👍"
      ],
      "language": "Other",
      "pure_emoji": true
    },
    {
      "user": "ПУЛЯ 💥",
      "comments": [
        "путин хуйло🤣трамп позорит Америку☝️",
        "Я не доверяю ни трампу,ни путину,ни си цзиньпину 😡 Китай отправляет на войну в Украину через росию 😡"
      ],
      "language": "Other",
      "pure_emoji": false
    },
    {
      "user": "Руслан",
      "comments": [
        "😂😂😂"
      ],
      "language": "Other",
      "pure_emoji": true
    },
    {
      "user": "Саша Лавров729",
      "comments": [
        "👍👍👍"
      ],
      "language": "Other",
      "pure_emoji": true
    },
    {
      "user": "Светлана",
      "comments": [
        "👍"
      ],
      "language": "Other",
      "pure_emoji": true
    },
    {
      "user": "Світлана.",
      "comments": [
        "👍"
      ],
      "language": "Other",
      "pure_emoji": true
    },
    {
      "user": "Сергей",
      "comments": [
        "Ты в Китай чухнул????😂😂😂"
      ],
      "language": "Other",
      "pure_emoji": false
    },
    {
      "user": "Сергей Гончар",
      "comments": [
        "шото уже слышал про величие 😂"
      ],
      "language": "Other",
      "pure_emoji": false
    },
    {
      "user": "Смарт Смартфон",
      "comments": [
        "Просто вы давно не были в Китае😂😂😂"
      ],
      "language": "Other",
      "pure_emoji": false
    },
    {
      "user": "Станислав.",
      "comments": [
        "😁😁😁"
      ],
      "language": "Other",
      "pure_emoji": true
    },
    {
      "user": "ТИХИЙ",
      "comments": [
        "💯💯💯👍🤣КРАСАВЫ."
      ],
      "language": "Other",
      "pure_emoji": false
    },
    {
      "user": "Тамара Лембинен",
      "comments": [
        "Как в короткий срок Трамп положил США на лопатки. ????"
      ],
      "language": "Other",
      "pure_emoji": false
    },
    {
      "user": "Тарас Жадан",
      "comments": [
        "хто високо літає громко падає"
      ],
      "language": "Other",
      "pure_emoji": false
    },
    {
      "user": "Татьяна",
      "comments": [
        "Китай🥰🥰🥰",
        "Китай🥰🥰🥰"
      ],
      "language": "Other",
      "pure_emoji": false
    },
    {
      "user": "Татьяна Петроченко",
      "comments": [
        "не все ж трампу обсирати всіх. тепер і його черга настала))))"
      ],
      "language": "Other",
      "pure_emoji": false
    },
    {
      "user": "Терраформация-Евразии-2024году",
      "comments": [
        "."
      ],
      "language": "Other",
      "pure_emoji": false
    },
    {
      "user": "Тося",
      "comments": [
        "оце так треба було опустити Америку"
      ],
      "language": "Other",
      "pure_emoji": false
    },
    {
      "user": "Чизабретто",
      "comments": [
        "Трамп, макрон, зеленский недоговороспособны. Путин ещё может с ними позаигрывать, Китай долго терпел теперь говорит фактами"
      ],
      "language": "Other",
      "pure_emoji": false
    },
    {
      "user": "Юлія Балла",
      "comments": [
        "❤❤❤"
      ],
      "language": "Other",
      "pure_emoji": false
    },
    {
      "user": "Юра \"🔱има\"",
      "comments": [
        "🤣🤣🤣"
      ],
      "language": "Other",
      "pure_emoji": true
    },
    {
      "user": "Юрий Шумахер",
      "comments": [
        "трамп это подделка президента, с раздутым эго и отсутствием стержня. Решил всем показать Кузькину мать, но понятия не имеет какие у него должны быть Карты для этого. Он самый позорный позор для штатов"
      ],
      "language": "Other",
      "pure_emoji": false
    },
    {
      "user": "Я Свами",
      "comments": [
        "Украине тоже ставит"
      ],
      "language": "Other",
      "pure_emoji": false
    },
    {
      "user": "Я путина в рот топтал и тебя",
      "comments": [
        "трам не весь"
      ],
      "language": "Other",
      "pure_emoji": false
    },
    {
      "user": "Ярослав",
      "comments": [
        "😂😂😂🇺🇦"
      ],
      "language": "Other",
      "pure_emoji": true
    },
    {
      "user": "Ярослав Кривша465",
      "comments": [
        "😂"
      ],
      "language": "Other",
      "pure_emoji": true
    },
    {
      "user": "арчи!!",
      "comments": [
        "трамп унизил США!они уже не первые в мире! Китай править будет!может и к лучшему! США завоевывали мир войнами, Китай-мягкой силой! посмотрим что дальш",
        "трамп унизил США!они уже не первые в мире! Китай править будет!может и к лучшему! США завоевывали мир войнами, Китай-мягкой силой! посмотрим что дальш"
      ],
      "language": "Other",
      "pure_emoji": false
    },
    {
      "user": "аріса",
      "comments": [
        "😂😂😂"
      ],
      "language": "Other",
      "pure_emoji": true
    },
    {
      "user": "егор",
      "comments": [
        "а что Америка может.😳"
      ],
      "language": "Other",
      "pure_emoji": false
    },
    {
      "user": "итяум",
      "comments": [
        "Винни послал его😩"
      ],
      "language": "Other",
      "pure_emoji": false
    },
    {
      "user": "каспер",
      "comments": [
        "😂 В даній ситуації я просто апладую Сі за те як він попустив Трампусіка ."
      ],
      "language": "Other",
      "pure_emoji": false
    },
    {
      "user": "незнайка",
      "comments": [
        "ПУТИН ХУЙЛО😂😂😂",
        "👍👍👍👍👍"
      ],
      "language": "Other",
      "pure_emoji": false
    },
    {
      "user": "росⷫсꙵиⷣяⷪнⷬеꙹ 🫵",
      "comments": [
        "Трамп проиграл Америку - в карты 🤣 Теперь он - не Трамп, а - просто Трап 🫵🤣🤣🤣",
        "Трамп проиграл Америку - в карты 🤣 Теперь он - не Трамп, а - просто Трап 🫵🤣🤣🤣"
      ],
      "language": "Other",
      "pure_emoji": false
    },
    {
      "user": "саныч",
      "comments": [
        "Трамп не всех врачей на медкомиссии прошел."
      ],
      "language": "Other",
      "pure_emoji": false
    },
    {
      "user": "умай",
      "comments": [
        "Самая древняя мощная многолюдная мудрая страна Китай. Им 700 тыс. лет, а Америке 300 или 200."
      ],
      "language": "Other",
      "pure_emoji": false
    },
    {
      "user": "ודים",
      "comments": [
        "😂😂😂👍👍👍"
      ],
      "language": "Other",
      "pure_emoji": true
    },
    {
      "user": "™️_DoCeR_™️",
      "comments": [
        "а я навпаки думал якого біса Кітай ще досі не нагнул сша"
      ],
      "language": "Other",
      "pure_emoji": false
    },
    {
      "user": "☀︎ Serge ☀︎",
      "comments": [
        "Трамп настолько плохо себя вёл, что поделом. Жаль тех американцев, которые за него НЕ голосовали и он их опустил."
      ],
      "language": "Other",
      "pure_emoji": false
    },
    {
      "user": "⚙️ СТАНКИ ДЛЯ БІЗНЕСУ ⚙️",
      "comments": [
        "УЧЕНИК УЧИТ УЧИТЕЛЯ ЭТО ТАК ВСЕГДА БЫЛО 😂🤝"
      ],
      "language": "Other",
      "pure_emoji": false
    },
    {
      "user": "✨️Larisa✨️",
      "comments": [
        "поднибеная опустила короля ниже плинтуса🤣😂🤣"
      ],
      "language": "Other",
      "pure_emoji": false
    },
    {
      "user": "❤️‍🩹",
      "comments": [
        "Але путя підходить😡"
      ],
      "language": "Other",
      "pure_emoji": false
    },
    {
      "user": "🆖",
      "comments": [
        "Трамп пригрозил Пу санкции на нефть 50:/; сразу перемирия на 2дня.Си не сравниваете с Пу.Вы уже никто на уровне , Чехии и Италии."
      ],
      "language": "Other",
      "pure_emoji": false
    },
    {
      "user": "🌹Amina🌹",
      "comments": [
        "🤣🤣🤣"
      ],
      "language": "Other",
      "pure_emoji": true
    },
    {
      "user": "🐲",
      "comments": [
        "🔥🤣🥰"
      ],
      "language": "Other",
      "pure_emoji": true
    },
    {
      "user": "👑RƏCƏB👑",
      "comments": [
        "с Америкой так и надо 😏"
      ],
      "language": "Other",
      "pure_emoji": false
    },
    {
      "user": "👽",
      "comments": [
        "в кітайця є яйця"
      ],
      "language": "Other",
      "pure_emoji": false
    },
    {
      "user": "🔱  U S E R  🔱",
      "comments": [
        "😅"
      ],
      "language": "Other",
      "pure_emoji": true
    },
    {
      "user": "🦖",
      "comments": [
        "Говорят этот тип беттингом занимается ?"
      ],
      "language": "Other",
      "pure_emoji": false
    }
  ]
}