{
  "video_id": "7495581273088478472",
  "video_url": "https://www.tiktok.com/@xiaocggbwmq/video/7495581273088478472",
  "publish_date": null,
  "comment_groups": [
    {
      "user": "Chai Sim",
      "comments": [
        "🥰🥰🥰",
        "🥰🥰🥰"
      ],
      "language": "Other",
      "pure_emoji": false
    },
    {
      "user": "Jackal Huang",
      "comments": [
        "這個臥底可以啊😂😂😂",
        "這個臥底可以啊😂😂😂"
      ],
      "language": "Chinese",
      "pure_emoji": false
    },
    {
      "user": "Lamsang woo",
      "comments": [
        "他人格分裂了",
        "他人格分裂了"
      ],
      "language": "Chinese",
      "pure_emoji": false
    },
    {
      "user": "SK Lo",
      "comments": [
        "👍🏻👍🏻👍🏻👍🏻👍🏻",
        "👍🏻👍🏻👍🏻👍🏻👍🏻"
      ],
      "language": "Other",
      "pure_emoji": false
    },
    {
      "user": "Saturday",
      "comments": [
        "一个强大的国家怎么会变成今天这样？一个领导世界的强国，今天变成说话反复无常的，难道美国的国运就是开始衰败了？",
        "一个强大的国家怎么会变成今天这样？一个领导世界的强国，今天变成说话反复无常的，难道美国的国运就是开始衰败了？"
      ],
      "language": "Chinese",
      "pure_emoji": false
    },
    {
      "user": "gohhengtho",
      "comments": [
        "😳😳😳",
        "😳😳😳"
      ],
      "language": "Other",
      "pure_emoji": false
    },
    {
      "user": "leetankue",
      "comments": [
        "🥰🥰🥰🥰🥰🥰🥰🥰🥰🥰🥰🥰",
        "🥰🥰🥰🥰🥰🥰🥰🥰🥰🥰🥰🥰"
      ],
      "language": "Other",
      "pure_emoji": false
    },
    {
      "user": "mercedesngu",
      "comments": [
        "老车出了问题"
      ],
      "language": "Chinese",
      "pure_emoji": false
    },
    {
      "user": "user8802358237215",
      "comments": [
        "👍👍👍👍👍",
        "👍👍👍👍👍"
      ],
      "language": "Other",
      "pure_emoji": false
    },
    {
      "user": "洺",
      "comments": [
        "美國趕快倒閉👍",
        "美國趕快倒閉👍"
      ],
      "language": "Chinese",
      "pure_emoji": false
    },
    {
      "user": "老夫子",
      "comments": [
        "誰信美國誰受害，根本不要理美國在講什麼",
        "誰信美國誰受害，根本不要理美國在講什麼"
      ],
      "language": "Chinese",
      "pure_emoji": false
    },
    {
      "user": "评论王",
      "comments": [
        "再继续乱玩关税，恐怖再有抢手射特朗普🤣",
        "再继续乱玩关税，恐怖再有抢手射特朗普🤣"
      ],
      "language": "Chinese",
      "pure_emoji": false
    }
  ]
}