{
  "video_id": "7489140563510365483",
  "video_url": "https://www.tiktok.com/@bloombergbusiness/video/7489140563510365483",
  "publish_date": null,
  "comment_groups": [
    {
      "user": "1sttryguy",
      "comments": [
        "So the left is OK with countries putting tariffs on US goods, but they think it’s perfectly fine that we don’t do the same? They foreign companies should have a competitive advantage against US goods."
      ],
      "language": "English",
      "pure_emoji": false
    },
    {
      "user": "A_A_Ron",
      "comments": [
        "What about tariffs on Greenland 😳"
      ],
      "language": "English",
      "pure_emoji": false
    },
    {
      "user": "Abdul",
      "comments": [
        "Trump 👍🙏"
      ],
      "language": "English",
      "pure_emoji": false
    },
    {
      "user": "Adrian Barnes",
      "comments": [
        "Economy was already tanked… have you seen the national debt? You can’t just keep running up the credit card balance because they raise the debt limit. Eventually you have to cut your spending."
      ],
      "language": "English",
      "pure_emoji": false
    },
    {
      "user": "Ahmed",
      "comments": [
        "Did you watch the video? The point is that the tarrifs Trump said other countries have is NOT actually tarrifs…",
        "There will always be some country exporting more than the other… Ofcourse Its not perfectly equal. The US also has a surplus with tons of countries"
      ],
      "language": "English",
      "pure_emoji": false
    },
    {
      "user": "Always at 92% 🍁",
      "comments": [
        "His team didn't pass 5th grade? 🤣"
      ],
      "language": "English",
      "pure_emoji": false
    },
    {
      "user": "Anders",
      "comments": [
        "I'm guessing that 𝜀 = 𝜑⁻¹ or vice versa so that they cancel each other out in the denominator based on what I've heard"
      ],
      "language": "English",
      "pure_emoji": false
    },
    {
      "user": "Andrew",
      "comments": [
        "What about Heard and McDonald Islands? How will we survive with out their goods?"
      ],
      "language": "English",
      "pure_emoji": false
    },
    {
      "user": "BB Q462",
      "comments": [
        "I don't think tariffs are his ultimate goal. His ultimate goal may be to create a recession to force the dollar to depreciate, thereby significantly reducing debt pressure"
      ],
      "language": "English",
      "pure_emoji": false
    },
    {
      "user": "Balkan.Geo🇲🇰⛰️",
      "comments": [
        "Can u explain the correct way?"
      ],
      "language": "English",
      "pure_emoji": false
    },
    {
      "user": "Beetje random kak",
      "comments": [
        "Reminds me of my completely made up assignment proposal which was completely blown away by my group memebers because i just made something up🤣"
      ],
      "language": "English",
      "pure_emoji": false
    },
    {
      "user": "BelleSophia",
      "comments": [
        "Let’s be clear. DT didn’t calculate anything himself. Thats math."
      ],
      "language": "English",
      "pure_emoji": false
    },
    {
      "user": "Ben",
      "comments": [
        "America first baby"
      ],
      "language": "English",
      "pure_emoji": false
    },
    {
      "user": "Benjamin Knight",
      "comments": [
        "The self-proclaimed economists fighting each other in the comment section. 💀😂"
      ],
      "language": "English",
      "pure_emoji": false
    },
    {
      "user": "Big Bungus Boi",
      "comments": [
        "Those people are also the people who are more likely to have degrees in mathematics, economics, banking, engineering, etc… and know how the math actually works out."
      ],
      "language": "English",
      "pure_emoji": false
    },
    {
      "user": "BiggieBandBigE",
      "comments": [
        "Deep Seek would never lol😎"
      ],
      "language": "English",
      "pure_emoji": false
    },
    {
      "user": "Bill",
      "comments": [
        "Lol. Those aren’t tariffs."
      ],
      "language": "English",
      "pure_emoji": false
    },
    {
      "user": "BlondeinBrooklyn2",
      "comments": [
        "@kelseylive02"
      ],
      "language": "English",
      "pure_emoji": false
    },
    {
      "user": "Brandon Cassady",
      "comments": [
        "Anybody making fun of this math follow the 6ft social distancing rule?"
      ],
      "language": "English",
      "pure_emoji": false
    },
    {
      "user": "Brian R",
      "comments": [
        "We pay. We are the who."
      ],
      "language": "English",
      "pure_emoji": false
    },
    {
      "user": "Brudi Völler",
      "comments": [
        "The solution is: no tariffs for anyone!"
      ],
      "language": "English",
      "pure_emoji": false
    },
    {
      "user": "Bvt",
      "comments": [
        "Trump imposes 50% tariffs on Saint-Pierre et Miquelon because, in 2024, an American build for 3 millions dollars of goods from this island. Brillant décision, Trump…"
      ],
      "language": "English",
      "pure_emoji": false
    },
    {
      "user": "CEO of HANDSOME",
      "comments": [
        "😂"
      ],
      "language": "Other",
      "pure_emoji": true
    },
    {
      "user": "CJ&KJ2711",
      "comments": [
        "Then how do they come up with a number where it’s called McDonald Island where we receive nothing from there’s no people living on this place, so how they comes up with that number of 10%."
      ],
      "language": "English",
      "pure_emoji": false
    },
    {
      "user": "Cameron!!!",
      "comments": [
        "if we import $100 of stuff from one country and they import $40 of stuff from us, there's a $60 trade imbalance. this isn't a bad thing. for ex: you have a big trade imbalance with your grocery store!"
      ],
      "language": "English",
      "pure_emoji": false
    },
    {
      "user": "Chad Beck",
      "comments": [
        "Funny- I was doing the math this morning on the US Trade Representative's tariff formula and got the same conclusion."
      ],
      "language": "English",
      "pure_emoji": false
    },
    {
      "user": "Charles",
      "comments": [
        "Trump has a classic Dunning-Kruger effect. This effect is a cognitive bias in which individuals with low ability, knowledge, or expertise in a specific domain overestimate their competency."
      ],
      "language": "English",
      "pure_emoji": false
    },
    {
      "user": "ClearMountain",
      "comments": [
        "What’s a trade balance?"
      ],
      "language": "English",
      "pure_emoji": false
    },
    {
      "user": "Cody Hyre",
      "comments": [
        "Aren't these other countries going to increase the price of goods to offset the tariff, resulting in higher prices for American consumers? That's how I see it playing out."
      ],
      "language": "English",
      "pure_emoji": false
    },
    {
      "user": "Colin King",
      "comments": [
        NaN
      ],
      "language": "English",
      "pure_emoji": false
    },
    {
      "user": "Collins311",
      "comments": [
        "Why no Russia?"
      ],
      "language": "English",
      "pure_emoji": false
    },
    {
      "user": "CyberGuy42",
      "comments": [
        "There is a video on TT of Nancy Pelosi in 1996 describing how Chinese tariffs with the US are unbalanced"
      ],
      "language": "English",
      "pure_emoji": false
    },
    {
      "user": "DNB1995",
      "comments": [
        "No, he is not."
      ],
      "language": "English",
      "pure_emoji": false
    },
    {
      "user": "DOGEing_DOGE1",
      "comments": [
        "Tariffs over a trade imbalance aren’t reciprocity—they’re anti-capitalist self-sabotage."
      ],
      "language": "English",
      "pure_emoji": false
    },
    {
      "user": "Dagwoodviking",
      "comments": [
        "so using this logic th usa would literally have to produce as much as the rest of the world exports combined to the United States"
      ],
      "language": "English",
      "pure_emoji": false
    },
    {
      "user": "Dan Spunkler",
      "comments": [
        "They show you how much more the other countries were hitting us as well. Their tariffs are still higher than ours."
      ],
      "language": "English",
      "pure_emoji": false
    },
    {
      "user": "Daniel Huber177",
      "comments": [
        "Don't retaliate, don't negotiate much. The US doesn't have the workers to replace imports even in a few years. They'll just pay the higher prices."
      ],
      "language": "English",
      "pure_emoji": false
    },
    {
      "user": "Datagen AI",
      "comments": [
        "McDonalds island with penguins export nothing so 0/0 why did it end there?"
      ],
      "language": "English",
      "pure_emoji": false
    },
    {
      "user": "David Houben",
      "comments": [
        "But that’s nog even accurate, the Trump administration didn’t even count in the services. So it’s by far the projected deficit they are mentioninh"
      ],
      "language": "English",
      "pure_emoji": false
    },
    {
      "user": "Dean Is Balding at 20 yo lmfao",
      "comments": [
        "Sounds like how biden calculates kids ages 😭🤣"
      ],
      "language": "English",
      "pure_emoji": false
    },
    {
      "user": "Donnie",
      "comments": [
        "Yeah the calculation is nonsense, these are the dumbest smart people I’ve ever seen in a long time"
      ],
      "language": "English",
      "pure_emoji": false
    },
    {
      "user": "Dv",
      "comments": [
        "China now is 54 percent. No more anything"
      ],
      "language": "English",
      "pure_emoji": false
    },
    {
      "user": "E. Lore",
      "comments": [
        "All the lefts in the comments reaching and trying their best to grasp at something is killing me 😂😂"
      ],
      "language": "English",
      "pure_emoji": false
    },
    {
      "user": "Eastnyker",
      "comments": [
        "The only thing Donald knows about balance is Baron riding his bike in Maralago. The way he rode in a straight line through his room. Unbelievable!"
      ],
      "language": "English",
      "pure_emoji": false
    },
    {
      "user": "Ehson",
      "comments": [
        "😳😳😳"
      ],
      "language": "Other",
      "pure_emoji": true
    },
    {
      "user": "Eman",
      "comments": [
        "It’s gonna be called the depression formula by historians"
      ],
      "language": "English",
      "pure_emoji": false
    },
    {
      "user": "End the trade war!",
      "comments": [
        "Sigh this is so unnecessary",
        "Gonna tank the economy"
      ],
      "language": "English",
      "pure_emoji": false
    },
    {
      "user": "Entsy",
      "comments": [
        "It’s not 1 it’s actually 4 x 0.25 so you’re wrong 🤓"
      ],
      "language": "English",
      "pure_emoji": false
    },
    {
      "user": "Eugenia",
      "comments": [
        "A very flawed formula according to many serious economists As for Europe, he lied: the tariffs imposed by Europe are 3% to 9% and not 39%"
      ],
      "language": "English",
      "pure_emoji": false
    },
    {
      "user": "Fabb1",
      "comments": [
        "😳😳😳"
      ],
      "language": "Other",
      "pure_emoji": true
    },
    {
      "user": "FatDogsAreTheBest",
      "comments": [
        "🙏🙏🙏"
      ],
      "language": "Other",
      "pure_emoji": true
    },
    {
      "user": "Fiz",
      "comments": [
        "Has anyone looked at this guys math grades?"
      ],
      "language": "English",
      "pure_emoji": false
    },
    {
      "user": "Flying Angel",
      "comments": [
        "How about service trade surplus?"
      ],
      "language": "English",
      "pure_emoji": false
    },
    {
      "user": "Gemma",
      "comments": [
        "It used AI—same errors across the platforms."
      ],
      "language": "English",
      "pure_emoji": false
    },
    {
      "user": "Greenirisheyes ☘️💚☘️",
      "comments": [
        "Total incompetence 🙄"
      ],
      "language": "English",
      "pure_emoji": false
    },
    {
      "user": "Hamitron",
      "comments": [
        "“Who’s going to pay what” AMERICANS ARE THE ONES PAYING"
      ],
      "language": "English",
      "pure_emoji": false
    },
    {
      "user": "HecnSac",
      "comments": [
        "He can barely add and subtract"
      ],
      "language": "English",
      "pure_emoji": false
    },
    {
      "user": "Henry Brown916",
      "comments": [
        "💀💀💀"
      ],
      "language": "Other",
      "pure_emoji": true
    },
    {
      "user": "Imogéniale 🍁 ⚜️",
      "comments": [
        "This isn’t accurate. The m_i in the denominator is *imports*, and the other factors are price elasticity of imports and a tariff “pass-through” factor. And the numerator is the trade balance."
      ],
      "language": "English",
      "pure_emoji": false
    },
    {
      "user": "Ismael Vargas",
      "comments": [
        "cute bring industry back to USA"
      ],
      "language": "English",
      "pure_emoji": false
    },
    {
      "user": "J0HN",
      "comments": [
        "When I read some of these comments it makes me sad that our votes are worth the same amount."
      ],
      "language": "English",
      "pure_emoji": false
    },
    {
      "user": "JLo21234",
      "comments": [
        "Yeah sure Trump uses formulas- like he doesn’t cheat at gold"
      ],
      "language": "English",
      "pure_emoji": false
    },
    {
      "user": "Jake",
      "comments": [
        "We are all going to pay it as consumers it doesn’t matter what formula he used"
      ],
      "language": "English",
      "pure_emoji": false
    },
    {
      "user": "Jarf",
      "comments": [
        "yes it is unnecessary for the EU to tariffs US cars 19% when we only tariff them 2.5% maybe this will force the EU to drop they're tariffs so can actually have free trade"
      ],
      "language": "English",
      "pure_emoji": false
    },
    {
      "user": "Jason",
      "comments": [
        "So he was flat out lying to everyone when he said reciprocal tariffs. At least he's consistent."
      ],
      "language": "English",
      "pure_emoji": false
    },
    {
      "user": "Jenny",
      "comments": [
        "💔💔💔"
      ],
      "language": "Other",
      "pure_emoji": true
    },
    {
      "user": "Jim beam",
      "comments": [
        "So a trade surplus is now considered a tariff? They are two totally different things"
      ],
      "language": "English",
      "pure_emoji": false
    },
    {
      "user": "Jo",
      "comments": [
        "Did you watch the video? How do you think there is a trade deficit between countries?"
      ],
      "language": "English",
      "pure_emoji": false
    },
    {
      "user": "Joe Caldwell",
      "comments": [
        "Shouldn’t per capital come into play somewhere? You can’t punish a country if they don’t buy as much"
      ],
      "language": "English",
      "pure_emoji": false
    },
    {
      "user": "Jorn",
      "comments": [
        "Are you for real? The EU doesn't have a 19% tariff on cars. Have you ever heard of VAT? which is not the same as a tariff.."
      ],
      "language": "English",
      "pure_emoji": false
    },
    {
      "user": "Juan Valentin",
      "comments": [
        "I don’t understand why y’all bother. Trump doesn’t know how to read and much less do math. The ppl who should be worried are the faculty of Wharton School of Business which sold him a diploma!"
      ],
      "language": "English",
      "pure_emoji": false
    },
    {
      "user": "K Bzork",
      "comments": [
        "Poor pingouins 🐧"
      ],
      "language": "English",
      "pure_emoji": false
    },
    {
      "user": "KKJ",
      "comments": [
        "Trump can’t do simple addition. That is wayyyy beyond his comprehension. Trump is a clown 🤡🤡🤡"
      ],
      "language": "English",
      "pure_emoji": false
    },
    {
      "user": "Kevin",
      "comments": [
        "To be clear, it’s ChatGPT’s formula"
      ],
      "language": "English",
      "pure_emoji": false
    },
    {
      "user": "LasseL",
      "comments": [
        "But this will end in recession and that will bring way more debt because the only way out of it is printing money."
      ],
      "language": "English",
      "pure_emoji": false
    },
    {
      "user": "Lauren",
      "comments": [
        "Difference between imports and exports"
      ],
      "language": "English",
      "pure_emoji": false
    },
    {
      "user": "LeatherBass 🏴󠁧󠁢󠁳󠁣󠁴󠁿🇮🇪",
      "comments": [
        "No Russia on the list. Just saying…. 🙄"
      ],
      "language": "English",
      "pure_emoji": false
    },
    {
      "user": "Liam Hodgson",
      "comments": [
        "He doesn’t know how to actually calculate anything larger than the total for his McDonalds order."
      ],
      "language": "English",
      "pure_emoji": false
    },
    {
      "user": "Liam Oakes O'connor",
      "comments": [
        "what he did is look at every country see what they were charging and halved it and rounded up if needed 🤣🤣"
      ],
      "language": "English",
      "pure_emoji": false
    },
    {
      "user": "LilBMuka",
      "comments": [
        "With some countries he’s not even using the so called formula and just imposing what ever number comes to mind🤣. I love this administration so fing much😭. We’re doomed"
      ],
      "language": "English",
      "pure_emoji": false
    },
    {
      "user": "Lonely_Caterpillar",
      "comments": [
        "you're making it sound like trump did math and I know that didn't happen"
      ],
      "language": "English",
      "pure_emoji": false
    },
    {
      "user": "Louis",
      "comments": [
        "so he is calling a trade deficit a tariff"
      ],
      "language": "English",
      "pure_emoji": false
    },
    {
      "user": "Love4All",
      "comments": [
        "🤣formula 🤣🤣."
      ],
      "language": "English",
      "pure_emoji": false
    },
    {
      "user": "Lucas Smith",
      "comments": [
        "Dems would never fathom doing math"
      ],
      "language": "English",
      "pure_emoji": false
    },
    {
      "user": "MItchell",
      "comments": [
        "Exactly: how do you trust what he’s doing when on “Liberation Day” he justifies tariffs with a firehose of misinformation and lies ?"
      ],
      "language": "English",
      "pure_emoji": false
    },
    {
      "user": "Mama Claire",
      "comments": [
        "How do you explain the penguin island???"
      ],
      "language": "English",
      "pure_emoji": false
    },
    {
      "user": "MathDude",
      "comments": [
        "democracy and these symbols are both Greek and they are also both misused in the us"
      ],
      "language": "English",
      "pure_emoji": false
    },
    {
      "user": "Matthew Mezger Sr.",
      "comments": [
        "No. The choice is to just dump the US"
      ],
      "language": "English",
      "pure_emoji": false
    },
    {
      "user": "Maya",
      "comments": [
        "And stop calling it a “trade surplus”? Who is the genius who came up with such an inadequate term . Good lord 🤦🏻‍♀️",
        "Why oh why are you using big words to describe something a 6th grader can calculate?",
        "It’s like this: if we buy from you , you better buy from us for the same amount!",
        "If you don’t, then we take the extra amount we bought from",
        "You and divide it by the total amount we bought from you, creating a fake % “deficit”"
      ],
      "language": "English",
      "pure_emoji": false
    },
    {
      "user": "McKayla P.",
      "comments": [
        "This is a **** joke for formula"
      ],
      "language": "English",
      "pure_emoji": false
    },
    {
      "user": "Meepmoop",
      "comments": [
        "So we’re levying tariffs bc of a trade imbalance? If it was a “reciprocal tariff” shouldn’t it compare tariffs to tariffs?"
      ],
      "language": "English",
      "pure_emoji": false
    },
    {
      "user": "Melon-Husk",
      "comments": [
        "Lol, \"Liberated\""
      ],
      "language": "English",
      "pure_emoji": false
    },
    {
      "user": "Melonia OFFICIAL",
      "comments": [
        "MAGA math is wild! GOPs finest!"
      ],
      "language": "English",
      "pure_emoji": false
    },
    {
      "user": "Mexicansaintgoinganywhere",
      "comments": [
        "Elon’s AI formula"
      ],
      "language": "English",
      "pure_emoji": false
    },
    {
      "user": "Mister Wayne",
      "comments": [
        "Third option, they reduce trade with the US and find different trading partners"
      ],
      "language": "English",
      "pure_emoji": false
    },
    {
      "user": "Nave8",
      "comments": [
        "just buy US made..... wasn't that a big thing years ago"
      ],
      "language": "English",
      "pure_emoji": false
    },
    {
      "user": "Nin",
      "comments": [
        "This should be called Dificit Tariff, not Reciprocal tariff."
      ],
      "language": "English",
      "pure_emoji": false
    },
    {
      "user": "Nobody",
      "comments": [
        "just because it has greek symbols doesn't mean it's smart"
      ],
      "language": "English",
      "pure_emoji": false
    },
    {
      "user": "NormaJeane",
      "comments": [
        "That Donald trump used? 😂You sure he USED it lol."
      ],
      "language": "English",
      "pure_emoji": false
    },
    {
      "user": "Notifications",
      "comments": [
        "Trump can do anything but liberal news media will always come back saying how horrible everything is"
      ],
      "language": "English",
      "pure_emoji": false
    },
    {
      "user": "NyiNyi Htun力丸",
      "comments": [
        "Those greek alphabets are just constants and two of em cancel each other. They can write the whole greek alphabets there.😭🙏🥀"
      ],
      "language": "English",
      "pure_emoji": false
    },
    {
      "user": "Orbeman",
      "comments": [
        "They are absolute Mike Oscar Romeo Oscar November Sierra 🤦‍♂️🤦‍♂️🤦‍♂️"
      ],
      "language": "English",
      "pure_emoji": false
    },
    {
      "user": "P",
      "comments": [
        "And he still imposed tariffs on an island inhabited only by penguins"
      ],
      "language": "English",
      "pure_emoji": false
    },
    {
      "user": "Pamp94",
      "comments": [
        "All the money USA gets from digital services like companies as Netflix and Meta is not in the calculation. It would be close to equal if he the did the calculation right."
      ],
      "language": "English",
      "pure_emoji": false
    },
    {
      "user": "Panda Diplomat",
      "comments": [
        "you didn't list the third option which is don't buy from the US if you can help it."
      ],
      "language": "English",
      "pure_emoji": false
    },
    {
      "user": "Phil Bartlett",
      "comments": [
        "How did they calculate the tarrifs for Heard Island?"
      ],
      "language": "English",
      "pure_emoji": false
    },
    {
      "user": "Pijuelo",
      "comments": [
        "Boycott to US products and services!"
      ],
      "language": "English",
      "pure_emoji": false
    },
    {
      "user": "PlotArmor",
      "comments": [
        "and RUSSIA gets a pass"
      ],
      "language": "English",
      "pure_emoji": false
    },
    {
      "user": "Pragilicious 😋",
      "comments": [
        "Our trade imbalance is growing, more imports, less exports. His tariffs will continue to rise by that metric because of his own policies. 😂"
      ],
      "language": "English",
      "pure_emoji": false
    },
    {
      "user": "ROBAMERCADONAS",
      "comments": [
        "US forced dollarization on many countries and now they are mad their balance is negative. lol"
      ],
      "language": "English",
      "pure_emoji": false
    },
    {
      "user": "Radical Ambidextrous",
      "comments": [
        "Countries should not levy tariffs on us goods. That way only US consumers suffer and will vote accordingly."
      ],
      "language": "English",
      "pure_emoji": false
    },
    {
      "user": "Ragn88r",
      "comments": [
        "Are we seeking equal trade between nations? Almost all manufactured products I sell overseas have tariffs on them, I’d love for it to be zero both way. Is that the goal here?"
      ],
      "language": "English",
      "pure_emoji": false
    },
    {
      "user": "Regularblackguy",
      "comments": [
        "If Trump does it. The left will complain. Moving on"
      ],
      "language": "English",
      "pure_emoji": false
    },
    {
      "user": "RhysandNightCourt",
      "comments": [
        "literally from chatgpt"
      ],
      "language": "English",
      "pure_emoji": false
    },
    {
      "user": "RockyDjana",
      "comments": [
        "All Trump team had a F in maths and economics.",
        "I can't explain it, not possible. the president is liying. Trade imbalance is not trade tarif. So the president doesn't know what the difference"
      ],
      "language": "English",
      "pure_emoji": false
    },
    {
      "user": "Rylan Unnasch",
      "comments": [
        "Yeah, you’re right. It’s bad because we have a consensus of economists who agree it’s bad policy as well as historical evidence of the effects of large, blanket tariffs. Look up Smoot-Hawley"
      ],
      "language": "English",
      "pure_emoji": false
    },
    {
      "user": "SJUUL2023",
      "comments": [
        "TRUMP IS RIGHT"
      ],
      "language": "English",
      "pure_emoji": false
    },
    {
      "user": "Sahmad",
      "comments": [
        "so China gets penalized for our purchases in the past by taxing our consumers for future purchases, got it",
        "so essentially because China sold us 68% more goods last year, we consider that to be cost/tariff against the US and therefore we're gonna arbitrarily charge them back half of that going forward.",
        "if US consumers decide to buy other home produced products instead of tariffs inflated products from China, the China products will stuff, hence tariff revenue"
      ],
      "language": "English",
      "pure_emoji": false
    },
    {
      "user": "Scottjohio",
      "comments": [
        "Option C; you race to get a deal, and RAAACE to get China/etc to build factories in your country instead of the US."
      ],
      "language": "English",
      "pure_emoji": false
    },
    {
      "user": "Seba Sayanez",
      "comments": [
        "Ridiculous formula."
      ],
      "language": "English",
      "pure_emoji": false
    },
    {
      "user": "Sideshow Bob",
      "comments": [
        "we don’t care about the formula anymore after he tariffed the penguins😂😂😂😂"
      ],
      "language": "English",
      "pure_emoji": false
    },
    {
      "user": "Smootch",
      "comments": [
        "Make NO SENSE 🫣"
      ],
      "language": "English",
      "pure_emoji": false
    },
    {
      "user": "Spicer",
      "comments": [
        "Don’t see why a country would need to pay to make up for a trade deficit. We bought more from them than they bought from us. Doesn’t sound like a them problem."
      ],
      "language": "English",
      "pure_emoji": false
    },
    {
      "user": "T A",
      "comments": [
        "We are paying with our stocks and savings in retirement accounts and at every buying transaction and inflation and stagnant wages and lost opportunities and uncertainty and unemployment"
      ],
      "language": "English",
      "pure_emoji": false
    },
    {
      "user": "TINY'S Kitchen",
      "comments": [
        "The choice facing companies now is invest in America or pay tariffs"
      ],
      "language": "English",
      "pure_emoji": false
    },
    {
      "user": "TVoss",
      "comments": [
        "😡😡😡"
      ],
      "language": "Other",
      "pure_emoji": true
    },
    {
      "user": "Tae&Lui",
      "comments": [
        "Where was Putinstien on that list!!!"
      ],
      "language": "English",
      "pure_emoji": false
    },
    {
      "user": "Tahirr",
      "comments": [
        "There’s no way Trump understands the Greek letters"
      ],
      "language": "English",
      "pure_emoji": false
    },
    {
      "user": "Tarpmaster",
      "comments": [
        "If a country is giving us a massive amount of gold a price that is almost free, Trump would impose tariffs of at least 70%"
      ],
      "language": "English",
      "pure_emoji": false
    },
    {
      "user": "TerrE",
      "comments": [
        "🤣😂🤣"
      ],
      "language": "Other",
      "pure_emoji": true
    },
    {
      "user": "TerriS",
      "comments": [
        "Of course. 😡😡😡"
      ],
      "language": "English",
      "pure_emoji": false
    },
    {
      "user": "The Fozz",
      "comments": [
        "Donald Trump does not use formulas"
      ],
      "language": "English",
      "pure_emoji": false
    },
    {
      "user": "Thelifeof_Yosh",
      "comments": [
        "They can’t even do math correctly."
      ],
      "language": "English",
      "pure_emoji": false
    },
    {
      "user": "Thetacoman1200",
      "comments": [
        "Can’t pre order my switch because of this"
      ],
      "language": "English",
      "pure_emoji": false
    },
    {
      "user": "Thunderous 1",
      "comments": [
        "With a 79 IQ there's no way trump could understand any kind of math besides graft and billing america for golfing"
      ],
      "language": "English",
      "pure_emoji": false
    },
    {
      "user": "Tiktok_Detective ✔",
      "comments": [
        "must be elon musk behind this"
      ],
      "language": "English",
      "pure_emoji": false
    },
    {
      "user": "Tom Books",
      "comments": [
        "Totally ridiculous calculation data structures haven't reached the administration 😁 Hypothetically speaking having worldwide all trade barriers abolished the US would still run a trade deficit 🤔"
      ],
      "language": "English",
      "pure_emoji": false
    },
    {
      "user": "TrappyZ",
      "comments": [
        "my formula's way better ✨😏🤣💯 lol"
      ],
      "language": "English",
      "pure_emoji": false
    },
    {
      "user": "Trask",
      "comments": [
        "I have a trade deficit whenever I buy something from the grocery store; doesn’t mean it’s bad"
      ],
      "language": "English",
      "pure_emoji": false
    },
    {
      "user": "Tricia",
      "comments": [
        "I promise DJT can't explain it!🤡"
      ],
      "language": "English",
      "pure_emoji": false
    },
    {
      "user": "UK Red",
      "comments": [
        "At a simplistic level is he wrong ? Should more money flow out than In ?"
      ],
      "language": "English",
      "pure_emoji": false
    },
    {
      "user": "United_States_of_Twilightzone",
      "comments": [
        "Them islands with no people and nothing to trade are definitely gonna feel it"
      ],
      "language": "English",
      "pure_emoji": false
    },
    {
      "user": "Uğur Namlı",
      "comments": [
        "im pretty sure he just made it up"
      ],
      "language": "English",
      "pure_emoji": false
    },
    {
      "user": "Vindicator🇦🇹",
      "comments": [
        "And how has a unpopulated Pinguin island have a trade sureplus of 20%"
      ],
      "language": "English",
      "pure_emoji": false
    },
    {
      "user": "Wilhelm Grunewald",
      "comments": [
        "🥰🥰🥰"
      ],
      "language": "Other",
      "pure_emoji": true
    },
    {
      "user": "William | Tools Dev & AI",
      "comments": [
        "Or, Avoid trading with U.S. altogether. Have everyone trade in a world that doesn’t involve senseless tariff wars."
      ],
      "language": "English",
      "pure_emoji": false
    },
    {
      "user": "Yu Robert",
      "comments": [
        "At the end of the day, he squeezed the people only. His people only"
      ],
      "language": "English",
      "pure_emoji": false
    },
    {
      "user": "adha6969 🇩🇪🇬🇧",
      "comments": [
        "So which countries are getting a rebate?"
      ],
      "language": "English",
      "pure_emoji": false
    },
    {
      "user": "airruiz",
      "comments": [
        "this is the formula created by chat gpt. they asked GPT for a simplified formula and it's what it calculated"
      ],
      "language": "English",
      "pure_emoji": false
    },
    {
      "user": "allodaxaphobia",
      "comments": [
        "What if this is to scare the market into buying bonds on purpose, lowering the interest rate of $9T in national debt due to refinance this year?"
      ],
      "language": "English",
      "pure_emoji": false
    },
    {
      "user": "alvaradoc.cand",
      "comments": [
        "who cares about tariffs. what we want to know is the conspiracy behind it"
      ],
      "language": "English",
      "pure_emoji": false
    },
    {
      "user": "andrew",
      "comments": [
        "Does Trump know?"
      ],
      "language": "English",
      "pure_emoji": false
    },
    {
      "user": "anonymousguy366",
      "comments": [
        "It’s nonsense"
      ],
      "language": "English",
      "pure_emoji": false
    },
    {
      "user": "bob",
      "comments": [
        "In 2024 , Israel export 22.2 b to us , the trade deficit to us is 7.4 b. 7.4/22.2=0.333 ,then 33.3/2=17% . China export to USA , 438.9b, deficit 295.4b. 295.4/438.9=0.673. 0.673/2=0.337 =34%",
        "The joke is. Trump use trade deficit ratio as the profit ratio and ask for 50% profit sharing. Actually , a lot of poorer countries just export for 0 profit, they simply export to support jobs."
      ],
      "language": "English",
      "pure_emoji": false
    },
    {
      "user": "brapa",
      "comments": [
        "They used AI other tiktoker said"
      ],
      "language": "English",
      "pure_emoji": false
    },
    {
      "user": "breaded",
      "comments": [
        "that formula is so funny the second tou realize that no matter what you put in. the outcome will be the same for every country"
      ],
      "language": "English",
      "pure_emoji": false
    },
    {
      "user": "brian mez",
      "comments": [
        "Multiple sources are reporting that the formula and data outputs were created by AI, and no one double checked the output."
      ],
      "language": "English",
      "pure_emoji": false
    },
    {
      "user": "cbd_123",
      "comments": [
        "Where’s Russia and our near 600% trade deficit with them?? 🤔"
      ],
      "language": "English",
      "pure_emoji": false
    },
    {
      "user": "coolasacucumber",
      "comments": [
        "Donald Trump knows basic business math? I find it hard to believe."
      ],
      "language": "English",
      "pure_emoji": false
    },
    {
      "user": "crossedroadz",
      "comments": [
        "Americans will pay those import tarrifs. People will pay extra for the things they need, Americans will feel the pain in the end"
      ],
      "language": "English",
      "pure_emoji": false
    },
    {
      "user": "crypto1960",
      "comments": [
        "This formula is not used by Council of Economic Advisors"
      ],
      "language": "English",
      "pure_emoji": false
    },
    {
      "user": "danjindy",
      "comments": [
        "For such a simple calculation why did you need such a complicated looking formula?"
      ],
      "language": "English",
      "pure_emoji": false
    },
    {
      "user": "derd",
      "comments": [
        "Let’s be honest. Trump doesn’t know what “a formula” means."
      ],
      "language": "English",
      "pure_emoji": false
    },
    {
      "user": "diabloninja84",
      "comments": [
        "See you all on the bread lines. Hope it was worth it to \"own the libs.\""
      ],
      "language": "English",
      "pure_emoji": false
    },
    {
      "user": "diggead",
      "comments": [
        "He just divided it by 2 ? 😂😂"
      ],
      "language": "English",
      "pure_emoji": false
    },
    {
      "user": "elm33",
      "comments": [
        "So it has nothing to do with their tariffs and has everything to do g to do with a trade imbalance. Like 350M ppl can dictate to the world how much they sell us."
      ],
      "language": "English",
      "pure_emoji": false
    },
    {
      "user": "fashiontvnow",
      "comments": [
        "Imagine europeans putting a trade balance on meta or google revenues generated inside EU 🤣"
      ],
      "language": "English",
      "pure_emoji": false
    },
    {
      "user": "fengxiaoguojia",
      "comments": [
        "😱😂"
      ],
      "language": "Other",
      "pure_emoji": true
    },
    {
      "user": "floridaze_52",
      "comments": [
        "EXACTLY WHY PRESIDENT TRUMP IS DOING WHAT HES DOING FINALLY A PRESIDENT WITH A HUGE PAIR SAY G YOU ARE NOT TAKING ADVANTAGE OF AMERICA ANYMORE 🫡🇺🇸 RECIPROCITY 🤝❤️🙏🏻🌎🤝🇺🇸🫡❤️‍🩹🌎❤️🙏✨",
        "FOR FIRST TIME IN HISTORY WE HAVE THE MOST INTELLIGENT PEOPLE LED BY GOD USING THE POSITION OF POWER FOR THE PEOPLE 🫡🇺🇸LEADING AMERICA 🙌OVERWHELMINGLY SUPPORTED BY AMERICAN CITIZENS ✨❤️🙏🏻🤝🫡"
      ],
      "language": "English",
      "pure_emoji": false
    },
    {
      "user": "flwiiipfid",
      "comments": [
        "It’s a joke is what it is. He’s just making US importers pay the difference between what is bought by foreign government vs what they buy from US. Shady to say the least."
      ],
      "language": "English",
      "pure_emoji": false
    },
    {
      "user": "garygeorge",
      "comments": [
        "But does it make any sense ?"
      ],
      "language": "English",
      "pure_emoji": false
    },
    {
      "user": "georgetagarook8",
      "comments": [
        "Pay your share"
      ],
      "language": "English",
      "pure_emoji": false
    },
    {
      "user": "ggflorian",
      "comments": [
        "Trump is a disease 😡"
      ],
      "language": "English",
      "pure_emoji": false
    },
    {
      "user": "goskar007",
      "comments": [
        "And for this calculation only Goods are included. Services (including cloud and software) are excluded and we all know the biggest player there is the US!"
      ],
      "language": "English",
      "pure_emoji": false
    },
    {
      "user": "greg hoole",
      "comments": [
        "\"it's based on existing trade balance\" explain the fact Russia wasn't included but at least 2 uninhabited islands were. tons of trade from those islands I guess"
      ],
      "language": "English",
      "pure_emoji": false
    },
    {
      "user": "grgztr58",
      "comments": [
        "The formula is ridiculous"
      ],
      "language": "English",
      "pure_emoji": false
    },
    {
      "user": "guitar1213",
      "comments": [
        "So a country where the average salary is 10x lower which exports only raw materials to the US should spent as much money in IPhones ?"
      ],
      "language": "English",
      "pure_emoji": false
    },
    {
      "user": "halflaff",
      "comments": [
        "is there tariffs for israel?"
      ],
      "language": "English",
      "pure_emoji": false
    },
    {
      "user": "herekittykitty127",
      "comments": [
        "🤦‍♀️🤦‍♀️🤦‍♀️"
      ],
      "language": "Other",
      "pure_emoji": false
    },
    {
      "user": "himmelblau_verschmuggelt",
      "comments": [
        "If someone is uneducated, for example a President - it would be wise to have educated people around. Oh no, then he would be educated. My mistake."
      ],
      "language": "English",
      "pure_emoji": false
    },
    {
      "user": "ibadcheema0",
      "comments": [
        "It’s so brilliant that even the formula itself is confused as to what’s going on"
      ],
      "language": "English",
      "pure_emoji": false
    },
    {
      "user": "illbeyoolav",
      "comments": [
        "Trade deficit is not a very good term to use for the different in the amount a country imports vs exports to another county"
      ],
      "language": "English",
      "pure_emoji": false
    },
    {
      "user": "island-lover",
      "comments": [
        "i think you should have divided by 1.8"
      ],
      "language": "English",
      "pure_emoji": false
    },
    {
      "user": "itiswhatitis8614",
      "comments": [
        "All I knows is we don’t have Obama to bail out billionaires to keep their companies over seas, bring companies back pay higher wages something democrats say but never do"
      ],
      "language": "English",
      "pure_emoji": false
    },
    {
      "user": "jackfloof",
      "comments": [
        "Actually makes sense, neat"
      ],
      "language": "English",
      "pure_emoji": false
    },
    {
      "user": "jakez838",
      "comments": [
        "Or they could just lower their tariffs 🤷"
      ],
      "language": "English",
      "pure_emoji": false
    },
    {
      "user": "jalapenotesticles",
      "comments": [
        "the two greek letters, epsilon and phi, are the values 0.25 and 4. They don't even have a significance in the formula, as they cancel"
      ],
      "language": "English",
      "pure_emoji": false
    },
    {
      "user": "jamidee",
      "comments": [
        "ChatGPI formula. Doesn’t make it a good formula."
      ],
      "language": "English",
      "pure_emoji": false
    },
    {
      "user": "jazzy1988",
      "comments": [
        "They saying chat gpt 😂"
      ],
      "language": "English",
      "pure_emoji": false
    },
    {
      "user": "jemjanjem🇨🇦",
      "comments": [
        "He must really NOT know what a tariff is - cuz those ain't them.",
        "There I am looking at the chart and thinking \"Really? All these other countries tariff the U.S. at those really high rates?\" But nah, he lied again.",
        "Who came up with the greek formula I'd love to know? Some genius pranking him..."
      ],
      "language": "English",
      "pure_emoji": false
    },
    {
      "user": "john",
      "comments": [
        "he does not have that understanding. stop it"
      ],
      "language": "English",
      "pure_emoji": false
    },
    {
      "user": "kentucky",
      "comments": [
        "so bascially a squared + b squared = c squared"
      ],
      "language": "English",
      "pure_emoji": false
    },
    {
      "user": "kenya l",
      "comments": [
        "AI"
      ],
      "language": "English",
      "pure_emoji": false
    },
    {
      "user": "klejms",
      "comments": [
        "🥰"
      ],
      "language": "Other",
      "pure_emoji": true
    },
    {
      "user": "meowxbt",
      "comments": [
        "Bloomberg got this from twitter fyi"
      ],
      "language": "English",
      "pure_emoji": false
    },
    {
      "user": "miguelhendricks81",
      "comments": [
        "and Heard Island and Mc Donald Island has only 2 people lives there. 🙄"
      ],
      "language": "English",
      "pure_emoji": false
    },
    {
      "user": "mma221994",
      "comments": [
        "Why didn’t they consider the population size in this formula? Ex: South Korean has roughly 51.7 million, while the USA has a population of around 346.8 million."
      ],
      "language": "English",
      "pure_emoji": false
    },
    {
      "user": "mrpowertools",
      "comments": [
        "Trump can only impose tariffs for 180 days. After that it has to be authorized by congress"
      ],
      "language": "English",
      "pure_emoji": false
    },
    {
      "user": "multiple personality disorder",
      "comments": [
        "48% tax on Cambodia and Laos 💀 (NOT A JOKE!)"
      ],
      "language": "English",
      "pure_emoji": false
    },
    {
      "user": "nate🙂‍↕️",
      "comments": [
        "World famous economist here guys🔥"
      ],
      "language": "English",
      "pure_emoji": false
    },
    {
      "user": "nikitikitoky",
      "comments": [
        "Just wondering if it’s realistic to expect to sell our goods as much as we buy buy from others if other countries are poor and can’t afford basic necessities much less American products"
      ],
      "language": "English",
      "pure_emoji": false
    },
    {
      "user": "no name",
      "comments": [
        "yeah like HE used it 🙄"
      ],
      "language": "English",
      "pure_emoji": false
    },
    {
      "user": "nolanlessard",
      "comments": [
        "“BuT heS a gOod BusIneSs mAn”"
      ],
      "language": "English",
      "pure_emoji": false
    },
    {
      "user": "papadrac",
      "comments": [
        "How Rome fallen?"
      ],
      "language": "English",
      "pure_emoji": false
    },
    {
      "user": "riskyBiskits",
      "comments": [
        "just cause the guy who does it is named Trump, doesn't make it a bad idea . . ."
      ],
      "language": "English",
      "pure_emoji": false
    },
    {
      "user": "robin.lhw",
      "comments": [
        "DT is just another toy by Russia😂. Selling the US to the ex Soviet Union"
      ],
      "language": "English",
      "pure_emoji": false
    },
    {
      "user": "robintheclouds",
      "comments": [
        "He can do math?!"
      ],
      "language": "English",
      "pure_emoji": false
    },
    {
      "user": "sakyū",
      "comments": [
        "🙃🙃🙃"
      ],
      "language": "Other",
      "pure_emoji": true
    },
    {
      "user": "sax",
      "comments": [
        "This is called \"Voodoo Economics.\""
      ],
      "language": "English",
      "pure_emoji": false
    },
    {
      "user": "sazeracontoast",
      "comments": [
        "*The formula Grok used to calculate the tariffs"
      ],
      "language": "English",
      "pure_emoji": false
    },
    {
      "user": "scottlewis836",
      "comments": [
        "Why not say the truth: basing tariffs on trade imbalances is nuts?"
      ],
      "language": "English",
      "pure_emoji": false
    },
    {
      "user": "sean.andrew12",
      "comments": [
        "This doesn’t make any sense lol. He does t understand what comparative advantage is and that means American consumers are going to lose out on superior overseas products, such as beef from Australia"
      ],
      "language": "English",
      "pure_emoji": false
    },
    {
      "user": "shanky",
      "comments": [
        "😂😂😂"
      ],
      "language": "Other",
      "pure_emoji": true
    },
    {
      "user": "shayconway41",
      "comments": [
        "Fundamentally he is well within his rights to do this"
      ],
      "language": "English",
      "pure_emoji": false
    },
    {
      "user": "showingthelinks",
      "comments": [
        "he's talking about the Greek letters in the denominator. they set them to 4 and .25 respectively for all countries meaning they multiply to 1 so they serve no purpose. the are effectively constants"
      ],
      "language": "English",
      "pure_emoji": false
    },
    {
      "user": "sina29227",
      "comments": [
        "So, what about that country's population?! A country with a population of 50 million is not different from a country with a population of 350 million regarding the trading number?! The calculation should at least be done on a per capita basis."
      ],
      "language": "English",
      "pure_emoji": false
    },
    {
      "user": "sivolt8015",
      "comments": [
        "he did not use it, someone did it for him I doubt someone who complains about immigrants let one into office is smart enough to use that"
      ],
      "language": "English",
      "pure_emoji": false
    },
    {
      "user": "spencerbos20",
      "comments": [
        "🥰"
      ],
      "language": "Other",
      "pure_emoji": true
    },
    {
      "user": "stacyelliott40",
      "comments": [
        "He taxes penguins…. Not a joke."
      ],
      "language": "English",
      "pure_emoji": false
    },
    {
      "user": "surrogate384",
      "comments": [
        "Only trade surplus in goods, service trade was excluded because then the US would have a trade surplus 😂"
      ],
      "language": "English",
      "pure_emoji": false
    },
    {
      "user": "swimbikerunnamaste",
      "comments": [
        "guess we priorize placing tariffs on penguins over Russians. Is the \"putin has dirt\" variable?"
      ],
      "language": "English",
      "pure_emoji": false
    },
    {
      "user": "taromilktea",
      "comments": [
        "How does it make sense? The USA is huge compared to like Cambodia?"
      ],
      "language": "English",
      "pure_emoji": false
    },
    {
      "user": "themarkmac",
      "comments": [
        "🥰🥰🥰"
      ],
      "language": "Other",
      "pure_emoji": true
    },
    {
      "user": "tommyg22232",
      "comments": [
        "So like, how is this going to help our economy"
      ],
      "language": "English",
      "pure_emoji": false
    },
    {
      "user": "tommytraveller",
      "comments": [
        "he lied saying these are in response to these countries tariffs .many countries like Australia and South Korea have free trade agreements with US . charging zero tariffs. why should we tariff them !"
      ],
      "language": "English",
      "pure_emoji": false
    },
    {
      "user": "trinityblack143",
      "comments": [
        "So global extortion then got it"
      ],
      "language": "English",
      "pure_emoji": false
    },
    {
      "user": "trout10016",
      "comments": [
        "no way donnie even knows what that equation means"
      ],
      "language": "English",
      "pure_emoji": false
    },
    {
      "user": "user1637825288378",
      "comments": [
        "So it doesn’t have anything to do with tariffs countries have imposed on the US?"
      ],
      "language": "English",
      "pure_emoji": false
    },
    {
      "user": "user2594978165464",
      "comments": [
        "What she got from ChatGPT"
      ],
      "language": "English",
      "pure_emoji": false
    },
    {
      "user": "user2746770799283",
      "comments": [
        "Their tariffs on us are good but ours are bad lol dem logic"
      ],
      "language": "English",
      "pure_emoji": false
    },
    {
      "user": "user4044191602750",
      "comments": [
        ".Merger of EU and US to strengthen the US dollar and knock out the trade deficit and there national debt placing the west currency on top ? Free movement of people ,products and currency ? tribute?"
      ],
      "language": "English",
      "pure_emoji": false
    },
    {
      "user": "user411980611055",
      "comments": [
        "(Export - import) / import"
      ],
      "language": "English",
      "pure_emoji": false
    },
    {
      "user": "user4255680255952",
      "comments": [
        "Trump making America great again 🥰"
      ],
      "language": "English",
      "pure_emoji": false
    },
    {
      "user": "user5432112345",
      "comments": [
        "it's just /2"
      ],
      "language": "English",
      "pure_emoji": false
    },
    {
      "user": "user5724036208980",
      "comments": [
        "It is a made up formula to capture non tariff barriers and purposely gives a bigger coefficient than 20. This way no country can pay less than 10% tariffs"
      ],
      "language": "English",
      "pure_emoji": false
    },
    {
      "user": "user5b4oeea7cb",
      "comments": [
        "🥰"
      ],
      "language": "Other",
      "pure_emoji": true
    },
    {
      "user": "user6998505107046",
      "comments": [
        "ChatGPT was his formula. AI is running the country 😂"
      ],
      "language": "English",
      "pure_emoji": false
    },
    {
      "user": "user7384666166234",
      "comments": [
        "If you're ever looking for an example of voodoo economics......"
      ],
      "language": "English",
      "pure_emoji": false
    },
    {
      "user": "user9182847301370",
      "comments": [
        "😁"
      ],
      "language": "Other",
      "pure_emoji": true
    },
    {
      "user": "w1solo",
      "comments": [
        "😂😂😂 And ChatGPT interestingly produced the same formula and data -"
      ],
      "language": "English",
      "pure_emoji": false
    },
    {
      "user": "wickasnipe",
      "comments": [
        "written by Chat gpt and made the same errors. 🤖"
      ],
      "language": "English",
      "pure_emoji": false
    },
    {
      "user": "xan_derrrr ☑",
      "comments": [
        "Dumbest economic policy in modern history"
      ],
      "language": "English",
      "pure_emoji": false
    },
    {
      "user": "xrp_manchap",
      "comments": [
        "Not sure that’s entirely the right way to analyse tarrifs. But you also have to look at other protectionist measures like food standards. The EU doesn’t take US beef due to the stuff they put in it"
      ],
      "language": "English",
      "pure_emoji": false
    },
    {
      "user": "~ Mr Humor  ~",
      "comments": [
        "DONALD TRUMP GOT HIS INFORMATION FROM ELON MUSK HOW DO YOU THINK HE FIGURED IT OUT?"
      ],
      "language": "English",
      "pure_emoji": false
    },
    {
      "user": "МCB",
      "comments": [
        "A surplus and a tariff are totally different things. I don’t even know how you can get away with that."
      ],
      "language": "English",
      "pure_emoji": false
    },
    {
      "user": "রাত জাগা পাখি",
      "comments": [
        "very nice tariff"
      ],
      "language": "English",
      "pure_emoji": false
    },
    {
      "user": "◾️",
      "comments": [
        "What in the world lol can someone help explain what the reasoning is here"
      ],
      "language": "English",
      "pure_emoji": false
    },
    {
      "user": "☁︎",
      "comments": [
        "I wish I could change my vote 😭😭"
      ],
      "language": "English",
      "pure_emoji": false
    },
    {
      "user": "空号",
      "comments": [
        "好科学的加税公式🤣"
      ],
      "language": "Chinese",
      "pure_emoji": false
    },
    {
      "user": "ꜱᴇʙ",
      "comments": [
        "right.. because putting tariff on an island with 0 population was a good idea. I'm sure the seals and penguins of the island will have something to say about it"
      ],
      "language": "English",
      "pure_emoji": false
    },
    {
      "user": "🇮🇱påli🇮🇱proud zionist🇮🇱",
      "comments": [
        "All hail Caesar Donald Trump, President of the Americans, King of Canada, King of Mexico, King of Ukraine, King of Gulf of America and Emperor of the Western Hemisphere! 👑🇺🇸👑🇨🇦👑🇲🇽👑🇺🇦👑🌎"
      ],
      "language": "English",
      "pure_emoji": false
    },
    {
      "user": "🇺🇸ManBearPig🇺🇸",
      "comments": [
        "Very informative! Thank you"
      ],
      "language": "English",
      "pure_emoji": false
    },
    {
      "user": "🤔",
      "comments": [
        "Why aren’t we taxing Russia as well?"
      ],
      "language": "English",
      "pure_emoji": false
    },
    {
      "user": "🥊KunKhmer🥊🙏Cambodia🇰🇭",
      "comments": [
        "🥵"
      ],
      "language": "Other",
      "pure_emoji": true
    }
  ]
}