{
  "video_id": "7494686367503387946",
  "video_url": "https://www.tiktok.com/@scrippsnews/video/7494686367503387946",
  "publish_date": null,
  "comment_groups": [
    {
      "user": "Dave Gates",
      "comments": [
        "🥰"
      ],
      "language": "Other",
      "pure_emoji": true
    },
    {
      "user": "GenXBratt5726",
      "comments": [
        "Consumers need to be buying American!"
      ],
      "language": "English",
      "pure_emoji": false
    },
    {
      "user": "I’m Ceedee lamb👑👑",
      "comments": [
        "😭😭😭"
      ],
      "language": "Other",
      "pure_emoji": true
    },
    {
      "user": "Michele Alexis",
      "comments": [
        "🙏🙏🙏"
      ],
      "language": "Other",
      "pure_emoji": true
    },
    {
      "user": "P2dJ",
      "comments": [
        "China is crumbling"
      ],
      "language": "English",
      "pure_emoji": false
    },
    {
      "user": "So True",
      "comments": [
        "we can buy wherever we want to",
        "you can not Believe the American News"
      ],
      "language": "English",
      "pure_emoji": false
    },
    {
      "user": "Tracy Stillman",
      "comments": [
        "Not true and all orders under $800 don’t incur tariffs"
      ],
      "language": "English",
      "pure_emoji": false
    },
    {
      "user": "Tucker-Up🫀👩🏼‍⚕️💉",
      "comments": [
        "Anybody with half a brain cell has known for decades where all these “high end” products come from. EVERYTHING is brought in from China, a logo slapped on it and increased 10-1000 times the price. DUH"
      ],
      "language": "English",
      "pure_emoji": false
    },
    {
      "user": "Usman Khawaja",
      "comments": [
        "😳😳😳"
      ],
      "language": "Other",
      "pure_emoji": true
    },
    {
      "user": "bignick",
      "comments": [
        "wow the news think we listen to them? always lies except for the weather! that's all the main stream media is good for...",
        "oh yeah and sports 😉"
      ],
      "language": "English",
      "pure_emoji": false
    },
    {
      "user": "friendlytwink420_",
      "comments": [
        "China ateeee LMAO"
      ],
      "language": "English",
      "pure_emoji": false
    },
    {
      "user": "lou",
      "comments": [
        "👏"
      ],
      "language": "Other",
      "pure_emoji": true
    },
    {
      "user": "nadia🍉",
      "comments": [
        "me when i'm deluded"
      ],
      "language": "English",
      "pure_emoji": false
    },
    {
      "user": "user2569361112656",
      "comments": [
        "Be careful of China no!!! Be careful for who you vote for(Donald Trump)"
      ],
      "language": "English",
      "pure_emoji": false
    },
    {
      "user": "♡~Sandra Y Ginés 🇵🇷♡",
      "comments": [
        "👍"
      ],
      "language": "Other",
      "pure_emoji": true
    },
    {
      "user": "Ｌ⭕️ＲＥＮＺ⭕️",
      "comments": [
        "China won"
      ],
      "language": "English",
      "pure_emoji": false
    }
  ]
}