{
  "video_id": "7495680562288397575",
  "video_url": "https://www.tiktok.com/@84hotspot/video/7495680562288397575",
  "publish_date": null,
  "comment_groups": [
    {
      "user": "?",
      "comments": [
        "日本这回被逼与巨婴谈判，五味杂成。 怎么没看见美国车在日本路上行驶呢？ 太不支持美国了🤣🤣🤣",
        "日本这回被逼与巨婴谈判，五味杂成。 怎么没看见美国车在日本路上行驶呢？ 太不支持美国了🤣🤣🤣"
      ],
      "language": "Chinese",
      "pure_emoji": false
    },
    {
      "user": "BYY ONLINE",
      "comments": [
        "日本给人感觉就是应付"
      ],
      "language": "Chinese",
      "pure_emoji": false
    },
    {
      "user": "Chinliptet",
      "comments": [
        "🥰🥰🥰",
        "🥰🥰🥰"
      ],
      "language": "Other",
      "pure_emoji": false
    },
    {
      "user": "Danne Camp",
      "comments": [
        "support Trump",
        "support Trump"
      ],
      "language": "English",
      "pure_emoji": false
    },
    {
      "user": "Jackson Chong",
      "comments": [
        "😂😂😂",
        "😂😂😂"
      ],
      "language": "Other",
      "pure_emoji": false
    },
    {
      "user": "Jeffrey Fong",
      "comments": [
        "特斗郎，万万岁。加油吧。",
        "特斗郎，万万岁。加油吧。"
      ],
      "language": "Chinese",
      "pure_emoji": false
    },
    {
      "user": "JoonWei",
      "comments": [
        "你这次低头，美国还会改变！川普是个没有信用的人。所以我们都应该支持多遍主义。",
        "你这次低头，美国还会改变！川普是个没有信用的人。所以我们都应该支持多遍主义。"
      ],
      "language": "Chinese",
      "pure_emoji": false
    },
    {
      "user": "Ken Ong听说救了很多人的命。我妈医到上百千，人也没了",
      "comments": [
        "亚川知道～第一个是日本下来是台湾😂😂",
        "亚川知道～第一个是日本下来是台湾😂😂"
      ],
      "language": "Chinese",
      "pure_emoji": false
    },
    {
      "user": "Leon Fei",
      "comments": [
        "日本当然底头，他的美国主人啊",
        "日本当然底头，他的美国主人啊"
      ],
      "language": "Chinese",
      "pure_emoji": false
    },
    {
      "user": "SK Lo",
      "comments": [
        "中国必胜👍🏻👍🏻👍🏻",
        "中国必胜👍🏻👍🏻👍🏻"
      ],
      "language": "Chinese",
      "pure_emoji": false
    },
    {
      "user": "Sam Tan",
      "comments": [
        "以牙还牙",
        "以牙还牙"
      ],
      "language": "Chinese",
      "pure_emoji": false
    },
    {
      "user": "Samtoni",
      "comments": [
        "输不起的小人🤣🤣",
        "输不起的小人🤣🤣"
      ],
      "language": "Chinese",
      "pure_emoji": false
    },
    {
      "user": "Teik Beng Loh",
      "comments": [
        "小孩打架嗎？你跟他好就不是我的朋友？😳",
        "小孩打架嗎？你跟他好就不是我的朋友？😳"
      ],
      "language": "Chinese",
      "pure_emoji": false
    },
    {
      "user": "Valued Products",
      "comments": [
        "结果各国都異口同声説我们都须要中国货哦。Then Trump responses Me Too ！",
        "结果各国都異口同声説我们都须要中国货哦。Then Trump responses Me Too ！"
      ],
      "language": "Mixed",
      "pure_emoji": false
    },
    {
      "user": "Yee Kok Keong",
      "comments": [
        "日本最爱跪舔美国🤣🤣🤣🤣🤣🤣🤣🤣🤣",
        "日本最爱跪舔美国🤣🤣🤣🤣🤣🤣🤣🤣🤣"
      ],
      "language": "Chinese",
      "pure_emoji": false
    },
    {
      "user": "eric_cartman65",
      "comments": [
        "打抢😂😂😂",
        "打抢😂😂😂"
      ],
      "language": "Chinese",
      "pure_emoji": false
    },
    {
      "user": "jacksonlee6",
      "comments": [
        "❤",
        "❤"
      ],
      "language": "Other",
      "pure_emoji": false
    },
    {
      "user": "kawan",
      "comments": [
        "日本啊日本😂😂",
        "日本啊日本😂😂"
      ],
      "language": "Chinese",
      "pure_emoji": false
    },
    {
      "user": "lawrancesingh88",
      "comments": [
        "日本吃寿司，买那么多马铃薯干嘛？美国车能赢日本车吗？卖得动吗？没有美国会更好，让他加吧，等他需要你事，把之前的钱一起赚。",
        "日本吃寿司，买那么多马铃薯干嘛？美国车能赢日本车吗？卖得动吗？没有美国会更好，让他加吧，等他需要你事，把之前的钱一起赚。"
      ],
      "language": "Chinese",
      "pure_emoji": false
    },
    {
      "user": "stevenooi87",
      "comments": [
        "国家和国家是为了利益如果没有利益大国小国通通是鸟国",
        "国家和国家是为了利益如果没有利益大国小国通通是鸟国"
      ],
      "language": "Chinese",
      "pure_emoji": false
    },
    {
      "user": "stevenyee855",
      "comments": [
        "建议 世界自由贸易组织 即刻解散 这个组织 的公信力 经己彻底破产。",
        "建议 世界自由贸易组织 即刻解散 这个组织 的公信力 经己彻底破产。"
      ],
      "language": "Chinese",
      "pure_emoji": false
    },
    {
      "user": "wahahaha75",
      "comments": [
        "无所谓了 中国做好最坏的打算了 有牌赶紧打",
        "无所谓了 中国做好最坏的打算了 有牌赶紧打"
      ],
      "language": "Chinese",
      "pure_emoji": false
    },
    {
      "user": "威就是V",
      "comments": [
        "建议马来西亚派出黄明志去谈，毕竟大黄在台湾深度深造过\"舌忝\"功最厉害",
        "建议马来西亚派出黄明志去谈，毕竟大黄在台湾深度深造过\"舌忝\"功最厉害"
      ],
      "language": "Chinese",
      "pure_emoji": false
    },
    {
      "user": "用户6277984044222",
      "comments": [
        "好好好",
        "好好好"
      ],
      "language": "Chinese",
      "pure_emoji": false
    },
    {
      "user": "瘋狂機長詹姆士",
      "comments": [
        "主播一知半解，豐田剛剛在大陸擴大投資建廠，研發中心落戶上海😂"
      ],
      "language": "Chinese",
      "pure_emoji": false
    },
    {
      "user": "苍 • 小花",
      "comments": [
        "🥰",
        "🥰"
      ],
      "language": "Other",
      "pure_emoji": false
    },
    {
      "user": "身披金甲圣衣 脚踏七彩祥云",
      "comments": [
        "美国有这么多东西卖给全世界吗",
        "美国有这么多东西卖给全世界吗"
      ],
      "language": "Chinese",
      "pure_emoji": false
    },
    {
      "user": "非凡哥",
      "comments": [
        "[写真]",
        "[写真]"
      ],
      "language": "Chinese",
      "pure_emoji": false
    },
    {
      "user": "🌠🌠爱听歌的小鬼♑🌠🌠⛅",
      "comments": [
        "👍👍👍",
        "👍👍👍"
      ],
      "language": "Other",
      "pure_emoji": false
    }
  ]
}