{
  "video_id": "7491594194121755934",
  "video_url": "https://www.tiktok.com/@aailf5/video/7491594194121755934",
  "publish_date": null,
  "comment_groups": [
    {
      "user": "CT Tan",
      "comments": [
        "奉陪到底，👍👍👍👍👍",
        "奉陪到底，👍👍👍👍👍"
      ],
      "language": "Chinese",
      "pure_emoji": false
    },
    {
      "user": "candy",
      "comments": [
        "👍👍👍加油中國💪💪💪👏✌️",
        "👍👍👍加油中國💪💪💪👏✌️"
      ],
      "language": "Chinese",
      "pure_emoji": false
    },
    {
      "user": "user8655533054832",
      "comments": [
        "😂😂😂",
        "😂😂😂"
      ],
      "language": "Other",
      "pure_emoji": false
    },
    {
      "user": "盘天庆",
      "comments": [
        "🥰🥰🥰",
        "🥰🥰🥰"
      ],
      "language": "Other",
      "pure_emoji": false
    },
    {
      "user": "竹林",
      "comments": [
        "對美示弱，終將引來羞辱，只有迎頭痛擊才能讓美國清醒！",
        "對美示弱，終將引來羞辱，只有迎頭痛擊才能讓美國清醒！"
      ],
      "language": "Chinese",
      "pure_emoji": false
    },
    {
      "user": "호랑나비🏷🏷🏷",
      "comments": [
        "🥰🥰🥰🇨🇳🇨🇳🇨🇳👍👍👍👏👏👏🥰🥰🥰",
        "🥰🥰🥰🇨🇳🇨🇳🇨🇳👍👍👍👏👏👏🥰🥰🥰"
      ],
      "language": "Other",
      "pure_emoji": false
    }
  ]
}