{
  "video_id": "7489476604687551787",
  "video_url": "https://www.tiktok.com/@ayn.tv/video/7489476604687551787",
  "publish_date": null,
  "comment_groups": [
    {
      "user": "ANCHISGOLD",
      "comments": [
        "Lmfao there’s no talking to these trumpies, just let them live fantasy",
        "Lmfao there’s no talking to these trumpies, just let them live fantasy"
      ],
      "language": "English",
      "pure_emoji": false
    },
    {
      "user": "AYN TV · 创作者",
      "comments": [
        "TikTok takes down my videos if I give direct advice which is understandable. I don’t know if you have ever posted any type of content but try it and you will see 😃",
        "Again, missing the point of the video. Circulation was basically 0 when COVID shutdown every business. Guess what markets did? All Time Highs. There is no correlation. Purpose of the video was that.",
        "Live below ur means",
        "Yes however this video recorded last night. But what I said in the video is still true, these tariffs are open for negotiations for other countries if they come to Trump",
        "Yes I am aware of that. However, if you actually watch the full video the entire purpose was to alert people of the discounted prices and how they might be able to capitalize",
        "In regards to trade, we are expected to run huge deficits in 2026 with debt ceiling raised almost every other year. Tariffs make sense in the long run compared to the % other countries have on us",
        "100%, but this video is more about trying to aware people of what’s currently happening so they know and not regret it later when they miss out big time",
        "And recovered immediately and never came back to those levels. You guys need to spend more time behind the charts than comments",
        "Layoffs started like last year lol 😂",
        "Terrorist? I’m sure you meant Tariffs and yes they are up for negotiations. Vietnam is currently already negotiating. It is okay to be wrong 👍",
        "Everyone called Michael Burry crazy. TikTok kids in the comments barely even have points to note",
        "Legality mate",
        "As you can see by the video, it’s night time. Video was recorded last night. And no, you are wrong. That’s why when Covid hit, markets were soaring while every business was shut down = no revenue.",
        "I may know the reason why you hate Trump lol",
        "Why did markets soar during COVID? A never-experienced global pandemic that we didn’t have a vaccine for till months in lockdown. Full of uncertainty still we gained. Because it is engineered to do so",
        "TikTok takes down my videos if I give direct advice which is understandable. I don’t know if you have ever posted any type of content but try it and you will see 😃",
        "Again, missing the point of the video. Circulation was basically 0 when COVID shutdown every business. Guess what markets did? All Time Highs. There is no correlation. Purpose of the video was that.",
        "That’s exactly what the point of these tariffs are. To bring in more revenue to pay off trillions of debt AND incentivize businesses to BUILD INSIDE AMERICA.",
        "Berkshire Hathaway all time highs in cash reserves should’ve been our #1 indicator lol",
        "Unfortunately that’s just how the world works. A lot of people underestimate how compounding works and how less can be a lot if you set up recurring payments",
        "Yes however this video recorded last night. But what I said in the video is still true, these tariffs are open for negotiations for other countries if they come to Trump",
        "Yes I am aware of that. However, if you actually watch the full video the entire purpose was to alert people of the discounted prices and how they might be able to capitalize",
        "In regards to trade, we are expected to run huge deficits in 2026 with debt ceiling raised almost every other year. Tariffs make sense in the long run compared to the % other countries have on us",
        "100%, but this video is more about trying to aware people of what’s currently happening so they know and not regret it later when they miss out big time",
        "And recovered immediately and never came back to those levels. You guys need to spend more time behind the charts than comments",
        "Layoffs started like last year lol 😂",
        "Terrorist? I’m sure you meant Tariffs and yes they are up for negotiations. Vietnam is currently already negotiating. It is okay to be wrong 👍",
        "Not a financial advisor. Legality mate guys like me are 10 steps ahead of kids like you",
        "Everyone called Michael Burry crazy. TikTok kids in the comments barely even have points to note",
        "Must be living under a rock",
        "Legality mate",
        "As you can see by the video, it’s night time. Video was recorded last night. And no, you are wrong. That’s why when Covid hit, markets were soaring while every business was shut down = no revenue.",
        "I may know the reason why you hate Trump lol",
        "I am daddy ma’am. Ur welcome to explore my page and find out 🙏🏽",
        "Why did markets soar during COVID? A never-experienced global pandemic that we didn’t have a vaccine for till months in lockdown. Full of uncertainty still we gained. Because it is engineered to do so"
      ],
      "language": "English",
      "pure_emoji": false
    },
    {
      "user": "Aggelos☦️ ☦︎",
      "comments": [
        "What if the countries rise the tariffs and not low?",
        "What if the countries rise the tariffs and not low?"
      ],
      "language": "English",
      "pure_emoji": false
    },
    {
      "user": "Alfredo Ramirez",
      "comments": [
        "I like how he used “might” 3 times",
        "No one could afford stock markets my guy. There’s no need for a rigged recession . This is not going to change the groceries prices or make your dollar menu exist again at McDonald’s 😂",
        "I like how he used “might” 3 times",
        "No one could afford stock markets my guy. There’s no need for a rigged recession . This is not going to change the groceries prices or make your dollar menu exist again at McDonald’s 😂"
      ],
      "language": "English",
      "pure_emoji": false
    },
    {
      "user": "Andrew Oransky",
      "comments": [
        "Trust me bro",
        "Trust me bro"
      ],
      "language": "English",
      "pure_emoji": false
    },
    {
      "user": "Armenak Sark",
      "comments": [
        "I wish Biden left some money in my account, I’m check to check now!! Wish I could. I bought 100 of Tesla stock",
        "I wish Biden left some money in my account, I’m check to check now!! Wish I could. I bought 100 of Tesla stock"
      ],
      "language": "English",
      "pure_emoji": false
    },
    {
      "user": "Ballistic Mike",
      "comments": [
        "Imagine getting conned and then saying the conman \"might have given you a free meal ticket\" 🤣🤣🤣",
        "Imagine getting conned and then saying the conman \"might have given you a free meal ticket\" 🤣🤣🤣"
      ],
      "language": "English",
      "pure_emoji": false
    },
    {
      "user": "Bernue",
      "comments": [
        "🤦🏻‍♀️",
        "🤦🏻‍♀️"
      ],
      "language": "Other",
      "pure_emoji": false
    },
    {
      "user": "Beto P",
      "comments": [
        "🤣🤣🤣🤡🤡🤡magamoron",
        "🤣🤣🤣🤡🤡🤡magamoron"
      ],
      "language": "English",
      "pure_emoji": false
    },
    {
      "user": "Capricola",
      "comments": [
        "TrumpTax",
        "TrumpTax"
      ],
      "language": "English",
      "pure_emoji": false
    },
    {
      "user": "Captain",
      "comments": [
        "Trump and propaganda media might make people think they are experts instead of actually listening to economists who are experts",
        "Trump and propaganda media might make people think they are experts instead of actually listening to economists who are experts"
      ],
      "language": "English",
      "pure_emoji": false
    },
    {
      "user": "CeeGee",
      "comments": [
        "Sure, as all the small business owners collapse and lose their livelihood. The market has lost $2 Trillion since he took office. You obviously don’t have a 401k!",
        "Sure, as all the small business owners collapse and lose their livelihood. The market has lost $2 Trillion since he took office. You obviously don’t have a 401k!"
      ],
      "language": "English",
      "pure_emoji": false
    },
    {
      "user": "Cool Dad",
      "comments": [
        "Might. Might lol",
        "Might. Might lol"
      ],
      "language": "English",
      "pure_emoji": false
    },
    {
      "user": "CuratedClipsByMe",
      "comments": [
        "LMFAOOOO 😭😭😭😭😭😭😭",
        "LMFAOOOO 😭😭😭😭😭😭😭"
      ],
      "language": "English",
      "pure_emoji": false
    },
    {
      "user": "David 🫐🐺",
      "comments": [
        "Literally shut up 👍",
        "Literally shut up 👍"
      ],
      "language": "English",
      "pure_emoji": false
    },
    {
      "user": "Degen Shaw",
      "comments": [
        "Those tarrifs were made up. Those countries don’t really have tarrifs on us (at least not the metrics they used)",
        "Those tarrifs were made up. Those countries don’t really have tarrifs on us (at least not the metrics they used)"
      ],
      "language": "English",
      "pure_emoji": false
    },
    {
      "user": "Demsmight",
      "comments": [
        "Pure gibberish. Forget the stocks, this is a flat tax on all Americans. It’s not a good thing no matter how you try to spin it.",
        "Pure gibberish. Forget the stocks, this is a flat tax on all Americans. It’s not a good thing no matter how you try to spin it."
      ],
      "language": "English",
      "pure_emoji": false
    },
    {
      "user": "Dollar vigilante",
      "comments": [
        "[写真]",
        "[写真]"
      ],
      "language": "Chinese",
      "pure_emoji": false
    },
    {
      "user": "Dontae Vega",
      "comments": [
        "🤣🤣🤣",
        "🤣🤣🤣"
      ],
      "language": "Other",
      "pure_emoji": false
    },
    {
      "user": "ELIS KUCEVIC",
      "comments": [
        "if trump said his plan was to wipe 4 trillion off the market and layoff 500k workers and raise prices he would have never gotten elected.",
        "if trump said his plan was to wipe 4 trillion off the market and layoff 500k workers and raise prices he would have never gotten elected."
      ],
      "language": "English",
      "pure_emoji": false
    },
    {
      "user": "EchoMama3",
      "comments": [
        "This is such a stupid take. This tactic only benefits the rich. It shows you don’t give a shit about anyone else. Seniors, low class, veterans are going to suffer.",
        "This is such a stupid take. This tactic only benefits the rich. It shows you don’t give a shit about anyone else. Seniors, low class, veterans are going to suffer."
      ],
      "language": "English",
      "pure_emoji": false
    },
    {
      "user": "Erik Quiroz",
      "comments": [
        "So the whole world telling you what we all are seeing an saying is wrong cuz trump said so",
        "Since you have so much knowledge answer this if lets say china has a 25% tarrif on american tires whose paying that tax",
        "So the whole world telling you what we all are seeing an saying is wrong cuz trump said so"
      ],
      "language": "English",
      "pure_emoji": false
    },
    {
      "user": "Evenizzletown",
      "comments": [
        "💯💯 What percent you don’t know anything about",
        "💯💯 What percent you don’t know anything about"
      ],
      "language": "English",
      "pure_emoji": false
    },
    {
      "user": "Exoskeleton92",
      "comments": [
        "If you turn off the whole world, what negotiations are you talking about? What does Donald Trump be want? Is a question in business. Both party needs to know what you want.",
        "If you turn off the whole world, what negotiations are you talking about? What does Donald Trump be want? Is a question in business. Both party needs to know what you want."
      ],
      "language": "English",
      "pure_emoji": false
    },
    {
      "user": "Fr Fr",
      "comments": [
        "Ya'll love defending Trump.",
        "Ya'll love defending Trump."
      ],
      "language": "English",
      "pure_emoji": false
    },
    {
      "user": "Friendlyneighborhoodgamingdad",
      "comments": [
        "Markets crashed during COVID",
        "Markets crashed during COVID"
      ],
      "language": "English",
      "pure_emoji": false
    },
    {
      "user": "GP",
      "comments": [
        "The markets are forward looking, genius. Investors don’t like uncertainty and that’s all Trump is. Blanket tariffs will reduce economic activity. Full stop.",
        "Quantitative easing. Every central bank in the world dropped interest rates and flooded the markets with liquidity to keep businesses afloat. That’s also what led to a period of high inflation.",
        "The markets are forward looking, genius. Investors don’t like uncertainty and that’s all Trump is. Blanket tariffs will reduce economic activity. Full stop."
      ],
      "language": "English",
      "pure_emoji": false
    },
    {
      "user": "Gjcano",
      "comments": [
        "A free meal ticket is insane commentary",
        "A free meal ticket is insane commentary"
      ],
      "language": "English",
      "pure_emoji": false
    },
    {
      "user": "HogLeg",
      "comments": [
        "…..that’s the opposite of what you maga cultists said a few months ago. Do we even bring up how hard you cried about eggs? Now the economy tanks and you guys make excuses. Pathetic.",
        "…..that’s the opposite of what you maga cultists said a few months ago. Do we even bring up how hard you cried about eggs? Now the economy tanks and you guys make excuses. Pathetic."
      ],
      "language": "English",
      "pure_emoji": false
    },
    {
      "user": "I Am Nikki Free",
      "comments": [
        "🤣🤣🤣🤣🤣🤣🤣🤣🤣🤣🤣🤣🤣🤣",
        "🤣🤣🤣🤣🤣🤣🤣🤣🤣🤣🤣🤣🤣🤣"
      ],
      "language": "Other",
      "pure_emoji": false
    },
    {
      "user": "Itachi",
      "comments": [
        "Say it with your chest, don’t say “might”.",
        "Say it with your chest, don’t say “might”.",
        "😂😂😂"
      ],
      "language": "English",
      "pure_emoji": false
    },
    {
      "user": "Itschrisgg",
      "comments": [
        "I agree buy buy buy, but to be fair most people don’t have the money to buy buy buy",
        "I agree buy buy buy, but to be fair most people don’t have the money to buy buy buy",
        "It doesn’t matter if people knew or not people don’t make enough to save. But you’re right Warren buffet has been holding onto cash as well as BOA"
      ],
      "language": "English",
      "pure_emoji": false
    },
    {
      "user": "J M",
      "comments": [
        "Here we go always trying to explain BS..Just stop Trump is destroying America Period",
        "Here we go always trying to explain BS..Just stop Trump is destroying America Period"
      ],
      "language": "English",
      "pure_emoji": false
    },
    {
      "user": "Jearrod Fountain",
      "comments": [
        "It’s like people are reading the same script I keep hearing this same thing today. That’s called cope and you keep being sold quotes to believe instead of reality",
        "It’s like people are reading the same script I keep hearing this same thing today. That’s called cope and you keep being sold quotes to believe instead of reality"
      ],
      "language": "English",
      "pure_emoji": false
    },
    {
      "user": "Jimmyayo",
      "comments": [
        "China just announced retaliation",
        "he just obliterated the trust the we spent decades building with global trading partners. even if we talk down tariffs, you can't rebuild trust that you shattered instantaneously on your own. Asia and EU will start investing elsewhere long term.",
        "China just announced retaliation",
        "he just obliterated the trust the we spent decades building with global trading partners. even if we talk down tariffs, you can't rebuild trust that you shattered instantaneously on your own. Asia and EU will start investing elsewhere long term."
      ],
      "language": "English",
      "pure_emoji": false
    },
    {
      "user": "Joelife76",
      "comments": [
        "😂😂😂😂",
        "😂😂😂😂"
      ],
      "language": "Other",
      "pure_emoji": false
    },
    {
      "user": "John",
      "comments": [
        "“Free mil” ticket 😂. This guy lol. Doesn’t understand economics. We have literal examples of tariff policy and guess what buddy? It didn’t work. Maybe your Econ degree isn’t very good",
        "“Free mil” ticket 😂. This guy lol. Doesn’t understand economics. We have literal examples of tariff policy and guess what buddy? It didn’t work. Maybe your Econ degree isn’t very good"
      ],
      "language": "English",
      "pure_emoji": false
    },
    {
      "user": "Kev-_-",
      "comments": [
        "So many butthurt liberals in this comment section… Just wait 2 years 🤗",
        "So many butthurt liberals in this comment section… Just wait 2 years 🤗"
      ],
      "language": "English",
      "pure_emoji": false
    },
    {
      "user": "Koolersking🇯🇲",
      "comments": [
        "The only problem with that not everybody have liquidity funds can do that, some ppl all they have is 401k. The only ppl this drop benefits is the wealthy ppl who have money like that sitting down on..",
        "The only problem with that not everybody have liquidity funds can do that, some ppl all they have is 401k. The only ppl this drop benefits is the wealthy ppl who have money like that sitting down on.."
      ],
      "language": "English",
      "pure_emoji": false
    },
    {
      "user": "LIMITPARADISE702",
      "comments": [
        "people need jobs in other countries so they won't migrate to the usa plus old people retire every day they need their 401k",
        "people need jobs in other countries so they won't migrate to the usa plus old people retire every day they need their 401k"
      ],
      "language": "English",
      "pure_emoji": false
    },
    {
      "user": "LowlyLawyer",
      "comments": [
        "My history degree says this is a huge mistake. The good news is we elected a socialist after the last time this happened in the 30s.",
        "My history degree says this is a huge mistake. The good news is we elected a socialist after the last time this happened in the 30s."
      ],
      "language": "English",
      "pure_emoji": false
    },
    {
      "user": "Luna Lunera 🆘 🇺🇸 🔥",
      "comments": [
        "Yeah let’s negotiate with the penguins, that’s Trump’s plan. That’s why the put tariffs on islands Heard and McDonald 😁",
        "Yeah let’s negotiate with the penguins, that’s Trump’s plan. That’s why the put tariffs on islands Heard and McDonald 😁"
      ],
      "language": "English",
      "pure_emoji": false
    },
    {
      "user": "Martin",
      "comments": [
        "I don’t think you understand how the markets are connected to prices, employment rates, unemployment rates, global rates. Your love for a con man is blinding you",
        "I don’t think you understand how the markets are connected to prices, employment rates, unemployment rates, global rates. Your love for a con man is blinding you"
      ],
      "language": "English",
      "pure_emoji": false
    },
    {
      "user": "Matthew",
      "comments": [
        "😂😂😂",
        "😂😂😂"
      ],
      "language": "Other",
      "pure_emoji": false
    },
    {
      "user": "Mr Triangle",
      "comments": [
        "😂😂😂😂",
        "😂😂😂😂"
      ],
      "language": "Other",
      "pure_emoji": false
    },
    {
      "user": "Nick",
      "comments": [
        "Keep moving that goal post lil bro 😎",
        "Keep moving that goal post lil bro 😎"
      ],
      "language": "English",
      "pure_emoji": false
    },
    {
      "user": "Nova guy",
      "comments": [
        "you must be smoking some good stuff!! 🤣🤣🤣",
        "you must be smoking some good stuff!! 🤣🤣🤣"
      ],
      "language": "English",
      "pure_emoji": false
    },
    {
      "user": "Oldbeardo",
      "comments": [
        "Tell it to my 401k",
        "Tell it to my 401k"
      ],
      "language": "English",
      "pure_emoji": false
    },
    {
      "user": "Oscar Olvera",
      "comments": [
        "The stock market is an accurate representation of bad politics implemented, that together we Gold standard economics reports increasing the to 60% of our changes to a recession makes it pretty accurat",
        "Also you know so freaking little that don't even know there is no such possibility to countries to low tariffs that don't exist, Trump presidency is lied about them.",
        "The stock market is an accurate representation of bad politics implemented, that together we Gold standard economics reports increasing the to 60% of our changes to a recession makes it pretty accurat",
        "Also you know so freaking little that don't even know there is no such possibility to countries to low tariffs that don't exist, Trump presidency is lied about them."
      ],
      "language": "English",
      "pure_emoji": false
    },
    {
      "user": "PawGhostFace",
      "comments": [
        "lol keep using that word \"might\" to fool yourself just like he doesn't support your people 🤣😅😂",
        "Just saying he wouldn't protect your kind lol. u are just living in a fantasy world lol"
      ],
      "language": "English",
      "pure_emoji": false
    },
    {
      "user": "Philly B",
      "comments": [
        "China raised tariffs 34% this morning. I don't think you understand how our economy works. The stock market is the number one indicator of how things are going🤣",
        "China raised tariffs 34% this morning. I don't think you understand how our economy works. The stock market is the number one indicator of how things are going🤣"
      ],
      "language": "English",
      "pure_emoji": false
    },
    {
      "user": "PhillyShawn",
      "comments": [
        "I put money on don't have degree in anything but I know everything",
        "I put money on don't have degree in anything but I know everything"
      ],
      "language": "English",
      "pure_emoji": false
    },
    {
      "user": "Purplyze",
      "comments": [
        "What the fuck are you talking about",
        "What the fuck are you talking about"
      ],
      "language": "English",
      "pure_emoji": false
    },
    {
      "user": "Puto",
      "comments": [
        "😂😂😂😂😂😂😂😂😂😂",
        "😂😂😂😂😂😂😂😂😂😂"
      ],
      "language": "Other",
      "pure_emoji": false
    },
    {
      "user": "Rescue",
      "comments": [
        "😂😂😂😂",
        "😂😂😂😂"
      ],
      "language": "Other",
      "pure_emoji": false
    },
    {
      "user": "Ric",
      "comments": [
        "These tariffs will ruin the economy. Consumer pricing is increasing which leads to lack of circulation.",
        "These tariffs will ruin the economy. Consumer pricing is increasing which leads to lack of circulation.",
        "Wrong, the market only corrected after trillions in gov spending which lead to record inflation. We need deflationary legislation not mass tariffs that will disrupt consumer spending ratios.",
        "Wrong again, mass domestic manufacturing will lead to an increase in production costs which leads to higher consumer prices. My company has seen this everyday since Trumps last admin."
      ],
      "language": "English",
      "pure_emoji": false
    },
    {
      "user": "Shwagchester",
      "comments": [
        "Yes working class people with no disposable income, take advantage and buy the dips",
        "The American dream",
        "Yes working class people with no disposable income, take advantage and buy the dips"
      ],
      "language": "English",
      "pure_emoji": false
    },
    {
      "user": "TheSunGod",
      "comments": [
        "Finally a real take. Yes, unless you are retiring in the next year maybe two you should be taking advantage of this time",
        "Finally a real take. Yes, unless you are retiring in the next year maybe two you should be taking advantage of this time"
      ],
      "language": "English",
      "pure_emoji": false
    },
    {
      "user": "UncleRicoSuave",
      "comments": [
        "Car prices jumped $12,000 today, and iPhones now cost $3, 000. Another Trump bankruptcy.🤡",
        "Car prices jumped $12,000 today, and iPhones now cost $3, 000. Another Trump bankruptcy.🤡"
      ],
      "language": "English",
      "pure_emoji": false
    },
    {
      "user": "Unplanned🇬🇷",
      "comments": [
        "What part of lying about the tariff rates of other countries on US goods makes sense?",
        "What part of lying about the tariff rates of other countries on US goods makes sense?"
      ],
      "language": "English",
      "pure_emoji": false
    },
    {
      "user": "Urso",
      "comments": [
        "Recession",
        "Recession"
      ],
      "language": "English",
      "pure_emoji": false
    },
    {
      "user": "Windows97",
      "comments": [
        "Given his track record, they're most likely not gonna benefit us",
        "Given his track record, they're most likely not gonna benefit us"
      ],
      "language": "English",
      "pure_emoji": false
    },
    {
      "user": "Wiwi",
      "comments": [
        "Average Americans can barely afford groceries and then you’re asking them to invest with what money is the question???",
        "Average Americans can barely afford groceries and then you’re asking them to invest with what money is the question???"
      ],
      "language": "English",
      "pure_emoji": false
    },
    {
      "user": "Yo_Soy_De_P-fkn-R🇵🇷",
      "comments": [
        "Another one gaslighting—he’s crashing the market, and the tariffs will crash the economy. That’s going to hit your pocket every single day, and you won’t have any money left to invest.",
        "Another one gaslighting—he’s crashing the market, and the tariffs will crash the economy. That’s going to hit your pocket every single day, and you won’t have any money left to invest."
      ],
      "language": "English",
      "pure_emoji": false
    },
    {
      "user": "Yuli Munguia",
      "comments": [
        "MIGHT 😂🤣",
        "MIGHT 😂🤣"
      ],
      "language": "English",
      "pure_emoji": false
    },
    {
      "user": "ali",
      "comments": [
        "🙄",
        "🙄"
      ],
      "language": "Other",
      "pure_emoji": false
    },
    {
      "user": "amandacamp",
      "comments": [
        "You’re so loud and so wrong sitting in the car your daddy bought you. It’s almost sweet.",
        "You’re so loud and so wrong sitting in the car your daddy bought you. It’s almost sweet."
      ],
      "language": "English",
      "pure_emoji": false
    },
    {
      "user": "caleconomist",
      "comments": [
        "bro.. please read the wealth of nations",
        "bro.. please read the wealth of nations"
      ],
      "language": "English",
      "pure_emoji": false
    },
    {
      "user": "cozeyshotz",
      "comments": [
        "Google is free",
        "Google is free"
      ],
      "language": "English",
      "pure_emoji": false
    },
    {
      "user": "djjohnnygroove",
      "comments": [
        "This is a paid advertisement by the Trump administration",
        "This is a paid advertisement by the Trump administration"
      ],
      "language": "English",
      "pure_emoji": false
    },
    {
      "user": "edwin 🇬🇹",
      "comments": [
        "What are you talking about? Companies have started to lay people off",
        "What are you talking about? Companies have started to lay people off"
      ],
      "language": "English",
      "pure_emoji": false
    },
    {
      "user": "felipeferras89",
      "comments": [
        "🤣🤣🤣🤣🤣🤣🤣🤣🤣🤣🤣🤣🤣🤣🤣",
        "🤣🤣🤣🤣🤣🤣🤣🤣🤣🤣🤣🤣🤣🤣🤣"
      ],
      "language": "Other",
      "pure_emoji": false
    },
    {
      "user": "gmann",
      "comments": [
        "🤣🤣🤣🤣🤣🤣🤣 yea right",
        "🤣🤣🤣🤣🤣🤣🤣 yea right"
      ],
      "language": "English",
      "pure_emoji": false
    },
    {
      "user": "hectorpinedo12",
      "comments": [
        "shhhhhh",
        "shhhhhh"
      ],
      "language": "English",
      "pure_emoji": false
    },
    {
      "user": "ilanmichel",
      "comments": [
        "bro, the stock market is the least of the average person’s worry, everything is about to go up in price 😂",
        "bro, the stock market is the least of the average person’s worry, everything is about to go up in price 😂"
      ],
      "language": "English",
      "pure_emoji": false
    },
    {
      "user": "jamesvigio",
      "comments": [
        "trump is a Russian asset so yeah he is destroying America 👍",
        "trump is a Russian asset so yeah he is destroying America 👍"
      ],
      "language": "English",
      "pure_emoji": false
    },
    {
      "user": "jounir990",
      "comments": [
        "Trump just helped the rich get richer😂😂",
        "Trump just helped the rich get richer😂😂"
      ],
      "language": "English",
      "pure_emoji": false
    },
    {
      "user": "jvdesantiago",
      "comments": [
        "🙈👈",
        "🙈👈"
      ],
      "language": "Other",
      "pure_emoji": false
    },
    {
      "user": "kcrmaSH",
      "comments": [
        "Yeah but if reccession hits, market could lose another 50% from here. Capital preservation is more or equally important as investing in times like these",
        "Yeah but if reccession hits, market could lose another 50% from here. Capital preservation is more or equally important as investing in times like these"
      ],
      "language": "English",
      "pure_emoji": false
    },
    {
      "user": "kingzephyr23",
      "comments": [
        "Magarats moron",
        "Magarats moron"
      ],
      "language": "English",
      "pure_emoji": false
    },
    {
      "user": "kozi_swiatowy",
      "comments": [
        "Most is not true lol and the biggest will not budge… it’ll go back to before and seem like a win for him",
        "Most is not true lol and the biggest will not budge… it’ll go back to before and seem like a win for him"
      ],
      "language": "English",
      "pure_emoji": false
    },
    {
      "user": "logan_9122",
      "comments": [
        "Sure buddy.. read"
      ],
      "language": "English",
      "pure_emoji": false
    },
    {
      "user": "nate",
      "comments": [
        "you guys are shitting on him but he’s the one with a rolls and lambo sitting in his driveway",
        "you guys are shitting on him but he’s the one with a rolls and lambo sitting in his driveway"
      ],
      "language": "English",
      "pure_emoji": false
    },
    {
      "user": "owenjustice4",
      "comments": [
        "Honestly, think he did it so then people would start buying bonds so then the us can refinance its debt so the feds can lower interest rate rates that makes home cars loa",
        "Honestly, think he did it so then people would start buying bonds so then the us can refinance its debt so the feds can lower interest rate rates that makes home cars loa"
      ],
      "language": "English",
      "pure_emoji": false
    },
    {
      "user": "redsquadronx",
      "comments": [
        "love how it matters when its works in your favor..",
        "love how it matters when its works in your favor.."
      ],
      "language": "English",
      "pure_emoji": false
    },
    {
      "user": "rodrigocarbajal155",
      "comments": [
        "😂😂Was Trump saying that when the stock market was going up on his first term?????",
        "😂😂Was Trump saying that when the stock market was going up on his first term?????"
      ],
      "language": "English",
      "pure_emoji": false
    },
    {
      "user": "ryan",
      "comments": [
        "The EU tariffs us by 2%",
        "The EU tariffs us by 2%"
      ],
      "language": "English",
      "pure_emoji": false
    },
    {
      "user": "tikrossOG",
      "comments": [
        "What discounts lol",
        "What discounts lol"
      ],
      "language": "English",
      "pure_emoji": false
    },
    {
      "user": "unkown19124",
      "comments": [
        "You’re not gonna bring them down where no one is continuing to kneel to a fascist…… Europe, and other nations are just gonna not trade with us…. nationalism and capitalism is the downfall.",
        "You’re not gonna bring them down where no one is continuing to kneel to a fascist…… Europe, and other nations are just gonna not trade with us…. nationalism and capitalism is the downfall."
      ],
      "language": "English",
      "pure_emoji": false
    },
    {
      "user": "user95859924279",
      "comments": [
        "FAKE NEWS 🤣😂🤣😂",
        "FAKE NEWS 🤣😂🤣😂"
      ],
      "language": "English",
      "pure_emoji": false
    },
    {
      "user": "〓STUDENTI〓",
      "comments": [
        "Trump has not said that the terrorist are up for negotiation. You just made that up.😂😂😂",
        "Trump has not said that the terrorist are up for negotiation. You just made that up.😂😂😂"
      ],
      "language": "English",
      "pure_emoji": false
    },
    {
      "user": "😳 🆘🇺🇸🇺🇦💙",
      "comments": [
        "See, my livelihood doesn’t deal in “might” - I have people to support and I can’t bank on if I “might” be able to do that. In these cases, worst case scenarios need to be the focus.",
        "See, my livelihood doesn’t deal in “might” - I have people to support and I can’t bank on if I “might” be able to do that. In these cases, worst case scenarios need to be the focus."
      ],
      "language": "English",
      "pure_emoji": false
    }
  ]
}