{
  "video_id": "7495888560428518702",
  "video_url": "https://www.tiktok.com/@msnbc/video/7495888560428518702",
  "publish_date": null,
  "comment_groups": [
    {
      "user": "20106011",
      "comments": [
        "he's going to go full dictatorship by the end of the month.."
      ],
      "language": "English",
      "pure_emoji": false
    },
    {
      "user": "Alina💋❤️",
      "comments": [
        "It’s been a rough time for the markets with all the uncertainty. The tension between economic policies and market reactions is really showing."
      ],
      "language": "English",
      "pure_emoji": false
    },
    {
      "user": "Anna ❤️",
      "comments": [
        "This is aking y heart elt with joy! 😍"
      ],
      "language": "English",
      "pure_emoji": false
    },
    {
      "user": "Asher",
      "comments": [
        "so i asked the ai. ai said powell is correct and trump is wrong."
      ],
      "language": "English",
      "pure_emoji": false
    },
    {
      "user": "Auburn_1",
      "comments": [
        "This lady’s side bangs are wild"
      ],
      "language": "English",
      "pure_emoji": false
    },
    {
      "user": "Aunt_Willona",
      "comments": [
        "Read the Revelations in the Bible. That is what is happening now and pretty soon the U.S. will not be able to trade. It says that about trade in the Revelations it is just a matter of time."
      ],
      "language": "English",
      "pure_emoji": false
    },
    {
      "user": "Bashawrob 🇨🇦",
      "comments": [
        "Technically, you can’t have a 1 man game of chicken."
      ],
      "language": "English",
      "pure_emoji": false
    },
    {
      "user": "Beyond Basics",
      "comments": [
        "Hopefully this shock wave will take down MSNBS"
      ],
      "language": "English",
      "pure_emoji": false
    },
    {
      "user": "Biglenny62",
      "comments": [
        "He’s got to go"
      ],
      "language": "English",
      "pure_emoji": false
    },
    {
      "user": "BobaKitty",
      "comments": [
        "PERFECT"
      ],
      "language": "English",
      "pure_emoji": false
    },
    {
      "user": "Bohogirl4ever",
      "comments": [
        "This has more to do with picking on China. They’re not playing"
      ],
      "language": "English",
      "pure_emoji": false
    },
    {
      "user": "Bonnie",
      "comments": [
        "This is getting intense, Trump's attacks on Powell are really shaking up the markets and the dollar. What do you think will happen next?"
      ],
      "language": "English",
      "pure_emoji": false
    },
    {
      "user": "Bri",
      "comments": [
        "get rid of him"
      ],
      "language": "English",
      "pure_emoji": false
    },
    {
      "user": "Burrae Rocha",
      "comments": [
        "I feel like we're dealing with a rogue king from the 1500s."
      ],
      "language": "English",
      "pure_emoji": false
    },
    {
      "user": "C",
      "comments": [
        "He’s deflecting blame to Powell! He will never blame himself!!! SMH"
      ],
      "language": "English",
      "pure_emoji": false
    },
    {
      "user": "CJeezy",
      "comments": [
        "Buy! Buy! Buy!"
      ],
      "language": "English",
      "pure_emoji": false
    },
    {
      "user": "CNEAL0165",
      "comments": [
        "I am so sick of hearing his name and about all his intentional dung!!!"
      ],
      "language": "English",
      "pure_emoji": false
    },
    {
      "user": "Calvin",
      "comments": [
        "Lock rump up and throw away the key. This little boy needs to be put in his place, jail!"
      ],
      "language": "English",
      "pure_emoji": false
    },
    {
      "user": "Canada Bob",
      "comments": [
        "wait till trump says buy buy."
      ],
      "language": "English",
      "pure_emoji": false
    },
    {
      "user": "Carlos Jaramillo",
      "comments": [
        "“The sky is falling.” - Everyone on the Left"
      ],
      "language": "English",
      "pure_emoji": false
    },
    {
      "user": "Cascadia1",
      "comments": [
        "That’s what I’m saying"
      ],
      "language": "English",
      "pure_emoji": false
    },
    {
      "user": "Chalky",
      "comments": [
        "Reset the economy President Trump. Change is coming and the fraud of the left is over"
      ],
      "language": "English",
      "pure_emoji": false
    },
    {
      "user": "Charli’s Mom 🇨🇦",
      "comments": [
        "And yet, he is still in power. Keep feeding him attention in the media. That’s what the loser wants."
      ],
      "language": "English",
      "pure_emoji": false
    },
    {
      "user": "Chris.P.Bacon.🇺🇸",
      "comments": [
        "cause and effect, aka\"The revenge tour\" WE the people, seen it coming unfortunately the poorly educated cult company refused to believe it"
      ],
      "language": "English",
      "pure_emoji": false
    },
    {
      "user": "Chuy Pohl",
      "comments": [
        "We are headed for a recession with these tariffs that Trump would blame on Powell. If Powell lowers interest rates the Inflation spiral will also be blamed on Powell."
      ],
      "language": "English",
      "pure_emoji": false
    },
    {
      "user": "DJManleyJr",
      "comments": [
        "What would Putin want?"
      ],
      "language": "English",
      "pure_emoji": false
    },
    {
      "user": "Dana Barney",
      "comments": [
        "Does this help his cryptocurrency?"
      ],
      "language": "English",
      "pure_emoji": false
    },
    {
      "user": "Daniel Wong411",
      "comments": [
        "US economy is going to Tank😏😏🥺🥺"
      ],
      "language": "English",
      "pure_emoji": false
    },
    {
      "user": "Davie",
      "comments": [
        "😂😂😂😂"
      ],
      "language": "Other",
      "pure_emoji": true
    },
    {
      "user": "Debbie",
      "comments": [
        "Felon 47 is to blame for all of this !"
      ],
      "language": "English",
      "pure_emoji": false
    },
    {
      "user": "Denise Elaine Daw",
      "comments": [
        "USA is doomed ☹️"
      ],
      "language": "English",
      "pure_emoji": false
    },
    {
      "user": "Dhadi Stiltskin",
      "comments": [
        "To fulfill his debt to Russia."
      ],
      "language": "English",
      "pure_emoji": false
    },
    {
      "user": "Diamonddrew.1",
      "comments": [
        "😂",
        "Basturds I lots my draws and everything else."
      ],
      "language": "English",
      "pure_emoji": false
    },
    {
      "user": "Dottie76",
      "comments": [
        "they will try to fire anyone that doesn't do what he wants them to do. he is a child. sad, it's just really sad now. oh and pathetic"
      ],
      "language": "English",
      "pure_emoji": false
    },
    {
      "user": "El Nene 🇲🇽🇨🇦",
      "comments": [
        "can someone put the orange baboon in jail."
      ],
      "language": "English",
      "pure_emoji": false
    },
    {
      "user": "EmmiBod",
      "comments": [
        "Love it the euro is stronger"
      ],
      "language": "English",
      "pure_emoji": false
    },
    {
      "user": "End the trade war!",
      "comments": [
        "This economic crisis has been inflicted on the American people by Trump. Truly horrific 😔"
      ],
      "language": "English",
      "pure_emoji": false
    },
    {
      "user": "FlyGirl",
      "comments": [
        "And he bragged in iva, about how much money his ‘friends’ made."
      ],
      "language": "English",
      "pure_emoji": false
    },
    {
      "user": "FrankFranz🇨🇦",
      "comments": [
        "The US is on its way to collapse sadly…"
      ],
      "language": "English",
      "pure_emoji": false
    },
    {
      "user": "Gabriel",
      "comments": [
        "And people thought a second Trump term would be good for the economy lol"
      ],
      "language": "English",
      "pure_emoji": false
    },
    {
      "user": "Gigglegrl14",
      "comments": [
        "😂😂😂😂😂 keep saying that! Most republicans are not in the find out stage yet an I can’t wait to keep laughing at you"
      ],
      "language": "English",
      "pure_emoji": false
    },
    {
      "user": "Greggfell",
      "comments": [
        "they need to take this dog off of TV and they need to start charging and arresting these fake want to be journalists for pedaling lies and misinformation to the American people about the president"
      ],
      "language": "English",
      "pure_emoji": false
    },
    {
      "user": "HK",
      "comments": [
        "but but but Donald is a smart business man... but the dollar and stocks are falling"
      ],
      "language": "English",
      "pure_emoji": false
    },
    {
      "user": "HMS World Wide 🇳🇴🇺🇦🇪🇺",
      "comments": [
        "All the winning! Winning! Maga gotta love how he is winning for everyone else than USA. 😬"
      ],
      "language": "English",
      "pure_emoji": false
    },
    {
      "user": "Hampter",
      "comments": [
        "MSDNC! 🥀🥀🥀"
      ],
      "language": "English",
      "pure_emoji": false
    },
    {
      "user": "Hanover",
      "comments": [
        "Market dropped because china keeps the trade war going - 🤪- china keeps attacking."
      ],
      "language": "English",
      "pure_emoji": false
    },
    {
      "user": "Hector Gutierrez",
      "comments": [
        "😱😱😱"
      ],
      "language": "Other",
      "pure_emoji": true
    },
    {
      "user": "Hiram Abiff",
      "comments": [
        "Total annihilation."
      ],
      "language": "English",
      "pure_emoji": false
    },
    {
      "user": "Hmmm",
      "comments": [
        "Trump isn’t fit to be president. Something needs to be done about him."
      ],
      "language": "English",
      "pure_emoji": false
    },
    {
      "user": "Iain Whitaker",
      "comments": [
        "All Donald can do is destroy - he cannot create or build anything"
      ],
      "language": "English",
      "pure_emoji": false
    },
    {
      "user": "Indi-Kitch",
      "comments": [
        "even a president is governed by law accept Trump who is a dictator."
      ],
      "language": "English",
      "pure_emoji": false
    },
    {
      "user": "ItsReallyBradley",
      "comments": [
        "“You can tell the size of a man by the things that upset him.”"
      ],
      "language": "English",
      "pure_emoji": false
    },
    {
      "user": "JBN",
      "comments": [
        "Another pump and dump"
      ],
      "language": "English",
      "pure_emoji": false
    },
    {
      "user": "JT",
      "comments": [
        "Why is one crazy orange dude allowed to take us all down with his chaos?! Does he know most people thrive off of stability?!"
      ],
      "language": "English",
      "pure_emoji": false
    },
    {
      "user": "James Harrison",
      "comments": [
        "You're my source of inspiration 💯 when all hope was lost, you bring life to me again with your amazing work that is enough to start life again."
      ],
      "language": "English",
      "pure_emoji": false
    },
    {
      "user": "James Ray",
      "comments": [
        "this sounds like revelation to me 😞"
      ],
      "language": "English",
      "pure_emoji": false
    },
    {
      "user": "Jamesbmeee",
      "comments": [
        "🤣"
      ],
      "language": "Other",
      "pure_emoji": true
    },
    {
      "user": "Jason J. McBride 🇨🇦",
      "comments": [
        "Americans are getting what they voted for.. yet still won’t challenge this disaster."
      ],
      "language": "English",
      "pure_emoji": false
    },
    {
      "user": "Jazz",
      "comments": [
        "T is insane. This is his fault not Powell."
      ],
      "language": "English",
      "pure_emoji": false
    },
    {
      "user": "Jerseyiscute",
      "comments": [
        "I am going to love seeing all the small businesses go under that voted for him."
      ],
      "language": "English",
      "pure_emoji": false
    },
    {
      "user": "Jiao Sai",
      "comments": [
        "and you voted for him because of the economy"
      ],
      "language": "English",
      "pure_emoji": false
    },
    {
      "user": "JoeCurt",
      "comments": [
        "MAGA racism aside, are you satisfied with your vote? Be honest"
      ],
      "language": "English",
      "pure_emoji": false
    },
    {
      "user": "John",
      "comments": [
        "Why is there no one in Congress or other high officials not putting a stop to this? We all are just supposed to sit back and watch everything we worked for go up in flames?!?!!"
      ],
      "language": "English",
      "pure_emoji": false
    },
    {
      "user": "John Quach",
      "comments": [
        "Keep rr"
      ],
      "language": "English",
      "pure_emoji": false
    },
    {
      "user": "Juicewrld999",
      "comments": [
        "😱😱😱"
      ],
      "language": "Other",
      "pure_emoji": true
    },
    {
      "user": "Jujubees",
      "comments": [
        "Blaming Powell for this is insane. Tariffs are the problem"
      ],
      "language": "English",
      "pure_emoji": false
    },
    {
      "user": "K.snook",
      "comments": [
        "I am so proud that we have a president that isn't coerced into doing what the media cry about. These Democrats sat on their asses and allowed us to go poor. No billionaire did it. THE POLITICIANS DID"
      ],
      "language": "English",
      "pure_emoji": false
    },
    {
      "user": "KING of EVERYTHING",
      "comments": [
        "DJT a true practicing Christian! Belittling Intimidating Threatening Lying Bulling That’s your leader Republicans! Hypocrites!"
      ],
      "language": "English",
      "pure_emoji": false
    },
    {
      "user": "Kate Messer",
      "comments": [
        "This administration is such an embarrassment."
      ],
      "language": "English",
      "pure_emoji": false
    },
    {
      "user": "Kenna allen gauche",
      "comments": [
        "I don't need a lot of words to prove that you're real deal, because I've seen it all. All thanks to you may god bless you sir"
      ],
      "language": "English",
      "pure_emoji": false
    },
    {
      "user": "Kris79388",
      "comments": [
        "Stay firm Mr Powell"
      ],
      "language": "English",
      "pure_emoji": false
    },
    {
      "user": "L",
      "comments": [
        "🙄😈😈😈"
      ],
      "language": "Other",
      "pure_emoji": true
    },
    {
      "user": "LG",
      "comments": [
        "Keeps playing with fire 🔥 he did this every time he did a BK"
      ],
      "language": "English",
      "pure_emoji": false
    },
    {
      "user": "Lena",
      "comments": [
        "The non-partisan independence of the Federal Reserve is crucial to economic stability. The president should not influence them at all."
      ],
      "language": "English",
      "pure_emoji": false
    },
    {
      "user": "Leslie Peterson",
      "comments": [
        "Why is Trump so childish and immature? My goodness, only my toddlers act like that."
      ],
      "language": "English",
      "pure_emoji": false
    },
    {
      "user": "Lily🌸",
      "comments": [
        "The market reaction to Trump s comments is intense. The volatility is definitely something to keep an eye on."
      ],
      "language": "English",
      "pure_emoji": false
    },
    {
      "user": "Lisa_Me🇺🇸💙🇨🇦🇺🇦",
      "comments": [
        "I’m sure you are referring to a king who gains the throne as a child with no self control or awareness of anyone but themselves."
      ],
      "language": "English",
      "pure_emoji": false
    },
    {
      "user": "Louie & Bisou",
      "comments": [
        "🤣🤣🤣🤣🤣🤣"
      ],
      "language": "Other",
      "pure_emoji": true
    },
    {
      "user": "LoveLightPositivity",
      "comments": [
        "Anyone who says they are the smartest, do not know. Under this king, there is no speech , no rights unless he approves and agrees"
      ],
      "language": "English",
      "pure_emoji": false
    },
    {
      "user": "Lover of animals",
      "comments": [
        "The only one person to blame for our economy is Trump. He has single handedly destroyed retirement accounts, lower the value of the dollar and put the American people into a downward spiralfinancially",
        "Trump is already looking for a scapegoat. He’s setting Powell up to take the fall for his idiotic tariffs."
      ],
      "language": "English",
      "pure_emoji": false
    },
    {
      "user": "MGM@11101",
      "comments": [
        "Fed Chair, Jerome Powell, stay in the fight sir. Dont let the bully win. The job is yours to keep."
      ],
      "language": "English",
      "pure_emoji": false
    },
    {
      "user": "MSP",
      "comments": [
        "One individual destroys the world. Great work!"
      ],
      "language": "English",
      "pure_emoji": false
    },
    {
      "user": "MamaLove311",
      "comments": [
        "#FAFO 😅😅😅😂😂😂😅😅😅😅😅😅😅😅😅😅😅😅😅😅😅😅😅😅😅😅😅😂😂😂😂😂😂😂😂😂😂😂😂😂😂😂😅😅😅😅😅😅😅😅😅😅😅😅"
      ],
      "language": "English",
      "pure_emoji": false
    },
    {
      "user": "Manhattan blue",
      "comments": [
        "logically, if you really cared about the economy you wouldn't unilaterally start a trade war against the world. I call BS, he is trying to crash the economy on purpose."
      ],
      "language": "English",
      "pure_emoji": false
    },
    {
      "user": "Marcus",
      "comments": [
        "Trump blames everyone except for himself. Jerome Powell isn’t the reason for this. Trump and his dumb tariff war is the reason."
      ],
      "language": "English",
      "pure_emoji": false
    },
    {
      "user": "Marcus_Moves",
      "comments": [
        "The GOP & Heritage foundation*"
      ],
      "language": "English",
      "pure_emoji": false
    },
    {
      "user": "Markx621",
      "comments": [
        "What we should be worried about is who he appoints in 26!! The man has bankrupted almost every company he’s owned!!"
      ],
      "language": "English",
      "pure_emoji": false
    },
    {
      "user": "Marla Evans",
      "comments": [
        "I have been seeing post everywhere and a lot of people keep saying reach out to him, and eventually i did and it turned out to be legit"
      ],
      "language": "English",
      "pure_emoji": false
    },
    {
      "user": "Mhizmary 077",
      "comments": [
        "Their team is knowledgeable, professional, and always willing to go the extra mile to ensure their clients success"
      ],
      "language": "English",
      "pure_emoji": false
    },
    {
      "user": "Michael Ragan",
      "comments": [
        "Trump will back down like he always does"
      ],
      "language": "English",
      "pure_emoji": false
    },
    {
      "user": "Michele G",
      "comments": [
        "Is America great yet 😂😂"
      ],
      "language": "English",
      "pure_emoji": false
    },
    {
      "user": "MichelleShell",
      "comments": [
        "Such an abuse of power. It’s sickening. Very UnAmerican. Fake orange guy"
      ],
      "language": "English",
      "pure_emoji": false
    },
    {
      "user": "Mickey",
      "comments": [
        "March lost against Putin. April lost against Xi. May loses against Powell."
      ],
      "language": "English",
      "pure_emoji": false
    },
    {
      "user": "Midnight joker",
      "comments": [
        "Chinese sub bought those stocks for cheap 😂😂😂"
      ],
      "language": "English",
      "pure_emoji": false
    },
    {
      "user": "Mike",
      "comments": [
        "How utterly disgusting that one man can cause so much havoc on world markets! Humans are so insignificant"
      ],
      "language": "English",
      "pure_emoji": false
    },
    {
      "user": "Mike Rimmer",
      "comments": [
        "Trump always looking for scape goat, always blaming somebody else,, For his own in competence."
      ],
      "language": "English",
      "pure_emoji": false
    },
    {
      "user": "MikeG801",
      "comments": [
        "Give these saltines what they are asking for. Let’s just pack it up U.S. the run we had has ended. 🤣🤣🤣"
      ],
      "language": "English",
      "pure_emoji": false
    },
    {
      "user": "MrG 0",
      "comments": [
        "Trump is a wrecking ball that is crashing our economy! It has to be stopped or we are going to go into complete depression!"
      ],
      "language": "English",
      "pure_emoji": false
    },
    {
      "user": "Ms. P",
      "comments": [
        "He is so crass and juvenile, it's just freaking embarrassing"
      ],
      "language": "English",
      "pure_emoji": false
    },
    {
      "user": "Nat",
      "comments": [
        "make America great again 😭😭😭😭"
      ],
      "language": "English",
      "pure_emoji": false
    },
    {
      "user": "Nicki",
      "comments": [
        "Worlds economy is doing fine without the American dollar the only ones panicking is America the loser's"
      ],
      "language": "English",
      "pure_emoji": false
    },
    {
      "user": "Nicole Cahill 🇨🇦",
      "comments": [
        "His plan is to tank the economy…. He has a motive… just watch"
      ],
      "language": "English",
      "pure_emoji": false
    },
    {
      "user": "No Name",
      "comments": [
        "This will go down as the dumbest economic calamity ever and it didn’t have to happen."
      ],
      "language": "English",
      "pure_emoji": false
    },
    {
      "user": "Noel",
      "comments": [
        "what kind of President talks like that, what an embarrassment he is, let's put the convicted felon and traitor in a prison in El Salvador MAKE AMERICA GREAT AGAIN"
      ],
      "language": "English",
      "pure_emoji": false
    },
    {
      "user": "Nonna",
      "comments": [
        "The people he calls out have to hire security 😥"
      ],
      "language": "English",
      "pure_emoji": false
    },
    {
      "user": "OHG-oChiWaWa",
      "comments": [
        "I have heard nothing about winning since he’s been president"
      ],
      "language": "English",
      "pure_emoji": false
    },
    {
      "user": "PeteyMac1970",
      "comments": [
        "How long are we gonna have to suffer through Grandma attacking randos?"
      ],
      "language": "English",
      "pure_emoji": false
    },
    {
      "user": "QuantumBeaver",
      "comments": [
        NaN
      ],
      "language": "English",
      "pure_emoji": false
    },
    {
      "user": "Raivy Baby",
      "comments": [
        "stay strong Powell!! Don't do anything Trump says.",
        "and watch, now Trump will blame Powell for our economy downfall that Trump alone created."
      ],
      "language": "English",
      "pure_emoji": false
    },
    {
      "user": "Ralphie",
      "comments": [
        "Powell needs to tell the Orange to FO ! 🇺🇸"
      ],
      "language": "English",
      "pure_emoji": false
    },
    {
      "user": "Reko🇨🇦",
      "comments": [
        "The Greatest depression ever! Thank mayor trump king of bankruptcy."
      ],
      "language": "English",
      "pure_emoji": false
    },
    {
      "user": "Richard",
      "comments": [
        "I think independent Mental competency test need to be done in this whole administration😡"
      ],
      "language": "English",
      "pure_emoji": false
    },
    {
      "user": "Rick 🇨🇦⚫",
      "comments": [
        "America will be his 7th bankruptcy"
      ],
      "language": "English",
      "pure_emoji": false
    },
    {
      "user": "Ro",
      "comments": [
        "That’s not the reason. The Stocks are reacting to the oil and gas"
      ],
      "language": "English",
      "pure_emoji": false
    },
    {
      "user": "Rod Welburn",
      "comments": [
        "wow"
      ],
      "language": "English",
      "pure_emoji": false
    },
    {
      "user": "Sally Lloyd",
      "comments": [
        "The Devil on Earth!"
      ],
      "language": "English",
      "pure_emoji": false
    },
    {
      "user": "Sam Stone",
      "comments": [
        "I did that, Donald J Trump"
      ],
      "language": "English",
      "pure_emoji": false
    },
    {
      "user": "Samantha duil",
      "comments": [
        "Is the most trusted trader when it comes to online trade"
      ],
      "language": "English",
      "pure_emoji": false
    },
    {
      "user": "Sash",
      "comments": [
        "The USD doesn’t deserve to be the world currency when Americans can elect a felon who makes stupid decisions. The US needs to be dethroned for good. It’s arrogance is dangerous and creates instability"
      ],
      "language": "English",
      "pure_emoji": false
    },
    {
      "user": "Selangorku Maju",
      "comments": [
        "The Fall of American Empire. Time to migrate."
      ],
      "language": "English",
      "pure_emoji": false
    },
    {
      "user": "Sequal Angie Vollaro",
      "comments": [
        "Trump is trying to bully him out of his job"
      ],
      "language": "English",
      "pure_emoji": false
    },
    {
      "user": "Sherry Geathers",
      "comments": [
        "😇✌🏽👀👀🎯"
      ],
      "language": "Other",
      "pure_emoji": false
    },
    {
      "user": "Skyscraper",
      "comments": [
        "We could address the actual problem: remove the orange infant. Isn’t there a free spot in a El Salvadoran prison?"
      ],
      "language": "English",
      "pure_emoji": false
    },
    {
      "user": "Snoopy",
      "comments": [
        "Donald Trump got to go 💀"
      ],
      "language": "English",
      "pure_emoji": false
    },
    {
      "user": "Sofie 😘",
      "comments": [
        "Debt-free living isn't a fairy tale; it's a reality that brings peace, security,and the ability to plan for the future."
      ],
      "language": "English",
      "pure_emoji": false
    },
    {
      "user": "Spaceman",
      "comments": [
        "My bad, I can’t keep up. Are you sure this has nothing to do with a response from China about tariffs?😁"
      ],
      "language": "English",
      "pure_emoji": false
    },
    {
      "user": "SpecialEdchicken",
      "comments": [
        "Stocks down, 401ks down, interest up, CC debt at all time high, stident debt in default, and tarrifs kick in... What could go wrong 🙄🙄"
      ],
      "language": "English",
      "pure_emoji": false
    },
    {
      "user": "SuperbShop",
      "comments": [
        "just to make more money… he brilliant… clever… all america people just tool for him get more rich"
      ],
      "language": "English",
      "pure_emoji": false
    },
    {
      "user": "Susan Russo",
      "comments": [
        "Markets still reacting to China not giving in to the bully."
      ],
      "language": "English",
      "pure_emoji": false
    },
    {
      "user": "Sweet Az F Cara",
      "comments": [
        "Russia got what they paid for. 💀"
      ],
      "language": "English",
      "pure_emoji": false
    },
    {
      "user": "T",
      "comments": [
        "I’m so confused. Trump said inflation would be over his first day?"
      ],
      "language": "English",
      "pure_emoji": false
    },
    {
      "user": "TAF",
      "comments": [
        "has nothing to do with either the man's policies are wrecking havoc on the economy and he has no one to blame but himself for his lack of knowledge on the economy"
      ],
      "language": "English",
      "pure_emoji": false
    },
    {
      "user": "THEE KiNGSTA",
      "comments": [
        "Cannot be fired🤔 By the leader of the U.S...Nobody finds that odd?"
      ],
      "language": "English",
      "pure_emoji": false
    },
    {
      "user": "TODDBT11",
      "comments": [
        "Please stay strong JP"
      ],
      "language": "English",
      "pure_emoji": false
    },
    {
      "user": "TPLAYER2K3",
      "comments": [
        "straight bully"
      ],
      "language": "English",
      "pure_emoji": false
    },
    {
      "user": "Team 4 Adventure 🇲🇾",
      "comments": [
        "😂"
      ],
      "language": "Other",
      "pure_emoji": true
    },
    {
      "user": "TheAtheistworld",
      "comments": [
        "Trump the man. Trump is right as always. Give em the best, Donald. Competency and decency against the debt and corruption. Bravo Trump team !!🥰🥰🥰"
      ],
      "language": "English",
      "pure_emoji": false
    },
    {
      "user": "TigerMan",
      "comments": [
        "The Trump Mathematical Formula : Conceit+Unintelligence+Nonsense=Trump (C+U+N=T)"
      ],
      "language": "English",
      "pure_emoji": false
    },
    {
      "user": "Tim",
      "comments": [
        "Has nothing to do with Powell. It has everything to do with China telling other countries that will tariff them if they deal with the US"
      ],
      "language": "English",
      "pure_emoji": false
    },
    {
      "user": "Tipsybettor",
      "comments": [
        "Maga gang lets goo"
      ],
      "language": "English",
      "pure_emoji": false
    },
    {
      "user": "Tyson Draper",
      "comments": [
        "Trump nation will prevail! 🇺🇸"
      ],
      "language": "English",
      "pure_emoji": false
    },
    {
      "user": "Wassie@1",
      "comments": [
        "Make America better.. #TrumpAdministration is the best ever.. 3 Term will be so much better then the first 2...#2029"
      ],
      "language": "English",
      "pure_emoji": false
    },
    {
      "user": "Wee_Shug",
      "comments": [
        "Was Donald Trump ever into punk rock? 🙈🙈"
      ],
      "language": "English",
      "pure_emoji": false
    },
    {
      "user": "Wes Lee",
      "comments": [
        "Powell has been using an economic model NO OTHER FED Chair would use BECAUSE of the damage it would and has caused",
        "Powell is working for the world bank and the elite of the elite in the world that starve us EVERY YEAR! Trump put him there he should remove him too!",
        "US stock shares have been trading 10000% above true valuations meaning you get robbed every time you fund your 401k- f Powell"
      ],
      "language": "English",
      "pure_emoji": false
    },
    {
      "user": "Yonnexx@44",
      "comments": [
        "Just as Putin ordered him to do..."
      ],
      "language": "English",
      "pure_emoji": false
    },
    {
      "user": "Zeezeebra",
      "comments": [
        "FDT"
      ],
      "language": "English",
      "pure_emoji": false
    },
    {
      "user": "ZenWarrior",
      "comments": [
        "is this great yet?"
      ],
      "language": "English",
      "pure_emoji": false
    },
    {
      "user": "annett1449",
      "comments": [
        "😳😳😳"
      ],
      "language": "Other",
      "pure_emoji": true
    },
    {
      "user": "antiT",
      "comments": [
        "Why is stock app on apple not showing us how many points were lost today or Friday??? Making me do the math, come on guys stop sucking the Cheeto"
      ],
      "language": "English",
      "pure_emoji": false
    },
    {
      "user": "arrhythmias",
      "comments": [
        "President Trump is on the right track 💯💯"
      ],
      "language": "English",
      "pure_emoji": false
    },
    {
      "user": "bang_nando860",
      "comments": [
        "😁😁😁"
      ],
      "language": "Other",
      "pure_emoji": true
    },
    {
      "user": "beesylvie",
      "comments": [
        "Trump has to be the lowest educated president in history. Using insults like, \"Loser\" is so cringe."
      ],
      "language": "English",
      "pure_emoji": false
    },
    {
      "user": "bkm",
      "comments": [
        "fear mongering"
      ],
      "language": "English",
      "pure_emoji": false
    },
    {
      "user": "carlos gomez",
      "comments": [
        "No, the cause for the stock market dropping was the Fed refusal to drop rates that we expect"
      ],
      "language": "English",
      "pure_emoji": false
    },
    {
      "user": "chrys 🦋🌈🇨🇦",
      "comments": [
        "Orange Cheeto Diapers has the chicken part down but he’s no man"
      ],
      "language": "English",
      "pure_emoji": false
    },
    {
      "user": "chudsshzb0d",
      "comments": [
        "Just trust me Elites Hidden Life Formula by Max Hale is a book you NEED to read, it changed my life"
      ],
      "language": "English",
      "pure_emoji": false
    },
    {
      "user": "corneestada",
      "comments": [
        "The Great Divider is unfit"
      ],
      "language": "English",
      "pure_emoji": false
    },
    {
      "user": "crow brown",
      "comments": [
        "and does he not know Powell doesn't act alone?"
      ],
      "language": "English",
      "pure_emoji": false
    },
    {
      "user": "crypto Mariam",
      "comments": [
        "🌹🌹🌹🌹🌹"
      ],
      "language": "Other",
      "pure_emoji": true
    },
    {
      "user": "dar",
      "comments": [
        "good idea ,put America into deeper trouble"
      ],
      "language": "English",
      "pure_emoji": false
    },
    {
      "user": "darrinpayne3",
      "comments": [
        "😂😂😂"
      ],
      "language": "Other",
      "pure_emoji": true
    },
    {
      "user": "deezxgf",
      "comments": [
        "Why"
      ],
      "language": "English",
      "pure_emoji": false
    },
    {
      "user": "denisewhitson8",
      "comments": [
        "REPREHENSIBLE."
      ],
      "language": "English",
      "pure_emoji": false
    },
    {
      "user": "egg",
      "comments": [
        "trump ighting with the world and with America for no good reason 😩"
      ],
      "language": "English",
      "pure_emoji": false
    },
    {
      "user": "evac1426",
      "comments": [
        "lol Trump will study? He has never studied anything in his life. 🤡"
      ],
      "language": "English",
      "pure_emoji": false
    },
    {
      "user": "genevievering487",
      "comments": [
        "US bonds being dumped by countries around the world is also causing USD to drop."
      ],
      "language": "English",
      "pure_emoji": false
    },
    {
      "user": "hereforthecomments",
      "comments": [
        "F Powell lower the rates!!!!!!"
      ],
      "language": "English",
      "pure_emoji": false
    },
    {
      "user": "jeremyhmm",
      "comments": [
        "Trump knows he won't get impeached, so he's doing whatever he can to weaken the dollar",
        "his goal is to weaken the dollar to make it easier to bring manufacturing back to America. every company knows right now with the dollar the way it is they can't bring manufacturing back."
      ],
      "language": "English",
      "pure_emoji": false
    },
    {
      "user": "jillboo",
      "comments": [
        "What kind of leader talks like this 😡"
      ],
      "language": "English",
      "pure_emoji": false
    },
    {
      "user": "justme",
      "comments": [
        "Powell is a beast!!💕"
      ],
      "language": "English",
      "pure_emoji": false
    },
    {
      "user": "klee K",
      "comments": [
        "How does congress do NOTHING about trumps evil destruction of our country and democracy. Are they REALLY so spineless"
      ],
      "language": "English",
      "pure_emoji": false
    },
    {
      "user": "lightbeing",
      "comments": [
        "yes.. we are definitely sure"
      ],
      "language": "English",
      "pure_emoji": false
    },
    {
      "user": "lisa’s-Tok",
      "comments": [
        "This is ALL due to Trump… He will NEVER accept blame for his OWN MISDEEDS but chooses instead to blame ANYONE ELSE, like Powell for our failing markets, economy and value of our currency"
      ],
      "language": "English",
      "pure_emoji": false
    },
    {
      "user": "lloydpatterson879",
      "comments": [
        "Why would anyone invest in a country that is led by a corrupt fool!"
      ],
      "language": "English",
      "pure_emoji": false
    },
    {
      "user": "lovust",
      "comments": [
        "His tariff plan won’t work to bring rights down because of the sell off and government debt. His only move is to remove jpow"
      ],
      "language": "English",
      "pure_emoji": false
    },
    {
      "user": "margaretfenton1958",
      "comments": [
        "❤️❤️❤️"
      ],
      "language": "Other",
      "pure_emoji": true
    },
    {
      "user": "meimeiteoh",
      "comments": [
        "😂😂😂"
      ],
      "language": "Other",
      "pure_emoji": true
    },
    {
      "user": "michael Frost515",
      "comments": [
        "🤡🤡🤡🤡🤡🤡🤡"
      ],
      "language": "Other",
      "pure_emoji": true
    },
    {
      "user": "msb 237",
      "comments": [
        "what are doing Powell lower the interest rates before inflation rises"
      ],
      "language": "English",
      "pure_emoji": false
    },
    {
      "user": "onemx2024",
      "comments": [
        "Trump appointed Powell in his first Term. Now he's bashing him, didn't he say he only hires the \"Best\"? Lol he may have Powell knows about economy unlike \" Ron Vara\"."
      ],
      "language": "English",
      "pure_emoji": false
    },
    {
      "user": "partyharder",
      "comments": [
        "attack attack attack attack chaos chaos chaos chaos crisis crisis crisis crisis 😴 don't yall get tired of hearing yourselves"
      ],
      "language": "English",
      "pure_emoji": false
    },
    {
      "user": "petermeringolo",
      "comments": [
        "Are you sure it’s not because China is ramping up the trade war?"
      ],
      "language": "English",
      "pure_emoji": false
    },
    {
      "user": "pinchy1961",
      "comments": [
        "I’d be suing trump for slander"
      ],
      "language": "English",
      "pure_emoji": false
    },
    {
      "user": "pslarson",
      "comments": [
        "the markets will see right through this twitter tantrum."
      ],
      "language": "English",
      "pure_emoji": false
    },
    {
      "user": "reb",
      "comments": [
        "✌️♥️"
      ],
      "language": "Other",
      "pure_emoji": true
    },
    {
      "user": "red",
      "comments": [
        "العراق و سوريا محاربه الصين كله في وقت واحد بسياسة ارتفاع و هبوط امريكا الان تحارب العالم ! ترسانتها سلاحها تعتبر في الخارج مخزونها بالنسبه لدخول طرف معها بحرب مباشرة يعتبر خالي ماذا تريد امريكا ؟",
        "اليمن تقصف ايران يحضر لقصفها دعم حرب اوكرانيا ضخ السلاح لتايوان و كوريا الجنوبيه تواجد قواعد في سوريا بمخالفه القانون دعم اسرائيل و اسرائيل مزقت القانون امام اعين العالم تجاهل لأتفاقيات القواعد في"
      ],
      "language": "Other",
      "pure_emoji": false
    },
    {
      "user": "robertcaye",
      "comments": [
        "We don't have to worry about Trump, his own party is going to take care of the problem for America."
      ],
      "language": "English",
      "pure_emoji": false
    },
    {
      "user": "ropash05",
      "comments": [
        "How is Trump still on this planet?"
      ],
      "language": "English",
      "pure_emoji": false
    },
    {
      "user": "rory6919r2t",
      "comments": [
        "it's really crazy how NOBODY is talking about this book Elites Hidden Life Formula by Max Hale, it changed my life wake up people PLEASE"
      ],
      "language": "English",
      "pure_emoji": false
    },
    {
      "user": "s_gonzo5",
      "comments": [
        "And not one CEO or billionaire is stopping the demise of America by one man. That's sick!"
      ],
      "language": "English",
      "pure_emoji": false
    },
    {
      "user": "saysomething23P",
      "comments": [
        "Not everyone is bowing down to this clown 🤡"
      ],
      "language": "English",
      "pure_emoji": false
    },
    {
      "user": "skeeter",
      "comments": [
        "the dollar will soon lose value in world markets. Convicted Felon Trump is a threat to the National Security of America"
      ],
      "language": "English",
      "pure_emoji": false
    },
    {
      "user": "squash",
      "comments": [
        "still pissed at the simpsons 😁😁😁"
      ],
      "language": "English",
      "pure_emoji": false
    },
    {
      "user": "steve46202",
      "comments": [
        "We’ll see 20% inflation if he gets his way."
      ],
      "language": "English",
      "pure_emoji": false
    },
    {
      "user": "stevewanza",
      "comments": [
        "just lovely😁😁😁"
      ],
      "language": "English",
      "pure_emoji": false
    },
    {
      "user": "sumera",
      "comments": [
        "😂😂😂😂"
      ],
      "language": "Other",
      "pure_emoji": true
    },
    {
      "user": "sylvia",
      "comments": [
        "😳😳😳😳 arrogant Trump a 😳😳😳😳"
      ],
      "language": "English",
      "pure_emoji": false
    },
    {
      "user": "tajabdullah687",
      "comments": [
        "😊Play victim to Canada Panama Greenland😊 Brilliant Trump 😊😊😊Smart Trump business models 😊😊😊😊 oligarchs and military industrial complex 😊😊😊"
      ],
      "language": "English",
      "pure_emoji": false
    },
    {
      "user": "tashacunningham52",
      "comments": [
        "reaping what you voted for"
      ],
      "language": "English",
      "pure_emoji": false
    },
    {
      "user": "thecomputerrepairguy",
      "comments": [
        "😆 Just like the casino he bankrupted."
      ],
      "language": "English",
      "pure_emoji": false
    },
    {
      "user": "tim.g1966fdt",
      "comments": [
        "leave it to trump and his trumppanzees to blame someone else for the screw ups he is making"
      ],
      "language": "English",
      "pure_emoji": false
    },
    {
      "user": "tlk",
      "comments": [
        "Trump is a lunatic"
      ],
      "language": "English",
      "pure_emoji": false
    },
    {
      "user": "user whatever  u want it to be",
      "comments": [
        "Who's playing chicken? Powell should have cut interest rates according to data. He's being an activist like the Democrat appointed judges, not elected, appointed judges challenging the elected preside"
      ],
      "language": "English",
      "pure_emoji": false
    },
    {
      "user": "user36768799626",
      "comments": [
        "WHO IS TRUMP? ONLY A HALF PRESIDENTA!"
      ],
      "language": "English",
      "pure_emoji": false
    },
    {
      "user": "user6936701268208",
      "comments": [
        "Trump is on fire. Burning down the country. Can anyone mention one good thing he’s accomplished so far? Something that has benefited the country. MAGA let’s hear you"
      ],
      "language": "English",
      "pure_emoji": false
    },
    {
      "user": "user8225930632712",
      "comments": [
        "Trump and this regime is destroying America and its citizens! EVERY BIT OF THIS DOWNFALL IS ON THE TRUMP ADMINISTRATION AND NO ONE ELSE! 😡😡😡😡😡😡😡😡😡"
      ],
      "language": "English",
      "pure_emoji": false
    },
    {
      "user": "user8478320650531",
      "comments": [
        "Good grief. Trump is ridiculous."
      ],
      "language": "English",
      "pure_emoji": false
    },
    {
      "user": "user8552547570941",
      "comments": [
        "😁"
      ],
      "language": "Other",
      "pure_emoji": true
    },
    {
      "user": "user95556009049420",
      "comments": [
        "only a fool would believe he is anything but a sociopathic grifter",
        "remember..this is by design..he is a Nazi and bent on trashing America"
      ],
      "language": "English",
      "pure_emoji": false
    },
    {
      "user": "vernolfjxpl",
      "comments": [
        "I’m telling you Elites Hidden Life Formula by Max Hale is on another level. You HAVE to read this book it will change your life"
      ],
      "language": "English",
      "pure_emoji": false
    },
    {
      "user": "watermelonrobot",
      "comments": [
        "It should be a capital offense for any leader to tank the economy. That's what's in the constitution."
      ],
      "language": "English",
      "pure_emoji": false
    },
    {
      "user": "welchzqthq7",
      "comments": [
        "it's really crazy how NOBODY is talking about this book Elites Hidden Life Formula by Max Hale, it changed my life wake up people PLEASE"
      ],
      "language": "English",
      "pure_emoji": false
    },
    {
      "user": "whatithinkz2",
      "comments": [
        "Straight off the cliff Welcome to the BANKRUPTCY OF THE UNITED STATES"
      ],
      "language": "English",
      "pure_emoji": false
    },
    {
      "user": "xtof 🇨🇵🏴‍☠️🌎",
      "comments": [
        "the Dow is down by 13% since 0120 right ?"
      ],
      "language": "English",
      "pure_emoji": false
    },
    {
      "user": "Ève Green",
      "comments": [
        "The worlds biggest conman and failed businessman 😂 such a loser behavior"
      ],
      "language": "English",
      "pure_emoji": false
    },
    {
      "user": "༒Аrmy♰ẞэᾰst༒",
      "comments": [
        "where are this comment popping from"
      ],
      "language": "English",
      "pure_emoji": false
    },
    {
      "user": "♦️®️E D♦️ 1️⃣",
      "comments": [
        "The dangerous terrorist in the world wears various uniforms to fool his own people and trigger nations economic collapse."
      ],
      "language": "English",
      "pure_emoji": false
    },
    {
      "user": "［ Ｌｕｎｃｈ Ｂｏｘ ］",
      "comments": [
        "the crypto pump comin 👀"
      ],
      "language": "English",
      "pure_emoji": false
    },
    {
      "user": "🇨🇦Sedonadrumguy🇨🇦",
      "comments": [
        "Donnie can't help himself. Anyone who doesn't kiss the ring gets labeled as a loser"
      ],
      "language": "English",
      "pure_emoji": false
    },
    {
      "user": "🦋🦋🦋❤️ Flutra ❤️🦋🦋🦋",
      "comments": [
        "sind alle gleich arrogante und keine Manieren und Bildung unglaublich wir sind im Schockiert"
      ],
      "language": "English",
      "pure_emoji": false
    }
  ]
}