{
  "video_id": "7495669491477744942",
  "video_url": "https://www.tiktok.com/@callmetopgit/video/7495669491477744942",
  "publish_date": null,
  "comment_groups": [
    {
      "user": "-Xrp-",
      "comments": [
        "like they haven't suffered enough"
      ],
      "language": "English",
      "pure_emoji": false
    },
    {
      "user": "1Buggedoutguy",
      "comments": [
        "They're all are and everyone understands that we will have power."
      ],
      "language": "English",
      "pure_emoji": false
    },
    {
      "user": "1grand_one",
      "comments": [
        "Hell, he & his gang will have robbed us blind in two years time. Oh well, bring it on!!!!"
      ],
      "language": "English",
      "pure_emoji": false
    },
    {
      "user": "1tdee2",
      "comments": [
        "trump is only in office to manage the fall of america. that’s it. please don’t be fooled by these puppets"
      ],
      "language": "English",
      "pure_emoji": false
    },
    {
      "user": "72Golfer",
      "comments": [
        "Trumps deals cause China to stop buying a large amount of U S Soybeans in 2017. They have not returned 8 years layer. He has no idea if or when We will return."
      ],
      "language": "English",
      "pure_emoji": false
    },
    {
      "user": "@Mr.Mrs.South L.A.",
      "comments": [
        "We are not going to get evicted because of his ideas…we stay in our homes…",
        "We are to stay in our homes when that happens..he’s creating a problem economically wise..it’s his fault…Trump’s fault…"
      ],
      "language": "English",
      "pure_emoji": false
    },
    {
      "user": "A Critical Dude",
      "comments": [
        "Do we eat the rich now?"
      ],
      "language": "English",
      "pure_emoji": false
    },
    {
      "user": "Aaron",
      "comments": [
        "Where did he say this?"
      ],
      "language": "English",
      "pure_emoji": false
    },
    {
      "user": "Abu Feras",
      "comments": [
        "😂😂😂😂😂😂😂go China 🇨🇳 👏 ❤️"
      ],
      "language": "English",
      "pure_emoji": false
    },
    {
      "user": "Ahmad",
      "comments": [
        "He never mention this during his speech earlier",
        "He never mention this during his speech earlier"
      ],
      "language": "English",
      "pure_emoji": false
    },
    {
      "user": "AhyalbanEphraim_ONOP",
      "comments": [
        "💯💯💯💯"
      ],
      "language": "Other",
      "pure_emoji": true
    },
    {
      "user": "Akulivian",
      "comments": [
        "Cash out all your savings from your banks."
      ],
      "language": "English",
      "pure_emoji": false
    },
    {
      "user": "Alana🇨🇦",
      "comments": [
        "Didn’t he say that egg prices would be lowered on his first day, that’s quite a difference for you from you’re going to suffer for two years"
      ],
      "language": "English",
      "pure_emoji": false
    },
    {
      "user": "America runs on Freedom",
      "comments": [
        "impeach trump now"
      ],
      "language": "English",
      "pure_emoji": false
    },
    {
      "user": "Anti_Zionist",
      "comments": [
        "🤣🤣🤣"
      ],
      "language": "Other",
      "pure_emoji": true
    },
    {
      "user": "Bigpapa2345",
      "comments": [
        "I need to vote amount midterm he lied to us"
      ],
      "language": "English",
      "pure_emoji": false
    },
    {
      "user": "Bird",
      "comments": [
        "😡😡😡😡",
        "😡😡😡😡"
      ],
      "language": "Other",
      "pure_emoji": false
    },
    {
      "user": "Bob",
      "comments": [
        "POS"
      ],
      "language": "English",
      "pure_emoji": false
    },
    {
      "user": "Bobby L",
      "comments": [
        "😳😳😳😳😳"
      ],
      "language": "Other",
      "pure_emoji": true
    },
    {
      "user": "BossMan",
      "comments": [
        "i won't survive 3 months imagine 2 years..I'll lose my business my home, that's what trump wants, so he can buy cheap properties, he even said it, in a interview look it up.he likes bad markets🤡🤡"
      ],
      "language": "English",
      "pure_emoji": false
    },
    {
      "user": "Brad Sykes",
      "comments": [
        "Do you know what infrastructure means did you know we haven’t made our own pharmaceuticals in years or that we import most of our steel from them Wall Street sold us out for profit"
      ],
      "language": "English",
      "pure_emoji": false
    },
    {
      "user": "Bren",
      "comments": [
        "He’s the Antichrist"
      ],
      "language": "English",
      "pure_emoji": false
    },
    {
      "user": "Brenda Hill",
      "comments": [
        "He is only for the Rich people 😱😱😱😱😱😱😱😱😱😱",
        "And a lot of people are going to die 😡😡😡😡😡😡😡😡😡😡",
        "He is only for the Rich people 😱😱😱😱😱😱😱😱😱😱",
        "And a lot of people are going to die 😡😡😡😡😡😡😡😡😡😡"
      ],
      "language": "English",
      "pure_emoji": false
    },
    {
      "user": "Brian21552",
      "comments": [
        "Billionaires won’t be suffering 😂"
      ],
      "language": "English",
      "pure_emoji": false
    },
    {
      "user": "Brunodaddy",
      "comments": [
        "😂😂😂😂No they haven’t. No jobs have been announced. In fact there has been companies announcing they are actually leaving the US."
      ],
      "language": "English",
      "pure_emoji": false
    },
    {
      "user": "Buddy Swope",
      "comments": [
        "Must be nice to be a billionaire."
      ],
      "language": "English",
      "pure_emoji": false
    },
    {
      "user": "CC",
      "comments": [
        "we're ready to suffer. we knew this was gunna happen."
      ],
      "language": "English",
      "pure_emoji": false
    },
    {
      "user": "CFR",
      "comments": [
        "6 bankruptcies n different business 😳"
      ],
      "language": "English",
      "pure_emoji": false
    },
    {
      "user": "CK",
      "comments": [
        "Boeing workers loses his job stupid trump"
      ],
      "language": "English",
      "pure_emoji": false
    },
    {
      "user": "Carlos Martinez",
      "comments": [
        "Congress, better step in",
        "Congress, better step in"
      ],
      "language": "English",
      "pure_emoji": false
    },
    {
      "user": "Casper",
      "comments": [
        "😭😭😭😭😭😭😭😭😭😭😭😭😭",
        "😭😭😭😭😭😭😭😭😭😭😭😭😭"
      ],
      "language": "Other",
      "pure_emoji": false
    },
    {
      "user": "Castilloluigui1",
      "comments": [
        "🤡🤡🤡🤡"
      ],
      "language": "Other",
      "pure_emoji": true
    },
    {
      "user": "Chantal",
      "comments": [
        "And Maga voted for this !! I guess they don’t care if they suffer financially",
        "And Maga voted for this !! I guess they don’t care if they suffer financially"
      ],
      "language": "English",
      "pure_emoji": false
    },
    {
      "user": "Charles Sydney695",
      "comments": [
        "Apparently he forgets all the jobs that will also come to the USA. Many have already been announced.",
        "Apparently he forgets all the jobs that will also come to the USA. Many have already been announced."
      ],
      "language": "English",
      "pure_emoji": false
    },
    {
      "user": "Chevy c10 68",
      "comments": [
        "Congratulations to all you Maga voters that voted for him. I hope you guys are all financially set.🤣🤣🤣 Cause all our family is more than set, and we came from Mexico and own are companies",
        "Congratulations to all you Maga voters that voted for him. I hope you guys are all financially set.🤣🤣🤣 Cause all our family is more than set, and we came from Mexico and own are companies"
      ],
      "language": "English",
      "pure_emoji": false
    },
    {
      "user": "Chezzagirl",
      "comments": [
        "No doubt MAGA will still worship him 🥺🥺🥺🥺🥺🥺"
      ],
      "language": "English",
      "pure_emoji": false
    },
    {
      "user": "ChipsDeOro",
      "comments": [
        "Which means most low income Trump supporters will suffer -fair enough.",
        "Which means most low income Trump supporters will suffer -fair enough."
      ],
      "language": "English",
      "pure_emoji": false
    },
    {
      "user": "Chriss",
      "comments": [
        "USA just like Titanic"
      ],
      "language": "English",
      "pure_emoji": false
    },
    {
      "user": "Christine Sichelstie",
      "comments": [
        "Is Trump going to give up golf and diet Coke and suffer along with us?"
      ],
      "language": "English",
      "pure_emoji": false
    },
    {
      "user": "Clubin 🇨🇦",
      "comments": [
        "Does the USA believe him?"
      ],
      "language": "English",
      "pure_emoji": false
    },
    {
      "user": "Coll🇨🇦",
      "comments": [
        "Of course they are!! He doesn’t care about the American citizens, only about himself and the rich!! America is falling hard!!"
      ],
      "language": "English",
      "pure_emoji": false
    },
    {
      "user": "Cory",
      "comments": [
        "Perfect more homeless Americans. With their gun frtush the problem is gonna take care of itself"
      ],
      "language": "English",
      "pure_emoji": false
    },
    {
      "user": "DB",
      "comments": [
        "I dont think in his election speech he said \"Make America Great again... in 2 years!\"",
        "I dont think in his election speech he said \"Make America Great again... in 2 years!\""
      ],
      "language": "English",
      "pure_emoji": false
    },
    {
      "user": "DB331",
      "comments": [
        "Keep hm in office much longer and the recovery time will take decades!",
        "Keep hm in office much longer and the recovery time will take decades!"
      ],
      "language": "English",
      "pure_emoji": false
    },
    {
      "user": "DRoma",
      "comments": [
        "If the dollar collapses the economy will collapse….",
        "If the dollar collapses the economy will collapse…."
      ],
      "language": "English",
      "pure_emoji": false
    },
    {
      "user": "Dalinda",
      "comments": [
        "BRILLIANT PRESIDENT TRUMP. AMERICA FIRST. SHORT TERM PAIN, LONG TERM GAIN 🙏🇺🇸🙏🇺🇸🙏🇺🇸🙏"
      ],
      "language": "English",
      "pure_emoji": false
    },
    {
      "user": "Dan",
      "comments": [
        "Trumpanzees are the dumbest motherfuckers on the planet",
        "no ,this is little issue ,geopolitical it's destroyed"
      ],
      "language": "English",
      "pure_emoji": false
    },
    {
      "user": "Dark_ Helmet",
      "comments": [
        "We have simple jack as our president"
      ],
      "language": "English",
      "pure_emoji": false
    },
    {
      "user": "David Nizomiddin",
      "comments": [
        "In trump we trust"
      ],
      "language": "English",
      "pure_emoji": false
    },
    {
      "user": "DeadbeatDan",
      "comments": [
        "Yeah but plastic straws are back baby!!"
      ],
      "language": "English",
      "pure_emoji": false
    },
    {
      "user": "Denis Lopez",
      "comments": [
        "that means he's getting what he wants and we're fixing to get it in are ass"
      ],
      "language": "English",
      "pure_emoji": false
    },
    {
      "user": "Desoguidegu",
      "comments": [
        "is this what you All agree on??"
      ],
      "language": "English",
      "pure_emoji": false
    },
    {
      "user": "Dog lover",
      "comments": [
        "True"
      ],
      "language": "English",
      "pure_emoji": false
    },
    {
      "user": "Dokemon",
      "comments": [
        "Every American president for the last four decades have been slowly eroding the mighty USA. The US middle class has been shrinking, poverty has been rising and the super rich gets richer."
      ],
      "language": "English",
      "pure_emoji": false
    },
    {
      "user": "Dori 🌻",
      "comments": [
        "He’s a evil person",
        "He’s a evil person"
      ],
      "language": "English",
      "pure_emoji": false
    },
    {
      "user": "DrMoto124",
      "comments": [
        "I already did because of the previous presidents past corruptions"
      ],
      "language": "English",
      "pure_emoji": false
    },
    {
      "user": "Dragon Mom",
      "comments": [
        "DO TELL ME PEOPLE WE HAVE LIVED 4 YRS. WITH BIDEN. NOBODY COMPLAINED ABOUT THAT!!!"
      ],
      "language": "English",
      "pure_emoji": false
    },
    {
      "user": "Dru",
      "comments": [
        "what a pr3sident😂😂😂😂😂😂"
      ],
      "language": "English",
      "pure_emoji": false
    },
    {
      "user": "Dudu",
      "comments": [
        "Didn't he promise you a great America 🤣🤣",
        "Didn't he promise you a great America 🤣🤣"
      ],
      "language": "English",
      "pure_emoji": false
    },
    {
      "user": "Duke",
      "comments": [
        "America have to crumble down so we as American can rebuild this great nation again with better laws and orders that nobody is above the laws! It sounds I’m evil but our president can’t be stop!"
      ],
      "language": "English",
      "pure_emoji": false
    },
    {
      "user": "EDDIE",
      "comments": [
        "It's a decline, downward spiral. No recovery from this."
      ],
      "language": "English",
      "pure_emoji": false
    },
    {
      "user": "Elg1598",
      "comments": [
        "Impeach the orange Frankenstein"
      ],
      "language": "English",
      "pure_emoji": false
    },
    {
      "user": "Englandzach",
      "comments": [
        "lol 🤣🤣🤣😂"
      ],
      "language": "English",
      "pure_emoji": false
    },
    {
      "user": "Euntat Communication Bureau",
      "comments": [
        "GODS KINGDOM.IS CRASHING ALL HUMAN GOVERNMENTS - DANIEL 2:44-45 REVELATION 11:15 ALL HUMANITY IS ANXIOUS - LUKE 21:25",
        "GODS KINGDOM.IS CRASHING ALL HUMAN GOVERNMENTS - DANIEL 2:44-45 REVELATION 11:15 ALL HUMANITY IS ANXIOUS - LUKE 21:25"
      ],
      "language": "English",
      "pure_emoji": false
    },
    {
      "user": "Facts not fiction.",
      "comments": [
        "Hard to have any sympathy for the Trump victims. But, the billionaires will be fine.",
        "Hard to have any sympathy for the Trump victims. But, the billionaires will be fine."
      ],
      "language": "English",
      "pure_emoji": false
    },
    {
      "user": "Fada Yanks $",
      "comments": [
        "America needs to fight for their rights to be lead by a competent leader and president even if it means a military coup or civil war 2.0 bc democracy is about to vanish in the 🇺🇸",
        "America needs to fight for their rights to be lead by a competent leader and president even if it means a military coup or civil war 2.0 bc democracy is about to vanish in the 🇺🇸"
      ],
      "language": "English",
      "pure_emoji": false
    },
    {
      "user": "FauxNews",
      "comments": [
        "I wonder after 18 months of the worst financial record of any President will he still blame Biden?😂😂😂",
        "I wonder after 18 months of the worst financial record of any President will he still blame Biden?😂😂😂"
      ],
      "language": "English",
      "pure_emoji": false
    },
    {
      "user": "Framejegy",
      "comments": [
        "USA will not recover in the foreseeable future.",
        "USA will not recover in the foreseeable future."
      ],
      "language": "English",
      "pure_emoji": false
    },
    {
      "user": "Free Palestine 🇵🇸 🔻",
      "comments": [
        "6-12 months before total collapse and balkanazition of usa according to chatgpt.. in 2 years won't be any usa just SA",
        "6-12 months before total collapse and balkanazition of usa according to chatgpt.. in 2 years won't be any usa just SA"
      ],
      "language": "English",
      "pure_emoji": false
    },
    {
      "user": "Funny Man",
      "comments": [
        "Yup and the homeless rate is going to double!",
        "Yup and the homeless rate is going to double!"
      ],
      "language": "English",
      "pure_emoji": false
    },
    {
      "user": "Gagabou1962🇨🇦🇨🇦🇨🇦",
      "comments": [
        "And 🇺🇸thinks the world will wait for it? We're building alliances East-West, Asian countries that hated each other are signing trade agreements. 🇺🇸 propaganda makes them think they're invincible",
        "And 🇺🇸thinks the world will wait for it? We're building alliances East-West, Asian countries that hated each other are signing trade agreements. 🇺🇸 propaganda makes them think they're invincible"
      ],
      "language": "English",
      "pure_emoji": false
    },
    {
      "user": "Garry Ynema",
      "comments": [
        "😂His billionaire mates are fine"
      ],
      "language": "English",
      "pure_emoji": false
    },
    {
      "user": "Gen-X from Tahiti",
      "comments": [
        "🤣😂🤣😂 asume your vote",
        "🤣😂🤣😂 asume your vote"
      ],
      "language": "English",
      "pure_emoji": false
    },
    {
      "user": "George Arrospide",
      "comments": [
        "Other countries will not wait start business elswhere we end up with dow jones at 20,000"
      ],
      "language": "English",
      "pure_emoji": false
    },
    {
      "user": "Gold Heart 40",
      "comments": [
        "👍👍👍 American become poor",
        "👍👍👍 American become poor"
      ],
      "language": "English",
      "pure_emoji": false
    },
    {
      "user": "Greenskittle22",
      "comments": [
        "When he said 2 years he meant 4 years."
      ],
      "language": "English",
      "pure_emoji": false
    },
    {
      "user": "Greg Trafford",
      "comments": [
        "WHOO hoo better make some room at skid row it’s going to get a bit crowded"
      ],
      "language": "English",
      "pure_emoji": false
    },
    {
      "user": "Handless-Warrior",
      "comments": [
        "Well, at least a lot of them still have their guns. They probably don’t know how to load them and shoot them but anyway they have their guns. This is just a repeat in history.",
        "Well, at least a lot of them still have their guns. They probably don’t know how to load them and shoot them but anyway they have their guns. This is just a repeat in history."
      ],
      "language": "English",
      "pure_emoji": false
    },
    {
      "user": "Henry Pomereau",
      "comments": [
        "he'll be gone in 6 months"
      ],
      "language": "English",
      "pure_emoji": false
    },
    {
      "user": "Hooli Auto",
      "comments": [
        "America was going to suffer regardless of who won."
      ],
      "language": "English",
      "pure_emoji": false
    },
    {
      "user": "Hotspicy&Sexyjanet",
      "comments": [
        "God a andrew this",
        "God a andrew this"
      ],
      "language": "English",
      "pure_emoji": false
    },
    {
      "user": "Iggyde",
      "comments": [
        "how can people like this guy"
      ],
      "language": "English",
      "pure_emoji": false
    },
    {
      "user": "Intrepid wanderer🇨🇦",
      "comments": [
        "He doesn’t understand the depth of suffering he has unleashed on society’s most vulnerable. He, his cronies, and upper middle class should fare extremely well. It will take a generation for them",
        "He doesn’t understand the depth of suffering he has unleashed on society’s most vulnerable. He, his cronies, and upper middle class should fare extremely well. It will take a generation for them"
      ],
      "language": "English",
      "pure_emoji": false
    },
    {
      "user": "Ivan",
      "comments": [
        "He will blink. Politicians only care about 1 thing: self preservation. The GOP won’t allow it"
      ],
      "language": "English",
      "pure_emoji": false
    },
    {
      "user": "J",
      "comments": [
        "That's not what he said",
        "That's not what he said"
      ],
      "language": "English",
      "pure_emoji": false
    },
    {
      "user": "JJEM",
      "comments": [
        "He needs to suck as much out of the middle class to be able to give tax cuts to Billionaires he owes. Trump is owned."
      ],
      "language": "English",
      "pure_emoji": false
    },
    {
      "user": "JT",
      "comments": [
        "Where did he say this? I hate trump but need to fact check"
      ],
      "language": "English",
      "pure_emoji": false
    },
    {
      "user": "Jacey 🇨🇦",
      "comments": [
        "Because he knows in two years, Dems will take over congress and remove his destructive tariffs - then, and only then, will things things start to look up for Americans."
      ],
      "language": "English",
      "pure_emoji": false
    },
    {
      "user": "Jackarnisy",
      "comments": [
        "that's how a dictator installs his control. A dictator makes the population poorer and when it's time, he takes control of every aspect of tour life. wake Up usa"
      ],
      "language": "English",
      "pure_emoji": false
    },
    {
      "user": "Jacksonthekiddd",
      "comments": [
        "how long he is in the power 🤔 three months 😳😳😅",
        "how long he is in the power 🤔 three months 😳😳😅"
      ],
      "language": "English",
      "pure_emoji": false
    },
    {
      "user": "Jamie Lindsay",
      "comments": [
        "Add twenty years maybe"
      ],
      "language": "English",
      "pure_emoji": false
    },
    {
      "user": "Jarza60",
      "comments": [
        "😂😂😂😂👍👍"
      ],
      "language": "Other",
      "pure_emoji": true
    },
    {
      "user": "Jay Lee",
      "comments": [
        "Great depression!",
        "Great depression!"
      ],
      "language": "English",
      "pure_emoji": false
    },
    {
      "user": "JayBirdkck",
      "comments": [
        "The best president in our lifetime"
      ],
      "language": "English",
      "pure_emoji": false
    },
    {
      "user": "Jeff Vanderheiden",
      "comments": [
        "🙈🙈"
      ],
      "language": "Other",
      "pure_emoji": true
    },
    {
      "user": "Jerry Mcguire",
      "comments": [
        "gonna become ten times more dangerous to live in america"
      ],
      "language": "English",
      "pure_emoji": false
    },
    {
      "user": "Jesus Mendoza",
      "comments": [
        "Yeah you voted for him enjoy 🤗"
      ],
      "language": "English",
      "pure_emoji": false
    },
    {
      "user": "Jim Crawford",
      "comments": [
        "Thanks for making America great again big T"
      ],
      "language": "English",
      "pure_emoji": false
    },
    {
      "user": "JimmyP🇨🇦",
      "comments": [
        "2 yrs or LESs",
        "I think there will be a rebellion sooner than that",
        "2 yrs or LESs"
      ],
      "language": "English",
      "pure_emoji": false
    },
    {
      "user": "Joe",
      "comments": [
        "😂😂😂",
        "Thank God!!💙 I would want nothing less for racist America"
      ],
      "language": "English",
      "pure_emoji": false
    },
    {
      "user": "John Paul Smith",
      "comments": [
        "That’s his shock and awe on the us! Time for Americans to feel how people in the Middle East are feeling.",
        "That’s his shock and awe on the us! Time for Americans to feel how people in the Middle East are feeling."
      ],
      "language": "English",
      "pure_emoji": false
    },
    {
      "user": "John Watson",
      "comments": [
        "he'll NEVER live that long. bet on it"
      ],
      "language": "English",
      "pure_emoji": false
    },
    {
      "user": "Johnny Barrera",
      "comments": [
        "millions are going to drop did"
      ],
      "language": "English",
      "pure_emoji": false
    },
    {
      "user": "Johnnyblaze",
      "comments": [
        "This is what they voted for 🤦‍♂️"
      ],
      "language": "English",
      "pure_emoji": false
    },
    {
      "user": "Jorge Medina",
      "comments": [
        "😂😂😂😂😂"
      ],
      "language": "Other",
      "pure_emoji": true
    },
    {
      "user": "Joshua99a",
      "comments": [
        "Tariff should be negotiated in details and not flat rate across board. It is designed to protect local industry on some items and not on raw materials and parts use for production."
      ],
      "language": "English",
      "pure_emoji": false
    },
    {
      "user": "Jovialtraveller🇨🇦🇵🇱",
      "comments": [
        "Trump said that everything would be turned around in a matter of months, two years, try four years. Try when he’s gone. The next president will have to do something."
      ],
      "language": "English",
      "pure_emoji": false
    },
    {
      "user": "Juice",
      "comments": [
        "GOP VOTERS MUST PRESUSSER their House and Senate to find away to impeach and remove the convict.Why wait for a disaster you can’t afford."
      ],
      "language": "English",
      "pure_emoji": false
    },
    {
      "user": "Just-Us@",
      "comments": [
        "unacceptable"
      ],
      "language": "English",
      "pure_emoji": false
    },
    {
      "user": "Karns714394",
      "comments": [
        "I don’t believe this at all"
      ],
      "language": "English",
      "pure_emoji": false
    },
    {
      "user": "Kenzo",
      "comments": [
        "😂😂😂"
      ],
      "language": "Other",
      "pure_emoji": true
    },
    {
      "user": "Khurshid Ferdous",
      "comments": [
        "question is will people vote correctly in midterm elections."
      ],
      "language": "English",
      "pure_emoji": false
    },
    {
      "user": "Kim Smith7245",
      "comments": [
        "Aren't you Happy you voted Republicans in now?... Don't ever vote for Republicans"
      ],
      "language": "English",
      "pure_emoji": false
    },
    {
      "user": "Kimberly Jones",
      "comments": [
        "He doesn’t care about anyone but himself! Certainly not republicans 🤣🤣🤣🤣🤣🤣"
      ],
      "language": "English",
      "pure_emoji": false
    },
    {
      "user": "Lasiorhinus",
      "comments": [
        "he doesn't care, he never did. he only cares about making himself richer",
        "he doesn't care, he never did. he only cares about making himself richer"
      ],
      "language": "English",
      "pure_emoji": false
    },
    {
      "user": "Lawdjesuschrist",
      "comments": [
        "The country is in this position because of past presidents."
      ],
      "language": "English",
      "pure_emoji": false
    },
    {
      "user": "Lekki Explorer",
      "comments": [
        "Why did he not promise suffering during the campaign?"
      ],
      "language": "English",
      "pure_emoji": false
    },
    {
      "user": "Liquid Magik",
      "comments": [
        "Oh H*LL NO! 😡"
      ],
      "language": "English",
      "pure_emoji": false
    },
    {
      "user": "Lucia Za",
      "comments": [
        "SOURCES PLEASE?"
      ],
      "language": "English",
      "pure_emoji": false
    },
    {
      "user": "Luis Rivera58251",
      "comments": [
        "doomed as a people and country"
      ],
      "language": "English",
      "pure_emoji": false
    },
    {
      "user": "Luna Zamora",
      "comments": [
        "No GOP will win in 2026."
      ],
      "language": "English",
      "pure_emoji": false
    },
    {
      "user": "MZILIKAZI 79",
      "comments": [
        "LET THEM TEST THERE OWN MEDICINE 💊 🤣🤣🤣🤣🤣🤣🤣🤣",
        "LET THEM TEST THERE OWN MEDICINE 💊 🤣🤣🤣🤣🤣🤣🤣🤣"
      ],
      "language": "English",
      "pure_emoji": false
    },
    {
      "user": "Mahad Abdi Hassan",
      "comments": [
        "So bad"
      ],
      "language": "English",
      "pure_emoji": false
    },
    {
      "user": "MariaTU",
      "comments": [
        "What president purposely inflicts pain on his people?🤔 So who voted for this needs their heads checked!😢"
      ],
      "language": "English",
      "pure_emoji": false
    },
    {
      "user": "Mark",
      "comments": [
        "TRUMP IS A DISASTER FOR America 🇺🇸"
      ],
      "language": "English",
      "pure_emoji": false
    },
    {
      "user": "Mark Venton",
      "comments": [
        "Making America Grate Again"
      ],
      "language": "English",
      "pure_emoji": false
    },
    {
      "user": "Matt Huggins",
      "comments": [
        "please post where he said this"
      ],
      "language": "English",
      "pure_emoji": false
    },
    {
      "user": "MattyIceMan",
      "comments": [
        "That’s 70 million people",
        "As a leader, you are supposed to build on top or what we have not take things away. I blame the 80 million people voted for him"
      ],
      "language": "English",
      "pure_emoji": false
    },
    {
      "user": "Max on the best coast",
      "comments": [
        "Did he campaign on that point… ohh… I remember…. Everyone was going to have too much money.. Poland Russia problem solved in 24 hours.. cheap food gas .."
      ],
      "language": "English",
      "pure_emoji": false
    },
    {
      "user": "Me",
      "comments": [
        "Walked in a millionaire, will walk out a billionaire! Call us theives but won’t listen when we tell yall that ur being robbed. He knows to keep wp focused on brown folks while his hand in wp pocket."
      ],
      "language": "English",
      "pure_emoji": false
    },
    {
      "user": "Mentallect",
      "comments": [
        "That is Trump's #1 goal."
      ],
      "language": "English",
      "pure_emoji": false
    },
    {
      "user": "Mindy Carrico",
      "comments": [
        "Not even then. Unless Trump reconsidera the Tariffs and removes them or lowers them, or another president miraculously fixes the damages he is doing.",
        "Even when more manufacturing comes here as planned, prices will still be too high."
      ],
      "language": "English",
      "pure_emoji": false
    },
    {
      "user": "Mirso",
      "comments": [
        "🥵"
      ],
      "language": "Other",
      "pure_emoji": true
    },
    {
      "user": "Morris_da_Cat",
      "comments": [
        "Two years are enough for the Yellows to build up"
      ],
      "language": "English",
      "pure_emoji": false
    },
    {
      "user": "Moustapha",
      "comments": [
        "Now we'll know what MAGA means. Oops, Make American Groceries Affordable. Homelessness to now foodless. We Americans should not care about ourselves as long as we continue to finance n subsidize Izzy."
      ],
      "language": "English",
      "pure_emoji": false
    },
    {
      "user": "Mr.Bang8910",
      "comments": [
        "are winning yet"
      ],
      "language": "English",
      "pure_emoji": false
    },
    {
      "user": "MyBodyMyHealth",
      "comments": [
        "And all Trumpers said “This is what we voted for” Trump says “I love the poorly educated”"
      ],
      "language": "English",
      "pure_emoji": false
    },
    {
      "user": "MyFavHayley",
      "comments": [
        "So it’s going to take 2 years for the oligarchs to take over everything. Got it",
        "So it’s going to take 2 years for the oligarchs to take over everything. Got it"
      ],
      "language": "English",
      "pure_emoji": false
    },
    {
      "user": "NKT",
      "comments": [
        "how he got voted in 2nd time may go down as greatest con job in history ?",
        "how he got voted in 2nd time may go down as greatest con job in history ?"
      ],
      "language": "English",
      "pure_emoji": false
    },
    {
      "user": "NVM",
      "comments": [
        "These all are unnecessary crisis that America is facing, why? Because you've voted for the wrong guy initially since from the first attempt of his Presidency 😭😭😭😭😭😭😭😭😭😭😭😭😭😭😭😭😭😭😭😭😭",
        "These all are unnecessary crisis that America is facing, why? Because you've voted for the wrong guy initially since from the first attempt of his Presidency 😭😭😭😭😭😭😭😭😭😭😭😭😭😭😭😭😭😭😭😭😭"
      ],
      "language": "English",
      "pure_emoji": false
    },
    {
      "user": "Nichole",
      "comments": [
        "🙏🙏🙏"
      ],
      "language": "Other",
      "pure_emoji": true
    },
    {
      "user": "NickTok",
      "comments": [
        "Shocking",
        "Shocking"
      ],
      "language": "English",
      "pure_emoji": false
    },
    {
      "user": "Nike Veady",
      "comments": [
        "treason",
        "treason"
      ],
      "language": "English",
      "pure_emoji": false
    },
    {
      "user": "NikkiNicholle74",
      "comments": [
        "💜"
      ],
      "language": "Other",
      "pure_emoji": true
    },
    {
      "user": "Nishell",
      "comments": [
        "But this is what they voted for"
      ],
      "language": "English",
      "pure_emoji": false
    },
    {
      "user": "One crazy world",
      "comments": [
        "This will last for years to come!!"
      ],
      "language": "English",
      "pure_emoji": false
    },
    {
      "user": "Operator 279",
      "comments": [
        "As long the tariffs are in and he’s in office, we will suffer hands down."
      ],
      "language": "English",
      "pure_emoji": false
    },
    {
      "user": "Oun Bong",
      "comments": [
        "he is running the country like a toddler"
      ],
      "language": "English",
      "pure_emoji": false
    },
    {
      "user": "Pedro",
      "comments": [
        "@Pedro: @Pedro: TRUMP DICTATEUR IL VEUT ETRE LE ROI SE LA TERRE ALORS DESIDÉ QUE TOUT LES PAYS SERONT EN GUERRE A ES TAXE ÉNORMES TRUMP JE SUIS MAÎTRE MONDE GENOUX.TRUMP DIT OU LA MORT BRAVO CHINE",
        "@Pedro: @Pedro: TRUMP DICTATEUR IL VEUT ETRE LE ROI SE LA TERRE ALORS DESIDÉ QUE TOUT LES PAYS SERONT EN GUERRE A ES TAXE ÉNORMES TRUMP JE SUIS MAÎTRE MONDE GENOUX.TRUMP DIT OU LA MORT BRAVO CHINE"
      ],
      "language": "English",
      "pure_emoji": false
    },
    {
      "user": "Phil",
      "comments": [
        "Tariffs @ high import costs are unnecessary. The cost is in any way for the end user. Cheaper Chinese products and items are much more expensive now.",
        "Tariffs @ high import costs are unnecessary. The cost is in any way for the end user. Cheaper Chinese products and items are much more expensive now."
      ],
      "language": "English",
      "pure_emoji": false
    },
    {
      "user": "Phillipmore60",
      "comments": [
        "Yaa while Trump makes billions on digital currency"
      ],
      "language": "English",
      "pure_emoji": false
    },
    {
      "user": "Ralphy",
      "comments": [
        "Best part about that is the Tariff Policy isn't working now nor will it ever work. Only when Trump is gone will anything start to be fixed. And who knows how long it will take then"
      ],
      "language": "English",
      "pure_emoji": false
    },
    {
      "user": "Raymond Young 🇨🇦",
      "comments": [
        "2 years..... yeah no try 20 years",
        "👍 yeah you are right",
        "2 years..... yeah no try 20 years"
      ],
      "language": "English",
      "pure_emoji": false
    },
    {
      "user": "Raymondo",
      "comments": [
        "USA will collapse. I am going to eat well and use up my savings till we go broke"
      ],
      "language": "English",
      "pure_emoji": false
    },
    {
      "user": "RenewableEnergySpecialist🇨🇦",
      "comments": [
        "Are we great yet?🤣"
      ],
      "language": "English",
      "pure_emoji": false
    },
    {
      "user": "Retired truck driver",
      "comments": [
        "Stupidest president ever"
      ],
      "language": "English",
      "pure_emoji": false
    },
    {
      "user": "Riehl world",
      "comments": [
        "meanwhile tax breaks for the richest .wow.what a scam."
      ],
      "language": "English",
      "pure_emoji": false
    },
    {
      "user": "Rinibelle",
      "comments": [
        "Good to see that Trump is making America great again hey 🤷‍♀️",
        "Good to see that Trump is making America great again hey 🤷‍♀️"
      ],
      "language": "English",
      "pure_emoji": false
    },
    {
      "user": "Rob",
      "comments": [
        "But he Said Billions are coming in every day 🤔"
      ],
      "language": "English",
      "pure_emoji": false
    },
    {
      "user": "Romeo Neethling",
      "comments": [
        "It already started"
      ],
      "language": "English",
      "pure_emoji": false
    },
    {
      "user": "Ron 🇨🇦",
      "comments": [
        "Easy for billionaires to say",
        "Easy for billionaires to say"
      ],
      "language": "English",
      "pure_emoji": false
    },
    {
      "user": "Roscoe069🇨🇦",
      "comments": [
        "Rich people can’t save the USA now, you’re done!!! The world doesn’t need you anymore."
      ],
      "language": "English",
      "pure_emoji": false
    },
    {
      "user": "Royonthehill",
      "comments": [
        "Right now I have to work 3 more years instead of retiring.401 k is shrinking.",
        "Right now I have to work 3 more years instead of retiring.401 k is shrinking."
      ],
      "language": "English",
      "pure_emoji": false
    },
    {
      "user": "Russell Williams",
      "comments": [
        "Dismiss..Trumps administration & just get through Trumps 2nd term.."
      ],
      "language": "English",
      "pure_emoji": false
    },
    {
      "user": "SIGMA TAURUS",
      "comments": [
        "😐"
      ],
      "language": "Other",
      "pure_emoji": true
    },
    {
      "user": "Sam",
      "comments": [
        "At leat 20 yesrs",
        "At leat 20 yesrs"
      ],
      "language": "English",
      "pure_emoji": false
    },
    {
      "user": "Sam Fata",
      "comments": [
        "that was Trump's campaign he said that his favorite word is tarrifs and foreign countries will pay. unfortunately he lied and Americans are the ones paying for tarrifs"
      ],
      "language": "English",
      "pure_emoji": false
    },
    {
      "user": "Seng",
      "comments": [
        "But not him"
      ],
      "language": "English",
      "pure_emoji": false
    },
    {
      "user": "ShortieG",
      "comments": [
        "If that's the case why did he cut programs that could have helped the American people",
        "If that's the case why did he cut programs that could have helped the American people"
      ],
      "language": "English",
      "pure_emoji": false
    },
    {
      "user": "SimonDog",
      "comments": [
        "How’s he know it’ll last only 2 years lol"
      ],
      "language": "English",
      "pure_emoji": false
    },
    {
      "user": "Snoop_cool🇺🇸🇲🇦",
      "comments": [
        "We did this to ourselves 🤣🤣🤣because of Biden if we had someone better we would never voted for trump"
      ],
      "language": "English",
      "pure_emoji": false
    },
    {
      "user": "Sohail",
      "comments": [
        "👍👍👍"
      ],
      "language": "Other",
      "pure_emoji": true
    },
    {
      "user": "Sondy",
      "comments": [
        "And he's now going to garnish wages for student loans."
      ],
      "language": "English",
      "pure_emoji": false
    },
    {
      "user": "Sonja ponja",
      "comments": [
        "als ik Amerikaan was haalde ik al me geld van de bank😈😈😈"
      ],
      "language": "English",
      "pure_emoji": false
    },
    {
      "user": "SpaceMan2024",
      "comments": [
        "😂😡"
      ],
      "language": "Other",
      "pure_emoji": true
    },
    {
      "user": "Sparky 🇨🇦",
      "comments": [
        "he's going to put America into a depression",
        "he's going to put America into a depression"
      ],
      "language": "English",
      "pure_emoji": false
    },
    {
      "user": "Stargazing",
      "comments": [
        "And the US will forever become isolated as Trump continues to show treachery to its long time partners"
      ],
      "language": "English",
      "pure_emoji": false
    },
    {
      "user": "Steven Mayer108",
      "comments": [
        "Monthly Checks . 😁"
      ],
      "language": "English",
      "pure_emoji": false
    },
    {
      "user": "Steven Ng",
      "comments": [
        "Stupid Trump is destroying America!!"
      ],
      "language": "English",
      "pure_emoji": false
    },
    {
      "user": "Suman Malla Thakuri",
      "comments": [
        "Nop"
      ],
      "language": "English",
      "pure_emoji": false
    },
    {
      "user": "Swedan799",
      "comments": [
        "I think he meant the next 3 years and 8 months.",
        "Don't say the world hasn't warned you .",
        "I think he meant the next 3 years and 8 months.",
        "Don't say the world hasn't warned you ."
      ],
      "language": "English",
      "pure_emoji": false
    },
    {
      "user": "TG",
      "comments": [
        "Don't forget starvation. There won't be any unemployment assistant or welfare. The billionaires agenda is DEPOPULATION and to control (slavery) the masses."
      ],
      "language": "English",
      "pure_emoji": false
    },
    {
      "user": "TGNews · 创作者",
      "comments": [
        "He’s crazy so he can’t fix things already damn",
        "🥺🥺🥺",
        "He’s crazy so he can’t fix things already damn",
        "😏😏😏",
        "🥺🥺🥺"
      ],
      "language": "English",
      "pure_emoji": false
    },
    {
      "user": "Taino native girl",
      "comments": [
        "🤣🤣🤣🤣"
      ],
      "language": "Other",
      "pure_emoji": true
    },
    {
      "user": "Thanos",
      "comments": [
        "2 years ?? I don’t think so! Will suffer like Japan’s lost decade in economic disaster. Trump bankrupting United States for decades to come.",
        "2 years ?? I don’t think so! Will suffer like Japan’s lost decade in economic disaster. Trump bankrupting United States for decades to come."
      ],
      "language": "English",
      "pure_emoji": false
    },
    {
      "user": "TheDripPlug89",
      "comments": [
        "How you go from lowering grocery prices to this 🤔🤨"
      ],
      "language": "English",
      "pure_emoji": false
    },
    {
      "user": "Tim Brown",
      "comments": [
        "😁😂😂😂😁😁 convit Trump clown show indeed"
      ],
      "language": "English",
      "pure_emoji": false
    },
    {
      "user": "Tina Cota601",
      "comments": [
        "😡😡😡"
      ],
      "language": "Other",
      "pure_emoji": true
    },
    {
      "user": "Toeasy 🇨🇦",
      "comments": [
        "The us will not recover. It will soon become a 3rd world country. The rest of the world is already moving forward in other directions without the us. It’s already begun, to little to late for the us."
      ],
      "language": "English",
      "pure_emoji": false
    },
    {
      "user": "Tom",
      "comments": [
        "And they’re going to lose their retirement income"
      ],
      "language": "English",
      "pure_emoji": false
    },
    {
      "user": "Tony Montana",
      "comments": [
        "You know who is not going to suffer?.. The orange convicted felon and his crooked friend's they're getting rich with inside information on the stock market!"
      ],
      "language": "English",
      "pure_emoji": false
    },
    {
      "user": "Torora",
      "comments": [
        "He probably says 2 years as an excuse. It could be even forever."
      ],
      "language": "English",
      "pure_emoji": false
    },
    {
      "user": "Tree2771🍁",
      "comments": [
        "🤣🤣🤣",
        "🤣🤣🤣"
      ],
      "language": "Other",
      "pure_emoji": false
    },
    {
      "user": "Tucker",
      "comments": [
        "2 years??? The damage he has already caused will never be forgotten.",
        "2 years??? The damage he has already caused will never be forgotten."
      ],
      "language": "English",
      "pure_emoji": false
    },
    {
      "user": "UTheBrand",
      "comments": [
        "Well done America. Well done"
      ],
      "language": "English",
      "pure_emoji": false
    },
    {
      "user": "Unknown",
      "comments": [
        "America doesn't need enemies with Trump.",
        "America doesn't need enemies with Trump."
      ],
      "language": "English",
      "pure_emoji": false
    },
    {
      "user": "Van",
      "comments": [
        "mid term election theme... trust me"
      ],
      "language": "English",
      "pure_emoji": false
    },
    {
      "user": "Vanessa Calderon",
      "comments": [
        "Why this way? While they get RICHER!!!!!!!"
      ],
      "language": "English",
      "pure_emoji": false
    },
    {
      "user": "Vince",
      "comments": [
        "Two years for most of Americans that’s a lifetime. Wow so sad."
      ],
      "language": "English",
      "pure_emoji": false
    },
    {
      "user": "Vincent Troy",
      "comments": [
        "Look for roommates try to get meals that will get a few more meals out of like pizza. Hamburger helper extc"
      ],
      "language": "English",
      "pure_emoji": false
    },
    {
      "user": "Wacky Cacky",
      "comments": [
        "Would love to hear his detailed strategy."
      ],
      "language": "English",
      "pure_emoji": false
    },
    {
      "user": "Warren Vukicevic",
      "comments": [
        "While he profits 😂😂",
        "While he profits 😂😂"
      ],
      "language": "English",
      "pure_emoji": false
    },
    {
      "user": "Wayne Jordan",
      "comments": [
        "He is just a liar. Didn’t he promised us Day #1!"
      ],
      "language": "English",
      "pure_emoji": false
    },
    {
      "user": "Wellyjoe English",
      "comments": [
        "making America great 👍👍"
      ],
      "language": "English",
      "pure_emoji": false
    },
    {
      "user": "Whitt",
      "comments": [
        "And he doesn’t give a darn…",
        "And he doesn’t give a darn…"
      ],
      "language": "English",
      "pure_emoji": false
    },
    {
      "user": "WildPaSa",
      "comments": [
        "that was the plan to buy all America by rich so their is zero competition and all money is controlled by single group of people."
      ],
      "language": "English",
      "pure_emoji": false
    },
    {
      "user": "WillyHayes",
      "comments": [
        "The best part is all the other politicians do nothing ! He’s going to decimate everyone’s future and every is like nope not a democracy anymore it’s a dictatorship likes that normal"
      ],
      "language": "English",
      "pure_emoji": false
    },
    {
      "user": "Yachika Jindal255",
      "comments": [
        "Can’t Americans change their president now?"
      ],
      "language": "English",
      "pure_emoji": false
    },
    {
      "user": "Yomi ✝️",
      "comments": [
        "Good",
        "Good"
      ],
      "language": "English",
      "pure_emoji": false
    },
    {
      "user": "abcdddddde",
      "comments": [
        "it is cute thag they think they will only suffer for two uears first, then they will just get used to suffering 🤣🤣🤣🤣🤣🤣🤣🤣"
      ],
      "language": "English",
      "pure_emoji": false
    },
    {
      "user": "agonzalez882",
      "comments": [
        "🤣",
        "🤣"
      ],
      "language": "Other",
      "pure_emoji": false
    },
    {
      "user": "amyta927",
      "comments": [
        "How can you say that with no source backing up and why is Canadians in the comments section?"
      ],
      "language": "English",
      "pure_emoji": false
    },
    {
      "user": "andyinskintown",
      "comments": [
        "Give DUMP time. He's only been in office a short time. Lol bankruptcy 6 times, 8 businesses FAILED, 34 felonies and still think he's capable of running a country?"
      ],
      "language": "English",
      "pure_emoji": false
    },
    {
      "user": "annmariepaynter27",
      "comments": [
        "Hmmmm",
        "Hmmmm"
      ],
      "language": "English",
      "pure_emoji": false
    },
    {
      "user": "bane",
      "comments": [
        "no... more than 4 years if US can survive or US will bankrupt for a long time"
      ],
      "language": "English",
      "pure_emoji": false
    },
    {
      "user": "bishwanath",
      "comments": [
        "Making USA great by making enemies around the world"
      ],
      "language": "English",
      "pure_emoji": false
    },
    {
      "user": "blade786",
      "comments": [
        "Is America great yet?"
      ],
      "language": "English",
      "pure_emoji": false
    },
    {
      "user": "bostaffflysstyle",
      "comments": [
        "Great move for the elite so they can pick up deals for a penny in the intrump",
        "Great move for the elite so they can pick up deals for a penny in the intrump"
      ],
      "language": "English",
      "pure_emoji": false
    },
    {
      "user": "brian7112",
      "comments": [
        "The only country in the world promised suffering thank maga 😞"
      ],
      "language": "English",
      "pure_emoji": false
    },
    {
      "user": "carvinnz",
      "comments": [
        "The US people will suffer from the regression.But Trump and his family and his groupp wont suffer. They will be richer than before by corruption and manipulate the maeket."
      ],
      "language": "English",
      "pure_emoji": false
    },
    {
      "user": "cat",
      "comments": [
        "We need to stop it right now !!!!!!!!!"
      ],
      "language": "English",
      "pure_emoji": false
    },
    {
      "user": "ceejay",
      "comments": [
        "all of bidden fault"
      ],
      "language": "English",
      "pure_emoji": false
    },
    {
      "user": "chandler",
      "comments": [
        "got be fair trade"
      ],
      "language": "English",
      "pure_emoji": false
    },
    {
      "user": "cmsecurity1",
      "comments": [
        "Trump gone wild.."
      ],
      "language": "English",
      "pure_emoji": false
    },
    {
      "user": "cynthia70000",
      "comments": [
        "Republicans are going to lose on midterms"
      ],
      "language": "English",
      "pure_emoji": false
    },
    {
      "user": "davidchavez8355",
      "comments": [
        "HES TRY TO KILL US 😳🤔😎",
        "HES TRY TO KILL US 😳🤔😎"
      ],
      "language": "English",
      "pure_emoji": false
    },
    {
      "user": "dvs1961 🇨🇦",
      "comments": [
        "kind of a sick way to make the rusa great again, and great for who?",
        "kind of a sick way to make the rusa great again, and great for who?"
      ],
      "language": "English",
      "pure_emoji": false
    },
    {
      "user": "eliasva76",
      "comments": [
        "house market about crash under trump no joke thi g are going south"
      ],
      "language": "English",
      "pure_emoji": false
    },
    {
      "user": "franko🇨🇦",
      "comments": [
        "Do you mean North Americans, Central Americans and South Americans",
        "Do you mean North Americans, Central Americans and South Americans"
      ],
      "language": "English",
      "pure_emoji": false
    },
    {
      "user": "fryingpan422",
      "comments": [
        "Is Trump gonna lose his expense paid vacation?"
      ],
      "language": "English",
      "pure_emoji": false
    },
    {
      "user": "grumpycat064",
      "comments": [
        "Republicans don’t care until it happens to them",
        "Republicans don’t care until it happens to them"
      ],
      "language": "English",
      "pure_emoji": false
    },
    {
      "user": "havefun",
      "comments": [
        "Stock market will be 60,000 in 2 years..."
      ],
      "language": "English",
      "pure_emoji": false
    },
    {
      "user": "heritagen96",
      "comments": [
        "President is not stupidest, MAGA voters are 😂"
      ],
      "language": "English",
      "pure_emoji": false
    },
    {
      "user": "hoofy",
      "comments": [
        "Yes, but the really important things are getting done,,,,,,egg prices and plastic straws!!!! Yay, Donny baby!!!!!!!",
        "Yes, but the really important things are getting done,,,,,,egg prices and plastic straws!!!! Yay, Donny baby!!!!!!!"
      ],
      "language": "English",
      "pure_emoji": false
    },
    {
      "user": "it is all about to stop",
      "comments": [
        "more like 2 hundred years"
      ],
      "language": "English",
      "pure_emoji": false
    },
    {
      "user": "jeff",
      "comments": [
        "that should of been his campaign slogan",
        "that should of been his campaign slogan"
      ],
      "language": "English",
      "pure_emoji": false
    },
    {
      "user": "jennybuursema",
      "comments": [
        "Trump and his cronies won’t suffer, and that is okay by this tyrant."
      ],
      "language": "English",
      "pure_emoji": false
    },
    {
      "user": "jesseherbert983",
      "comments": [
        "that's the plan... you'll own nothing and be happy"
      ],
      "language": "English",
      "pure_emoji": false
    },
    {
      "user": "jesus",
      "comments": [
        "Wait till Christmas"
      ],
      "language": "English",
      "pure_emoji": false
    },
    {
      "user": "jewell_m",
      "comments": [
        "they voted for it"
      ],
      "language": "English",
      "pure_emoji": false
    },
    {
      "user": "jigsaw",
      "comments": [
        "He’s a demon"
      ],
      "language": "English",
      "pure_emoji": false
    },
    {
      "user": "jimmy17350",
      "comments": [
        "Midterm elections should be fun"
      ],
      "language": "English",
      "pure_emoji": false
    },
    {
      "user": "joe503",
      "comments": [
        "Trump is a joke impeach that clown"
      ],
      "language": "English",
      "pure_emoji": false
    },
    {
      "user": "jolly 56",
      "comments": [
        "He’s gonna bankrupt his country."
      ],
      "language": "English",
      "pure_emoji": false
    },
    {
      "user": "jonh",
      "comments": [
        "Kid Rock is going to loose his trailer"
      ],
      "language": "English",
      "pure_emoji": false
    },
    {
      "user": "julietravers530",
      "comments": [
        "You’re absolutely right",
        "You’re absolutely right"
      ],
      "language": "English",
      "pure_emoji": false
    },
    {
      "user": "kaire",
      "comments": [
        "😂😂😂😂😂😂😂😂😂😂😂😂😂😂😂"
      ],
      "language": "Other",
      "pure_emoji": true
    },
    {
      "user": "kartikitoki",
      "comments": [
        "The make America greatness has begun...."
      ],
      "language": "English",
      "pure_emoji": false
    },
    {
      "user": "katherinesmith178",
      "comments": [
        "Sad"
      ],
      "language": "English",
      "pure_emoji": false
    },
    {
      "user": "kathleenmckinney97",
      "comments": [
        "He won't be suffering him and his family is safe God help USA"
      ],
      "language": "English",
      "pure_emoji": false
    },
    {
      "user": "kb3419🇨🇦",
      "comments": [
        "The MAGA types said they will wait, they believe in Trump. They will be waiting a long time.",
        "The MAGA types said they will wait, they believe in Trump. They will be waiting a long time."
      ],
      "language": "English",
      "pure_emoji": false
    },
    {
      "user": "kinghawk",
      "comments": [
        "sacrifice? will the oligarths be??"
      ],
      "language": "English",
      "pure_emoji": false
    },
    {
      "user": "kitzibi",
      "comments": [
        "Meanwhile his representatives get rich.",
        "Meanwhile his representatives get rich."
      ],
      "language": "English",
      "pure_emoji": false
    },
    {
      "user": "lan",
      "comments": [
        "Tariff war is precisely to keep people's minds off of what Israel is doing in Gaza. This is the strategy of him and his allies...",
        "Tariff war is precisely to keep people's minds off of what Israel is doing in Gaza. This is the strategy of him and his allies..."
      ],
      "language": "English",
      "pure_emoji": false
    },
    {
      "user": "lee",
      "comments": [
        "We went from being great again on day 1 to suffering for two years 😳 after two years it will be we need to suffer another two years trunp needs more time 😡😡😡"
      ],
      "language": "English",
      "pure_emoji": false
    },
    {
      "user": "lenkax94",
      "comments": [
        "But not him and his others criminals"
      ],
      "language": "English",
      "pure_emoji": false
    },
    {
      "user": "letsflyppg PINPIN PR.",
      "comments": [
        "Start planting food"
      ],
      "language": "English",
      "pure_emoji": false
    },
    {
      "user": "lindagail",
      "comments": [
        "How many people are going to be homeless in the next two years but Trump knows best??????",
        "How many people are going to be homeless in the next two years but Trump knows best??????"
      ],
      "language": "English",
      "pure_emoji": false
    },
    {
      "user": "lobosolis",
      "comments": [
        "and the top 0,1 % will become wealthier...",
        "and the top 0,1 % will become wealthier..."
      ],
      "language": "English",
      "pure_emoji": false
    },
    {
      "user": "luisplata539",
      "comments": [
        "Be patient America, let my rich friends get richer by the day, you however, (two years is another lie) must suffer till at least he is out of office."
      ],
      "language": "English",
      "pure_emoji": false
    },
    {
      "user": "marcraftblue66",
      "comments": [
        "Trump and Elon was saying this before the elections..💯"
      ],
      "language": "English",
      "pure_emoji": false
    },
    {
      "user": "maro",
      "comments": [
        "Agenda 2020"
      ],
      "language": "English",
      "pure_emoji": false
    },
    {
      "user": "matt",
      "comments": [
        "He has never said that we’re gonna suffer for the next two years"
      ],
      "language": "English",
      "pure_emoji": false
    },
    {
      "user": "maxistu",
      "comments": [
        "hahagarhaha your savior"
      ],
      "language": "English",
      "pure_emoji": false
    },
    {
      "user": "meant Zeus save world",
      "comments": [
        "I know"
      ],
      "language": "English",
      "pure_emoji": false
    },
    {
      "user": "mike",
      "comments": [
        "i thought he campaigned on if we voted for vp harris this would happen?",
        "i thought he campaigned on if we voted for vp harris this would happen?"
      ],
      "language": "English",
      "pure_emoji": false
    },
    {
      "user": "mikonrad1313",
      "comments": [
        "Trump facts for the phalanx of Trump acolytes (which MAGA seem to classify as accomplishments) 64 Times Mentioned In Epstein Report, where is the full report? 97 Times Has pleaded The Fifth. 34 Felony Convictions. 91 Criminal Charges. 26 Sexual Assault Allegations. 6 Bankruptcies. 5 Draft Deferments. 4 Indictments. 2 Impeachments. 2 Convicted Companies. 1 Fake University Shut Down. 1 Fake Charity Shut Down. $25 Million Fraud Settlement. $5 Million Sexual Abuse Verdict. $2 Million Fake Charity Abuse Judgment. $93 Million Sexual Abuse Judgements. $400+ Million Fraud Judgment , what a fine example for your kids,  and he portrays he's a 'christian', & this individual is supposed to be your president & MAGA? What could possibly go wrong?"
      ],
      "language": "English",
      "pure_emoji": false
    },
    {
      "user": "mitchelemeredith",
      "comments": [
        "and it also means more homeless is that what America wants more homeless when we're trying to help the homeless get established but yet you're pushing people out of their homes"
      ],
      "language": "English",
      "pure_emoji": false
    },
    {
      "user": "mitcholdenburgh@gmail.com",
      "comments": [
        "Come on where's your facts man",
        "Come on where's your facts man"
      ],
      "language": "English",
      "pure_emoji": false
    },
    {
      "user": "mpf19651",
      "comments": [
        "We deserve it",
        "We deserve it"
      ],
      "language": "English",
      "pure_emoji": false
    },
    {
      "user": "mu-ge99999",
      "comments": [
        "No，4 y"
      ],
      "language": "English",
      "pure_emoji": false
    },
    {
      "user": "nelsondavis24",
      "comments": [
        "they we will have to take any job available at any pay. Wake up American"
      ],
      "language": "English",
      "pure_emoji": false
    },
    {
      "user": "nottataday",
      "comments": [
        "Well someone has to pay for the tax cuts for his billionaire buddies."
      ],
      "language": "English",
      "pure_emoji": false
    },
    {
      "user": "ovidio",
      "comments": [
        NaN
      ],
      "language": "English",
      "pure_emoji": false
    },
    {
      "user": "pamelatwospirits",
      "comments": [
        "Some of his followers are okay with what he said. Some say it will be better in the long run. They’re buying the rhetoric so 🤷‍♀️What can you do?"
      ],
      "language": "English",
      "pure_emoji": false
    },
    {
      "user": "pepsi",
      "comments": [
        "He said we are making 2 billion a day give that to the people no it’s for him and his cronies",
        "He said we are making 2 billion a day give that to the people no it’s for him and his cronies"
      ],
      "language": "English",
      "pure_emoji": false
    },
    {
      "user": "peterj333🇨🇦",
      "comments": [
        "Unfortunately the mega cult supporters can’t think for themselves and only believe what the lying cult leader dicKtator trump tells them to believe. That’s how cults work They believe ever lie lol",
        "Unfortunately the mega cult supporters can’t think for themselves and only believe what the lying cult leader dicKtator trump tells them to believe. That’s how cults work They believe ever lie lol"
      ],
      "language": "English",
      "pure_emoji": false
    },
    {
      "user": "pheonixking46",
      "comments": [
        "He messed up and it's going take decades to fix what Trump did to USA. We no longer respected around the world. Trump lying"
      ],
      "language": "English",
      "pure_emoji": false
    },
    {
      "user": "raymondgurule178",
      "comments": [
        "That’s because Trump don’t care about the American people. He just cares about himself. He’s leaving comfortable eating food not worried about the gas in the food prices. He don’t care about the people he’s supposed to be protecting facts."
      ],
      "language": "English",
      "pure_emoji": false
    },
    {
      "user": "redjax_dast",
      "comments": [
        "all this for a drop of blood"
      ],
      "language": "English",
      "pure_emoji": false
    },
    {
      "user": "reets174🇨🇦",
      "comments": [
        "How is that making America great ?"
      ],
      "language": "English",
      "pure_emoji": false
    },
    {
      "user": "richielorenzano",
      "comments": [
        "WE R SUFFERING NOW"
      ],
      "language": "English",
      "pure_emoji": false
    },
    {
      "user": "roc_santaanna",
      "comments": [
        "😳",
        "😳"
      ],
      "language": "Other",
      "pure_emoji": false
    },
    {
      "user": "roy_marceniuk",
      "comments": [
        "Donald Trump you missed it. You haven’t got it and you ain’t going to get it."
      ],
      "language": "English",
      "pure_emoji": false
    },
    {
      "user": "s s",
      "comments": [
        "Americans have lost everything in the last 4 years."
      ],
      "language": "English",
      "pure_emoji": false
    },
    {
      "user": "samsonmohaleamall",
      "comments": [
        "Are they guinea pigs for his sick economic policies😂😂",
        "Are they guinea pigs for his sick economic policies😂😂"
      ],
      "language": "English",
      "pure_emoji": false
    },
    {
      "user": "sayedallykader00786",
      "comments": [
        "😳😳😳",
        "😳😳😳"
      ],
      "language": "Other",
      "pure_emoji": false
    },
    {
      "user": "sewramramcharran",
      "comments": [
        "Two years suffering ten years backward"
      ],
      "language": "English",
      "pure_emoji": false
    },
    {
      "user": "sh",
      "comments": [
        "American ppl all goes la margo sleep n ask trump to provide food"
      ],
      "language": "English",
      "pure_emoji": false
    },
    {
      "user": "sooty",
      "comments": [
        "3+ years Goodbye America 💯.",
        "3+ years Goodbye America 💯."
      ],
      "language": "English",
      "pure_emoji": false
    },
    {
      "user": "stanleyphillips2400",
      "comments": [
        "hell I am already"
      ],
      "language": "English",
      "pure_emoji": false
    },
    {
      "user": "su_z_q0.0🇨🇦",
      "comments": [
        "This is so incredibly sad."
      ],
      "language": "English",
      "pure_emoji": false
    },
    {
      "user": "sweetmolasses",
      "comments": [
        "Well, if he said that that’s what 78 million people voted for"
      ],
      "language": "English",
      "pure_emoji": false
    },
    {
      "user": "the belly",
      "comments": [
        "america for two years is gone be finist"
      ],
      "language": "English",
      "pure_emoji": false
    },
    {
      "user": "therealdeal",
      "comments": [
        "in other words... RECESSION...",
        "Question: isn't Trump a convicted felon?...",
        "in other words... RECESSION...",
        "Question: isn't Trump a convicted felon?..."
      ],
      "language": "English",
      "pure_emoji": false
    },
    {
      "user": "therealnanaowusu",
      "comments": [
        "He needs to go!"
      ],
      "language": "English",
      "pure_emoji": false
    },
    {
      "user": "tiktokSurfer",
      "comments": [
        "And the republicans law maker are ready to lose their midterms FOR HIM, while he will stay in power AFTER they lose their because of him?"
      ],
      "language": "English",
      "pure_emoji": false
    },
    {
      "user": "tomwilkinson705",
      "comments": [
        "So, if you go bankrupt, loose your job, loose your home, loose your retirement income in the next two years everything will be OK in 3 years. Right!? He says this to keep you off his back for 2 year",
        "So, if you go bankrupt, loose your job, loose your home, loose your retirement income in the next two years everything will be OK in 3 years. Right!? He says this to keep you off his back for 2 year"
      ],
      "language": "English",
      "pure_emoji": false
    },
    {
      "user": "tuctoc99@",
      "comments": [
        "yes it's gonna take time. do it fore your kids 24 months farrrrk"
      ],
      "language": "English",
      "pure_emoji": false
    },
    {
      "user": "unreal",
      "comments": [
        "Two? Is that a concept or an instinct ?",
        "Two? Is that a concept or an instinct ?"
      ],
      "language": "English",
      "pure_emoji": false
    },
    {
      "user": "user1284431821888",
      "comments": [
        "source please?"
      ],
      "language": "English",
      "pure_emoji": false
    },
    {
      "user": "user1476529143003",
      "comments": [
        "Americans will suffer this administration’s delusional policies for the next 300 years . Trump nothing but a more on.",
        "Americans will suffer this administration’s delusional policies for the next 300 years . Trump nothing but a more on."
      ],
      "language": "English",
      "pure_emoji": false
    },
    {
      "user": "user2057955930437",
      "comments": [
        "he said he could end Ukraine war in 24 hours 😂😂😂 and people still believimgb him , suffer 2 years? 20 years most likely",
        "he said he could end Ukraine war in 24 hours 😂😂😂 and people still believimgb him , suffer 2 years? 20 years most likely"
      ],
      "language": "English",
      "pure_emoji": false
    },
    {
      "user": "user2073245917192",
      "comments": [
        "In what world is everthing easy with no sacrifices??",
        "In what world is everthing easy with no sacrifices??"
      ],
      "language": "English",
      "pure_emoji": false
    },
    {
      "user": "user2569361112656",
      "comments": [
        "Thank you! Trump supporters you’re gonna find out real soon🤡"
      ],
      "language": "English",
      "pure_emoji": false
    },
    {
      "user": "user2738121941055",
      "comments": [
        "Yet some support’s him 😡😡",
        "Yet some support’s him 😡😡"
      ],
      "language": "English",
      "pure_emoji": false
    },
    {
      "user": "user36768799626",
      "comments": [
        "IN THE MEANTIME PEOPLE WILL EAT GARBAGE FOOD AND LIVE ON THE STREET! HE IS RICH DOESN'T CARE. POOR USA"
      ],
      "language": "English",
      "pure_emoji": false
    },
    {
      "user": "user4375099483031",
      "comments": [
        "I like his 1890's strategy..."
      ],
      "language": "English",
      "pure_emoji": false
    },
    {
      "user": "user5017236904113",
      "comments": [
        "70 million victims of extreme propaganda!!"
      ],
      "language": "English",
      "pure_emoji": false
    },
    {
      "user": "user6049776976979",
      "comments": [
        "last time he was in office and ruined my pension money now he's in there again he's really ruining my pension money"
      ],
      "language": "English",
      "pure_emoji": false
    },
    {
      "user": "user6506279822996",
      "comments": [
        "70 million Dumbos!!!"
      ],
      "language": "English",
      "pure_emoji": false
    },
    {
      "user": "user66123172936193",
      "comments": [
        "American Soviet union the rise and fall of American",
        "American Soviet union the rise and fall of American"
      ],
      "language": "English",
      "pure_emoji": false
    },
    {
      "user": "user6615634947783",
      "comments": [
        "America voted for this"
      ],
      "language": "English",
      "pure_emoji": false
    },
    {
      "user": "user6638868049192",
      "comments": [
        "Necessity is the mother of invention. Maybe it will motivate people to get working and innovating."
      ],
      "language": "English",
      "pure_emoji": false
    },
    {
      "user": "user6695827704956",
      "comments": [
        "And his cult will still blame Biden. 😳🙄"
      ],
      "language": "English",
      "pure_emoji": false
    },
    {
      "user": "user6978175410269",
      "comments": [
        "We knew that before he did it and no they will not move back to America"
      ],
      "language": "English",
      "pure_emoji": false
    },
    {
      "user": "user7199543023236",
      "comments": [
        "Trump and his cronies won’t suffer at all 😂",
        "Trump and his cronies won’t suffer at all 😂"
      ],
      "language": "English",
      "pure_emoji": false
    },
    {
      "user": "user7458411254084",
      "comments": [
        "😅"
      ],
      "language": "Other",
      "pure_emoji": true
    },
    {
      "user": "wiley240",
      "comments": [
        "We had to suffer under the Biden administration"
      ],
      "language": "English",
      "pure_emoji": false
    },
    {
      "user": "williamhall890",
      "comments": [
        "4 months ago The USA was in good shape. Keep Trump in office and 2 years of poverty will quickly turn into 20 years and Trump doesn’t care because he won’t be around",
        "4 months ago The USA was in good shape. Keep Trump in office and 2 years of poverty will quickly turn into 20 years and Trump doesn’t care because he won’t be around"
      ],
      "language": "English",
      "pure_emoji": false
    },
    {
      "user": "writerTimHampton1",
      "comments": [
        "Freedom or Free Dumb 🤔💔"
      ],
      "language": "English",
      "pure_emoji": false
    },
    {
      "user": "xistef",
      "comments": [
        "People suffer to help corporations,great😏"
      ],
      "language": "English",
      "pure_emoji": false
    },
    {
      "user": "yougottrumpedup",
      "comments": [
        "I know what all you people are thinking ... why didn't Thomas Matthew Crooks dad - force him to sign up with the NRA & take his Marksmanship, to then receive the Certificate of completion. 🤔😳😬",
        "Nope. 🤔😳😬",
        "I know what all you people are thinking ... why didn't Thomas Matthew Crooks dad - force him to sign up with the NRA & take his Marksmanship, to then receive the Certificate of completion. 🤔😳😬"
      ],
      "language": "English",
      "pure_emoji": false
    },
    {
      "user": "yvesmichaud543",
      "comments": [
        "put this clown out of the white house !",
        "put this clown out of the white house !"
      ],
      "language": "English",
      "pure_emoji": false
    },
    {
      "user": "za2307",
      "comments": [
        "At the same time by the time he leaves office, him and his cohorts will be richer than King Midas!",
        "At the same time by the time he leaves office, him and his cohorts will be richer than King Midas!"
      ],
      "language": "English",
      "pure_emoji": false
    },
    {
      "user": "𝐃𝐚𝐧𝐧𝐲",
      "comments": [
        "Source?"
      ],
      "language": "English",
      "pure_emoji": false
    },
    {
      "user": "🇨🇦DanLara🇨🇦",
      "comments": [
        "Well, they voted for him. He knows what is doing. Make America Great Again"
      ],
      "language": "English",
      "pure_emoji": false
    },
    {
      "user": "🇨🇦Just another Gen X",
      "comments": [
        "And his supporters would rather lie and loose everything than admit the truth and maybe get out of this mess."
      ],
      "language": "English",
      "pure_emoji": false
    },
    {
      "user": "🇨🇦Sedonadrumguy🇨🇦",
      "comments": [
        "He's the great leader and that means people will have to sacrifice.... Not him of course.",
        "He's the great leader and that means people will have to sacrifice.... Not him of course."
      ],
      "language": "English",
      "pure_emoji": false
    },
    {
      "user": "🇨🇦TSW🇨🇦",
      "comments": [
        "😂😂😂😂😂 wow is that what USA signed up for ?",
        "😂😂😂😂😂 wow is that what USA signed up for ?"
      ],
      "language": "English",
      "pure_emoji": false
    },
    {
      "user": "🇨🇦🇨🇦Ottawa Guy🇨🇦🇨🇦",
      "comments": [
        "USA has been living on borrowed money for decades. Change is badly needed. Every reputable economist says the same thing.. Even with a GOOD plan, it will take decades. Trump's plan is NOT good",
        "USA has been living on borrowed money for decades. Change is badly needed. Every reputable economist says the same thing.. Even with a GOOD plan, it will take decades. Trump's plan is NOT good"
      ],
      "language": "English",
      "pure_emoji": false
    },
    {
      "user": "🇨🇦🇨🇦🇨🇦Alex",
      "comments": [
        "Buy tents and candles"
      ],
      "language": "English",
      "pure_emoji": false
    }
  ]
}