{
  "video_id": "7492600284812692742",
  "video_url": "https://www.tiktok.com/@aiqiuyaping520/video/7492600284812692742",
  "publish_date": null,
  "comment_groups": [
    {
      "user": "89363739",
      "comments": [
        "川建国同志不负众望👍"
      ],
      "language": "Chinese",
      "pure_emoji": false
    },
    {
      "user": "Andy Xu",
      "comments": [
        "你不给台阶，我自己给个台阶😅",
        "你不给台阶，我自己给个台阶😅"
      ],
      "language": "Chinese",
      "pure_emoji": false
    },
    {
      "user": "Anni Bazaar",
      "comments": [
        "博主我想问一个问题哦，为什么夸咱们中国的都是中文呢？ 中国这一张确实打得漂亮，不过你这一波好像是敌方派来的😂 有一句话说得好: 坏人想尽办法，不如蠢人灵机一动"
      ],
      "language": "Chinese",
      "pure_emoji": false
    },
    {
      "user": "Bluey",
      "comments": [
        "👍👍👍"
      ],
      "language": "Other",
      "pure_emoji": true
    },
    {
      "user": "C. Kevin",
      "comments": [
        "川建國同志唯一不變的，就是「他的政策一直在改變」",
        "川建國同志唯一不變的，就是「他的政策一直在改變」"
      ],
      "language": "Chinese",
      "pure_emoji": false
    },
    {
      "user": "DJI_T.S.828",
      "comments": [
        "没关系，绿蛙还在反对我们"
      ],
      "language": "Chinese",
      "pure_emoji": false
    },
    {
      "user": "Grace liou",
      "comments": [
        "👍👍👍👍👍👍"
      ],
      "language": "Other",
      "pure_emoji": true
    },
    {
      "user": "Hairen",
      "comments": [
        "川普不是懂王，你才是真懂王👍"
      ],
      "language": "Chinese",
      "pure_emoji": false
    },
    {
      "user": "Harry",
      "comments": [
        "把自己的事情做好，小日子过好。中国永远不需要任何人的认可👍👍👍"
      ],
      "language": "Chinese",
      "pure_emoji": false
    },
    {
      "user": "Himitsu",
      "comments": [
        "除了台灣，連美國人民也需要中國救~🥰🥰🥰"
      ],
      "language": "Chinese",
      "pure_emoji": false
    },
    {
      "user": "Imfenny",
      "comments": [
        "这是他抄底赚加密股票的套路"
      ],
      "language": "Chinese",
      "pure_emoji": false
    },
    {
      "user": "James",
      "comments": [
        "川普：把昨天都作废～",
        "川普：把昨天都作废～"
      ],
      "language": "Chinese",
      "pure_emoji": false
    },
    {
      "user": "JoonWei",
      "comments": [
        "川普知道等不到电话😂",
        "川普知道等不到电话😂"
      ],
      "language": "Chinese",
      "pure_emoji": false
    },
    {
      "user": "JoyGuitar",
      "comments": [
        "🤣笑死 川真沒用"
      ],
      "language": "Chinese",
      "pure_emoji": false
    },
    {
      "user": "Julia朱莉儿",
      "comments": [
        "Make great American again",
        "Make great American again"
      ],
      "language": "English",
      "pure_emoji": false
    },
    {
      "user": "KN",
      "comments": [
        "你不給我台階下，我自己找個台階下😂😂😂🤣🤣🤣",
        "你不給我台階下，我自己找個台階下😂😂😂🤣🤣🤣"
      ],
      "language": "Chinese",
      "pure_emoji": false
    },
    {
      "user": "KS序章",
      "comments": [
        "那是因为都是特朗普财团的产品，谁会跟自己财主闹，哈哈哈😁"
      ],
      "language": "Chinese",
      "pure_emoji": false
    },
    {
      "user": "Kenneth",
      "comments": [
        "题目太难了，全选C，交卷！🤔不对，有几道题应该选A😂"
      ],
      "language": "Mixed",
      "pure_emoji": false
    },
    {
      "user": "LY",
      "comments": [
        "美国这次直接信用破产",
        "美国这次直接信用破产"
      ],
      "language": "Chinese",
      "pure_emoji": false
    },
    {
      "user": "LinYZ",
      "comments": [
        "川普是赚够钱了 而不是醒了 🙄 接下来他要准备另一波收割操作了"
      ],
      "language": "Chinese",
      "pure_emoji": false
    },
    {
      "user": "Martin Linbei",
      "comments": [
        "川普的政策是不需要台階的。他應該熟讀中國的液晶"
      ],
      "language": "Chinese",
      "pure_emoji": false
    },
    {
      "user": "Megan L",
      "comments": [
        "🥰🥰🥰"
      ],
      "language": "Other",
      "pure_emoji": true
    },
    {
      "user": "Myron",
      "comments": [
        "😊北😊上😊润😊漂亮😊"
      ],
      "language": "Chinese",
      "pure_emoji": false
    },
    {
      "user": "NBest",
      "comments": [
        "从小我爸就告诉我:别跟啥比较劲"
      ],
      "language": "Chinese",
      "pure_emoji": false
    },
    {
      "user": "Neroli Chang",
      "comments": [
        "😅😅😅"
      ],
      "language": "Other",
      "pure_emoji": true
    },
    {
      "user": "Planteric79🇸🇬",
      "comments": [
        "看得出这次全世界站中国，除了某岛上的🐸"
      ],
      "language": "Chinese",
      "pure_emoji": false
    },
    {
      "user": "Ramando",
      "comments": [
        "川普打电话给习主席求饶，习主度说他在上厕所，没空听电话。"
      ],
      "language": "Chinese",
      "pure_emoji": false
    },
    {
      "user": "Rohen-Bai",
      "comments": [
        "确实，这几天油管上看韩国视频报道，下面留言的韩语不少夸中国的。"
      ],
      "language": "Chinese",
      "pure_emoji": false
    },
    {
      "user": "Sam",
      "comments": [
        "重生之我在白宫炒股"
      ],
      "language": "Chinese",
      "pure_emoji": false
    },
    {
      "user": "Swan and Frog",
      "comments": [
        "毛泽东:打得一拳开，免得百拳来，帝国主义都是纸老虎。"
      ],
      "language": "Chinese",
      "pure_emoji": false
    },
    {
      "user": "Terry",
      "comments": [
        "🤭🤭🤭"
      ],
      "language": "Other",
      "pure_emoji": true
    },
    {
      "user": "Tim_tw",
      "comments": [
        "禮拜一台灣電子股又要大漲了"
      ],
      "language": "Chinese",
      "pure_emoji": false
    },
    {
      "user": "Upgrade the car's exterior",
      "comments": [
        "你从哪看的油管 推特？"
      ],
      "language": "Chinese",
      "pure_emoji": false
    },
    {
      "user": "Wicken⁷",
      "comments": [
        "稳住 世界在棒杀"
      ],
      "language": "Chinese",
      "pure_emoji": false
    },
    {
      "user": "Yik",
      "comments": [
        "笑死 都是中国人"
      ],
      "language": "Chinese",
      "pure_emoji": false
    },
    {
      "user": "admin",
      "comments": [
        "都是假的，你继续把头继续埋进沙子里，假装看不到世界"
      ],
      "language": "Chinese",
      "pure_emoji": false
    },
    {
      "user": "bFoong Thim Choy",
      "comments": [
        "貿易戰全世界要靠中國擺平了😅"
      ],
      "language": "Chinese",
      "pure_emoji": false
    },
    {
      "user": "balbalahei",
      "comments": [
        "😳😳😳真的是能打败川普的只有第二天的川普，如果第二天的也打不败，那就是第三天的.",
        "😳😳😳真的是能打败川普的只有第二天的川普，如果第二天的也打不败，那就是第三天的."
      ],
      "language": "Chinese",
      "pure_emoji": false
    },
    {
      "user": "carter kuo",
      "comments": [
        "川普是不是磕了什麼"
      ],
      "language": "Chinese",
      "pure_emoji": false
    },
    {
      "user": "ciel20200",
      "comments": [
        "中国应该追加125％出口税，加速中霉脱沟"
      ],
      "language": "Chinese",
      "pure_emoji": false
    },
    {
      "user": "cikytte",
      "comments": [
        "起飛了"
      ],
      "language": "Chinese",
      "pure_emoji": false
    },
    {
      "user": "ddyskxnjjw",
      "comments": [
        "一个可以当美国总统的商人。你们说他会犯这么低级的错误吗。他是不是在报复以前那些和他对立的商人呢。"
      ],
      "language": "Chinese",
      "pure_emoji": false
    },
    {
      "user": "doranchien",
      "comments": [
        "😳😳😳"
      ],
      "language": "Other",
      "pure_emoji": true
    },
    {
      "user": "fxccuu",
      "comments": [
        "还没打就投降了，还没打就自己打自己脸啊。"
      ],
      "language": "Chinese",
      "pure_emoji": false
    },
    {
      "user": "hk1835",
      "comments": [
        "He said it's only temporary.",
        "He said it's only temporary."
      ],
      "language": "English",
      "pure_emoji": false
    },
    {
      "user": "inoee21",
      "comments": [
        "龙哥，以前你都会哄我的😭"
      ],
      "language": "Chinese",
      "pure_emoji": false
    },
    {
      "user": "iuok8",
      "comments": [
        "所以出口關稅🤣中國不加50%嗎？🤣"
      ],
      "language": "Chinese",
      "pure_emoji": false
    },
    {
      "user": "i h ch",
      "comments": [
        "你要是真不哄我，其实我也是可以哄我自己的😂😂😂",
        "你要是真不哄我，其实我也是可以哄我自己的😂😂😂"
      ],
      "language": "Chinese",
      "pure_emoji": false
    },
    {
      "user": "kevan0822",
      "comments": [
        "美国优先👍"
      ],
      "language": "Chinese",
      "pure_emoji": false
    },
    {
      "user": "moneycat_china",
      "comments": [
        "👍👍👍"
      ],
      "language": "Other",
      "pure_emoji": true
    },
    {
      "user": "pg3cksmocfa",
      "comments": [
        "😂"
      ],
      "language": "Other",
      "pure_emoji": true
    },
    {
      "user": "qqq.com1",
      "comments": [
        "中國❤️"
      ],
      "language": "Chinese",
      "pure_emoji": false
    },
    {
      "user": "quaint",
      "comments": [
        "这个评论区居然没有蛙蛙😳"
      ],
      "language": "Chinese",
      "pure_emoji": false
    },
    {
      "user": "steven",
      "comments": [
        "龙哥太客气了，直接把这些产品加税",
        "龙哥太客气了，直接把这些产品加税"
      ],
      "language": "Chinese",
      "pure_emoji": false
    },
    {
      "user": "sun",
      "comments": [
        "川普腦筋急轉彎"
      ],
      "language": "Chinese",
      "pure_emoji": false
    },
    {
      "user": "tiger",
      "comments": [
        "👍👍👍👍GREAT. PANDA"
      ],
      "language": "English",
      "pure_emoji": false
    },
    {
      "user": "tonni",
      "comments": [
        "我还是喜欢它桀骜不驯的样子🤣"
      ],
      "language": "Chinese",
      "pure_emoji": false
    },
    {
      "user": "user0937625891",
      "comments": [
        "沒事賴桑還有音樂🥰🥰🥰"
      ],
      "language": "Chinese",
      "pure_emoji": false
    },
    {
      "user": "user655sw5fxxr",
      "comments": [
        "👍👍👍👍👍👍👍👍"
      ],
      "language": "Other",
      "pure_emoji": true
    },
    {
      "user": "user9598854533550",
      "comments": [
        "Apple CEO just called Trump.",
        "Apple CEO just called Trump."
      ],
      "language": "English",
      "pure_emoji": false
    },
    {
      "user": "uu.dog主页福利",
      "comments": [
        "🤩🤩🤩"
      ],
      "language": "Other",
      "pure_emoji": true
    },
    {
      "user": "xiaoming       🕷️",
      "comments": [
        "美国怎么怂了"
      ],
      "language": "Chinese",
      "pure_emoji": false
    },
    {
      "user": "zgbs",
      "comments": [
        "猴公鸭嗓配音"
      ],
      "language": "Chinese",
      "pure_emoji": false
    },
    {
      "user": "zhanglaot",
      "comments": [
        "他说什么都不要相信"
      ],
      "language": "Chinese",
      "pure_emoji": false
    },
    {
      "user": "ショウ",
      "comments": [
        "不假，我日本领导也说世界只有中国做的像个人，习大大这回妥妥的收获了一大票粉丝"
      ],
      "language": "Chinese",
      "pure_emoji": false
    },
    {
      "user": "一个喜欢旅行的人",
      "comments": [
        "我觉得是因为苹果手机还需要中国人买，你觉得呢"
      ],
      "language": "Chinese",
      "pure_emoji": false
    },
    {
      "user": "二道，找通道卸货✈️@wyf020",
      "comments": [
        "出二道料子，🚘过来👀👀👀"
      ],
      "language": "Chinese",
      "pure_emoji": false
    },
    {
      "user": "互關嗎",
      "comments": [
        "Drowned in laughter",
        "Drowned in laughter"
      ],
      "language": "English",
      "pure_emoji": false
    },
    {
      "user": "何必悲观时事",
      "comments": [
        "😳😁😂😅😄😢"
      ],
      "language": "Other",
      "pure_emoji": true
    },
    {
      "user": "兼职搬U日赚万元QQ122220443✈️TG@ubz777",
      "comments": [
        "pink"
      ],
      "language": "English",
      "pure_emoji": false
    },
    {
      "user": "冰与火",
      "comments": [
        "川普真的不懂美国么 美债根本不用还的 只要继续发债就完事 割中国 小弟还会看戏 你割小弟 小弟都不跟你玩"
      ],
      "language": "Chinese",
      "pure_emoji": false
    },
    {
      "user": "功夫熊仔",
      "comments": [
        "中國👍"
      ],
      "language": "Chinese",
      "pure_emoji": false
    },
    {
      "user": "吃吃",
      "comments": [
        "每天十變"
      ],
      "language": "Chinese",
      "pure_emoji": false
    },
    {
      "user": "唐伯鼠",
      "comments": [
        "連我們灣灣的心都被大陸的英雄主義收服了"
      ],
      "language": "Chinese",
      "pure_emoji": false
    },
    {
      "user": "基站搬u日赚过万qq:3949216376 ✈️uuu413",
      "comments": [
        "🥰🥰🥰"
      ],
      "language": "Other",
      "pure_emoji": true
    },
    {
      "user": "大B哥-夜生活管家",
      "comments": [
        "川普以為跟以前一樣，這波直接下去🤣"
      ],
      "language": "Chinese",
      "pure_emoji": false
    },
    {
      "user": "天地玄黃",
      "comments": [
        "沒有絕對的仇人 只有相對的利益"
      ],
      "language": "Chinese",
      "pure_emoji": false
    },
    {
      "user": "宇智波鼬",
      "comments": [
        "sigh.. stock all drop because of Trump"
      ],
      "language": "English",
      "pure_emoji": false
    },
    {
      "user": "年年鱼鱼岁岁萱",
      "comments": [
        "daj他们怎么办"
      ],
      "language": "Mixed",
      "pure_emoji": false
    },
    {
      "user": "我又不乱来",
      "comments": [
        "老外清一色使用中文了？"
      ],
      "language": "Chinese",
      "pure_emoji": false
    },
    {
      "user": "我愛玄天上帝",
      "comments": [
        "台灣的芯片產業竟然被中國芯片產地認證標準拯救了",
        "台灣的芯片產業竟然被中國芯片產地認證標準拯救了"
      ],
      "language": "Chinese",
      "pure_emoji": false
    },
    {
      "user": "我有大西瓜",
      "comments": [
        "东大要是够硬就禁止这些东西出口"
      ],
      "language": "Chinese",
      "pure_emoji": false
    },
    {
      "user": "拉拉",
      "comments": [
        "老川認輸了🥺 老賴會不會選錯勝者邊🥺"
      ],
      "language": "Chinese",
      "pure_emoji": false
    },
    {
      "user": "晓可爱",
      "comments": [
        "川宝能虫且能伸。"
      ],
      "language": "Chinese",
      "pure_emoji": false
    },
    {
      "user": "最愛叉燒包的德",
      "comments": [
        "😃😃"
      ],
      "language": "Other",
      "pure_emoji": true
    },
    {
      "user": "楊淑犂",
      "comments": [
        "👍"
      ],
      "language": "Other",
      "pure_emoji": true
    },
    {
      "user": "泊涛资本  白资收U 小白可带 ✈️@botaoxiaowu",
      "comments": [
        "万物得其本者生，百事得其道者成"
      ],
      "language": "Chinese",
      "pure_emoji": false
    },
    {
      "user": "烏克灣現任灣長(垃圾tiktok, 只會刪帖)",
      "comments": [
        "川:你哄哄我嘛，我不要面子的啊？",
        "川:你哄哄我嘛，我不要面子的啊？"
      ],
      "language": "Chinese",
      "pure_emoji": false
    },
    {
      "user": "烽火",
      "comments": [
        "川宝"
      ],
      "language": "Chinese",
      "pure_emoji": false
    },
    {
      "user": "無人目中",
      "comments": [
        "昨天看台灣爭論節目還說中國會先軟 真打臉😂"
      ],
      "language": "Chinese",
      "pure_emoji": false
    },
    {
      "user": "猛揉",
      "comments": [
        "讲再多没实行都是屁话，靴子落地前川普随时能把拉的屎坐回去"
      ],
      "language": "Chinese",
      "pure_emoji": false
    },
    {
      "user": "甜甜工作室",
      "comments": [
        "🇺🇸：叫地主 🇪🇺：不要 🇨🇳：抢地主 🇺🇸：加倍 🇪🇺：不加倍 🇨🇳：超级加倍 明牌"
      ],
      "language": "Chinese",
      "pure_emoji": false
    },
    {
      "user": "用户271430617129",
      "comments": [
        "祖國強大🥰",
        "祖國強大🥰"
      ],
      "language": "Chinese",
      "pure_emoji": false
    },
    {
      "user": "用户9535965938687",
      "comments": [
        "怎么外国人夸的都是中文"
      ],
      "language": "Chinese",
      "pure_emoji": false
    },
    {
      "user": "白资换U搬砖QQ122220443✈️TG@ubz777",
      "comments": [
        "pink",
        "pink"
      ],
      "language": "English",
      "pure_emoji": false
    },
    {
      "user": "看片游览器嗖m56c.cc",
      "comments": [
        "中国加油💪💪💪💪💪💪💪💪💪💪💪"
      ],
      "language": "Chinese",
      "pure_emoji": false
    },
    {
      "user": "簡單",
      "comments": [
        "川普睡醒了😅"
      ],
      "language": "Chinese",
      "pure_emoji": false
    },
    {
      "user": "绿蛙的心思你别猜，猜也猜不懂，懂也不会做，做又做不好",
      "comments": [
        "自己没本事就到处认爹叫妈，没想到干爹也不行，一下就破放了😂😂😂"
      ],
      "language": "Chinese",
      "pure_emoji": false
    },
    {
      "user": "肉圆",
      "comments": [
        "👍👍👍"
      ],
      "language": "Other",
      "pure_emoji": true
    },
    {
      "user": "譚隆華",
      "comments": [
        "🥰🥰🥰🥰🥰🥰🥰🥰🥰"
      ],
      "language": "Other",
      "pure_emoji": true
    },
    {
      "user": "趴趴熊",
      "comments": [
        "川普低頭了😏"
      ],
      "language": "Chinese",
      "pure_emoji": false
    },
    {
      "user": "郭佐罗",
      "comments": [
        "人才"
      ],
      "language": "Chinese",
      "pure_emoji": false
    },
    {
      "user": "鐘燦榮",
      "comments": [
        "👍👍👍👍"
      ],
      "language": "Other",
      "pure_emoji": true
    },
    {
      "user": "阳光🐷头",
      "comments": [
        "这话不假，这波挺"
      ],
      "language": "Chinese",
      "pure_emoji": false
    },
    {
      "user": "阿波机车",
      "comments": [
        "mememe",
        "mememe"
      ],
      "language": "English",
      "pure_emoji": false
    },
    {
      "user": "馬桶上的思想家",
      "comments": [
        "🤣🤣🤣"
      ],
      "language": "Other",
      "pure_emoji": true
    },
    {
      "user": "黃英信",
      "comments": [
        "得民心，得天下😁😁😁😁"
      ],
      "language": "Chinese",
      "pure_emoji": false
    },
    {
      "user": "黃金獵犬",
      "comments": [
        "👍👍👍👍👍👍👍👍👍👍👍"
      ],
      "language": "Other",
      "pure_emoji": true
    },
    {
      "user": "龜田清德",
      "comments": [
        "軟飯硬吃第一人"
      ],
      "language": "Chinese",
      "pure_emoji": false
    },
    {
      "user": "김길남",
      "comments": [
        "😳😳😳"
      ],
      "language": "Other",
      "pure_emoji": true
    },
    {
      "user": "＾＾",
      "comments": [
        "👍👍👍"
      ],
      "language": "Other",
      "pure_emoji": true
    },
    {
      "user": "🌱 W@ter 🌱",
      "comments": [
        "不得不說….中國這次真的帥"
      ],
      "language": "Chinese",
      "pure_emoji": false
    },
    {
      "user": "🍀Ayla_0·0",
      "comments": [
        "笑死了😂"
      ],
      "language": "Chinese",
      "pure_emoji": false
    }
  ]
}