{
  "video_id": "7495695625502199058",
  "video_url": "https://www.tiktok.com/@2dyhsojmk3n/video/7495695625502199058",
  "publish_date": null,
  "comment_groups": [
    {
      "user": "Furby Pet Transport",
      "comments": [
        "👍👍👍"
      ],
      "language": "Other",
      "pure_emoji": true
    },
    {
      "user": "ywu214",
      "comments": [
        "这不就是当年美苏冷战吗"
      ],
      "language": "Chinese",
      "pure_emoji": false
    },
    {
      "user": "東山普化",
      "comments": [
        "缺德者總想著缺德事！"
      ],
      "language": "Chinese",
      "pure_emoji": false
    },
    {
      "user": "黃士福",
      "comments": [
        "美國加關稅目的就是買美國國債！逼迫各國買！"
      ],
      "language": "Chinese",
      "pure_emoji": false
    }
  ]
}